configuration_id,window_id,gt_rally_id,first_or_last,gt_frame,buffer_start,buffer_end,buffer_has_candidate,selected_candidate_frame,additional_candidate_count,strict_tolerance_base30,strict_tolerance_frames,candidate_gt_relation,matched_gt_rally_id,matched_gt_frame,predicted_boundary_classification,associated_predicted_span_id,associated_predicted_span_start,associated_predicted_span_end,candidate_predicted_rally_id,candidate_assigned_to_associated_span,candidate_span_relation,required_boundary_extension_frames
static_shuttleset_homography/sset_01/tracknet-stride-8,0,0,first,11496,11421,11540,False,,0,5,4,no_candidate,,,covered,3,11331,11668,,,no_candidate,
static_shuttleset_homography/sset_01/tracknet-stride-8,1,0,last,11582,11540,11658,True,11567,2,5,4,no_gt_stroke_match,,,covered,3,11331,11668,3,True,inside_associated_span,0
static_shuttleset_homography/sset_01/tracknet-stride-8,2,1,first,11881,11806,11924,True,11894,1,5,4,no_gt_stroke_match,,,covered,4,11877,12005,4,True,inside_associated_span,0
static_shuttleset_homography/sset_01/tracknet-stride-8,3,1,last,11965,11924,12041,True,11950,3,5,4,other_gt_stroke_match,1,11952,covered,4,11877,12005,4,True,inside_associated_span,0
static_shuttleset_homography/sset_01/tracknet-stride-8,4,2,first,12298,12223,12374,True,12302,4,5,4,first_last_stroke_match,2,12298,covered,5,12287,12979,5,True,inside_associated_span,0
static_shuttleset_homography/sset_01/tracknet-stride-8,5,2,last,12942,12867,13018,True,12945,4,5,4,first_last_stroke_match,2,12942,covered,5,12287,12979,5,True,inside_associated_span,0
static_shuttleset_homography/sset_01/tracknet-stride-8,6,3,first,13434,13359,13479,True,13452,1,5,4,other_gt_stroke_match,3,13456,covered,6,13429,14291,6,True,inside_associated_span,0
static_shuttleset_homography/sset_01/tracknet-stride-8,7,3,last,13523,13479,13599,True,13521,4,5,4,first_last_stroke_match,3,13523,covered,6,13429,14291,6,True,inside_associated_span,0
static_shuttleset_homography/sset_01/tracknet-stride-8,8,4,first,13923,13848,13999,True,13918,4,5,4,no_gt_stroke_match,,,covered,6,13429,14291,6,True,inside_associated_span,0
static_shuttleset_homography/sset_01/tracknet-stride-8,9,4,last,14245,14170,14321,True,14254,4,5,4,no_gt_stroke_match,,,covered,6,13429,14291,6,True,inside_associated_span,0
static_shuttleset_homography/sset_01/tracknet-stride-8,10,5,first,14943,14868,14990,True,14939,1,5,4,first_last_stroke_match,5,14943,covered,7,14938,15041,7,True,inside_associated_span,0
static_shuttleset_homography/sset_01/tracknet-stride-8,11,5,last,15035,14990,15111,True,15025,1,5,4,no_gt_stroke_match,,,covered,7,14938,15041,7,True,inside_associated_span,0
static_shuttleset_homography/sset_01/tracknet-stride-8,12,6,first,15374,15299,15404,True,15374,0,5,4,first_last_stroke_match,6,15374,covered,8,15363,15509,8,True,inside_associated_span,0
static_shuttleset_homography/sset_01/tracknet-stride-8,13,6,last,15433,15404,15509,True,15454,2,5,4,no_gt_stroke_match,,,covered,8,15363,15509,8,True,inside_associated_span,0
static_shuttleset_homography/sset_01/tracknet-stride-8,14,7,first,15804,15729,15843,True,15809,2,5,4,no_gt_stroke_match,,,covered,9,15779,15970,9,True,inside_associated_span,0
static_shuttleset_homography/sset_01/tracknet-stride-8,15,7,last,15881,15843,15957,True,15873,4,5,4,no_gt_stroke_match,,,covered,9,15779,15970,9,True,inside_associated_span,0
static_shuttleset_homography/sset_01/tracknet-stride-8,16,8,first,16253,16178,16329,True,16257,3,5,4,first_last_stroke_match,8,16253,covered,10,16231,16834,10,True,inside_associated_span,0
static_shuttleset_homography/sset_01/tracknet-stride-8,17,8,last,16799,16724,16875,True,16801,2,5,4,first_last_stroke_match,8,16799,covered,10,16231,16834,10,True,inside_associated_span,0
static_shuttleset_homography/sset_01/tracknet-stride-8,18,9,first,17423,17348,17499,True,17425,3,5,4,first_last_stroke_match,9,17423,covered,11,17420,17663,11,True,inside_associated_span,0
static_shuttleset_homography/sset_01/tracknet-stride-8,19,9,last,17596,17521,17672,True,17601,3,5,4,no_gt_stroke_match,,,covered,11,17420,17663,11,True,inside_associated_span,0
static_shuttleset_homography/sset_01/tracknet-stride-8,20,10,first,17990,17915,18066,True,17985,3,5,4,no_gt_stroke_match,,,covered,12,17980,19135,12,True,inside_associated_span,0
static_shuttleset_homography/sset_01/tracknet-stride-8,21,10,last,19062,18987,19138,True,19057,4,5,4,no_gt_stroke_match,,,covered,12,17980,19135,12,True,inside_associated_span,0
static_shuttleset_homography/sset_01/tracknet-stride-8,22,11,first,19583,19508,19659,True,19587,2,5,4,first_last_stroke_match,11,19583,covered,13,19573,20543,13,True,inside_associated_span,0
static_shuttleset_homography/sset_01/tracknet-stride-8,23,11,last,20460,20385,20536,True,20462,5,5,4,first_last_stroke_match,11,20460,covered,13,19573,20543,13,True,inside_associated_span,0
static_shuttleset_homography/sset_01/tracknet-stride-8,24,12,first,21006,20931,21082,True,21020,4,5,4,other_gt_stroke_match,12,21024,covered,14,20951,22148,14,True,inside_associated_span,0
static_shuttleset_homography/sset_01/tracknet-stride-8,25,12,last,22080,22005,22156,True,22079,3,5,4,first_last_stroke_match,12,22080,covered,14,20951,22148,14,True,inside_associated_span,0
static_shuttleset_homography/sset_01/tracknet-stride-8,26,13,first,23058,22983,23134,True,23054,3,5,4,first_last_stroke_match,13,23058,covered,15,23053,23569,15,True,inside_associated_span,0
static_shuttleset_homography/sset_01/tracknet-stride-8,27,13,last,23412,23337,23488,True,23422,2,5,4,no_gt_stroke_match,,,covered,15,23053,23569,15,True,inside_associated_span,0
static_shuttleset_homography/sset_01/tracknet-stride-8,28,14,first,23852,23777,23928,True,23857,2,5,4,no_gt_stroke_match,,,covered,16,23820,24352,16,True,inside_associated_span,0
static_shuttleset_homography/sset_01/tracknet-stride-8,29,14,last,24312,24237,24388,True,24318,1,5,4,no_gt_stroke_match,,,covered,16,23820,24352,16,True,inside_associated_span,0
static_shuttleset_homography/sset_01/tracknet-stride-8,30,15,first,24978,24903,25054,True,24977,3,5,4,first_last_stroke_match,15,24978,covered,17,24975,26059,17,True,inside_associated_span,0
static_shuttleset_homography/sset_01/tracknet-stride-8,31,15,last,26031,25956,26107,True,26028,3,5,4,first_last_stroke_match,15,26031,covered,17,24975,26059,17,True,inside_associated_span,0
static_shuttleset_homography/sset_01/tracknet-stride-8,32,16,first,27399,27324,27475,True,27403,2,5,4,first_last_stroke_match,16,27399,covered,18,27393,27779,18,True,inside_associated_span,0
static_shuttleset_homography/sset_01/tracknet-stride-8,33,16,last,27728,27653,27804,True,27729,4,5,4,first_last_stroke_match,16,27728,covered,18,27393,27779,18,True,inside_associated_span,0
static_shuttleset_homography/sset_01/tracknet-stride-8,34,17,first,28235,28160,28311,True,28256,0,5,4,other_gt_stroke_match,17,28259,covered,19,28233,28747,19,True,inside_associated_span,0
static_shuttleset_homography/sset_01/tracknet-stride-8,35,17,last,28677,28602,28753,True,28680,3,5,4,first_last_stroke_match,17,28677,covered,19,28233,28747,19,True,inside_associated_span,0
static_shuttleset_homography/sset_01/tracknet-stride-8,36,18,first,29123,29048,29199,True,29150,1,5,4,no_gt_stroke_match,,,covered,20,29122,29316,20,True,inside_associated_span,0
static_shuttleset_homography/sset_01/tracknet-stride-8,37,18,last,29296,29221,29372,True,29295,3,5,4,first_last_stroke_match,18,29296,covered,20,29122,29316,20,True,inside_associated_span,0
static_shuttleset_homography/sset_01/tracknet-stride-8,38,19,first,31396,31321,31424,True,31393,1,5,4,first_last_stroke_match,19,31396,covered,21,31391,31503,21,True,inside_associated_span,0
static_shuttleset_homography/sset_01/tracknet-stride-8,39,19,last,31450,31424,31526,True,31448,2,5,4,first_last_stroke_match,19,31450,covered,21,31391,31503,21,True,inside_associated_span,0
static_shuttleset_homography/sset_01/tracknet-stride-8,40,20,first,31753,31678,31791,True,31758,1,5,4,other_gt_stroke_match,20,31759,covered,22,31751,31866,22,True,inside_associated_span,0
static_shuttleset_homography/sset_01/tracknet-stride-8,41,20,last,31828,31791,31904,True,31827,1,5,4,first_last_stroke_match,20,31828,covered,22,31751,31866,22,True,inside_associated_span,0
static_shuttleset_homography/sset_01/tracknet-stride-8,42,21,first,32365,32290,32441,True,32369,4,5,4,first_last_stroke_match,21,32365,covered,23,32340,32626,23,True,inside_associated_span,0
static_shuttleset_homography/sset_01/tracknet-stride-8,43,21,last,32568,32493,32644,True,32565,6,5,4,first_last_stroke_match,21,32568,covered,23,32340,32626,23,True,inside_associated_span,0
static_shuttleset_homography/sset_01/tracknet-stride-8,44,22,first,33026,32951,33102,True,33041,2,5,4,no_gt_stroke_match,,,covered,24,32908,33233,24,True,inside_associated_span,0
static_shuttleset_homography/sset_01/tracknet-stride-8,45,22,last,33176,33102,33252,True,33174,3,5,4,first_last_stroke_match,22,33176,covered,24,32908,33233,24,True,inside_associated_span,0
static_shuttleset_homography/sset_01/tracknet-stride-8,46,23,first,33608,33533,33684,True,33617,2,5,4,no_gt_stroke_match,,,covered,25,33607,34166,25,True,inside_associated_span,0
static_shuttleset_homography/sset_01/tracknet-stride-8,47,23,last,34053,33978,34129,True,34051,7,5,4,first_last_stroke_match,23,34053,covered,25,33607,34166,25,True,inside_associated_span,0
static_shuttleset_homography/sset_01/tracknet-stride-8,48,24,first,34896,34821,34972,True,34896,3,5,4,first_last_stroke_match,24,34896,covered,26,34895,35411,26,True,inside_associated_span,0
static_shuttleset_homography/sset_01/tracknet-stride-8,49,24,last,35242,35167,35318,True,35239,7,5,4,first_last_stroke_match,24,35242,covered,26,34895,35411,26,True,inside_associated_span,0
static_shuttleset_homography/sset_01/tracknet-stride-8,50,25,first,35812,35737,35888,True,35809,3,5,4,first_last_stroke_match,25,35812,covered,27,35757,36106,27,True,inside_associated_span,0
static_shuttleset_homography/sset_01/tracknet-stride-8,51,25,last,36048,35973,36124,True,36047,4,5,4,first_last_stroke_match,25,36048,covered,27,35757,36106,27,True,inside_associated_span,0
static_shuttleset_homography/sset_01/tracknet-stride-8,52,26,first,36562,36487,36638,True,36577,3,5,4,other_gt_stroke_match,26,36577,covered,28,36543,37783,28,True,inside_associated_span,0
static_shuttleset_homography/sset_01/tracknet-stride-8,53,26,last,37723,37648,37799,True,37721,4,5,4,first_last_stroke_match,26,37723,covered,28,36543,37783,28,True,inside_associated_span,0
static_shuttleset_homography/sset_01/tracknet-stride-8,54,27,first,38386,38311,38449,True,38385,3,5,4,first_last_stroke_match,27,38386,covered,29,38366,38540,29,True,inside_associated_span,0
static_shuttleset_homography/sset_01/tracknet-stride-8,55,27,last,38511,38449,38587,True,38508,2,5,4,first_last_stroke_match,27,38511,covered,29,38366,38540,29,True,inside_associated_span,0
static_shuttleset_homography/sset_01/tracknet-stride-8,56,28,first,39814,39739,39890,True,39806,3,5,4,no_gt_stroke_match,,,covered,30,39803,40188,30,True,inside_associated_span,0
static_shuttleset_homography/sset_01/tracknet-stride-8,57,28,last,40151,40076,40227,True,40150,3,5,4,first_last_stroke_match,28,40151,covered,30,39803,40188,30,True,inside_associated_span,0
static_shuttleset_homography/sset_01/tracknet-stride-8,58,29,first,40613,40538,40689,True,40609,4,5,4,first_last_stroke_match,29,40613,covered,31,40542,41249,31,True,inside_associated_span,0
static_shuttleset_homography/sset_01/tracknet-stride-8,59,29,last,41214,41139,41290,True,41217,3,5,4,first_last_stroke_match,29,41214,covered,31,40542,41249,31,True,inside_associated_span,0
static_shuttleset_homography/sset_01/tracknet-stride-8,60,30,first,41738,41663,41764,False,,0,5,4,no_candidate,,,missed,,,,,,no_candidate,
static_shuttleset_homography/sset_01/tracknet-stride-8,61,30,last,41788,41764,41864,False,,0,5,4,no_candidate,,,missed,,,,,,no_candidate,
static_shuttleset_homography/sset_01/tracknet-stride-8,62,31,first,42221,42146,42297,True,42238,1,5,4,other_gt_stroke_match,31,42240,covered,32,42215,43119,32,True,inside_associated_span,0
static_shuttleset_homography/sset_01/tracknet-stride-8,63,31,last,42423,42348,42499,True,42411,2,5,4,other_gt_stroke_match,31,42412,covered,32,42215,43119,32,True,inside_associated_span,0
static_shuttleset_homography/sset_01/tracknet-stride-8,64,32,first,42797,42722,42873,True,42798,5,5,4,first_last_stroke_match,32,42797,covered,32,42215,43119,32,True,inside_associated_span,0
static_shuttleset_homography/sset_01/tracknet-stride-8,65,32,last,43079,43004,43155,True,43078,1,5,4,first_last_stroke_match,32,43079,covered,32,42215,43119,32,True,inside_associated_span,0
static_shuttleset_homography/sset_01/tracknet-stride-8,66,33,first,43701,43626,43743,True,43697,1,5,4,first_last_stroke_match,33,43701,covered,33,43664,43831,33,True,inside_associated_span,0
static_shuttleset_homography/sset_01/tracknet-stride-8,67,33,last,43783,43743,43859,True,43781,3,5,4,first_last_stroke_match,33,43783,covered,33,43664,43831,33,True,inside_associated_span,0
static_shuttleset_homography/sset_01/tracknet-stride-8,68,34,first,44111,44036,44125,True,44109,0,5,4,first_last_stroke_match,34,44111,covered,34,44108,44249,34,True,inside_associated_span,0
static_shuttleset_homography/sset_01/tracknet-stride-8,69,34,last,44137,44125,44213,True,44135,2,5,4,first_last_stroke_match,34,44137,covered,34,44108,44249,34,True,inside_associated_span,0
static_shuttleset_homography/sset_01/tracknet-stride-8,70,35,first,44411,44336,44487,True,44411,3,5,4,first_last_stroke_match,35,44411,covered,35,44396,44855,35,True,inside_associated_span,0
static_shuttleset_homography/sset_01/tracknet-stride-8,71,35,last,44774,44699,44850,True,44773,3,5,4,first_last_stroke_match,35,44774,covered,35,44396,44855,35,True,inside_associated_span,0
static_shuttleset_homography/sset_01/tracknet-stride-8,72,36,first,48521,48446,48555,True,48526,4,5,4,other_gt_stroke_match,36,48529,covered,36,48267,48634,36,True,inside_associated_span,0
static_shuttleset_homography/sset_01/tracknet-stride-8,73,36,last,48587,48555,48663,True,48583,1,5,4,first_last_stroke_match,36,48587,covered,36,48267,48634,36,True,inside_associated_span,0
static_shuttleset_homography/sset_01/tracknet-stride-8,74,37,first,48966,48891,49025,True,48993,1,5,4,no_gt_stroke_match,,,covered,37,48955,49122,37,True,inside_associated_span,0
static_shuttleset_homography/sset_01/tracknet-stride-8,75,37,last,49083,49025,49159,True,49089,3,5,4,no_gt_stroke_match,,,covered,37,48955,49122,37,True,inside_associated_span,0
static_shuttleset_homography/sset_01/tracknet-stride-8,76,38,first,49590,49515,49634,True,49585,1,5,4,no_gt_stroke_match,,,covered,38,49578,49745,38,True,inside_associated_span,0
static_shuttleset_homography/sset_01/tracknet-stride-8,77,38,last,49676,49634,49752,True,49674,3,5,4,first_last_stroke_match,38,49676,covered,38,49578,49745,38,True,inside_associated_span,0
static_shuttleset_homography/sset_01/tracknet-stride-8,78,39,first,50030,49955,50039,True,50030,2,5,4,first_last_stroke_match,39,50030,covered,39,50014,50117,39,True,inside_associated_span,0
static_shuttleset_homography/sset_01/tracknet-stride-8,79,39,last,50046,50039,50122,True,50062,2,5,4,no_gt_stroke_match,,,covered,39,50014,50117,39,True,inside_associated_span,0
static_shuttleset_homography/sset_01/tracknet-stride-8,80,40,first,50322,50247,50343,True,50321,1,5,4,first_last_stroke_match,40,50322,covered,40,50295,50410,40,True,inside_associated_span,0
static_shuttleset_homography/sset_01/tracknet-stride-8,81,40,last,50362,50343,50438,True,50366,2,5,4,first_last_stroke_match,40,50362,covered,40,50295,50410,40,True,inside_associated_span,0
static_shuttleset_homography/sset_01/tracknet-stride-8,82,41,first,50752,50677,50818,True,50755,2,5,4,first_last_stroke_match,41,50752,covered,41,50683,50945,41,True,inside_associated_span,0
static_shuttleset_homography/sset_01/tracknet-stride-8,83,41,last,50883,50818,50959,True,50881,3,5,4,first_last_stroke_match,41,50883,covered,41,50683,50945,41,True,inside_associated_span,0
static_shuttleset_homography/sset_01/tracknet-stride-8,84,42,first,51285,51210,51361,True,51297,2,5,4,other_gt_stroke_match,42,51298,covered,42,51273,51720,42,True,inside_associated_span,0
static_shuttleset_homography/sset_01/tracknet-stride-8,85,42,last,51690,51615,51766,True,51694,5,5,4,first_last_stroke_match,42,51690,covered,42,51273,51720,42,True,inside_associated_span,0
static_shuttleset_homography/sset_01/tracknet-stride-8,86,43,first,52449,52374,52525,True,52465,2,5,4,no_gt_stroke_match,,,covered,43,52398,52521,43,True,inside_associated_span,0
static_shuttleset_homography/sset_01/tracknet-stride-8,87,44,first,52842,52767,52918,True,52833,3,5,4,no_gt_stroke_match,,,covered,44,52732,53732,44,True,inside_associated_span,0
static_shuttleset_homography/sset_01/tracknet-stride-8,88,44,last,53674,53599,53750,True,53681,3,5,4,no_gt_stroke_match,,,covered,44,52732,53732,44,True,inside_associated_span,0
static_shuttleset_homography/sset_01/tracknet-stride-8,89,45,first,55100,55025,55176,True,55091,3,5,4,no_gt_stroke_match,,,covered,45,55065,55462,45,True,inside_associated_span,0
static_shuttleset_homography/sset_01/tracknet-stride-8,90,45,last,55391,55316,55467,True,55388,4,5,4,first_last_stroke_match,45,55391,covered,45,55065,55462,45,True,inside_associated_span,0
static_shuttleset_homography/sset_01/tracknet-stride-8,91,46,first,55912,55837,55988,True,55915,2,5,4,first_last_stroke_match,46,55912,split,,,,47,,no_associated_span,
static_shuttleset_homography/sset_01/tracknet-stride-8,92,46,last,56351,56276,56427,True,56337,4,5,4,other_gt_stroke_match,46,56333,split,,,,47,,no_associated_span,
static_shuttleset_homography/sset_01/tracknet-stride-8,93,47,first,56790,56715,56866,True,56785,2,5,4,no_gt_stroke_match,,,covered,48,56784,57267,48,True,inside_associated_span,0
static_shuttleset_homography/sset_01/tracknet-stride-8,94,47,last,57155,57080,57231,True,57150,6,5,4,no_gt_stroke_match,,,covered,48,56784,57267,48,True,inside_associated_span,0
static_shuttleset_homography/sset_01/tracknet-stride-8,95,48,first,57990,57915,58049,True,57985,3,5,4,no_gt_stroke_match,,,covered,49,57943,58147,49,True,inside_associated_span,0
static_shuttleset_homography/sset_01/tracknet-stride-8,96,48,last,58107,58049,58183,True,58110,2,5,4,first_last_stroke_match,48,58107,covered,49,57943,58147,49,True,inside_associated_span,0
static_shuttleset_homography/sset_01/tracknet-stride-8,97,49,first,58820,58745,58896,True,58813,4,5,4,no_gt_stroke_match,,,covered,50,58783,59031,50,True,inside_associated_span,0
static_shuttleset_homography/sset_01/tracknet-stride-8,98,49,last,58976,58901,59052,True,58974,4,5,4,first_last_stroke_match,49,58976,covered,50,58783,59031,50,True,inside_associated_span,0
static_shuttleset_homography/sset_01/tracknet-stride-8,99,50,first,59395,59320,59471,True,59406,2,5,4,other_gt_stroke_match,50,59410,covered,51,59266,59643,51,True,inside_associated_span,0
static_shuttleset_homography/sset_01/tracknet-stride-8,100,50,last,59565,59490,59641,True,59563,5,5,4,first_last_stroke_match,50,59565,covered,51,59266,59643,51,True,inside_associated_span,0
static_shuttleset_homography/sset_01/tracknet-stride-8,101,51,first,59963,59888,60039,True,59961,3,5,4,first_last_stroke_match,51,59963,covered,52,59958,60295,52,True,inside_associated_span,0
static_shuttleset_homography/sset_01/tracknet-stride-8,102,51,last,60235,60160,60311,True,60257,3,5,4,no_gt_stroke_match,,,covered,52,59958,60295,52,True,inside_associated_span,0
static_shuttleset_homography/sset_01/tracknet-stride-8,103,52,first,60652,60577,60728,False,,0,5,4,no_candidate,,,missed,,,,,,no_candidate,
static_shuttleset_homography/sset_01/tracknet-stride-8,104,52,last,60803,60728,60879,False,,0,5,4,no_candidate,,,missed,,,,,,no_candidate,
static_shuttleset_homography/sset_01/tracknet-stride-8,105,53,first,62748,62673,62824,True,62738,3,5,4,no_gt_stroke_match,,,covered,53,62713,63117,53,True,inside_associated_span,0
static_shuttleset_homography/sset_01/tracknet-stride-8,106,53,last,63027,62952,63103,True,63024,3,5,4,first_last_stroke_match,53,63027,covered,53,62713,63117,53,True,inside_associated_span,0
static_shuttleset_homography/sset_01/tracknet-stride-8,107,54,first,63753,63678,63829,True,63745,3,5,4,no_gt_stroke_match,,,covered,54,63694,64270,54,True,inside_associated_span,0
static_shuttleset_homography/sset_01/tracknet-stride-8,108,54,last,64221,64146,64297,True,64225,3,5,4,first_last_stroke_match,54,64221,covered,54,63694,64270,54,True,inside_associated_span,0
static_shuttleset_homography/sset_01/tracknet-stride-8,109,55,first,64711,64636,64736,True,64705,0,5,4,no_gt_stroke_match,,,covered,55,64495,65519,55,True,inside_associated_span,0
static_shuttleset_homography/sset_01/tracknet-stride-8,110,55,last,64759,64736,64835,True,64764,1,5,4,no_gt_stroke_match,,,covered,55,64495,65519,55,True,inside_associated_span,0
static_shuttleset_homography/sset_01/tracknet-stride-8,111,56,first,65242,65167,65318,True,65233,3,5,4,no_gt_stroke_match,,,covered,55,64495,65519,55,True,inside_associated_span,0
static_shuttleset_homography/sset_01/tracknet-stride-8,112,56,last,65464,65389,65540,True,65470,5,5,4,no_gt_stroke_match,,,covered,55,64495,65519,55,True,inside_associated_span,0
static_shuttleset_homography/sset_01/tracknet-stride-8,113,57,first,66019,65944,66095,True,66030,4,5,4,no_gt_stroke_match,,,covered,56,65969,66309,56,True,inside_associated_span,0
static_shuttleset_homography/sset_01/tracknet-stride-8,114,57,last,66256,66181,66332,True,66257,2,5,4,first_last_stroke_match,57,66256,covered,56,65969,66309,56,True,inside_associated_span,0
static_shuttleset_homography/sset_01/tracknet-stride-8,115,58,first,66724,66649,66800,True,66737,2,5,4,other_gt_stroke_match,58,66740,covered,57,66711,66946,57,True,inside_associated_span,0
static_shuttleset_homography/sset_01/tracknet-stride-8,116,58,last,66917,66842,66993,True,66942,2,5,4,no_gt_stroke_match,,,covered,57,66711,66946,57,True,inside_associated_span,0
static_shuttleset_homography/sset_01/tracknet-stride-8,117,59,first,67619,67544,67695,True,67617,2,5,4,first_last_stroke_match,59,67619,covered,58,67608,68723,58,True,inside_associated_span,0
static_shuttleset_homography/sset_01/tracknet-stride-8,118,59,last,68667,68592,68743,True,68674,4,5,4,no_gt_stroke_match,,,covered,58,67608,68723,58,True,inside_associated_span,0
static_shuttleset_homography/sset_01/tracknet-stride-8,119,60,first,70177,70102,70253,True,70225,1,5,4,no_gt_stroke_match,,,covered,59,70144,70990,59,True,inside_associated_span,0
static_shuttleset_homography/sset_01/tracknet-stride-8,120,60,last,70951,70876,71027,True,70966,3,5,4,no_gt_stroke_match,,,covered,59,70144,70990,59,True,inside_associated_span,0
static_shuttleset_homography/sset_01/tracknet-stride-8,121,61,first,71547,71472,71599,True,71537,2,5,4,no_gt_stroke_match,,,covered,60,71534,71739,60,True,inside_associated_span,0
static_shuttleset_homography/sset_01/tracknet-stride-8,122,61,last,71649,71599,71725,True,71648,3,5,4,first_last_stroke_match,61,71649,covered,60,71534,71739,60,True,inside_associated_span,0
static_shuttleset_homography/sset_01/tracknet-stride-8,123,62,first,72066,71991,72137,True,72065,3,5,4,first_last_stroke_match,62,72066,covered,61,72015,72307,61,True,inside_associated_span,0
static_shuttleset_homography/sset_01/tracknet-stride-8,124,62,last,72206,72137,72282,True,72206,3,5,4,first_last_stroke_match,62,72206,covered,61,72015,72307,61,True,inside_associated_span,0
static_shuttleset_homography/sset_01/tracknet-stride-8,125,63,first,72885,72810,72961,True,72901,4,5,4,other_gt_stroke_match,63,72904,covered,62,72825,73909,62,True,inside_associated_span,0
static_shuttleset_homography/sset_01/tracknet-stride-8,126,63,last,73832,73757,73908,True,73841,4,5,4,no_gt_stroke_match,,,covered,62,72825,73909,62,True,inside_associated_span,0
static_shuttleset_homography/sset_01/tracknet-stride-8,127,64,first,74519,74444,74560,True,74513,1,5,4,no_gt_stroke_match,,,covered,63,74275,74667,63,True,inside_associated_span,0
static_shuttleset_homography/sset_01/tracknet-stride-8,128,64,last,74599,74560,74675,True,74594,5,5,4,no_gt_stroke_match,,,covered,63,74275,74667,63,True,inside_associated_span,0
static_shuttleset_homography/sset_01/tracknet-stride-8,129,65,first,75057,74982,75133,True,75057,3,5,4,first_last_stroke_match,65,75057,covered,64,75051,75639,64,True,inside_associated_span,0
static_shuttleset_homography/sset_01/tracknet-stride-8,130,65,last,75587,75512,75663,True,75584,3,5,4,first_last_stroke_match,65,75587,covered,64,75051,75639,64,True,inside_associated_span,0
static_shuttleset_homography/sset_01/tracknet-stride-8,131,66,first,76925,76850,77001,True,76918,3,5,4,no_gt_stroke_match,,,covered,65,76916,77198,65,True,inside_associated_span,0
static_shuttleset_homography/sset_01/tracknet-stride-8,132,66,last,77075,77001,77151,True,77089,4,5,4,no_gt_stroke_match,,,covered,65,76916,77198,65,True,inside_associated_span,0
static_shuttleset_homography/sset_01/tracknet-stride-8,133,67,first,77788,77713,77832,True,77777,2,5,4,no_gt_stroke_match,,,covered,66,77745,77934,66,True,inside_associated_span,0
static_shuttleset_homography/sset_01/tracknet-stride-8,134,67,last,77874,77832,77950,True,77905,1,5,4,no_gt_stroke_match,,,covered,66,77745,77934,66,True,inside_associated_span,0
static_shuttleset_homography/sset_01/tracknet-stride-8,135,68,first,78226,78151,78302,True,78222,3,5,4,first_last_stroke_match,68,78226,covered,67,78221,78784,67,True,inside_associated_span,0
static_shuttleset_homography/sset_01/tracknet-stride-8,136,68,last,78703,78628,78779,True,78702,5,5,4,first_last_stroke_match,68,78703,covered,67,78221,78784,67,True,inside_associated_span,0
static_shuttleset_homography/sset_01/tracknet-stride-8,137,69,first,79832,79757,79908,True,79825,4,5,4,no_gt_stroke_match,,,covered,68,79771,80612,68,True,inside_associated_span,0
static_shuttleset_homography/sset_01/tracknet-stride-8,138,69,last,80536,80461,80612,True,80535,4,5,4,first_last_stroke_match,69,80536,covered,68,79771,80612,68,True,inside_associated_span,0
static_shuttleset_homography/sset_01/tracknet-stride-8,139,70,first,82419,82344,82455,True,82406,3,5,4,no_gt_stroke_match,,,covered,69,82375,82520,69,True,inside_associated_span,0
static_shuttleset_homography/sset_01/tracknet-stride-8,140,70,last,82490,82455,82566,True,82494,1,5,4,first_last_stroke_match,70,82490,covered,69,82375,82520,69,True,inside_associated_span,0
static_shuttleset_homography/sset_01/tracknet-stride-8,141,71,first,83857,83782,83933,True,83857,4,5,4,first_last_stroke_match,71,83857,covered,70,83791,84718,70,True,inside_associated_span,0
static_shuttleset_homography/sset_01/tracknet-stride-8,142,71,last,84660,84585,84736,True,84660,3,5,4,first_last_stroke_match,71,84660,covered,70,83791,84718,70,True,inside_associated_span,0
static_shuttleset_homography/sset_01/tracknet-stride-8,143,72,first,85859,85784,85935,True,85857,3,5,4,first_last_stroke_match,72,85859,covered,71,85799,86215,71,True,inside_associated_span,0
static_shuttleset_homography/sset_01/tracknet-stride-8,144,72,last,86167,86092,86243,True,86149,4,5,4,other_gt_stroke_match,72,86152,covered,71,85799,86215,71,True,inside_associated_span,0
static_shuttleset_homography/sset_01/tracknet-stride-8,145,73,first,87211,87136,87287,True,87201,3,5,4,no_gt_stroke_match,,,covered,72,87095,87559,72,True,inside_associated_span,0
static_shuttleset_homography/sset_01/tracknet-stride-8,146,73,last,87507,87432,87583,True,87490,2,5,4,other_gt_stroke_match,73,87493,covered,72,87095,87559,72,True,inside_associated_span,0
static_shuttleset_homography/sset_01/tracknet-stride-8,147,74,first,91191,91116,91231,True,91185,3,5,4,no_gt_stroke_match,,,covered,73,91156,91305,73,True,inside_associated_span,0
static_shuttleset_homography/sset_01/tracknet-stride-8,148,74,last,91270,91231,91346,True,91249,0,5,4,other_gt_stroke_match,74,91251,covered,73,91156,91305,73,True,inside_associated_span,0
static_shuttleset_homography/sset_01/tracknet-stride-8,149,75,first,91658,91583,91734,True,91657,2,5,4,first_last_stroke_match,75,91658,covered,74,91655,92013,74,True,inside_associated_span,0
static_shuttleset_homography/sset_01/tracknet-stride-8,150,75,last,91960,91885,92036,True,91957,5,5,4,first_last_stroke_match,75,91960,covered,74,91655,92013,74,True,inside_associated_span,0
static_shuttleset_homography/sset_01/tracknet-stride-8,151,76,first,92752,92677,92828,True,92750,4,5,4,first_last_stroke_match,76,92752,covered,75,92723,93152,75,True,inside_associated_span,0
static_shuttleset_homography/sset_01/tracknet-stride-8,152,76,last,93083,93008,93159,True,93081,6,5,4,first_last_stroke_match,76,93083,covered,75,92723,93152,75,True,inside_associated_span,0
static_shuttleset_homography/sset_01/tracknet-stride-8,153,77,first,93607,93532,93683,True,93601,4,5,4,no_gt_stroke_match,,,covered,76,93543,93923,76,True,inside_associated_span,0
static_shuttleset_homography/sset_01/tracknet-stride-8,154,77,last,93887,93812,93963,True,93889,3,5,4,first_last_stroke_match,77,93887,covered,76,93543,93923,76,True,inside_associated_span,0
static_shuttleset_homography/sset_01/tracknet-stride-8,155,78,first,94855,94780,94931,True,94849,3,5,4,no_gt_stroke_match,,,covered,77,94814,95113,77,True,inside_associated_span,0
static_shuttleset_homography/sset_01/tracknet-stride-8,156,78,last,95062,94987,95138,True,95045,4,5,4,other_gt_stroke_match,78,95045,covered,77,94814,95113,77,True,inside_associated_span,0
static_shuttleset_homography/sset_01/tracknet-stride-8,157,79,first,95807,95732,95883,True,95809,3,5,4,first_last_stroke_match,79,95807,covered,78,95797,96644,78,True,inside_associated_span,0
static_shuttleset_homography/sset_01/tracknet-stride-8,158,79,last,96574,96499,96650,True,96571,3,5,4,first_last_stroke_match,79,96574,covered,78,95797,96644,78,True,inside_associated_span,0
static_shuttleset_homography/sset_01/tracknet-stride-8,159,80,first,97194,97119,97270,True,97185,2,5,4,no_gt_stroke_match,,,covered,79,96806,97586,79,True,inside_associated_span,0
static_shuttleset_homography/sset_01/tracknet-stride-8,160,80,last,97530,97455,97606,True,97518,4,5,4,no_gt_stroke_match,,,covered,79,96806,97586,79,True,inside_associated_span,0
static_shuttleset_homography/sset_01/tracknet-stride-8,161,81,first,98066,97991,98142,True,98065,2,5,4,first_last_stroke_match,81,98066,covered,80,98062,98485,80,True,inside_associated_span,0
static_shuttleset_homography/sset_01/tracknet-stride-8,162,81,last,98394,98319,98470,True,98394,4,5,4,first_last_stroke_match,81,98394,covered,80,98062,98485,80,True,inside_associated_span,0
static_shuttleset_homography/sset_01/tracknet-stride-8,163,82,first,99927,99852,100003,True,99921,3,5,4,no_gt_stroke_match,,,covered,81,99919,100517,81,True,inside_associated_span,0
static_shuttleset_homography/sset_01/tracknet-stride-8,164,82,last,100321,100246,100397,True,100321,4,5,4,first_last_stroke_match,82,100321,covered,81,99919,100517,81,True,inside_associated_span,0
static_shuttleset_homography/sset_01/tracknet-stride-8,165,83,first,101556,101481,101632,True,101552,3,5,4,first_last_stroke_match,83,101556,covered,82,101498,102121,82,True,inside_associated_span,0
static_shuttleset_homography/sset_01/tracknet-stride-8,166,83,last,102070,101995,102146,True,102065,6,5,4,no_gt_stroke_match,,,covered,82,101498,102121,82,True,inside_associated_span,0
static_shuttleset_homography/sset_01/tracknet-stride-8,167,84,first,103066,102991,103142,True,103070,3,5,4,first_last_stroke_match,84,103066,covered,83,103030,103402,83,True,inside_associated_span,0
static_shuttleset_homography/sset_01/tracknet-stride-8,168,84,last,103366,103291,103442,True,103390,2,5,4,no_gt_stroke_match,,,covered,83,103030,103402,83,True,inside_associated_span,0
static_shuttleset_homography/sset_01/tracknet-stride-8,169,85,first,103933,103858,103992,True,103929,2,5,4,first_last_stroke_match,85,103933,covered,84,103927,104100,84,True,inside_associated_span,0
static_shuttleset_homography/sset_01/tracknet-stride-8,170,85,last,104050,103992,104126,True,104046,4,5,4,first_last_stroke_match,85,104050,covered,84,103927,104100,84,True,inside_associated_span,0
static_shuttleset_homography/sset_01/tracknet-stride-8,171,86,first,104518,104443,104562,True,104542,0,5,4,other_gt_stroke_match,86,104543,covered,85,104516,104686,85,True,inside_associated_span,0
static_shuttleset_homography/sset_01/tracknet-stride-8,172,86,last,104605,104562,104681,True,104606,6,5,4,first_last_stroke_match,86,104605,covered,85,104516,104686,85,True,inside_associated_span,0
static_shuttleset_homography/sset_01/tracknet-stride-8,173,87,first,105331,105256,105407,True,105345,2,5,4,other_gt_stroke_match,87,105348,covered,86,105291,105650,86,True,inside_associated_span,0
static_shuttleset_homography/sset_01/tracknet-stride-8,174,87,last,105594,105519,105670,True,105598,6,5,4,first_last_stroke_match,87,105594,covered,86,105291,105650,86,True,inside_associated_span,0
static_shuttleset_homography/sset_01/tracknet-stride-8,175,88,first,106526,106451,106538,True,106525,0,5,4,first_last_stroke_match,88,106526,covered,87,106524,106597,87,True,inside_associated_span,0
static_shuttleset_homography/sset_01/tracknet-stride-8,176,88,last,106548,106538,106624,True,106545,1,5,4,first_last_stroke_match,88,106548,covered,87,106524,106597,87,True,inside_associated_span,0
static_shuttleset_homography/sset_01/tracknet-stride-8,177,89,first,106902,106827,106978,True,106905,4,5,4,first_last_stroke_match,89,106902,covered,88,106732,107166,88,True,inside_associated_span,0
static_shuttleset_homography/sset_01/tracknet-stride-8,178,89,last,107158,107083,107234,True,107153,2,5,4,no_gt_stroke_match,,,covered,88,106732,107166,88,True,inside_associated_span,0
static_shuttleset_homography/sset_01/tracknet-stride-8,179,90,first,107587,107512,107663,True,107585,2,5,4,first_last_stroke_match,90,107587,covered,89,107583,107960,89,True,inside_associated_span,0
static_shuttleset_homography/sset_01/tracknet-stride-8,180,90,last,107852,107777,107928,True,107849,4,5,4,first_last_stroke_match,90,107852,covered,89,107583,107960,89,True,inside_associated_span,0
static_shuttleset_homography/sset_01/tracknet-stride-8,181,91,first,108317,108242,108328,True,108308,0,5,4,no_gt_stroke_match,,,covered,90,108307,108391,90,True,inside_associated_span,0
static_shuttleset_homography/sset_01/tracknet-stride-8,182,91,last,108337,108328,108413,True,108334,2,5,4,first_last_stroke_match,91,108337,covered,90,108307,108391,90,True,inside_associated_span,0
static_shuttleset_homography/sset_01/tracknet-stride-8,183,92,first,108888,108813,108964,True,108897,2,5,4,no_gt_stroke_match,,,covered,91,108832,109831,91,True,inside_associated_span,0
static_shuttleset_homography/sset_01/tracknet-stride-8,184,92,last,109792,109717,109868,True,109790,2,5,4,first_last_stroke_match,92,109792,covered,91,108832,109831,91,True,inside_associated_span,0
static_shuttleset_homography/sset_01/tracknet-stride-8,185,93,first,110483,110408,110559,True,110481,2,5,4,first_last_stroke_match,93,110483,covered,92,110479,110859,92,True,inside_associated_span,0
static_shuttleset_homography/sset_01/tracknet-stride-8,186,93,last,110790,110715,110866,True,110801,3,5,4,no_gt_stroke_match,,,covered,92,110479,110859,92,True,inside_associated_span,0
static_shuttleset_homography/sset_01/tracknet-stride-8,187,94,first,113075,113000,113151,True,113073,3,5,4,first_last_stroke_match,94,113075,covered,93,112839,113416,93,True,inside_associated_span,0
static_shuttleset_homography/sset_01/tracknet-stride-8,188,94,last,113397,113322,113473,True,113390,4,5,4,no_gt_stroke_match,,,covered,93,112839,113416,93,True,inside_associated_span,0
static_shuttleset_homography/sset_01/tracknet-stride-8,189,95,first,113940,113865,114016,True,113933,2,5,4,no_gt_stroke_match,,,covered,94,113907,114455,94,True,inside_associated_span,0
static_shuttleset_homography/sset_01/tracknet-stride-8,190,95,last,114408,114333,114484,True,114398,3,5,4,no_gt_stroke_match,,,covered,94,113907,114455,94,True,inside_associated_span,0
static_shuttleset_homography/sset_01/tracknet-stride-8,191,96,first,114993,114918,115069,True,115006,3,5,4,other_gt_stroke_match,96,115009,covered,95,114955,115543,95,True,inside_associated_span,0
static_shuttleset_homography/sset_01/tracknet-stride-8,192,96,last,115491,115416,115567,True,115505,3,5,4,no_gt_stroke_match,,,covered,95,114955,115543,95,True,inside_associated_span,0
static_shuttleset_homography/sset_01/tracknet-stride-8,193,97,first,116220,116145,116262,True,116225,1,5,4,no_gt_stroke_match,,,covered,96,116195,116354,96,True,inside_associated_span,0
static_shuttleset_homography/sset_01/tracknet-stride-8,194,97,last,116302,116262,116378,True,116300,3,5,4,first_last_stroke_match,97,116302,covered,96,116195,116354,96,True,inside_associated_span,0
static_shuttleset_homography/sset_01/tracknet-stride-8,195,98,first,116775,116700,116851,True,116769,3,5,4,no_gt_stroke_match,,,covered,97,116765,117402,97,True,inside_associated_span,0
static_shuttleset_homography/sset_01/tracknet-stride-8,196,98,last,117327,117252,117403,True,117326,4,5,4,first_last_stroke_match,98,117327,covered,97,116765,117402,97,True,inside_associated_span,0
static_shuttleset_homography/sset_01/tracknet-stride-8,197,99,first,118904,118829,118980,True,118916,2,5,4,other_gt_stroke_match,99,118918,covered,98,118894,120020,98,True,inside_associated_span,0
static_shuttleset_homography/sset_01/tracknet-stride-8,198,99,last,119953,119878,120029,True,119953,6,5,4,first_last_stroke_match,99,119953,covered,98,118894,120020,98,True,inside_associated_span,0
static_shuttleset_homography/sset_01/tracknet-stride-8,199,100,first,121539,121464,121615,True,121537,2,5,4,first_last_stroke_match,100,121539,covered,99,121513,121815,99,True,inside_associated_span,0
static_shuttleset_homography/sset_01/tracknet-stride-8,200,100,last,121742,121667,121818,True,121739,4,5,4,first_last_stroke_match,100,121742,covered,99,121513,121815,99,True,inside_associated_span,0
static_shuttleset_homography/sset_01/tracknet-stride-8,201,101,first,122326,122251,122394,True,122338,2,5,4,other_gt_stroke_match,101,122339,covered,100,122311,122516,100,True,inside_associated_span,0
static_shuttleset_homography/sset_01/tracknet-stride-8,202,101,last,122461,122394,122537,True,122462,2,5,4,first_last_stroke_match,101,122461,covered,100,122311,122516,100,True,inside_associated_span,0
static_shuttleset_homography/sset_01/tracknet-stride-8,203,102,first,122926,122851,123002,True,122920,2,5,4,no_gt_stroke_match,,,covered,101,122916,123206,101,True,inside_associated_span,0
static_shuttleset_homography/sset_01/tracknet-stride-8,204,102,last,123137,123062,123213,True,123134,2,5,4,first_last_stroke_match,102,123137,covered,101,122916,123206,101,True,inside_associated_span,0
static_shuttleset_homography/sset_01/tracknet-stride-8,205,103,first,124755,124680,124831,True,124753,3,5,4,first_last_stroke_match,103,124755,covered,102,124685,125271,102,True,inside_associated_span,0
static_shuttleset_homography/sset_01/tracknet-stride-8,206,103,last,125197,125122,125273,True,125217,2,5,4,no_gt_stroke_match,,,covered,102,124685,125271,102,True,inside_associated_span,0
static_shuttleset_homography/sset_01/tracknet-stride-8,207,104,first,125913,125838,125989,True,125912,3,5,4,first_last_stroke_match,104,125913,covered,103,125884,126922,103,True,inside_associated_span,0
static_shuttleset_homography/sset_01/tracknet-stride-8,208,104,last,126816,126741,126892,True,126814,4,5,4,first_last_stroke_match,104,126816,covered,103,125884,126922,103,True,inside_associated_span,0
static_shuttleset_homography/sset_01/tracknet-stride-8,209,105,first,127853,127778,127929,True,127863,4,5,4,no_gt_stroke_match,,,covered,104,127770,128177,104,True,inside_associated_span,0
static_shuttleset_homography/sset_01/tracknet-stride-8,210,105,last,128083,128008,128159,True,128081,6,5,4,first_last_stroke_match,105,128083,covered,104,127770,128177,104,True,inside_associated_span,0
static_shuttleset_homography/sset_01/tracknet-stride-8,211,106,first,128771,128696,128841,True,128766,2,5,4,no_gt_stroke_match,,,covered,105,128543,128959,105,True,inside_associated_span,0
static_shuttleset_homography/sset_01/tracknet-stride-8,212,106,last,128910,128841,128986,True,128909,4,5,4,first_last_stroke_match,106,128910,covered,105,128543,128959,105,True,inside_associated_span,0
static_shuttleset_homography/sset_01/tracknet-stride-8,213,107,first,129575,129500,129630,True,129569,2,5,4,no_gt_stroke_match,,,covered,106,129523,129746,106,True,inside_associated_span,0
static_shuttleset_homography/sset_01/tracknet-stride-8,214,107,last,129683,129630,129759,True,129697,2,5,4,no_gt_stroke_match,,,covered,106,129523,129746,106,True,inside_associated_span,0
static_shuttleset_homography/sset_01/tracknet-stride-8,215,108,first,131247,131172,131323,True,131249,2,5,4,first_last_stroke_match,108,131247,covered,107,131034,131789,107,True,inside_associated_span,0
static_shuttleset_homography/sset_01/tracknet-stride-8,216,108,last,131758,131683,131834,True,131758,4,5,4,first_last_stroke_match,108,131758,covered,107,131034,131789,107,True,inside_associated_span,0
static_shuttleset_homography/sset_01/tracknet-stride-8,217,109,first,132577,132502,132584,True,132558,3,5,4,no_gt_stroke_match,,,covered,108,132505,132731,108,True,inside_associated_span,0
static_shuttleset_homography/sset_01/tracknet-stride-8,218,109,last,132590,132584,132666,True,132587,2,5,4,first_last_stroke_match,109,132590,covered,108,132505,132731,108,True,inside_associated_span,0
static_shuttleset_homography/sset_01/tracknet-stride-8,219,110,first,133265,133190,133312,True,133275,2,5,4,other_gt_stroke_match,110,133276,covered,109,133215,133401,109,True,inside_associated_span,0
static_shuttleset_homography/sset_01/tracknet-stride-8,220,110,last,133358,133312,133434,True,133358,4,5,4,first_last_stroke_match,110,133358,covered,109,133215,133401,109,True,inside_associated_span,0
static_shuttleset_homography/sset_01/tracknet-stride-8,221,111,first,134201,134126,134277,True,134212,6,5,4,other_gt_stroke_match,111,134215,covered,110,133923,134584,110,True,inside_associated_span,0
static_shuttleset_homography/sset_01/tracknet-stride-8,222,111,last,134498,134423,134574,True,134484,5,5,4,no_gt_stroke_match,,,covered,110,133923,134584,110,True,inside_associated_span,0
static_shuttleset_homography/sset_01/tracknet-stride-8,223,112,first,135374,135299,135450,True,135380,2,5,4,no_gt_stroke_match,,,covered,111,135041,135752,111,True,inside_associated_span,0
static_shuttleset_homography/sset_01/tracknet-stride-8,224,112,last,135576,135501,135652,True,135574,6,5,4,first_last_stroke_match,112,135576,covered,111,135041,135752,111,True,inside_associated_span,0
static_shuttleset_homography/sset_01/tracknet-stride-1,0,0,first,11496,11421,11540,False,,0,5,4,no_candidate,,,split,,,,,,no_candidate,
static_shuttleset_homography/sset_01/tracknet-stride-1,1,0,last,11582,11540,11658,True,11613,0,5,4,no_gt_stroke_match,,,split,,,,2,,no_associated_span,
static_shuttleset_homography/sset_01/tracknet-stride-1,2,1,first,11881,11806,11924,True,11894,1,5,4,no_gt_stroke_match,,,covered,3,11877,12005,3,True,inside_associated_span,0
static_shuttleset_homography/sset_01/tracknet-stride-1,3,1,last,11965,11924,12041,True,11950,2,5,4,other_gt_stroke_match,1,11952,covered,3,11877,12005,3,True,inside_associated_span,0
static_shuttleset_homography/sset_01/tracknet-stride-1,4,2,first,12298,12223,12374,True,12288,2,5,4,no_gt_stroke_match,,,covered,4,12287,12987,4,True,inside_associated_span,0
static_shuttleset_homography/sset_01/tracknet-stride-1,5,2,last,12942,12867,13018,True,12967,2,5,4,no_gt_stroke_match,,,covered,4,12287,12987,4,True,inside_associated_span,0
static_shuttleset_homography/sset_01/tracknet-stride-1,6,3,first,13434,13359,13479,True,13431,2,5,4,first_last_stroke_match,3,13434,covered,5,13429,14291,5,True,inside_associated_span,0
static_shuttleset_homography/sset_01/tracknet-stride-1,7,3,last,13523,13479,13599,True,13500,1,5,4,other_gt_stroke_match,3,13502,covered,5,13429,14291,5,True,inside_associated_span,0
static_shuttleset_homography/sset_01/tracknet-stride-1,8,4,first,13923,13848,13999,True,13917,2,5,4,no_gt_stroke_match,,,covered,5,13429,14291,5,True,inside_associated_span,0
static_shuttleset_homography/sset_01/tracknet-stride-1,9,4,last,14245,14170,14321,True,14242,4,5,4,first_last_stroke_match,4,14245,covered,5,13429,14291,5,True,inside_associated_span,0
static_shuttleset_homography/sset_01/tracknet-stride-1,10,5,first,14943,14868,14990,True,14939,0,5,4,first_last_stroke_match,5,14943,covered,6,14938,15042,6,True,inside_associated_span,0
static_shuttleset_homography/sset_01/tracknet-stride-1,11,5,last,15035,14990,15111,False,,0,5,4,no_candidate,,,covered,6,14938,15042,,,no_candidate,
static_shuttleset_homography/sset_01/tracknet-stride-1,12,6,first,15374,15299,15404,False,,0,5,4,no_candidate,,,covered,7,15365,15509,,,no_candidate,
static_shuttleset_homography/sset_01/tracknet-stride-1,13,6,last,15433,15404,15509,True,15431,2,5,4,first_last_stroke_match,6,15433,covered,7,15365,15509,7,True,inside_associated_span,0
static_shuttleset_homography/sset_01/tracknet-stride-1,14,7,first,15804,15729,15843,True,15835,0,5,4,no_gt_stroke_match,,,covered,8,15803,15934,8,True,inside_associated_span,0
static_shuttleset_homography/sset_01/tracknet-stride-1,15,7,last,15881,15843,15957,True,15875,0,5,4,no_gt_stroke_match,,,covered,8,15803,15934,8,True,inside_associated_span,0
static_shuttleset_homography/sset_01/tracknet-stride-1,16,8,first,16253,16178,16329,True,16261,2,5,4,no_gt_stroke_match,,,split,,,,9,,no_associated_span,
static_shuttleset_homography/sset_01/tracknet-stride-1,17,8,last,16799,16724,16875,True,16799,3,5,4,first_last_stroke_match,8,16799,split,,,,9,,no_associated_span,
static_shuttleset_homography/sset_01/tracknet-stride-1,18,9,first,17423,17348,17499,True,17444,2,5,4,other_gt_stroke_match,9,17447,covered,10,17422,17621,10,True,inside_associated_span,0
static_shuttleset_homography/sset_01/tracknet-stride-1,19,9,last,17596,17521,17672,True,17544,0,5,4,other_gt_stroke_match,9,17548,covered,10,17422,17621,10,True,inside_associated_span,0
static_shuttleset_homography/sset_01/tracknet-stride-1,20,10,first,17990,17915,18066,True,17998,1,5,4,other_gt_stroke_match,10,18001,covered,11,17980,19102,11,True,inside_associated_span,0
static_shuttleset_homography/sset_01/tracknet-stride-1,21,10,last,19062,18987,19138,True,19021,1,5,4,other_gt_stroke_match,10,19025,covered,11,17980,19102,11,True,inside_associated_span,0
static_shuttleset_homography/sset_01/tracknet-stride-1,22,11,first,19583,19508,19659,True,19587,2,5,4,first_last_stroke_match,11,19583,covered,12,19573,20513,12,True,inside_associated_span,0
static_shuttleset_homography/sset_01/tracknet-stride-1,23,11,last,20460,20385,20536,True,20447,2,5,4,no_gt_stroke_match,,,covered,12,19573,20513,12,True,inside_associated_span,0
static_shuttleset_homography/sset_01/tracknet-stride-1,24,12,first,21006,20931,21082,True,20992,2,5,4,no_gt_stroke_match,,,covered,13,20991,22120,13,True,inside_associated_span,0
static_shuttleset_homography/sset_01/tracknet-stride-1,25,12,last,22080,22005,22156,True,22079,3,5,4,first_last_stroke_match,12,22080,covered,13,20991,22120,13,True,inside_associated_span,0
static_shuttleset_homography/sset_01/tracknet-stride-1,26,13,first,23058,22983,23134,True,23092,1,5,4,other_gt_stroke_match,13,23095,covered,14,23055,23435,14,True,inside_associated_span,0
static_shuttleset_homography/sset_01/tracknet-stride-1,27,13,last,23412,23337,23488,True,23412,2,5,4,first_last_stroke_match,13,23412,covered,14,23055,23435,14,True,inside_associated_span,0
static_shuttleset_homography/sset_01/tracknet-stride-1,28,14,first,23852,23777,23928,True,23889,1,5,4,other_gt_stroke_match,14,23890,split,,,,16,,no_associated_span,
static_shuttleset_homography/sset_01/tracknet-stride-1,29,14,last,24312,24237,24388,True,24254,0,5,4,other_gt_stroke_match,14,24257,split,,,,16,,no_associated_span,
static_shuttleset_homography/sset_01/tracknet-stride-1,30,15,first,24978,24903,25054,True,24988,2,5,4,other_gt_stroke_match,15,24990,covered,17,24977,26096,17,True,inside_associated_span,0
static_shuttleset_homography/sset_01/tracknet-stride-1,31,15,last,26031,25956,26107,True,26029,3,5,4,first_last_stroke_match,15,26031,covered,17,24977,26096,17,True,inside_associated_span,0
static_shuttleset_homography/sset_01/tracknet-stride-1,32,16,first,27399,27324,27475,True,27412,1,5,4,other_gt_stroke_match,16,27415,covered,18,27392,27751,18,True,inside_associated_span,0
static_shuttleset_homography/sset_01/tracknet-stride-1,33,16,last,27728,27653,27804,True,27699,0,5,4,other_gt_stroke_match,16,27701,covered,18,27392,27751,18,True,inside_associated_span,0
static_shuttleset_homography/sset_01/tracknet-stride-1,34,17,first,28235,28160,28311,True,28233,1,5,4,first_last_stroke_match,17,28235,covered,19,28231,28709,19,True,inside_associated_span,0
static_shuttleset_homography/sset_01/tracknet-stride-1,35,17,last,28677,28602,28753,True,28677,2,5,4,first_last_stroke_match,17,28677,covered,19,28231,28709,19,True,inside_associated_span,0
static_shuttleset_homography/sset_01/tracknet-stride-1,36,18,first,29123,29048,29199,True,29175,0,5,4,no_gt_stroke_match,,,covered,20,29121,29327,20,True,inside_associated_span,0
static_shuttleset_homography/sset_01/tracknet-stride-1,37,18,last,29296,29221,29372,True,29295,2,5,4,first_last_stroke_match,18,29296,covered,20,29121,29327,20,True,inside_associated_span,0
static_shuttleset_homography/sset_01/tracknet-stride-1,38,19,first,31396,31321,31424,True,31418,0,5,4,other_gt_stroke_match,19,31420,covered,21,31391,31490,21,True,inside_associated_span,0
static_shuttleset_homography/sset_01/tracknet-stride-1,39,19,last,31450,31424,31526,True,31488,0,5,4,no_gt_stroke_match,,,covered,21,31391,31490,21,True,inside_associated_span,0
static_shuttleset_homography/sset_01/tracknet-stride-1,40,20,first,31753,31678,31791,True,31758,1,5,4,other_gt_stroke_match,20,31759,covered,22,31751,31890,22,True,inside_associated_span,0
static_shuttleset_homography/sset_01/tracknet-stride-1,41,20,last,31828,31791,31904,True,31827,4,5,4,first_last_stroke_match,20,31828,covered,22,31751,31890,22,True,inside_associated_span,0
static_shuttleset_homography/sset_01/tracknet-stride-1,42,21,first,32365,32290,32441,True,32389,2,5,4,other_gt_stroke_match,21,32389,covered,23,32356,32598,23,True,inside_associated_span,0
static_shuttleset_homography/sset_01/tracknet-stride-1,43,21,last,32568,32493,32644,True,32596,2,5,4,no_gt_stroke_match,,,covered,23,32356,32598,23,True,inside_associated_span,0
static_shuttleset_homography/sset_01/tracknet-stride-1,44,22,first,33026,32951,33102,True,33046,2,5,4,other_gt_stroke_match,22,33047,split,,,,25,,no_associated_span,
static_shuttleset_homography/sset_01/tracknet-stride-1,45,22,last,33176,33102,33252,True,33174,1,5,4,first_last_stroke_match,22,33176,split,,,,25,,no_associated_span,
static_shuttleset_homography/sset_01/tracknet-stride-1,46,23,first,33608,33533,33684,True,33622,2,5,4,other_gt_stroke_match,23,33622,split,,,,26,,no_associated_span,
static_shuttleset_homography/sset_01/tracknet-stride-1,47,23,last,34053,33978,34129,True,34051,2,5,4,first_last_stroke_match,23,34053,split,,,,26,,no_associated_span,
static_shuttleset_homography/sset_01/tracknet-stride-1,48,24,first,34896,34821,34972,True,34949,1,5,4,other_gt_stroke_match,24,34953,covered,27,34891,35378,27,True,inside_associated_span,0
static_shuttleset_homography/sset_01/tracknet-stride-1,49,24,last,35242,35167,35318,True,35239,5,5,4,first_last_stroke_match,24,35242,covered,27,34891,35378,27,True,inside_associated_span,0
static_shuttleset_homography/sset_01/tracknet-stride-1,50,25,first,35812,35737,35888,True,35817,2,5,4,no_gt_stroke_match,,,covered,28,35800,36107,28,True,inside_associated_span,0
static_shuttleset_homography/sset_01/tracknet-stride-1,51,25,last,36048,35973,36124,True,36041,5,5,4,no_gt_stroke_match,,,covered,28,35800,36107,28,True,inside_associated_span,0
static_shuttleset_homography/sset_01/tracknet-stride-1,52,26,first,36562,36487,36638,True,36573,2,5,4,other_gt_stroke_match,26,36577,split,,,,29,,no_associated_span,
static_shuttleset_homography/sset_01/tracknet-stride-1,53,26,last,37723,37648,37799,True,37721,3,5,4,first_last_stroke_match,26,37723,split,,,,29,,no_associated_span,
static_shuttleset_homography/sset_01/tracknet-stride-1,54,27,first,38386,38311,38449,True,38425,0,5,4,other_gt_stroke_match,27,38428,covered,30,38383,38540,30,True,inside_associated_span,0
static_shuttleset_homography/sset_01/tracknet-stride-1,55,27,last,38511,38449,38587,True,38507,2,5,4,first_last_stroke_match,27,38511,covered,30,38383,38540,30,True,inside_associated_span,0
static_shuttleset_homography/sset_01/tracknet-stride-1,56,28,first,39814,39739,39890,True,39804,2,5,4,no_gt_stroke_match,,,covered,31,39803,40203,31,True,inside_associated_span,0
static_shuttleset_homography/sset_01/tracknet-stride-1,57,28,last,40151,40076,40227,True,40150,4,5,4,first_last_stroke_match,28,40151,covered,31,39803,40203,31,True,inside_associated_span,0
static_shuttleset_homography/sset_01/tracknet-stride-1,58,29,first,40613,40538,40689,True,40609,2,5,4,first_last_stroke_match,29,40613,covered,32,40556,41248,32,True,inside_associated_span,0
static_shuttleset_homography/sset_01/tracknet-stride-1,59,29,last,41214,41139,41290,True,41213,2,5,4,first_last_stroke_match,29,41214,covered,32,40556,41248,32,True,inside_associated_span,0
static_shuttleset_homography/sset_01/tracknet-stride-1,60,30,first,41738,41663,41764,False,,0,5,4,no_candidate,,,missed,,,,,,no_candidate,
static_shuttleset_homography/sset_01/tracknet-stride-1,61,30,last,41788,41764,41864,False,,0,5,4,no_candidate,,,missed,,,,,,no_candidate,
static_shuttleset_homography/sset_01/tracknet-stride-1,62,31,first,42221,42146,42297,True,42217,2,5,4,first_last_stroke_match,31,42221,covered,33,42215,42460,33,True,inside_associated_span,0
static_shuttleset_homography/sset_01/tracknet-stride-1,63,31,last,42423,42348,42499,True,42410,1,5,4,other_gt_stroke_match,31,42412,covered,33,42215,42460,33,True,inside_associated_span,0
static_shuttleset_homography/sset_01/tracknet-stride-1,64,32,first,42797,42722,42873,True,42794,3,5,4,first_last_stroke_match,32,42797,covered,34,42611,43119,34,True,inside_associated_span,0
static_shuttleset_homography/sset_01/tracknet-stride-1,65,32,last,43079,43004,43155,True,43078,1,5,4,first_last_stroke_match,32,43079,covered,34,42611,43119,34,True,inside_associated_span,0
static_shuttleset_homography/sset_01/tracknet-stride-1,66,33,first,43701,43626,43743,True,43692,1,5,4,no_gt_stroke_match,,,covered,35,43691,43831,35,True,inside_associated_span,0
static_shuttleset_homography/sset_01/tracknet-stride-1,67,33,last,43783,43743,43859,True,43781,1,5,4,first_last_stroke_match,33,43783,covered,35,43691,43831,35,True,inside_associated_span,0
static_shuttleset_homography/sset_01/tracknet-stride-1,68,34,first,44111,44036,44125,True,44109,0,5,4,first_last_stroke_match,34,44111,covered,36,44108,44249,36,True,inside_associated_span,0
static_shuttleset_homography/sset_01/tracknet-stride-1,69,34,last,44137,44125,44213,True,44135,1,5,4,first_last_stroke_match,34,44137,covered,36,44108,44249,36,True,inside_associated_span,0
static_shuttleset_homography/sset_01/tracknet-stride-1,70,35,first,44411,44336,44487,True,44409,2,5,4,first_last_stroke_match,35,44411,covered,37,44396,44800,37,True,inside_associated_span,0
static_shuttleset_homography/sset_01/tracknet-stride-1,71,35,last,44774,44699,44850,True,44773,1,5,4,first_last_stroke_match,35,44774,covered,37,44396,44800,37,True,inside_associated_span,0
static_shuttleset_homography/sset_01/tracknet-stride-1,72,36,first,48521,48446,48555,True,48527,4,5,4,other_gt_stroke_match,36,48529,covered,39,48455,48634,39,True,inside_associated_span,0
static_shuttleset_homography/sset_01/tracknet-stride-1,73,36,last,48587,48555,48663,True,48583,0,5,4,first_last_stroke_match,36,48587,covered,39,48455,48634,39,True,inside_associated_span,0
static_shuttleset_homography/sset_01/tracknet-stride-1,74,37,first,48966,48891,49025,True,49007,0,5,4,no_gt_stroke_match,,,split,,,,40,,no_associated_span,
static_shuttleset_homography/sset_01/tracknet-stride-1,75,37,last,49083,49025,49159,True,49108,1,5,4,no_gt_stroke_match,,,split,,,,40,,no_associated_span,
static_shuttleset_homography/sset_01/tracknet-stride-1,76,38,first,49590,49515,49634,True,49585,1,5,4,no_gt_stroke_match,,,covered,41,49580,49718,41,True,inside_associated_span,0
static_shuttleset_homography/sset_01/tracknet-stride-1,77,38,last,49676,49634,49752,True,49674,3,5,4,first_last_stroke_match,38,49676,covered,41,49580,49718,41,True,inside_associated_span,0
static_shuttleset_homography/sset_01/tracknet-stride-1,78,39,first,50030,49955,50039,False,,0,5,4,no_candidate,,,covered,42,50021,50117,,,no_candidate,
static_shuttleset_homography/sset_01/tracknet-stride-1,79,39,last,50046,50039,50122,True,50071,1,5,4,no_gt_stroke_match,,,covered,42,50021,50117,42,True,inside_associated_span,0
static_shuttleset_homography/sset_01/tracknet-stride-1,80,40,first,50322,50247,50343,True,50321,1,5,4,first_last_stroke_match,40,50322,covered,43,50317,50390,43,True,inside_associated_span,0
static_shuttleset_homography/sset_01/tracknet-stride-1,81,40,last,50362,50343,50438,True,50388,0,5,4,no_gt_stroke_match,,,covered,43,50317,50390,43,True,inside_associated_span,0
static_shuttleset_homography/sset_01/tracknet-stride-1,82,41,first,50752,50677,50818,True,50785,1,5,4,other_gt_stroke_match,41,50786,split,,,,44,,no_associated_span,
static_shuttleset_homography/sset_01/tracknet-stride-1,83,41,last,50883,50818,50959,True,50881,2,5,4,first_last_stroke_match,41,50883,split,,,,44,,no_associated_span,
static_shuttleset_homography/sset_01/tracknet-stride-1,84,42,first,51285,51210,51361,True,51297,3,5,4,other_gt_stroke_match,42,51298,covered,45,51248,51719,45,True,inside_associated_span,0
static_shuttleset_homography/sset_01/tracknet-stride-1,85,42,last,51690,51615,51766,True,51650,1,5,4,other_gt_stroke_match,42,51652,covered,45,51248,51719,45,True,inside_associated_span,0
static_shuttleset_homography/sset_01/tracknet-stride-1,86,43,first,52449,52374,52525,True,52462,0,5,4,no_gt_stroke_match,,,missed,,,,46,,no_associated_span,
static_shuttleset_homography/sset_01/tracknet-stride-1,87,44,first,52842,52767,52918,True,52830,1,5,4,no_gt_stroke_match,,,covered,47,52829,53701,47,True,inside_associated_span,0
static_shuttleset_homography/sset_01/tracknet-stride-1,88,44,last,53674,53599,53750,True,53644,0,5,4,other_gt_stroke_match,44,53648,covered,47,52829,53701,47,True,inside_associated_span,0
static_shuttleset_homography/sset_01/tracknet-stride-1,89,45,first,55100,55025,55176,True,55091,2,5,4,no_gt_stroke_match,,,covered,48,55065,55428,48,True,inside_associated_span,0
static_shuttleset_homography/sset_01/tracknet-stride-1,90,45,last,55391,55316,55467,True,55387,1,5,4,first_last_stroke_match,45,55391,covered,48,55065,55428,48,True,inside_associated_span,0
static_shuttleset_homography/sset_01/tracknet-stride-1,91,46,first,55912,55837,55988,True,55915,2,5,4,first_last_stroke_match,46,55912,split,,,,50,,no_associated_span,
static_shuttleset_homography/sset_01/tracknet-stride-1,92,46,last,56351,56276,56427,True,56348,2,5,4,first_last_stroke_match,46,56351,split,,,,50,,no_associated_span,
static_shuttleset_homography/sset_01/tracknet-stride-1,93,47,first,56790,56715,56866,True,56785,2,5,4,no_gt_stroke_match,,,covered,51,56784,57200,51,True,inside_associated_span,0
static_shuttleset_homography/sset_01/tracknet-stride-1,94,47,last,57155,57080,57231,True,57150,3,5,4,no_gt_stroke_match,,,covered,51,56784,57200,51,True,inside_associated_span,0
static_shuttleset_homography/sset_01/tracknet-stride-1,95,48,first,57990,57915,58049,True,57982,2,5,4,no_gt_stroke_match,,,covered,52,57981,58136,52,True,inside_associated_span,0
static_shuttleset_homography/sset_01/tracknet-stride-1,96,48,last,58107,58049,58183,True,58132,1,5,4,no_gt_stroke_match,,,covered,52,57981,58136,52,True,inside_associated_span,0
static_shuttleset_homography/sset_01/tracknet-stride-1,97,49,first,58820,58745,58896,True,58830,4,5,4,other_gt_stroke_match,49,58831,covered,53,58783,59006,53,True,inside_associated_span,0
static_shuttleset_homography/sset_01/tracknet-stride-1,98,49,last,58976,58901,59052,True,58974,2,5,4,first_last_stroke_match,49,58976,covered,53,58783,59006,53,True,inside_associated_span,0
static_shuttleset_homography/sset_01/tracknet-stride-1,99,50,first,59395,59320,59471,True,59377,1,5,4,no_gt_stroke_match,,,covered,54,59266,59642,54,True,inside_associated_span,0
static_shuttleset_homography/sset_01/tracknet-stride-1,100,50,last,59565,59490,59641,True,59563,4,5,4,first_last_stroke_match,50,59565,covered,54,59266,59642,54,True,inside_associated_span,0
static_shuttleset_homography/sset_01/tracknet-stride-1,101,51,first,59963,59888,60039,True,59959,3,5,4,first_last_stroke_match,51,59963,covered,55,59958,60263,55,True,inside_associated_span,0
static_shuttleset_homography/sset_01/tracknet-stride-1,102,51,last,60235,60160,60311,True,60199,1,5,4,other_gt_stroke_match,51,60200,covered,55,59958,60263,55,True,inside_associated_span,0
static_shuttleset_homography/sset_01/tracknet-stride-1,103,52,first,60652,60577,60728,False,,0,5,4,no_candidate,,,missed,,,,,,no_candidate,
static_shuttleset_homography/sset_01/tracknet-stride-1,104,52,last,60803,60728,60879,False,,0,5,4,no_candidate,,,missed,,,,,,no_candidate,
static_shuttleset_homography/sset_01/tracknet-stride-1,105,53,first,62748,62673,62824,True,62788,1,5,4,other_gt_stroke_match,53,62790,covered,56,62740,63072,56,True,inside_associated_span,0
static_shuttleset_homography/sset_01/tracknet-stride-1,106,53,last,63027,62952,63103,True,63025,0,5,4,first_last_stroke_match,53,63027,covered,56,62740,63072,56,True,inside_associated_span,0
static_shuttleset_homography/sset_01/tracknet-stride-1,107,54,first,63753,63678,63829,True,63769,1,5,4,other_gt_stroke_match,54,63770,covered,57,63740,64248,57,True,inside_associated_span,0
static_shuttleset_homography/sset_01/tracknet-stride-1,108,54,last,64221,64146,64297,True,64173,0,5,4,other_gt_stroke_match,54,64174,covered,57,63740,64248,57,True,inside_associated_span,0
static_shuttleset_homography/sset_01/tracknet-stride-1,109,55,first,64711,64636,64736,True,64706,3,5,4,no_gt_stroke_match,,,covered,58,64495,64834,58,True,inside_associated_span,0
static_shuttleset_homography/sset_01/tracknet-stride-1,110,55,last,64759,64736,64835,True,64759,1,5,4,first_last_stroke_match,55,64759,covered,58,64495,64834,58,True,inside_associated_span,0
static_shuttleset_homography/sset_01/tracknet-stride-1,111,56,first,65242,65167,65318,True,65254,3,5,4,other_gt_stroke_match,56,65256,covered,61,65228,65475,61,True,inside_associated_span,0
static_shuttleset_homography/sset_01/tracknet-stride-1,112,56,last,65464,65389,65540,True,65453,2,5,4,other_gt_stroke_match,56,65456,covered,61,65228,65475,61,True,inside_associated_span,0
static_shuttleset_homography/sset_01/tracknet-stride-1,113,57,first,66019,65944,66095,True,66008,6,5,4,no_gt_stroke_match,,,covered,62,65969,66266,62,True,inside_associated_span,0
static_shuttleset_homography/sset_01/tracknet-stride-1,114,57,last,66256,66181,66332,True,66243,1,5,4,no_gt_stroke_match,,,covered,62,65969,66266,62,True,inside_associated_span,0
static_shuttleset_homography/sset_01/tracknet-stride-1,115,58,first,66724,66649,66800,True,66757,1,5,4,other_gt_stroke_match,58,66758,split,,,,63,,no_associated_span,
static_shuttleset_homography/sset_01/tracknet-stride-1,116,58,last,66917,66842,66993,True,66876,1,5,4,other_gt_stroke_match,58,66880,split,,,,63,,no_associated_span,
static_shuttleset_homography/sset_01/tracknet-stride-1,117,59,first,67619,67544,67695,True,67650,0,5,4,other_gt_stroke_match,59,67654,covered,64,67619,68723,64,True,inside_associated_span,0
static_shuttleset_homography/sset_01/tracknet-stride-1,118,59,last,68667,68592,68743,True,68639,2,5,4,other_gt_stroke_match,59,68638,covered,64,67619,68723,64,True,inside_associated_span,0
static_shuttleset_homography/sset_01/tracknet-stride-1,119,60,first,70177,70102,70253,True,70219,1,5,4,no_gt_stroke_match,,,split,,,,65,,no_associated_span,
static_shuttleset_homography/sset_01/tracknet-stride-1,120,60,last,70951,70876,71027,True,70966,3,5,4,no_gt_stroke_match,,,split,,,,65,,no_associated_span,
static_shuttleset_homography/sset_01/tracknet-stride-1,121,61,first,71547,71472,71599,True,71540,1,5,4,no_gt_stroke_match,,,covered,66,71536,71719,66,True,inside_associated_span,0
static_shuttleset_homography/sset_01/tracknet-stride-1,122,61,last,71649,71599,71725,True,71648,2,5,4,first_last_stroke_match,61,71649,covered,66,71536,71719,66,True,inside_associated_span,0
static_shuttleset_homography/sset_01/tracknet-stride-1,123,62,first,72066,71991,72137,True,72062,2,5,4,first_last_stroke_match,62,72066,covered,67,72056,72274,67,True,inside_associated_span,0
static_shuttleset_homography/sset_01/tracknet-stride-1,124,62,last,72206,72137,72282,True,72206,2,5,4,first_last_stroke_match,62,72206,covered,67,72056,72274,67,True,inside_associated_span,0
static_shuttleset_homography/sset_01/tracknet-stride-1,125,63,first,72885,72810,72961,True,72871,5,5,4,no_gt_stroke_match,,,covered,68,72840,73896,68,True,inside_associated_span,0
static_shuttleset_homography/sset_01/tracknet-stride-1,126,63,last,73832,73757,73908,True,73823,2,5,4,no_gt_stroke_match,,,covered,68,72840,73896,68,True,inside_associated_span,0
static_shuttleset_homography/sset_01/tracknet-stride-1,127,64,first,74519,74444,74560,True,74506,1,5,4,no_gt_stroke_match,,,covered,69,74505,74663,69,True,inside_associated_span,0
static_shuttleset_homography/sset_01/tracknet-stride-1,128,64,last,74599,74560,74675,True,74596,3,5,4,first_last_stroke_match,64,74599,covered,69,74505,74663,69,True,inside_associated_span,0
static_shuttleset_homography/sset_01/tracknet-stride-1,129,65,first,75057,74982,75133,True,75057,2,5,4,first_last_stroke_match,65,75057,covered,70,75051,75619,70,True,inside_associated_span,0
static_shuttleset_homography/sset_01/tracknet-stride-1,130,65,last,75587,75512,75663,True,75583,1,5,4,first_last_stroke_match,65,75587,covered,70,75051,75619,70,True,inside_associated_span,0
static_shuttleset_homography/sset_01/tracknet-stride-1,131,66,first,76925,76850,77001,True,76918,3,5,4,no_gt_stroke_match,,,covered,71,76916,77099,71,True,inside_associated_span,0
static_shuttleset_homography/sset_01/tracknet-stride-1,132,66,last,77075,77001,77151,True,77088,2,5,4,no_gt_stroke_match,,,covered,71,76916,77099,71,True,inside_associated_span,0
static_shuttleset_homography/sset_01/tracknet-stride-1,133,67,first,77788,77713,77832,True,77780,4,5,4,no_gt_stroke_match,,,covered,73,77745,77934,73,True,inside_associated_span,0
static_shuttleset_homography/sset_01/tracknet-stride-1,134,67,last,77874,77832,77950,True,77909,1,5,4,no_gt_stroke_match,,,covered,73,77745,77934,73,True,inside_associated_span,0
static_shuttleset_homography/sset_01/tracknet-stride-1,135,68,first,78226,78151,78302,True,78276,1,5,4,other_gt_stroke_match,68,78277,covered,74,78221,78743,74,True,inside_associated_span,0
static_shuttleset_homography/sset_01/tracknet-stride-1,136,68,last,78703,78628,78779,True,78652,0,5,4,other_gt_stroke_match,68,78654,covered,74,78221,78743,74,True,inside_associated_span,0
static_shuttleset_homography/sset_01/tracknet-stride-1,137,69,first,79832,79757,79908,True,79848,1,5,4,other_gt_stroke_match,69,79847,covered,75,79828,80587,75,True,inside_associated_span,0
static_shuttleset_homography/sset_01/tracknet-stride-1,138,69,last,80536,80461,80612,True,80535,3,5,4,first_last_stroke_match,69,80536,covered,75,79828,80587,75,True,inside_associated_span,0
static_shuttleset_homography/sset_01/tracknet-stride-1,139,70,first,82419,82344,82455,True,82432,3,5,4,other_gt_stroke_match,70,82436,covered,76,82374,82522,76,True,inside_associated_span,0
static_shuttleset_homography/sset_01/tracknet-stride-1,140,70,last,82490,82455,82566,True,82488,2,5,4,first_last_stroke_match,70,82490,covered,76,82374,82522,76,True,inside_associated_span,0
static_shuttleset_homography/sset_01/tracknet-stride-1,141,71,first,83857,83782,83933,True,83846,2,5,4,no_gt_stroke_match,,,covered,77,83845,84693,77,True,inside_associated_span,0
static_shuttleset_homography/sset_01/tracknet-stride-1,142,71,last,84660,84585,84736,True,84658,2,5,4,first_last_stroke_match,71,84660,covered,77,83845,84693,77,True,inside_associated_span,0
static_shuttleset_homography/sset_01/tracknet-stride-1,143,72,first,85859,85784,85935,True,85862,3,5,4,first_last_stroke_match,72,85859,split,,,,78,,no_associated_span,
static_shuttleset_homography/sset_01/tracknet-stride-1,144,72,last,86167,86092,86243,True,86171,3,5,4,first_last_stroke_match,72,86167,split,,,,78,,no_associated_span,
static_shuttleset_homography/sset_01/tracknet-stride-1,145,73,first,87211,87136,87287,True,87239,2,5,4,other_gt_stroke_match,73,87242,covered,79,87203,87539,79,True,inside_associated_span,0
static_shuttleset_homography/sset_01/tracknet-stride-1,146,73,last,87507,87432,87583,True,87490,2,5,4,other_gt_stroke_match,73,87493,covered,79,87203,87539,79,True,inside_associated_span,0
static_shuttleset_homography/sset_01/tracknet-stride-1,147,74,first,91191,91116,91231,True,91203,0,5,4,other_gt_stroke_match,74,91205,covered,80,91176,91280,80,True,inside_associated_span,0
static_shuttleset_homography/sset_01/tracknet-stride-1,148,74,last,91270,91231,91346,False,,0,5,4,no_candidate,,,covered,80,91176,91280,,,no_candidate,
static_shuttleset_homography/sset_01/tracknet-stride-1,149,75,first,91658,91583,91734,True,91668,1,5,4,other_gt_stroke_match,75,91669,covered,81,91655,92012,81,True,inside_associated_span,0
static_shuttleset_homography/sset_01/tracknet-stride-1,150,75,last,91960,91885,92036,True,91957,3,5,4,first_last_stroke_match,75,91960,covered,81,91655,92012,81,True,inside_associated_span,0
static_shuttleset_homography/sset_01/tracknet-stride-1,151,76,first,92752,92677,92828,True,92743,1,5,4,no_gt_stroke_match,,,covered,82,92742,93148,82,True,inside_associated_span,0
static_shuttleset_homography/sset_01/tracknet-stride-1,152,76,last,93083,93008,93159,True,93081,3,5,4,first_last_stroke_match,76,93083,covered,82,92742,93148,82,True,inside_associated_span,0
static_shuttleset_homography/sset_01/tracknet-stride-1,153,77,first,93607,93532,93683,True,93598,3,5,4,no_gt_stroke_match,,,covered,83,93597,93923,83,True,inside_associated_span,0
static_shuttleset_homography/sset_01/tracknet-stride-1,154,77,last,93887,93812,93963,True,93918,1,5,4,no_gt_stroke_match,,,covered,83,93597,93923,83,True,inside_associated_span,0
static_shuttleset_homography/sset_01/tracknet-stride-1,155,78,first,94855,94780,94931,True,94870,0,5,4,other_gt_stroke_match,78,94870,split,,,,84,,no_associated_span,
static_shuttleset_homography/sset_01/tracknet-stride-1,156,78,last,95062,94987,95138,True,95078,2,5,4,no_gt_stroke_match,,,split,,,,84,,no_associated_span,
static_shuttleset_homography/sset_01/tracknet-stride-1,157,79,first,95807,95732,95883,True,95821,2,5,4,other_gt_stroke_match,79,95822,covered,85,95797,96606,85,True,inside_associated_span,0
static_shuttleset_homography/sset_01/tracknet-stride-1,158,79,last,96574,96499,96650,True,96570,2,5,4,first_last_stroke_match,79,96574,covered,85,95797,96606,85,True,inside_associated_span,0
static_shuttleset_homography/sset_01/tracknet-stride-1,159,80,first,97194,97119,97270,True,97177,2,5,4,no_gt_stroke_match,,,covered,87,97081,97580,87,True,inside_associated_span,0
static_shuttleset_homography/sset_01/tracknet-stride-1,160,80,last,97530,97455,97606,True,97555,1,5,4,no_gt_stroke_match,,,covered,87,97081,97580,87,True,inside_associated_span,0
static_shuttleset_homography/sset_01/tracknet-stride-1,161,81,first,98066,97991,98142,True,98091,1,5,4,other_gt_stroke_match,81,98093,covered,88,98061,98435,88,True,inside_associated_span,0
static_shuttleset_homography/sset_01/tracknet-stride-1,162,81,last,98394,98319,98470,True,98394,2,5,4,first_last_stroke_match,81,98394,covered,88,98061,98435,88,True,inside_associated_span,0
static_shuttleset_homography/sset_01/tracknet-stride-1,163,82,first,99927,99852,100003,True,99938,2,5,4,other_gt_stroke_match,82,99942,covered,89,99920,100322,89,True,inside_associated_span,0
static_shuttleset_homography/sset_01/tracknet-stride-1,164,82,last,100321,100246,100397,True,100301,1,5,4,other_gt_stroke_match,82,100301,covered,89,99920,100322,89,True,inside_associated_span,0
static_shuttleset_homography/sset_01/tracknet-stride-1,165,83,first,101556,101481,101632,True,101555,2,5,4,first_last_stroke_match,83,101556,covered,90,101554,102121,90,True,inside_associated_span,0
static_shuttleset_homography/sset_01/tracknet-stride-1,166,83,last,102070,101995,102146,True,102089,4,5,4,no_gt_stroke_match,,,covered,90,101554,102121,90,True,inside_associated_span,0
static_shuttleset_homography/sset_01/tracknet-stride-1,167,84,first,103066,102991,103142,True,103084,0,5,4,other_gt_stroke_match,84,103087,covered,91,103061,103418,91,True,inside_associated_span,0
static_shuttleset_homography/sset_01/tracknet-stride-1,168,84,last,103366,103291,103442,True,103365,3,5,4,first_last_stroke_match,84,103366,covered,91,103061,103418,91,True,inside_associated_span,0
static_shuttleset_homography/sset_01/tracknet-stride-1,169,85,first,103933,103858,103992,True,103949,1,5,4,other_gt_stroke_match,85,103951,covered,92,103928,104090,92,True,inside_associated_span,0
static_shuttleset_homography/sset_01/tracknet-stride-1,170,85,last,104050,103992,104126,True,104047,2,5,4,first_last_stroke_match,85,104050,covered,92,103928,104090,92,True,inside_associated_span,0
static_shuttleset_homography/sset_01/tracknet-stride-1,171,86,first,104518,104443,104562,True,104540,0,5,4,other_gt_stroke_match,86,104543,covered,93,104516,104686,93,True,inside_associated_span,0
static_shuttleset_homography/sset_01/tracknet-stride-1,172,86,last,104605,104562,104681,True,104606,1,5,4,first_last_stroke_match,86,104605,covered,93,104516,104686,93,True,inside_associated_span,0
static_shuttleset_homography/sset_01/tracknet-stride-1,173,87,first,105331,105256,105407,True,105321,2,5,4,no_gt_stroke_match,,,covered,94,105320,105642,94,True,inside_associated_span,0
static_shuttleset_homography/sset_01/tracknet-stride-1,174,87,last,105594,105519,105670,True,105614,1,5,4,no_gt_stroke_match,,,covered,94,105320,105642,94,True,inside_associated_span,0
static_shuttleset_homography/sset_01/tracknet-stride-1,175,88,first,106526,106451,106538,True,106525,0,5,4,first_last_stroke_match,88,106526,covered,95,106524,106596,95,True,inside_associated_span,0
static_shuttleset_homography/sset_01/tracknet-stride-1,176,88,last,106548,106538,106624,True,106545,0,5,4,first_last_stroke_match,88,106548,covered,95,106524,106596,95,True,inside_associated_span,0
static_shuttleset_homography/sset_01/tracknet-stride-1,177,89,first,106902,106827,106978,True,106898,3,5,4,first_last_stroke_match,89,106902,covered,96,106732,107166,96,True,inside_associated_span,0
static_shuttleset_homography/sset_01/tracknet-stride-1,178,89,last,107158,107083,107234,True,107153,2,5,4,no_gt_stroke_match,,,covered,96,106732,107166,96,True,inside_associated_span,0
static_shuttleset_homography/sset_01/tracknet-stride-1,179,90,first,107587,107512,107663,True,107584,1,5,4,first_last_stroke_match,90,107587,covered,97,107583,107939,97,True,inside_associated_span,0
static_shuttleset_homography/sset_01/tracknet-stride-1,180,90,last,107852,107777,107928,True,107849,4,5,4,first_last_stroke_match,90,107852,covered,97,107583,107939,97,True,inside_associated_span,0
static_shuttleset_homography/sset_01/tracknet-stride-1,181,91,first,108317,108242,108328,True,108308,0,5,4,no_gt_stroke_match,,,covered,98,108307,108374,98,True,inside_associated_span,0
static_shuttleset_homography/sset_01/tracknet-stride-1,182,91,last,108337,108328,108413,False,,0,5,4,no_candidate,,,covered,98,108307,108374,,,no_candidate,
static_shuttleset_homography/sset_01/tracknet-stride-1,183,92,first,108888,108813,108964,True,108896,2,5,4,no_gt_stroke_match,,,split,,,,99,,no_associated_span,
static_shuttleset_homography/sset_01/tracknet-stride-1,184,92,last,109792,109717,109868,True,109749,0,5,4,other_gt_stroke_match,92,109752,split,,,,99,,no_associated_span,
static_shuttleset_homography/sset_01/tracknet-stride-1,185,93,first,110483,110408,110559,True,110504,1,5,4,other_gt_stroke_match,93,110506,covered,100,110478,110822,100,True,inside_associated_span,0
static_shuttleset_homography/sset_01/tracknet-stride-1,186,93,last,110790,110715,110866,True,110794,2,5,4,first_last_stroke_match,93,110790,covered,100,110478,110822,100,True,inside_associated_span,0
static_shuttleset_homography/sset_01/tracknet-stride-1,187,94,first,113075,113000,113151,True,113085,2,5,4,other_gt_stroke_match,94,113089,covered,102,113061,113427,102,True,inside_associated_span,0
static_shuttleset_homography/sset_01/tracknet-stride-1,188,94,last,113397,113322,113473,True,113383,3,5,4,other_gt_stroke_match,94,113384,covered,102,113061,113427,102,True,inside_associated_span,0
static_shuttleset_homography/sset_01/tracknet-stride-1,189,95,first,113940,113865,114016,True,113957,3,5,4,other_gt_stroke_match,95,113958,covered,103,113906,114446,103,True,inside_associated_span,0
static_shuttleset_homography/sset_01/tracknet-stride-1,190,95,last,114408,114333,114484,True,114401,2,5,4,no_gt_stroke_match,,,covered,103,113906,114446,103,True,inside_associated_span,0
static_shuttleset_homography/sset_01/tracknet-stride-1,191,96,first,114993,114918,115069,True,114980,3,5,4,no_gt_stroke_match,,,covered,104,114979,115543,104,True,inside_associated_span,0
static_shuttleset_homography/sset_01/tracknet-stride-1,192,96,last,115491,115416,115567,True,115459,1,5,4,other_gt_stroke_match,96,115462,covered,104,114979,115543,104,True,inside_associated_span,0
static_shuttleset_homography/sset_01/tracknet-stride-1,193,97,first,116220,116145,116262,True,116238,0,5,4,no_gt_stroke_match,,,split,,,,105,,no_associated_span,
static_shuttleset_homography/sset_01/tracknet-stride-1,194,97,last,116302,116262,116378,True,116300,3,5,4,first_last_stroke_match,97,116302,split,,,,105,,no_associated_span,
static_shuttleset_homography/sset_01/tracknet-stride-1,195,98,first,116775,116700,116851,True,116768,3,5,4,no_gt_stroke_match,,,split,,,,106,,no_associated_span,
static_shuttleset_homography/sset_01/tracknet-stride-1,196,98,last,117327,117252,117403,True,117307,0,5,4,other_gt_stroke_match,98,117308,split,,,,106,,no_associated_span,
static_shuttleset_homography/sset_01/tracknet-stride-1,197,99,first,118904,118829,118980,True,118896,4,5,4,no_gt_stroke_match,,,covered,107,118871,120020,107,True,inside_associated_span,0
static_shuttleset_homography/sset_01/tracknet-stride-1,198,99,last,119953,119878,120029,True,119954,3,5,4,first_last_stroke_match,99,119953,covered,107,118871,120020,107,True,inside_associated_span,0
static_shuttleset_homography/sset_01/tracknet-stride-1,199,100,first,121539,121464,121615,True,121565,0,5,4,other_gt_stroke_match,100,121566,split,,,,108,,no_associated_span,
static_shuttleset_homography/sset_01/tracknet-stride-1,200,100,last,121742,121667,121818,True,121739,3,5,4,first_last_stroke_match,100,121742,split,,,,108,,no_associated_span,
static_shuttleset_homography/sset_01/tracknet-stride-1,201,101,first,122326,122251,122394,True,122338,2,5,4,other_gt_stroke_match,101,122339,covered,109,122310,122474,109,True,inside_associated_span,0
static_shuttleset_homography/sset_01/tracknet-stride-1,202,101,last,122461,122394,122537,True,122419,0,5,4,other_gt_stroke_match,101,122422,covered,109,122310,122474,109,True,inside_associated_span,0
static_shuttleset_homography/sset_01/tracknet-stride-1,203,102,first,122926,122851,123002,True,122925,2,5,4,first_last_stroke_match,102,122926,covered,110,122918,123165,110,True,inside_associated_span,0
static_shuttleset_homography/sset_01/tracknet-stride-1,204,102,last,123137,123062,123213,True,123137,2,5,4,first_last_stroke_match,102,123137,covered,110,122918,123165,110,True,inside_associated_span,0
static_shuttleset_homography/sset_01/tracknet-stride-1,205,103,first,124755,124680,124831,True,124755,2,5,4,first_last_stroke_match,103,124755,covered,111,124754,125209,111,True,inside_associated_span,0
static_shuttleset_homography/sset_01/tracknet-stride-1,206,103,last,125197,125122,125273,True,125170,1,5,4,other_gt_stroke_match,103,125173,covered,111,124754,125209,111,True,inside_associated_span,0
static_shuttleset_homography/sset_01/tracknet-stride-1,207,104,first,125913,125838,125989,True,125913,3,5,4,first_last_stroke_match,104,125913,covered,112,125908,126923,112,True,inside_associated_span,0
static_shuttleset_homography/sset_01/tracknet-stride-1,208,104,last,126816,126741,126892,True,126812,3,5,4,first_last_stroke_match,104,126816,covered,112,125908,126923,112,True,inside_associated_span,0
static_shuttleset_homography/sset_01/tracknet-stride-1,209,105,first,127853,127778,127929,True,127863,2,5,4,no_gt_stroke_match,,,covered,113,127776,128177,113,True,inside_associated_span,0
static_shuttleset_homography/sset_01/tracknet-stride-1,210,105,last,128083,128008,128159,True,128110,2,5,4,no_gt_stroke_match,,,covered,113,127776,128177,113,True,inside_associated_span,0
static_shuttleset_homography/sset_01/tracknet-stride-1,211,106,first,128771,128696,128841,True,128772,3,5,4,first_last_stroke_match,106,128771,covered,114,128767,128959,114,True,inside_associated_span,0
static_shuttleset_homography/sset_01/tracknet-stride-1,212,106,last,128910,128841,128986,True,128909,4,5,4,first_last_stroke_match,106,128910,covered,114,128767,128959,114,True,inside_associated_span,0
static_shuttleset_homography/sset_01/tracknet-stride-1,213,107,first,129575,129500,129630,True,129563,3,5,4,no_gt_stroke_match,,,covered,115,129562,129702,115,True,inside_associated_span,0
static_shuttleset_homography/sset_01/tracknet-stride-1,214,107,last,129683,129630,129759,True,129667,1,5,4,no_gt_stroke_match,,,covered,115,129562,129702,115,True,inside_associated_span,0
static_shuttleset_homography/sset_01/tracknet-stride-1,215,108,first,131247,131172,131323,True,131245,3,5,4,first_last_stroke_match,108,131247,covered,116,131240,131793,116,True,inside_associated_span,0
static_shuttleset_homography/sset_01/tracknet-stride-1,216,108,last,131758,131683,131834,True,131734,0,5,4,other_gt_stroke_match,108,131737,covered,116,131240,131793,116,True,inside_associated_span,0
static_shuttleset_homography/sset_01/tracknet-stride-1,217,109,first,132577,132502,132584,True,132540,2,5,4,no_gt_stroke_match,,,covered,117,132510,132653,117,True,inside_associated_span,0
static_shuttleset_homography/sset_01/tracknet-stride-1,218,109,last,132590,132584,132666,True,132587,1,5,4,first_last_stroke_match,109,132590,covered,117,132510,132653,117,True,inside_associated_span,0
static_shuttleset_homography/sset_01/tracknet-stride-1,219,110,first,133265,133190,133312,True,133275,2,5,4,other_gt_stroke_match,110,133276,covered,118,133251,133402,118,True,inside_associated_span,0
static_shuttleset_homography/sset_01/tracknet-stride-1,220,110,last,133358,133312,133434,True,133367,1,5,4,no_gt_stroke_match,,,covered,118,133251,133402,118,True,inside_associated_span,0
static_shuttleset_homography/sset_01/tracknet-stride-1,221,111,first,134201,134126,134277,True,134193,5,5,4,no_gt_stroke_match,,,covered,119,134025,134584,119,True,inside_associated_span,0
static_shuttleset_homography/sset_01/tracknet-stride-1,222,111,last,134498,134423,134574,True,134483,3,5,4,no_gt_stroke_match,,,covered,119,134025,134584,119,True,inside_associated_span,0
static_shuttleset_homography/sset_01/tracknet-stride-1,223,112,first,135374,135299,135450,True,135386,2,5,4,no_gt_stroke_match,,,split,,,,120,,no_associated_span,
static_shuttleset_homography/sset_01/tracknet-stride-1,224,112,last,135576,135501,135652,True,135574,5,5,4,first_last_stroke_match,112,135576,split,,,,120,,no_associated_span,
static_shuttleset_homography/sset_15/tracknet-stride-8,0,0,first,23661,23586,23737,True,23665,3,5,4,first_last_stroke_match,0,23661,covered,2,23422,23922,2,True,inside_associated_span,0
static_shuttleset_homography/sset_15/tracknet-stride-8,1,0,last,23870,23795,23946,True,23870,3,5,4,first_last_stroke_match,0,23870,covered,2,23422,23922,2,True,inside_associated_span,0
static_shuttleset_homography/sset_15/tracknet-stride-8,2,1,first,24371,24296,24447,True,24369,3,5,4,first_last_stroke_match,1,24371,covered,3,24365,24709,3,True,inside_associated_span,0
static_shuttleset_homography/sset_15/tracknet-stride-8,3,1,last,24645,24570,24721,True,24643,3,5,4,first_last_stroke_match,1,24645,covered,3,24365,24709,3,True,inside_associated_span,0
static_shuttleset_homography/sset_15/tracknet-stride-8,4,2,first,25115,25040,25164,True,25134,1,5,4,other_gt_stroke_match,2,25132,covered,4,25111,25242,4,True,inside_associated_span,0
static_shuttleset_homography/sset_15/tracknet-stride-8,5,2,last,25211,25164,25287,True,25217,2,5,4,no_gt_stroke_match,,,covered,4,25111,25242,4,True,inside_associated_span,0
static_shuttleset_homography/sset_15/tracknet-stride-8,6,3,first,25829,25754,25837,True,25826,0,5,4,first_last_stroke_match,3,25829,covered,6,25824,25925,6,True,inside_associated_span,0
static_shuttleset_homography/sset_15/tracknet-stride-8,7,3,last,25844,25837,25920,True,25839,2,5,4,no_gt_stroke_match,,,covered,6,25824,25925,6,True,inside_associated_span,0
static_shuttleset_homography/sset_15/tracknet-stride-8,8,4,first,26199,26124,26275,True,26225,2,5,4,no_gt_stroke_match,,,missed,,,,7,,no_associated_span,
static_shuttleset_homography/sset_15/tracknet-stride-8,9,5,first,27574,27499,27583,True,27569,0,5,4,no_gt_stroke_match,,,covered,8,27511,27663,8,True,inside_associated_span,0
static_shuttleset_homography/sset_15/tracknet-stride-8,10,5,last,27590,27583,27666,True,27587,2,5,4,first_last_stroke_match,5,27590,covered,8,27511,27663,8,True,inside_associated_span,0
static_shuttleset_homography/sset_15/tracknet-stride-8,11,6,first,28053,27978,28129,True,28049,3,5,4,first_last_stroke_match,6,28053,covered,9,28003,28505,9,True,inside_associated_span,0
static_shuttleset_homography/sset_15/tracknet-stride-8,12,6,last,28421,28346,28497,True,28405,3,5,4,other_gt_stroke_match,6,28407,covered,9,28003,28505,9,True,inside_associated_span,0
static_shuttleset_homography/sset_15/tracknet-stride-8,13,7,first,29126,29051,29168,True,29121,2,5,4,no_gt_stroke_match,,,covered,11,29117,29262,11,True,inside_associated_span,0
static_shuttleset_homography/sset_15/tracknet-stride-8,14,7,last,29208,29168,29284,True,29223,2,5,4,no_gt_stroke_match,,,covered,11,29117,29262,11,True,inside_associated_span,0
static_shuttleset_homography/sset_15/tracknet-stride-8,15,8,first,29767,29692,29843,True,29761,2,5,4,no_gt_stroke_match,,,covered,13,29745,30157,13,True,inside_associated_span,0
static_shuttleset_homography/sset_15/tracknet-stride-8,16,8,last,30048,29973,30124,True,30049,6,5,4,first_last_stroke_match,8,30048,covered,13,29745,30157,13,True,inside_associated_span,0
static_shuttleset_homography/sset_15/tracknet-stride-8,17,9,first,30948,30873,30982,True,30945,2,5,4,first_last_stroke_match,9,30948,covered,14,30940,31076,14,True,inside_associated_span,0
static_shuttleset_homography/sset_15/tracknet-stride-8,18,9,last,31014,30982,31090,True,31012,3,5,4,first_last_stroke_match,9,31014,covered,14,30940,31076,14,True,inside_associated_span,0
static_shuttleset_homography/sset_15/tracknet-stride-8,19,10,first,31564,31489,31604,True,31569,2,5,4,no_gt_stroke_match,,,covered,16,31536,31704,16,True,inside_associated_span,0
static_shuttleset_homography/sset_15/tracknet-stride-8,20,10,last,31642,31604,31718,True,31646,3,5,4,first_last_stroke_match,10,31642,covered,16,31536,31704,16,True,inside_associated_span,0
static_shuttleset_homography/sset_15/tracknet-stride-8,21,11,first,32865,32790,32941,True,32865,2,5,4,first_last_stroke_match,11,32865,covered,19,32855,33239,19,True,inside_associated_span,0
static_shuttleset_homography/sset_15/tracknet-stride-8,22,11,last,33185,33110,33261,True,33182,4,5,4,first_last_stroke_match,11,33185,covered,19,32855,33239,19,True,inside_associated_span,0
static_shuttleset_homography/sset_15/tracknet-stride-8,23,12,first,34021,33946,34084,True,34017,2,5,4,first_last_stroke_match,12,34021,covered,21,33981,34195,21,True,inside_associated_span,0
static_shuttleset_homography/sset_15/tracknet-stride-8,24,12,last,34146,34084,34222,True,34144,5,5,4,first_last_stroke_match,12,34146,covered,21,33981,34195,21,True,inside_associated_span,0
static_shuttleset_homography/sset_15/tracknet-stride-8,25,13,first,35137,35062,35213,True,35121,3,5,4,no_gt_stroke_match,,,covered,23,35097,35518,23,True,inside_associated_span,0
static_shuttleset_homography/sset_15/tracknet-stride-8,26,13,last,35456,35381,35532,True,35455,4,5,4,first_last_stroke_match,13,35456,covered,23,35097,35518,23,True,inside_associated_span,0
static_shuttleset_homography/sset_15/tracknet-stride-8,27,14,first,36091,36016,36108,False,,0,5,4,no_candidate,,,covered,24,36090,36247,,,no_candidate,
static_shuttleset_homography/sset_15/tracknet-stride-8,28,14,last,36123,36108,36199,True,36121,1,5,4,first_last_stroke_match,14,36123,covered,24,36090,36247,24,True,inside_associated_span,0
static_shuttleset_homography/sset_15/tracknet-stride-8,29,15,first,37494,37419,37570,True,37489,2,5,4,no_gt_stroke_match,,,covered,25,37441,37899,25,True,inside_associated_span,0
static_shuttleset_homography/sset_15/tracknet-stride-8,30,15,last,37692,37617,37768,True,37694,4,5,4,first_last_stroke_match,15,37692,covered,25,37441,37899,25,True,inside_associated_span,0
static_shuttleset_homography/sset_15/tracknet-stride-8,31,16,first,38232,38157,38298,True,38225,2,5,4,no_gt_stroke_match,,,covered,26,38204,38472,26,True,inside_associated_span,0
static_shuttleset_homography/sset_15/tracknet-stride-8,32,16,last,38363,38298,38439,True,38362,4,5,4,first_last_stroke_match,16,38363,covered,26,38204,38472,26,True,inside_associated_span,0
static_shuttleset_homography/sset_15/tracknet-stride-8,33,17,first,38837,38762,38913,True,38849,1,5,4,no_gt_stroke_match,,,missed,,,,27,,no_associated_span,
static_shuttleset_homography/sset_15/tracknet-stride-8,34,18,first,39589,39514,39665,True,39585,1,5,4,first_last_stroke_match,18,39589,covered,29,39543,39687,29,True,inside_associated_span,0
static_shuttleset_homography/sset_15/tracknet-stride-8,35,19,first,40094,40019,40170,True,40097,3,5,4,first_last_stroke_match,19,40094,covered,30,40094,40447,30,True,inside_associated_span,0
static_shuttleset_homography/sset_15/tracknet-stride-8,36,19,last,40360,40285,40436,True,40358,5,5,4,first_last_stroke_match,19,40360,covered,30,40094,40447,30,True,inside_associated_span,0
static_shuttleset_homography/sset_15/tracknet-stride-8,37,20,first,42317,42242,42328,True,42307,1,5,4,no_gt_stroke_match,,,covered,32,42271,42376,32,True,inside_associated_span,0
static_shuttleset_homography/sset_15/tracknet-stride-8,38,20,last,42337,42328,42413,True,42336,0,5,4,first_last_stroke_match,20,42337,covered,32,42271,42376,32,True,inside_associated_span,0
static_shuttleset_homography/sset_15/tracknet-stride-8,39,21,first,42792,42717,42868,True,42788,4,5,4,first_last_stroke_match,21,42792,covered,33,42743,43312,33,True,inside_associated_span,0
static_shuttleset_homography/sset_15/tracknet-stride-8,40,21,last,43294,43219,43370,True,43293,4,5,4,first_last_stroke_match,21,43294,covered,33,42743,43312,33,True,inside_associated_span,0
static_shuttleset_homography/sset_15/tracknet-stride-8,41,22,first,44350,44275,44424,True,44353,2,5,4,first_last_stroke_match,22,44350,covered,35,44332,44591,35,True,inside_associated_span,0
static_shuttleset_homography/sset_15/tracknet-stride-8,42,22,last,44496,44424,44572,True,44494,2,5,4,first_last_stroke_match,22,44496,covered,35,44332,44591,35,True,inside_associated_span,0
static_shuttleset_homography/sset_15/tracknet-stride-8,43,23,first,45928,45853,46004,True,45918,3,5,4,no_gt_stroke_match,,,covered,36,45884,46193,36,True,inside_associated_span,0
static_shuttleset_homography/sset_15/tracknet-stride-8,44,23,last,46108,46033,46184,True,46110,5,5,4,first_last_stroke_match,23,46108,covered,36,45884,46193,36,True,inside_associated_span,0
static_shuttleset_homography/sset_15/tracknet-stride-8,45,24,first,46584,46509,46660,True,46582,3,5,4,first_last_stroke_match,24,46584,covered,37,46576,47128,37,True,inside_associated_span,0
static_shuttleset_homography/sset_15/tracknet-stride-8,46,24,last,47101,47026,47177,True,47105,3,5,4,first_last_stroke_match,24,47101,covered,37,46576,47128,37,True,inside_associated_span,0
static_shuttleset_homography/sset_15/tracknet-stride-8,47,25,first,47865,47790,47941,True,47886,3,5,4,no_gt_stroke_match,,,missed,,,,38,,no_associated_span,
static_shuttleset_homography/sset_15/tracknet-stride-8,48,26,first,48517,48442,48593,True,48513,3,5,4,first_last_stroke_match,26,48517,covered,39,48485,48951,39,True,inside_associated_span,0
static_shuttleset_homography/sset_15/tracknet-stride-8,49,26,last,48863,48788,48939,True,48862,5,5,4,first_last_stroke_match,26,48863,covered,39,48485,48951,39,True,inside_associated_span,0
static_shuttleset_homography/sset_15/tracknet-stride-8,50,27,first,49621,49546,49634,False,,0,5,4,no_candidate,,,missed,,,,,,no_candidate,
static_shuttleset_homography/sset_15/tracknet-stride-8,51,27,last,49645,49634,49721,False,,0,5,4,no_candidate,,,missed,,,,,,no_candidate,
static_shuttleset_homography/sset_15/tracknet-stride-8,52,28,first,51104,51029,51180,True,51105,2,5,4,first_last_stroke_match,28,51104,covered,41,51089,51547,41,True,inside_associated_span,0
static_shuttleset_homography/sset_15/tracknet-stride-8,53,28,last,51541,51466,51617,True,51538,2,5,4,first_last_stroke_match,28,51541,covered,41,51089,51547,41,True,inside_associated_span,0
static_shuttleset_homography/sset_15/tracknet-stride-8,54,29,first,52850,52775,52872,True,52849,1,5,4,first_last_stroke_match,29,52850,covered,42,52841,52924,42,True,inside_associated_span,0
static_shuttleset_homography/sset_15/tracknet-stride-8,55,29,last,52892,52872,52968,True,52891,0,5,4,first_last_stroke_match,29,52892,covered,42,52841,52924,42,True,inside_associated_span,0
static_shuttleset_homography/sset_15/tracknet-stride-8,56,30,first,53622,53547,53698,True,53633,2,5,4,no_gt_stroke_match,,,missed,,,,44,,no_associated_span,
static_shuttleset_homography/sset_15/tracknet-stride-8,57,31,first,55339,55264,55354,False,,0,5,4,no_candidate,,,covered,45,55292,55384,,,no_candidate,
static_shuttleset_homography/sset_15/tracknet-stride-8,58,31,last,55367,55354,55443,True,55365,0,5,4,first_last_stroke_match,31,55367,covered,45,55292,55384,45,True,inside_associated_span,0
static_shuttleset_homography/sset_15/tracknet-stride-8,59,32,first,56069,55994,56122,True,56104,0,5,4,other_gt_stroke_match,32,56106,covered,47,56061,56247,47,True,inside_associated_span,0
static_shuttleset_homography/sset_15/tracknet-stride-8,60,32,last,56174,56122,56250,True,56160,4,5,4,other_gt_stroke_match,32,56161,covered,47,56061,56247,47,True,inside_associated_span,0
static_shuttleset_homography/sset_15/tracknet-stride-8,61,33,first,56734,56659,56748,True,56726,0,5,4,no_gt_stroke_match,,,covered,48,56698,56813,48,True,inside_associated_span,0
static_shuttleset_homography/sset_15/tracknet-stride-8,62,33,last,56760,56748,56836,True,56769,0,5,4,no_gt_stroke_match,,,covered,48,56698,56813,48,True,inside_associated_span,0
static_shuttleset_homography/sset_15/tracknet-stride-8,63,34,first,58164,58089,58240,True,58179,2,5,4,no_gt_stroke_match,,,missed,,,,50,,no_associated_span,
static_shuttleset_homography/sset_15/tracknet-stride-8,64,35,first,59292,59217,59368,True,59281,4,5,4,no_gt_stroke_match,,,covered,51,59245,59979,51,True,inside_associated_span,0
static_shuttleset_homography/sset_15/tracknet-stride-8,65,35,last,59887,59812,59963,True,59886,4,5,4,first_last_stroke_match,35,59887,covered,51,59245,59979,51,True,inside_associated_span,0
static_shuttleset_homography/sset_15/tracknet-stride-8,66,36,first,61530,61455,61559,True,61521,3,5,4,no_gt_stroke_match,,,covered,52,61487,61661,52,True,inside_associated_span,0
static_shuttleset_homography/sset_15/tracknet-stride-8,67,36,last,61587,61559,61663,True,61582,2,5,4,other_gt_stroke_match,36,61586,covered,52,61487,61661,52,True,inside_associated_span,0
static_shuttleset_homography/sset_15/tracknet-stride-8,68,37,first,62257,62182,62333,True,62257,3,5,4,first_last_stroke_match,37,62257,covered,53,62217,62585,53,True,inside_associated_span,0
static_shuttleset_homography/sset_15/tracknet-stride-8,69,37,last,62547,62472,62623,True,62546,4,5,4,first_last_stroke_match,37,62547,covered,53,62217,62585,53,True,inside_associated_span,0
static_shuttleset_homography/sset_15/tracknet-stride-8,70,38,first,66397,66322,66428,True,66401,1,5,4,first_last_stroke_match,38,66397,covered,54,66055,66511,54,True,inside_associated_span,0
static_shuttleset_homography/sset_15/tracknet-stride-8,71,38,last,66458,66428,66534,True,66457,2,5,4,first_last_stroke_match,38,66458,covered,54,66055,66511,54,True,inside_associated_span,0
static_shuttleset_homography/sset_15/tracknet-stride-8,72,39,first,67215,67140,67268,True,67217,1,5,4,first_last_stroke_match,39,67215,covered,56,67210,67364,56,True,inside_associated_span,0
static_shuttleset_homography/sset_15/tracknet-stride-8,73,39,last,67319,67268,67395,True,67317,3,5,4,first_last_stroke_match,39,67319,covered,56,67210,67364,56,True,inside_associated_span,0
static_shuttleset_homography/sset_15/tracknet-stride-8,74,40,first,67731,67656,67807,True,67745,2,5,4,no_gt_stroke_match,,,missed,,,,57,,no_associated_span,
static_shuttleset_homography/sset_15/tracknet-stride-8,75,41,first,68273,68198,68344,True,68273,3,5,4,first_last_stroke_match,41,68273,covered,59,68266,68468,59,True,inside_associated_span,0
static_shuttleset_homography/sset_15/tracknet-stride-8,76,41,last,68414,68344,68490,True,68414,4,5,4,first_last_stroke_match,41,68414,covered,59,68266,68468,59,True,inside_associated_span,0
static_shuttleset_homography/sset_15/tracknet-stride-8,77,42,first,68970,68895,69046,True,68974,3,5,4,first_last_stroke_match,42,68970,covered,60,68961,69344,60,True,inside_associated_span,0
static_shuttleset_homography/sset_15/tracknet-stride-8,78,43,first,70706,70631,70740,True,70717,0,5,4,no_gt_stroke_match,,,covered,63,70664,70834,63,True,inside_associated_span,0
static_shuttleset_homography/sset_15/tracknet-stride-8,79,43,last,70773,70740,70849,True,70772,4,5,4,first_last_stroke_match,43,70773,covered,63,70664,70834,63,True,inside_associated_span,0
static_shuttleset_homography/sset_15/tracknet-stride-8,80,44,first,71219,71144,71259,True,71217,1,5,4,first_last_stroke_match,44,71219,covered,64,71168,71351,64,True,inside_associated_span,0
static_shuttleset_homography/sset_15/tracknet-stride-8,81,44,last,71297,71259,71373,True,71295,3,5,4,first_last_stroke_match,44,71297,covered,64,71168,71351,64,True,inside_associated_span,0
static_shuttleset_homography/sset_15/tracknet-stride-8,82,45,first,72384,72309,72460,True,72385,4,5,4,first_last_stroke_match,45,72384,covered,65,72352,72594,65,True,inside_associated_span,0
static_shuttleset_homography/sset_15/tracknet-stride-8,83,45,last,72587,72512,72663,True,72590,3,5,4,first_last_stroke_match,45,72587,covered,65,72352,72594,65,True,inside_associated_span,0
static_shuttleset_homography/sset_15/tracknet-stride-8,84,46,first,73305,73230,73360,True,73296,2,5,4,no_gt_stroke_match,,,covered,67,73255,73773,67,True,inside_associated_span,0
static_shuttleset_homography/sset_15/tracknet-stride-8,85,46,last,73413,73360,73489,True,73403,2,5,4,other_gt_stroke_match,46,73404,covered,67,73255,73773,67,True,inside_associated_span,0
static_shuttleset_homography/sset_15/tracknet-stride-8,86,47,first,73900,73825,73976,True,73921,1,5,4,no_gt_stroke_match,,,missed,,,,68,,no_associated_span,
static_shuttleset_homography/sset_15/tracknet-stride-8,87,48,first,74568,74493,74644,True,74561,2,5,4,no_gt_stroke_match,,,covered,70,74556,75322,70,True,inside_associated_span,0
static_shuttleset_homography/sset_15/tracknet-stride-8,88,48,last,75241,75166,75317,True,75240,6,5,4,first_last_stroke_match,48,75241,covered,70,74556,75322,70,True,inside_associated_span,0
static_shuttleset_homography/sset_15/tracknet-stride-8,89,49,first,75900,75825,75962,True,75915,1,5,4,other_gt_stroke_match,49,75916,covered,72,75890,76093,72,True,inside_associated_span,0
static_shuttleset_homography/sset_15/tracknet-stride-8,90,49,last,76023,75962,76099,True,76021,3,5,4,first_last_stroke_match,49,76023,covered,72,75890,76093,72,True,inside_associated_span,0
static_shuttleset_homography/sset_15/tracknet-stride-8,91,50,first,77059,76984,77088,True,77057,1,5,4,first_last_stroke_match,50,77059,covered,73,77011,77271,73,True,inside_associated_span,0
static_shuttleset_homography/sset_15/tracknet-stride-8,92,50,last,77115,77088,77191,True,77115,3,5,4,first_last_stroke_match,50,77115,covered,73,77011,77271,73,True,inside_associated_span,0
static_shuttleset_homography/sset_15/tracknet-stride-8,93,51,first,77944,77869,78020,True,77935,4,5,4,no_gt_stroke_match,,,covered,74,77914,78246,74,True,inside_associated_span,0
static_shuttleset_homography/sset_15/tracknet-stride-8,94,51,last,78221,78146,78297,True,78222,2,5,4,first_last_stroke_match,51,78221,covered,74,77914,78246,74,True,inside_associated_span,0
static_shuttleset_homography/sset_15/tracknet-stride-8,95,52,first,79702,79627,79778,True,79697,3,5,4,no_gt_stroke_match,,,covered,75,79687,80165,75,True,inside_associated_span,0
static_shuttleset_homography/sset_15/tracknet-stride-8,96,52,last,79955,79880,80031,True,79953,5,5,4,first_last_stroke_match,52,79955,covered,75,79687,80165,75,True,inside_associated_span,0
static_shuttleset_homography/sset_15/tracknet-stride-8,97,53,first,81000,80925,81076,True,80996,3,5,4,first_last_stroke_match,53,81000,covered,76,80994,81240,76,True,inside_associated_span,0
static_shuttleset_homography/sset_15/tracknet-stride-8,98,53,last,81214,81139,81290,True,81217,2,5,4,first_last_stroke_match,53,81214,covered,76,80994,81240,76,True,inside_associated_span,0
static_shuttleset_homography/sset_15/tracknet-stride-8,99,54,first,81946,81871,81971,True,81970,0,5,4,other_gt_stroke_match,54,81972,covered,78,81946,82079,78,True,inside_associated_span,0
static_shuttleset_homography/sset_15/tracknet-stride-8,100,54,last,81994,81971,82070,True,81993,1,5,4,first_last_stroke_match,54,81994,covered,78,81946,82079,78,True,inside_associated_span,0
static_shuttleset_homography/sset_15/tracknet-stride-8,101,55,first,83901,83826,83972,True,83910,1,5,4,other_gt_stroke_match,55,83912,covered,79,83894,84114,79,True,inside_associated_span,0
static_shuttleset_homography/sset_15/tracknet-stride-8,102,55,last,84042,83972,84118,True,84041,4,5,4,first_last_stroke_match,55,84042,covered,79,83894,84114,79,True,inside_associated_span,0
static_shuttleset_homography/sset_15/tracknet-stride-8,103,56,first,84572,84497,84582,True,84577,1,5,4,no_gt_stroke_match,,,covered,81,84529,84690,81,True,inside_associated_span,0
static_shuttleset_homography/sset_15/tracknet-stride-8,104,56,last,84591,84582,84667,True,84593,2,5,4,first_last_stroke_match,56,84591,covered,81,84529,84690,81,True,inside_associated_span,0
static_shuttleset_homography/sset_15/tracknet-stride-8,105,57,first,85118,85043,85194,True,85121,2,5,4,first_last_stroke_match,57,85118,covered,82,85066,85730,82,True,inside_associated_span,0
static_shuttleset_homography/sset_15/tracknet-stride-8,106,57,last,85635,85560,85711,True,85633,4,5,4,first_last_stroke_match,57,85635,covered,82,85066,85730,82,True,inside_associated_span,0
static_shuttleset_homography/sset_15/tracknet-stride-8,107,58,first,86530,86455,86563,True,86529,1,5,4,first_last_stroke_match,58,86530,covered,83,86526,86626,83,True,inside_associated_span,0
static_shuttleset_homography/sset_15/tracknet-stride-8,108,58,last,86594,86563,86670,True,86592,2,5,4,first_last_stroke_match,58,86594,covered,83,86526,86626,83,True,inside_associated_span,0
static_shuttleset_homography/sset_15/tracknet-stride-8,109,59,first,87743,87668,87819,True,87745,4,5,4,first_last_stroke_match,59,87743,covered,84,87727,88101,84,True,inside_associated_span,0
static_shuttleset_homography/sset_15/tracknet-stride-8,110,59,last,88049,87974,88125,True,88047,4,5,4,first_last_stroke_match,59,88049,covered,84,87727,88101,84,True,inside_associated_span,0
static_shuttleset_homography/sset_15/tracknet-stride-8,111,60,first,88822,88747,88880,True,88819,3,5,4,first_last_stroke_match,60,88822,covered,85,88774,88994,85,True,inside_associated_span,0
static_shuttleset_homography/sset_15/tracknet-stride-8,112,60,last,88937,88880,89013,True,88945,3,5,4,no_gt_stroke_match,,,covered,85,88774,88994,85,True,inside_associated_span,0
static_shuttleset_homography/sset_15/tracknet-stride-8,113,61,first,89478,89403,89554,True,89473,4,5,4,no_gt_stroke_match,,,covered,87,89428,89874,87,True,inside_associated_span,0
static_shuttleset_homography/sset_15/tracknet-stride-8,114,61,last,89699,89624,89775,True,89697,4,5,4,first_last_stroke_match,61,89699,covered,87,89428,89874,87,True,inside_associated_span,0
static_shuttleset_homography/sset_15/tracknet-stride-8,115,62,first,90887,90812,90931,True,90889,1,5,4,first_last_stroke_match,62,90887,covered,88,90887,91073,88,True,inside_associated_span,0
static_shuttleset_homography/sset_15/tracknet-stride-8,116,62,last,90973,90931,91049,True,90943,1,5,4,other_gt_stroke_match,62,90945,covered,88,90887,91073,88,True,inside_associated_span,0
static_shuttleset_homography/sset_15/tracknet-stride-8,117,63,first,91511,91436,91561,True,91503,2,5,4,no_gt_stroke_match,,,covered,90,91472,91664,90,True,inside_associated_span,0
static_shuttleset_homography/sset_15/tracknet-stride-8,118,63,last,91609,91561,91685,True,91617,1,5,4,no_gt_stroke_match,,,covered,90,91472,91664,90,True,inside_associated_span,0
static_shuttleset_homography/sset_15/tracknet-stride-8,119,64,first,92302,92227,92378,True,92305,3,5,4,first_last_stroke_match,64,92302,covered,91,92275,92618,91,True,inside_associated_span,0
static_shuttleset_homography/sset_15/tracknet-stride-8,120,64,last,92558,92483,92634,True,92556,4,5,4,first_last_stroke_match,64,92558,covered,91,92275,92618,91,True,inside_associated_span,0
static_shuttleset_homography/sset_15/tracknet-stride-8,121,65,first,93276,93201,93352,True,93304,2,5,4,no_gt_stroke_match,,,missed,,,,93,,no_associated_span,
static_shuttleset_homography/sset_15/tracknet-stride-8,122,66,first,94350,94275,94411,True,94353,4,5,4,first_last_stroke_match,66,94350,covered,94,94244,94540,94,True,inside_associated_span,0
static_shuttleset_homography/sset_15/tracknet-stride-8,123,66,last,94471,94411,94547,True,94478,5,5,4,no_gt_stroke_match,,,covered,94,94244,94540,94,True,inside_associated_span,0
static_shuttleset_homography/sset_15/tracknet-stride-8,124,67,first,95256,95181,95281,False,,0,5,4,no_candidate,,,split,,,,,,no_candidate,
static_shuttleset_homography/sset_15/tracknet-stride-8,125,67,last,95305,95281,95381,True,95306,3,5,4,first_last_stroke_match,67,95305,split,,,,95,,no_associated_span,
static_shuttleset_homography/sset_15/tracknet-stride-8,126,68,first,95889,95814,95965,True,95889,4,5,4,first_last_stroke_match,68,95889,covered,96,95850,96230,96,True,inside_associated_span,0
static_shuttleset_homography/sset_15/tracknet-stride-8,127,68,last,96193,96118,96269,True,96192,4,5,4,first_last_stroke_match,68,96193,covered,96,95850,96230,96,True,inside_associated_span,0
static_shuttleset_homography/sset_15/tracknet-stride-8,128,69,first,97918,97843,97963,True,97921,3,5,4,first_last_stroke_match,69,97918,covered,99,97887,98061,99,True,inside_associated_span,0
static_shuttleset_homography/sset_15/tracknet-stride-8,129,69,last,98006,97963,98082,True,98004,3,5,4,first_last_stroke_match,69,98006,covered,99,97887,98061,99,True,inside_associated_span,0
static_shuttleset_homography/sset_15/tracknet-stride-8,130,70,first,98609,98534,98652,True,98609,2,5,4,first_last_stroke_match,70,98609,covered,101,98567,98721,101,True,inside_associated_span,0
static_shuttleset_homography/sset_15/tracknet-stride-8,131,70,last,98694,98652,98770,True,98693,2,5,4,first_last_stroke_match,70,98694,covered,101,98567,98721,101,True,inside_associated_span,0
static_shuttleset_homography/sset_15/tracknet-stride-8,132,71,first,99299,99224,99367,True,99297,2,5,4,first_last_stroke_match,71,99299,covered,103,99236,99472,103,True,inside_associated_span,0
static_shuttleset_homography/sset_15/tracknet-stride-8,133,71,last,99433,99367,99509,True,99411,3,5,4,other_gt_stroke_match,71,99412,covered,103,99236,99472,103,True,inside_associated_span,0
static_shuttleset_homography/sset_15/tracknet-stride-8,134,72,first,100770,100695,100846,True,100769,2,5,4,first_last_stroke_match,72,100770,covered,104,100755,101006,104,True,inside_associated_span,0
static_shuttleset_homography/sset_15/tracknet-stride-8,135,72,last,100934,100859,101010,True,100937,2,5,4,first_last_stroke_match,72,100934,covered,104,100755,101006,104,True,inside_associated_span,0
static_shuttleset_homography/sset_15/tracknet-stride-8,136,73,first,101946,101871,102022,True,101937,3,5,4,no_gt_stroke_match,,,covered,105,101934,102351,105,True,inside_associated_span,0
static_shuttleset_homography/sset_15/tracknet-stride-8,137,73,last,102293,102218,102369,True,102292,3,5,4,first_last_stroke_match,73,102293,covered,105,101934,102351,105,True,inside_associated_span,0
static_shuttleset_homography/sset_15/tracknet-stride-8,138,74,first,106296,106221,106372,True,106287,3,5,4,no_gt_stroke_match,,,covered,107,106065,106784,107,True,inside_associated_span,0
static_shuttleset_homography/sset_15/tracknet-stride-8,139,74,last,106675,106600,106751,True,106674,3,5,4,first_last_stroke_match,74,106675,covered,107,106065,106784,107,True,inside_associated_span,0
static_shuttleset_homography/sset_15/tracknet-stride-8,140,75,first,107245,107170,107279,True,107249,0,5,4,first_last_stroke_match,75,107245,covered,108,107188,107378,108,True,inside_associated_span,0
static_shuttleset_homography/sset_15/tracknet-stride-8,141,75,last,107312,107279,107388,True,107310,3,5,4,first_last_stroke_match,75,107312,covered,108,107188,107378,108,True,inside_associated_span,0
static_shuttleset_homography/sset_15/tracknet-stride-8,142,76,first,107899,107824,107975,True,107889,5,5,4,no_gt_stroke_match,,,covered,110,107855,108292,110,True,inside_associated_span,0
static_shuttleset_homography/sset_15/tracknet-stride-8,143,76,last,108230,108155,108306,True,108206,1,5,4,other_gt_stroke_match,76,108209,covered,110,107855,108292,110,True,inside_associated_span,0
static_shuttleset_homography/sset_15/tracknet-stride-8,144,77,first,109583,109508,109659,True,109603,2,5,4,no_gt_stroke_match,,,missed,,,,111,,no_associated_span,
static_shuttleset_homography/sset_15/tracknet-stride-8,145,78,first,110275,110200,110315,True,110284,0,5,4,no_gt_stroke_match,,,split,,,,112,,no_associated_span,
static_shuttleset_homography/sset_15/tracknet-stride-8,146,78,last,110353,110315,110429,True,110352,4,5,4,first_last_stroke_match,78,110353,split,,,,112,,no_associated_span,
static_shuttleset_homography/sset_15/tracknet-stride-8,147,79,first,110799,110724,110875,True,110785,3,5,4,no_gt_stroke_match,,,covered,113,110768,111018,113,True,inside_associated_span,0
static_shuttleset_homography/sset_15/tracknet-stride-8,148,79,last,111017,110942,111093,True,110990,2,5,4,other_gt_stroke_match,79,110994,covered,113,110768,111018,113,True,inside_associated_span,0
static_shuttleset_homography/sset_15/tracknet-stride-8,149,80,first,112219,112144,112247,True,112217,3,5,4,first_last_stroke_match,80,112219,covered,114,112151,112360,114,True,inside_associated_span,0
static_shuttleset_homography/sset_15/tracknet-stride-8,150,80,last,112273,112247,112349,True,112272,3,5,4,first_last_stroke_match,80,112273,covered,114,112151,112360,114,True,inside_associated_span,0
static_shuttleset_homography/sset_15/tracknet-stride-8,151,81,first,112752,112677,112828,True,112753,2,5,4,first_last_stroke_match,81,112752,covered,116,112737,113124,116,True,inside_associated_span,0
static_shuttleset_homography/sset_15/tracknet-stride-8,152,81,last,113007,112932,113083,True,113006,3,5,4,first_last_stroke_match,81,113007,covered,116,112737,113124,116,True,inside_associated_span,0
static_shuttleset_homography/sset_15/tracknet-stride-8,153,82,first,113467,113392,113543,True,113473,3,5,4,no_gt_stroke_match,,,covered,117,113238,113696,117,True,inside_associated_span,0
static_shuttleset_homography/sset_15/tracknet-stride-8,154,83,first,114139,114064,114182,True,114145,3,5,4,no_gt_stroke_match,,,covered,118,114051,114268,118,True,inside_associated_span,0
static_shuttleset_homography/sset_15/tracknet-stride-8,155,83,last,114224,114182,114300,True,114222,2,5,4,first_last_stroke_match,83,114224,covered,118,114051,114268,118,True,inside_associated_span,0
static_shuttleset_homography/sset_15/tracknet-stride-8,156,84,first,114953,114878,114980,True,114945,1,5,4,no_gt_stroke_match,,,covered,120,114890,115085,120,True,inside_associated_span,0
static_shuttleset_homography/sset_15/tracknet-stride-8,157,84,last,115006,114980,115082,True,115006,2,5,4,first_last_stroke_match,84,115006,covered,120,114890,115085,120,True,inside_associated_span,0
static_shuttleset_homography/sset_15/tracknet-stride-8,158,85,first,116073,115998,116093,True,116062,0,5,4,no_gt_stroke_match,,,covered,121,116057,116186,121,True,inside_associated_span,0
static_shuttleset_homography/sset_15/tracknet-stride-8,159,85,last,116111,116093,116187,True,116110,2,5,4,first_last_stroke_match,85,116111,covered,121,116057,116186,121,True,inside_associated_span,0
static_shuttleset_homography/sset_15/tracknet-stride-8,160,86,first,116511,116436,116580,True,116513,3,5,4,first_last_stroke_match,86,116511,covered,122,116491,116745,122,True,inside_associated_span,0
static_shuttleset_homography/sset_15/tracknet-stride-8,161,86,last,116647,116580,116723,True,116633,3,5,4,other_gt_stroke_match,86,116635,covered,122,116491,116745,122,True,inside_associated_span,0
static_shuttleset_homography/sset_15/tracknet-stride-8,162,87,first,117091,117016,117167,True,117126,1,5,4,no_gt_stroke_match,,,covered,123,117091,117264,123,True,inside_associated_span,0
static_shuttleset_homography/sset_15/tracknet-stride-8,163,88,first,117670,117595,117746,True,117697,1,5,4,no_gt_stroke_match,,,covered,124,117664,117934,124,True,inside_associated_span,0
static_shuttleset_homography/sset_15/tracknet-stride-8,164,88,last,117834,117759,117910,True,117848,5,5,4,no_gt_stroke_match,,,covered,124,117664,117934,124,True,inside_associated_span,0
static_shuttleset_homography/sset_15/tracknet-stride-8,165,89,first,120624,120549,120700,True,120625,3,5,4,first_last_stroke_match,89,120624,covered,126,120454,121459,126,True,inside_associated_span,0
static_shuttleset_homography/sset_15/tracknet-stride-8,166,89,last,121396,121321,121472,True,121394,3,5,4,first_last_stroke_match,89,121396,covered,126,120454,121459,126,True,inside_associated_span,0
static_shuttleset_homography/sset_15/tracknet-stride-8,167,90,first,122843,122768,122917,True,122832,1,5,4,no_gt_stroke_match,,,covered,127,122820,123050,127,True,inside_associated_span,0
static_shuttleset_homography/sset_15/tracknet-stride-8,168,90,last,122990,122917,123066,True,122990,2,5,4,first_last_stroke_match,90,122990,covered,127,122820,123050,127,True,inside_associated_span,0
static_shuttleset_homography/sset_15/tracknet-stride-8,169,91,first,123475,123400,123551,True,123490,2,5,4,no_gt_stroke_match,,,missed,,,,128,,no_associated_span,
static_shuttleset_homography/sset_15/tracknet-stride-8,170,92,first,124252,124177,124328,True,124265,1,5,4,no_gt_stroke_match,,,missed,,,,129,,no_associated_span,
static_shuttleset_homography/sset_15/tracknet-stride-8,171,93,first,124919,124844,124995,True,124929,2,5,4,no_gt_stroke_match,,,missed,,,,130,,no_associated_span,
static_shuttleset_homography/sset_15/tracknet-stride-8,172,94,first,125589,125514,125665,True,125585,3,5,4,first_last_stroke_match,94,125589,covered,131,125556,125987,131,True,inside_associated_span,0
static_shuttleset_homography/sset_15/tracknet-stride-8,173,94,last,125901,125826,125977,True,125899,3,5,4,first_last_stroke_match,94,125901,covered,131,125556,125987,131,True,inside_associated_span,0
static_shuttleset_homography/sset_15/tracknet-stride-8,174,95,first,126402,126327,126441,True,126401,1,5,4,first_last_stroke_match,95,126402,covered,132,126399,126536,132,True,inside_associated_span,0
static_shuttleset_homography/sset_15/tracknet-stride-8,175,95,last,126479,126441,126555,True,126478,2,5,4,first_last_stroke_match,95,126479,covered,132,126399,126536,132,True,inside_associated_span,0
static_shuttleset_homography/sset_15/tracknet-stride-8,176,96,first,126885,126810,126961,True,126912,1,5,4,no_gt_stroke_match,,,missed,,,,133,,no_associated_span,
static_shuttleset_homography/sset_15/tracknet-stride-8,177,97,first,127533,127458,127609,True,127536,3,5,4,first_last_stroke_match,97,127533,split,,,,134,,no_associated_span,
static_shuttleset_homography/sset_15/tracknet-stride-8,178,97,last,127712,127637,127788,True,127695,2,5,4,no_gt_stroke_match,,,split,,,,134,,no_associated_span,
static_shuttleset_homography/sset_15/tracknet-stride-8,179,98,first,128347,128272,128384,True,128339,1,5,4,no_gt_stroke_match,,,covered,135,128315,128456,135,True,inside_associated_span,0
static_shuttleset_homography/sset_15/tracknet-stride-8,180,98,last,128420,128384,128496,True,128419,2,5,4,first_last_stroke_match,98,128420,covered,135,128315,128456,135,True,inside_associated_span,0
static_shuttleset_homography/sset_15/tracknet-stride-8,181,99,first,128876,128801,128952,False,,0,5,4,no_candidate,,,missed,,,,,,no_candidate,
static_shuttleset_homography/sset_15/tracknet-stride-8,182,100,first,129234,129159,129308,True,129233,2,5,4,first_last_stroke_match,100,129234,covered,136,129198,129725,136,True,inside_associated_span,0
static_shuttleset_homography/sset_15/tracknet-stride-8,183,100,last,129381,129308,129457,True,129382,5,5,4,first_last_stroke_match,100,129381,covered,136,129198,129725,136,True,inside_associated_span,0
static_shuttleset_homography/sset_15/tracknet-stride-8,184,101,first,129811,129736,129867,True,129809,2,5,4,first_last_stroke_match,101,129811,covered,137,129801,130003,137,True,inside_associated_span,0
static_shuttleset_homography/sset_15/tracknet-stride-8,185,101,last,129922,129867,129998,True,129921,3,5,4,first_last_stroke_match,101,129922,covered,137,129801,130003,137,True,inside_associated_span,0
static_shuttleset_homography/sset_15/tracknet-stride-8,186,102,first,130355,130280,130431,True,130371,2,5,4,no_gt_stroke_match,,,missed,,,,138,,no_associated_span,
static_shuttleset_homography/sset_15/tracknet-stride-8,187,103,first,130725,130650,130764,True,130737,1,5,4,other_gt_stroke_match,103,130740,split,,,,139,,no_associated_span,
static_shuttleset_homography/sset_15/tracknet-stride-8,188,103,last,130802,130764,130878,True,130801,3,5,4,first_last_stroke_match,103,130802,split,,,,139,,no_associated_span,
static_shuttleset_homography/sset_21/tracknet-stride-8,0,0,first,12771,12681,12862,True,12766,2,5,5,first_last_stroke_match,0,12771,covered,2,12744,13293,2,True,inside_associated_span,0
static_shuttleset_homography/sset_21/tracknet-stride-8,1,0,last,13145,13055,13236,True,13144,6,5,5,first_last_stroke_match,0,13145,covered,2,12744,13293,2,True,inside_associated_span,0
static_shuttleset_homography/sset_21/tracknet-stride-8,2,1,first,13637,13547,13728,True,13636,5,5,5,first_last_stroke_match,1,13637,covered,3,13558,14067,3,True,inside_associated_span,0
static_shuttleset_homography/sset_21/tracknet-stride-8,3,1,last,14038,13948,14129,True,14036,3,5,5,first_last_stroke_match,1,14038,covered,3,13558,14067,3,True,inside_associated_span,0
static_shuttleset_homography/sset_21/tracknet-stride-8,4,2,first,14551,14461,14621,True,14553,1,5,5,first_last_stroke_match,2,14551,covered,4,14550,14782,4,True,inside_associated_span,0
static_shuttleset_homography/sset_21/tracknet-stride-8,5,2,last,14690,14621,14781,True,14689,3,5,5,first_last_stroke_match,2,14690,covered,4,14550,14782,4,True,inside_associated_span,0
static_shuttleset_homography/sset_21/tracknet-stride-8,6,3,first,15175,15085,15209,False,,0,5,5,no_candidate,,,split,,,,,,no_candidate,
static_shuttleset_homography/sset_21/tracknet-stride-8,7,3,last,15241,15209,15332,True,15278,1,5,5,no_gt_stroke_match,,,split,,,,5,,no_associated_span,
static_shuttleset_homography/sset_21/tracknet-stride-8,8,4,first,15733,15643,15824,True,15734,3,5,5,first_last_stroke_match,4,15733,covered,6,15718,16132,6,True,inside_associated_span,0
static_shuttleset_homography/sset_21/tracknet-stride-8,9,4,last,16011,15921,16102,True,16010,4,5,5,first_last_stroke_match,4,16011,covered,6,15718,16132,6,True,inside_associated_span,0
static_shuttleset_homography/sset_21/tracknet-stride-8,10,5,first,16506,16416,16597,True,16509,2,5,5,first_last_stroke_match,5,16506,covered,7,16480,16936,7,True,inside_associated_span,0
static_shuttleset_homography/sset_21/tracknet-stride-8,11,5,last,16789,16699,16880,True,16781,4,5,5,no_gt_stroke_match,,,covered,7,16480,16936,7,True,inside_associated_span,0
static_shuttleset_homography/sset_21/tracknet-stride-8,12,6,first,17296,17206,17387,True,17296,2,5,5,first_last_stroke_match,6,17296,covered,8,17195,17592,8,True,inside_associated_span,0
static_shuttleset_homography/sset_21/tracknet-stride-8,13,6,last,17519,17429,17610,True,17518,4,5,5,first_last_stroke_match,6,17519,covered,8,17195,17592,8,True,inside_associated_span,0
static_shuttleset_homography/sset_21/tracknet-stride-8,14,7,first,18354,18264,18445,True,18353,1,5,5,first_last_stroke_match,7,18354,covered,9,18337,18637,9,True,inside_associated_span,0
static_shuttleset_homography/sset_21/tracknet-stride-8,15,7,last,18546,18456,18637,True,18542,3,5,5,first_last_stroke_match,7,18546,covered,9,18337,18637,9,True,inside_associated_span,0
static_shuttleset_homography/sset_21/tracknet-stride-8,16,8,first,18966,18876,19025,True,18961,2,5,5,first_last_stroke_match,8,18966,covered,10,18953,19155,10,True,inside_associated_span,0
static_shuttleset_homography/sset_21/tracknet-stride-8,17,8,last,19083,19025,19174,True,19079,3,5,5,first_last_stroke_match,8,19083,covered,10,18953,19155,10,True,inside_associated_span,0
static_shuttleset_homography/sset_21/tracknet-stride-8,18,9,first,19547,19457,19638,True,19546,2,5,5,first_last_stroke_match,9,19547,covered,11,19513,20083,11,True,inside_associated_span,0
static_shuttleset_homography/sset_21/tracknet-stride-8,19,9,last,19939,19849,20030,True,19938,7,5,5,first_last_stroke_match,9,19939,covered,11,19513,20083,11,True,inside_associated_span,0
static_shuttleset_homography/sset_21/tracknet-stride-8,20,10,first,21146,21056,21237,True,21189,1,5,5,no_gt_stroke_match,,,split,,,,12,,no_associated_span,
static_shuttleset_homography/sset_21/tracknet-stride-8,21,10,last,21339,21249,21430,True,21337,3,5,5,first_last_stroke_match,10,21339,split,,,,12,,no_associated_span,
static_shuttleset_homography/sset_21/tracknet-stride-8,22,11,first,21990,21900,22081,True,22013,2,5,5,no_gt_stroke_match,,,split,,,,13,,no_associated_span,
static_shuttleset_homography/sset_21/tracknet-stride-8,23,11,last,22573,22483,22664,True,22571,6,5,5,first_last_stroke_match,11,22573,split,,,,13,,no_associated_span,
static_shuttleset_homography/sset_21/tracknet-stride-8,24,12,first,23168,23078,23259,True,23182,3,5,5,other_gt_stroke_match,12,23182,covered,14,23159,23667,14,True,inside_associated_span,0
static_shuttleset_homography/sset_21/tracknet-stride-8,25,12,last,23610,23520,23701,True,23581,3,5,5,other_gt_stroke_match,12,23579,covered,14,23159,23667,14,True,inside_associated_span,0
static_shuttleset_homography/sset_21/tracknet-stride-8,26,13,first,24302,24212,24316,False,,0,5,5,no_candidate,,,split,,,,,,no_candidate,
static_shuttleset_homography/sset_21/tracknet-stride-8,27,13,last,24329,24316,24420,True,24321,1,5,5,no_gt_stroke_match,,,split,,,,15,,no_associated_span,
static_shuttleset_homography/sset_21/tracknet-stride-8,28,14,first,24875,24785,24903,True,24885,1,5,5,no_gt_stroke_match,,,covered,16,24774,25762,16,True,inside_associated_span,0
static_shuttleset_homography/sset_21/tracknet-stride-8,29,14,last,24929,24903,25020,True,24958,3,5,5,no_gt_stroke_match,,,covered,16,24774,25762,16,True,inside_associated_span,0
static_shuttleset_homography/sset_21/tracknet-stride-8,30,15,first,25486,25396,25577,True,25473,4,5,5,no_gt_stroke_match,,,covered,16,24774,25762,16,True,inside_associated_span,0
static_shuttleset_homography/sset_21/tracknet-stride-8,31,15,last,25676,25586,25767,True,25675,5,5,5,first_last_stroke_match,15,25676,covered,16,24774,25762,16,True,inside_associated_span,0
static_shuttleset_homography/sset_21/tracknet-stride-8,32,16,first,26688,26598,26779,True,26687,4,5,5,first_last_stroke_match,16,26688,covered,17,26639,27005,17,True,inside_associated_span,0
static_shuttleset_homography/sset_21/tracknet-stride-8,33,16,last,26915,26825,27006,True,26915,5,5,5,first_last_stroke_match,16,26915,covered,17,26639,27005,17,True,inside_associated_span,0
static_shuttleset_homography/sset_21/tracknet-stride-8,34,17,first,27458,27368,27549,True,27527,0,5,5,no_gt_stroke_match,,,split,,,,18,,no_associated_span,
static_shuttleset_homography/sset_21/tracknet-stride-8,35,17,last,27883,27793,27974,True,27833,0,5,5,other_gt_stroke_match,17,27836,split,,,,18,,no_associated_span,
static_shuttleset_homography/sset_21/tracknet-stride-8,36,18,first,30184,30094,30275,True,30183,3,5,5,first_last_stroke_match,18,30184,covered,19,29970,30751,19,True,inside_associated_span,0
static_shuttleset_homography/sset_21/tracknet-stride-8,37,18,last,30676,30586,30767,True,30675,4,5,5,first_last_stroke_match,18,30676,covered,19,29970,30751,19,True,inside_associated_span,0
static_shuttleset_homography/sset_21/tracknet-stride-8,38,19,first,31431,31341,31452,False,,0,5,5,no_candidate,,,split,,,,,,no_candidate,
static_shuttleset_homography/sset_21/tracknet-stride-8,39,19,last,31471,31452,31562,True,31470,1,5,5,first_last_stroke_match,19,31471,split,,,,20,,no_associated_span,
static_shuttleset_homography/sset_21/tracknet-stride-8,40,20,first,31893,31803,31984,True,31919,2,5,5,no_gt_stroke_match,,,split,,,,21,,no_associated_span,
static_shuttleset_homography/sset_21/tracknet-stride-8,41,20,last,32174,32084,32265,True,32170,6,5,5,first_last_stroke_match,20,32174,split,,,,21,,no_associated_span,
static_shuttleset_homography/sset_21/tracknet-stride-8,42,21,first,32908,32818,32939,True,32910,1,5,5,first_last_stroke_match,21,32908,covered,22,32800,33865,22,True,inside_associated_span,0
static_shuttleset_homography/sset_21/tracknet-stride-8,43,21,last,32968,32939,33059,True,32968,4,5,5,first_last_stroke_match,21,32968,covered,22,32800,33865,22,True,inside_associated_span,0
static_shuttleset_homography/sset_21/tracknet-stride-8,44,22,first,33446,33356,33537,True,33441,4,5,5,first_last_stroke_match,22,33446,covered,22,32800,33865,22,True,inside_associated_span,0
static_shuttleset_homography/sset_21/tracknet-stride-8,45,22,last,33831,33741,33922,True,33830,4,5,5,first_last_stroke_match,22,33831,covered,22,32800,33865,22,True,inside_associated_span,0
static_shuttleset_homography/sset_21/tracknet-stride-8,46,23,first,34442,34352,34533,True,34441,4,5,5,first_last_stroke_match,23,34442,covered,23,34439,35273,23,True,inside_associated_span,0
static_shuttleset_homography/sset_21/tracknet-stride-8,47,23,last,35174,35084,35265,True,35172,4,5,5,first_last_stroke_match,23,35174,covered,23,34439,35273,23,True,inside_associated_span,0
static_shuttleset_homography/sset_21/tracknet-stride-8,48,24,first,37519,37429,37610,True,37521,3,5,5,first_last_stroke_match,24,37519,covered,24,37331,37866,24,True,inside_associated_span,0
static_shuttleset_homography/sset_21/tracknet-stride-8,49,24,last,37823,37733,37914,True,37820,4,5,5,first_last_stroke_match,24,37823,covered,24,37331,37866,24,True,inside_associated_span,0
static_shuttleset_homography/sset_21/tracknet-stride-8,50,25,first,38393,38303,38484,True,38387,3,5,5,no_gt_stroke_match,,,covered,25,38385,38708,25,True,inside_associated_span,0
static_shuttleset_homography/sset_21/tracknet-stride-8,51,25,last,38628,38538,38719,True,38627,8,5,5,first_last_stroke_match,25,38628,covered,25,38385,38708,25,True,inside_associated_span,0
static_shuttleset_homography/sset_21/tracknet-stride-8,52,26,first,39476,39386,39567,True,39473,3,5,5,first_last_stroke_match,26,39476,covered,26,39382,39749,26,True,inside_associated_span,0
static_shuttleset_homography/sset_21/tracknet-stride-8,53,26,last,39677,39587,39768,True,39674,3,5,5,first_last_stroke_match,26,39677,covered,26,39382,39749,26,True,inside_associated_span,0
static_shuttleset_homography/sset_21/tracknet-stride-8,54,27,first,40231,40141,40279,False,,0,5,5,no_candidate,,,split,,,,,,no_candidate,
static_shuttleset_homography/sset_21/tracknet-stride-8,55,27,last,40325,40279,40416,True,40325,5,5,5,first_last_stroke_match,27,40325,split,,,,27,,no_associated_span,
static_shuttleset_homography/sset_21/tracknet-stride-8,56,28,first,40970,40880,41061,True,41042,1,5,5,no_gt_stroke_match,,,split,,,,28,,no_associated_span,
static_shuttleset_homography/sset_21/tracknet-stride-8,57,28,last,41183,41093,41274,True,41199,5,5,5,no_gt_stroke_match,,,split,,,,28,,no_associated_span,
static_shuttleset_homography/sset_21/tracknet-stride-8,58,29,first,41821,41731,41912,True,41816,5,5,5,first_last_stroke_match,29,41821,covered,29,41418,42484,29,True,inside_associated_span,0
static_shuttleset_homography/sset_21/tracknet-stride-8,59,29,last,42318,42228,42409,True,42335,3,5,5,no_gt_stroke_match,,,covered,29,41418,42484,29,True,inside_associated_span,0
static_shuttleset_homography/sset_21/tracknet-stride-8,60,30,first,43079,42989,43147,True,43078,2,5,5,first_last_stroke_match,30,43079,covered,30,42988,43273,30,True,inside_associated_span,0
static_shuttleset_homography/sset_21/tracknet-stride-8,61,30,last,43213,43147,43304,True,43207,4,5,5,no_gt_stroke_match,,,covered,30,42988,43273,30,True,inside_associated_span,0
static_shuttleset_homography/sset_21/tracknet-stride-8,62,31,first,44598,44508,44668,False,,0,5,5,no_candidate,,,split,,,,,,no_candidate,
static_shuttleset_homography/sset_21/tracknet-stride-8,63,31,last,44736,44668,44827,True,44713,5,5,5,other_gt_stroke_match,31,44715,split,,,,31,,no_associated_span,
static_shuttleset_homography/sset_21/tracknet-stride-8,64,32,first,45243,45153,45334,True,45249,6,5,5,no_gt_stroke_match,,,covered,32,44950,45780,32,True,inside_associated_span,0
static_shuttleset_homography/sset_21/tracknet-stride-8,65,32,last,45665,45575,45756,True,45667,6,5,5,first_last_stroke_match,32,45665,covered,32,44950,45780,32,True,inside_associated_span,0
static_shuttleset_homography/sset_21/tracknet-stride-8,66,33,first,46417,46327,46508,True,46413,2,5,5,first_last_stroke_match,33,46417,covered,34,46404,46719,34,True,inside_associated_span,0
static_shuttleset_homography/sset_21/tracknet-stride-8,67,33,last,46648,46558,46739,True,46647,4,5,5,first_last_stroke_match,33,46648,covered,34,46404,46719,34,True,inside_associated_span,0
static_shuttleset_homography/sset_21/tracknet-stride-8,68,34,first,47298,47208,47369,True,47297,2,5,5,first_last_stroke_match,34,47298,covered,35,47238,47505,35,True,inside_associated_span,0
static_shuttleset_homography/sset_21/tracknet-stride-8,69,34,last,47438,47369,47529,True,47438,4,5,5,first_last_stroke_match,34,47438,covered,35,47238,47505,35,True,inside_associated_span,0
static_shuttleset_homography/sset_21/tracknet-stride-8,70,35,first,48186,48096,48277,True,48206,1,5,5,no_gt_stroke_match,,,covered,37,48186,48665,37,True,inside_associated_span,0
static_shuttleset_homography/sset_21/tracknet-stride-8,71,35,last,48394,48304,48485,True,48385,4,5,5,no_gt_stroke_match,,,covered,37,48186,48665,37,True,inside_associated_span,0
static_shuttleset_homography/sset_21/tracknet-stride-8,72,36,first,49809,49719,49884,True,49835,1,5,5,no_gt_stroke_match,,,covered,39,49809,50061,39,True,inside_associated_span,0
static_shuttleset_homography/sset_21/tracknet-stride-8,73,36,last,49958,49884,50049,True,49957,5,5,5,first_last_stroke_match,36,49958,covered,39,49809,50061,39,True,inside_associated_span,0
static_shuttleset_homography/sset_21/tracknet-stride-8,74,37,first,50529,50439,50620,True,50545,2,5,5,no_gt_stroke_match,,,covered,40,50529,50832,40,True,inside_associated_span,0
static_shuttleset_homography/sset_21/tracknet-stride-8,75,37,last,50773,50683,50864,True,50770,5,5,5,first_last_stroke_match,37,50773,covered,40,50529,50832,40,True,inside_associated_span,0
static_shuttleset_homography/sset_21/tracknet-stride-8,76,38,first,51483,51393,51507,True,51474,0,5,5,no_gt_stroke_match,,,covered,41,51336,51678,41,True,inside_associated_span,0
static_shuttleset_homography/sset_21/tracknet-stride-8,77,38,last,51530,51507,51621,True,51529,3,5,5,first_last_stroke_match,38,51530,covered,41,51336,51678,41,True,inside_associated_span,0
static_shuttleset_homography/sset_21/tracknet-stride-8,78,39,first,52142,52052,52196,True,52144,2,5,5,first_last_stroke_match,39,52142,covered,42,52138,52337,42,True,inside_associated_span,0
static_shuttleset_homography/sset_21/tracknet-stride-8,79,39,last,52248,52196,52339,True,52262,3,5,5,no_gt_stroke_match,,,covered,42,52138,52337,42,True,inside_associated_span,0
static_shuttleset_homography/sset_21/tracknet-stride-8,80,40,first,53262,53172,53353,True,53257,3,5,5,first_last_stroke_match,40,53262,covered,44,53254,53832,44,True,inside_associated_span,0
static_shuttleset_homography/sset_21/tracknet-stride-8,81,40,last,53754,53664,53845,True,53754,4,5,5,first_last_stroke_match,40,53754,covered,44,53254,53832,44,True,inside_associated_span,0
static_shuttleset_homography/sset_21/tracknet-stride-8,82,41,first,54440,54350,54531,True,54464,2,5,5,other_gt_stroke_match,41,54464,covered,45,54440,55793,45,True,inside_associated_span,0
static_shuttleset_homography/sset_21/tracknet-stride-8,83,41,last,55663,55573,55754,True,55658,4,5,5,first_last_stroke_match,41,55663,covered,45,54440,55793,45,True,inside_associated_span,0
static_shuttleset_homography/sset_21/tracknet-stride-8,84,42,first,60352,60262,60443,True,60353,3,5,5,first_last_stroke_match,42,60352,covered,46,60063,60718,46,True,inside_associated_span,0
static_shuttleset_homography/sset_21/tracknet-stride-8,85,42,last,60613,60523,60704,True,60616,5,5,5,first_last_stroke_match,42,60613,covered,46,60063,60718,46,True,inside_associated_span,0
static_shuttleset_homography/sset_21/tracknet-stride-8,86,43,first,61209,61119,61300,True,61207,2,5,5,first_last_stroke_match,43,61209,covered,47,61204,61514,47,True,inside_associated_span,0
static_shuttleset_homography/sset_21/tracknet-stride-8,87,43,last,61419,61329,61510,True,61412,3,5,5,no_gt_stroke_match,,,covered,47,61204,61514,47,True,inside_associated_span,0
static_shuttleset_homography/sset_21/tracknet-stride-8,88,44,first,62214,62124,62274,True,62214,2,5,5,first_last_stroke_match,44,62214,covered,48,62208,62442,48,True,inside_associated_span,0
static_shuttleset_homography/sset_21/tracknet-stride-8,89,44,last,62333,62274,62424,True,62323,3,5,5,other_gt_stroke_match,44,62318,covered,48,62208,62442,48,True,inside_associated_span,0
static_shuttleset_homography/sset_21/tracknet-stride-8,90,45,first,63244,63154,63275,True,63233,1,5,5,no_gt_stroke_match,,,covered,49,63210,63482,49,True,inside_associated_span,0
static_shuttleset_homography/sset_21/tracknet-stride-8,91,45,last,63304,63275,63395,True,63304,4,5,5,first_last_stroke_match,45,63304,covered,49,63210,63482,49,True,inside_associated_span,0
static_shuttleset_homography/sset_21/tracknet-stride-8,92,46,first,63766,63676,63857,True,63798,1,5,5,no_gt_stroke_match,,,split,,,,50,,no_associated_span,
static_shuttleset_homography/sset_21/tracknet-stride-8,93,46,last,64059,63969,64150,True,64060,7,5,5,first_last_stroke_match,46,64059,split,,,,50,,no_associated_span,
static_shuttleset_homography/sset_21/tracknet-stride-8,94,47,first,64600,64510,64691,True,64616,4,5,5,no_gt_stroke_match,,,covered,51,64321,64888,51,True,inside_associated_span,0
static_shuttleset_homography/sset_21/tracknet-stride-8,95,47,last,64800,64710,64891,True,64783,4,5,5,other_gt_stroke_match,47,64785,covered,51,64321,64888,51,True,inside_associated_span,0
static_shuttleset_homography/sset_21/tracknet-stride-8,96,48,first,65443,65353,65484,True,65441,1,5,5,first_last_stroke_match,48,65443,covered,52,65299,65633,52,True,inside_associated_span,0
static_shuttleset_homography/sset_21/tracknet-stride-8,97,48,last,65524,65484,65615,True,65521,3,5,5,first_last_stroke_match,48,65524,covered,52,65299,65633,52,True,inside_associated_span,0
static_shuttleset_homography/sset_21/tracknet-stride-8,98,49,first,66268,66178,66357,True,66302,1,5,5,no_gt_stroke_match,,,split,,,,53,,no_associated_span,
static_shuttleset_homography/sset_21/tracknet-stride-8,99,49,last,66444,66357,66535,True,66442,4,5,5,first_last_stroke_match,49,66444,split,,,,53,,no_associated_span,
static_shuttleset_homography/sset_21/tracknet-stride-8,100,50,first,67123,67033,67214,True,67182,0,5,5,other_gt_stroke_match,50,67180,covered,54,67060,67441,54,True,inside_associated_span,0
static_shuttleset_homography/sset_21/tracknet-stride-8,101,50,last,67353,67263,67444,True,67361,3,5,5,no_gt_stroke_match,,,covered,54,67060,67441,54,True,inside_associated_span,0
static_shuttleset_homography/sset_21/tracknet-stride-8,102,51,first,68019,67929,68110,True,68083,1,5,5,no_gt_stroke_match,,,split,,,,56,,no_associated_span,
static_shuttleset_homography/sset_21/tracknet-stride-8,103,51,last,68351,68261,68442,True,68354,5,5,5,first_last_stroke_match,51,68351,split,,,,56,,no_associated_span,
static_shuttleset_homography/sset_21/tracknet-stride-8,104,52,first,69747,69657,69838,True,69758,1,5,5,no_gt_stroke_match,,,split,,,,57,,no_associated_span,
static_shuttleset_homography/sset_21/tracknet-stride-8,105,52,last,70347,70257,70438,True,70342,6,5,5,first_last_stroke_match,52,70347,split,,,,57,,no_associated_span,
static_shuttleset_homography/sset_21/tracknet-stride-8,106,53,first,71006,70916,71080,True,71025,2,5,5,no_gt_stroke_match,,,covered,58,70986,71261,58,True,inside_associated_span,0
static_shuttleset_homography/sset_21/tracknet-stride-8,107,53,last,71152,71080,71243,True,71154,4,5,5,first_last_stroke_match,53,71152,covered,58,70986,71261,58,True,inside_associated_span,0
static_shuttleset_homography/sset_21/tracknet-stride-8,108,54,first,71876,71786,71967,True,71864,3,5,5,no_gt_stroke_match,,,covered,59,71712,72197,59,True,inside_associated_span,0
static_shuttleset_homography/sset_21/tracknet-stride-8,109,54,last,72121,72031,72212,True,72120,3,5,5,first_last_stroke_match,54,72121,covered,59,71712,72197,59,True,inside_associated_span,0
static_shuttleset_homography/sset_21/tracknet-stride-8,110,55,first,72678,72588,72714,True,72701,0,5,5,other_gt_stroke_match,55,72701,split,,,,60,,no_associated_span,
static_shuttleset_homography/sset_21/tracknet-stride-8,111,55,last,72748,72714,72839,True,72750,4,5,5,first_last_stroke_match,55,72748,split,,,,60,,no_associated_span,
static_shuttleset_homography/sset_21/tracknet-stride-8,112,56,first,73275,73185,73366,True,73310,1,5,5,no_gt_stroke_match,,,split,,,,61,,no_associated_span,
static_shuttleset_homography/sset_21/tracknet-stride-8,113,56,last,73815,73725,73906,True,73832,3,5,5,no_gt_stroke_match,,,split,,,,61,,no_associated_span,
static_shuttleset_homography/sset_21/tracknet-stride-8,114,57,first,74876,74786,74932,False,,0,5,5,no_candidate,,,missed,,,,,,no_candidate,
static_shuttleset_homography/sset_21/tracknet-stride-8,115,57,last,74986,74932,75077,False,,0,5,5,no_candidate,,,missed,,,,,,no_candidate,
static_shuttleset_homography/sset_21/tracknet-stride-8,116,58,first,75718,75628,75802,True,75718,2,5,5,first_last_stroke_match,58,75718,covered,63,75539,75975,63,True,inside_associated_span,0
static_shuttleset_homography/sset_21/tracknet-stride-8,117,58,last,75885,75802,75976,True,75885,5,5,5,first_last_stroke_match,58,75885,covered,63,75539,75975,63,True,inside_associated_span,0
static_shuttleset_homography/sset_21/tracknet-stride-8,118,59,first,76406,76316,76489,True,76401,2,5,5,first_last_stroke_match,59,76406,covered,64,76252,76631,64,True,inside_associated_span,0
static_shuttleset_homography/sset_21/tracknet-stride-8,119,59,last,76570,76489,76661,True,76564,5,5,5,other_gt_stroke_match,59,76559,covered,64,76252,76631,64,True,inside_associated_span,0
static_shuttleset_homography/sset_21/tracknet-stride-8,120,60,first,77465,77375,77556,True,77456,3,5,5,no_gt_stroke_match,,,covered,65,77301,78063,65,True,inside_associated_span,0
static_shuttleset_homography/sset_21/tracknet-stride-8,121,60,last,77938,77848,78029,True,77925,5,5,5,no_gt_stroke_match,,,covered,65,77301,78063,65,True,inside_associated_span,0
static_shuttleset_homography/sset_21/tracknet-stride-8,122,61,first,79355,79265,79446,True,79356,3,5,5,first_last_stroke_match,61,79355,covered,66,79263,79750,66,True,inside_associated_span,0
static_shuttleset_homography/sset_21/tracknet-stride-8,123,61,last,79649,79559,79740,True,79643,5,5,5,no_gt_stroke_match,,,covered,66,79263,79750,66,True,inside_associated_span,0
static_shuttleset_homography/sset_21/tracknet-stride-8,124,62,first,80377,80287,80468,True,80352,3,5,5,no_gt_stroke_match,,,covered,67,80166,80824,67,True,inside_associated_span,0
static_shuttleset_homography/sset_21/tracknet-stride-8,125,62,last,80614,80524,80705,True,80612,5,5,5,first_last_stroke_match,62,80614,covered,67,80166,80824,67,True,inside_associated_span,0
static_shuttleset_homography/sset_21/tracknet-stride-8,126,63,first,82847,82757,82900,True,82849,1,5,5,first_last_stroke_match,63,82847,covered,68,82691,83026,68,True,inside_associated_span,0
static_shuttleset_homography/sset_21/tracknet-stride-8,127,63,last,82952,82900,83043,True,82946,4,5,5,no_gt_stroke_match,,,covered,68,82691,83026,68,True,inside_associated_span,0
static_shuttleset_homography/sset_21/tracknet-stride-8,128,64,first,83535,83445,83626,True,83537,1,5,5,first_last_stroke_match,64,83535,covered,69,83513,84273,69,True,inside_associated_span,0
static_shuttleset_homography/sset_21/tracknet-stride-8,129,64,last,84216,84126,84307,True,84211,4,5,5,first_last_stroke_match,64,84216,covered,69,83513,84273,69,True,inside_associated_span,0
static_shuttleset_homography/sset_21/tracknet-stride-8,130,65,first,84880,84790,84938,True,84881,1,5,5,first_last_stroke_match,65,84880,covered,70,84648,85068,70,True,inside_associated_span,0
static_shuttleset_homography/sset_21/tracknet-stride-8,131,65,last,84995,84938,85086,True,84997,3,5,5,first_last_stroke_match,65,84995,covered,70,84648,85068,70,True,inside_associated_span,0
static_shuttleset_homography/sset_21/tracknet-stride-8,132,66,first,85644,85554,85735,True,85646,1,5,5,first_last_stroke_match,66,85644,covered,71,85565,86001,71,True,inside_associated_span,0
static_shuttleset_homography/sset_21/tracknet-stride-8,133,66,last,85947,85857,86038,True,85948,5,5,5,first_last_stroke_match,66,85947,covered,71,85565,86001,71,True,inside_associated_span,0
static_shuttleset_homography/sset_21/tracknet-stride-8,134,67,first,86535,86445,86626,True,86545,2,5,5,no_gt_stroke_match,,,split,,,,72,,no_associated_span,
static_shuttleset_homography/sset_21/tracknet-stride-8,135,67,last,86820,86730,86911,True,86819,3,5,5,first_last_stroke_match,67,86820,split,,,,72,,no_associated_span,
static_shuttleset_homography/sset_21/tracknet-stride-8,136,68,first,87717,87627,87808,True,87763,1,5,5,other_gt_stroke_match,68,87763,split,,,,73,,no_associated_span,
static_shuttleset_homography/sset_21/tracknet-stride-8,137,68,last,87897,87808,87988,True,87896,5,5,5,first_last_stroke_match,68,87897,split,,,,73,,no_associated_span,
static_shuttleset_homography/sset_21/tracknet-stride-8,138,69,first,88554,88464,88645,True,88544,3,5,5,no_gt_stroke_match,,,covered,74,88521,89303,74,True,inside_associated_span,0
static_shuttleset_homography/sset_21/tracknet-stride-8,139,69,last,88924,88834,89015,True,88928,4,5,5,first_last_stroke_match,69,88924,covered,74,88521,89303,74,True,inside_associated_span,0
static_shuttleset_homography/sset_21/tracknet-stride-8,140,70,first,89637,89547,89728,True,89633,2,5,5,first_last_stroke_match,70,89637,covered,75,89553,90211,75,True,inside_associated_span,0
static_shuttleset_homography/sset_21/tracknet-stride-8,141,70,last,90118,90028,90209,True,90120,2,5,5,first_last_stroke_match,70,90118,covered,75,89553,90211,75,True,inside_associated_span,0
static_shuttleset_homography/sset_21/tracknet-stride-8,142,71,first,90834,90744,90876,True,90833,1,5,5,first_last_stroke_match,71,90834,covered,76,90827,90993,76,True,inside_associated_span,0
static_shuttleset_homography/sset_21/tracknet-stride-8,143,71,last,90917,90876,91008,True,90916,3,5,5,first_last_stroke_match,71,90917,covered,76,90827,90993,76,True,inside_associated_span,0
static_shuttleset_homography/sset_21/tracknet-stride-8,144,72,first,91533,91443,91570,True,91537,1,5,5,first_last_stroke_match,72,91533,split,,,,77,,no_associated_span,
static_shuttleset_homography/sset_21/tracknet-stride-8,145,72,last,91606,91570,91697,True,91604,5,5,5,first_last_stroke_match,72,91606,split,,,,77,,no_associated_span,
static_shuttleset_homography/sset_21/tracknet-stride-8,146,73,first,92132,92042,92223,True,92126,7,5,5,no_gt_stroke_match,,,covered,78,91896,92601,78,True,inside_associated_span,0
static_shuttleset_homography/sset_21/tracknet-stride-8,147,73,last,92492,92402,92583,True,92489,5,5,5,first_last_stroke_match,73,92492,covered,78,91896,92601,78,True,inside_associated_span,0
static_shuttleset_homography/sset_21/tracknet-stride-8,148,74,first,93090,93000,93132,True,93089,0,5,5,first_last_stroke_match,74,93090,covered,79,92985,93306,79,True,inside_associated_span,0
static_shuttleset_homography/sset_21/tracknet-stride-8,149,74,last,93172,93132,93263,True,93169,3,5,5,first_last_stroke_match,74,93172,covered,79,92985,93306,79,True,inside_associated_span,0
detected_ckn_opencv_consensus/sset_01/tracknet-stride-8,0,0,first,11496,11421,11540,False,,0,5,4,no_candidate,,,covered,0,11332,11668,,,no_candidate,
detected_ckn_opencv_consensus/sset_01/tracknet-stride-8,1,0,last,11582,11540,11658,True,11567,2,5,4,no_gt_stroke_match,,,covered,0,11332,11668,0,True,inside_associated_span,0
detected_ckn_opencv_consensus/sset_01/tracknet-stride-8,2,1,first,11881,11806,11924,True,11894,1,5,4,no_gt_stroke_match,,,covered,1,11877,12005,1,True,inside_associated_span,0
detected_ckn_opencv_consensus/sset_01/tracknet-stride-8,3,1,last,11965,11924,12041,True,11950,3,5,4,other_gt_stroke_match,1,11952,covered,1,11877,12005,1,True,inside_associated_span,0
detected_ckn_opencv_consensus/sset_01/tracknet-stride-8,4,2,first,12298,12223,12374,True,12302,4,5,4,first_last_stroke_match,2,12298,covered,2,12287,12979,2,True,inside_associated_span,0
detected_ckn_opencv_consensus/sset_01/tracknet-stride-8,5,2,last,12942,12867,13018,True,12945,4,5,4,first_last_stroke_match,2,12942,covered,2,12287,12979,2,True,inside_associated_span,0
detected_ckn_opencv_consensus/sset_01/tracknet-stride-8,6,3,first,13434,13359,13479,True,13452,1,5,4,other_gt_stroke_match,3,13456,covered,3,13429,14291,3,True,inside_associated_span,0
detected_ckn_opencv_consensus/sset_01/tracknet-stride-8,7,3,last,13523,13479,13599,True,13521,4,5,4,first_last_stroke_match,3,13523,covered,3,13429,14291,3,True,inside_associated_span,0
detected_ckn_opencv_consensus/sset_01/tracknet-stride-8,8,4,first,13923,13848,13999,True,13918,4,5,4,no_gt_stroke_match,,,covered,3,13429,14291,3,True,inside_associated_span,0
detected_ckn_opencv_consensus/sset_01/tracknet-stride-8,9,4,last,14245,14170,14321,True,14254,4,5,4,no_gt_stroke_match,,,covered,3,13429,14291,3,True,inside_associated_span,0
detected_ckn_opencv_consensus/sset_01/tracknet-stride-8,10,5,first,14943,14868,14990,True,14939,1,5,4,first_last_stroke_match,5,14943,covered,4,14938,15041,4,True,inside_associated_span,0
detected_ckn_opencv_consensus/sset_01/tracknet-stride-8,11,5,last,15035,14990,15111,True,15025,1,5,4,no_gt_stroke_match,,,covered,4,14938,15041,4,True,inside_associated_span,0
detected_ckn_opencv_consensus/sset_01/tracknet-stride-8,12,6,first,15374,15299,15404,True,15374,0,5,4,first_last_stroke_match,6,15374,covered,5,15363,15509,5,True,inside_associated_span,0
detected_ckn_opencv_consensus/sset_01/tracknet-stride-8,13,6,last,15433,15404,15509,True,15454,2,5,4,no_gt_stroke_match,,,covered,5,15363,15509,5,True,inside_associated_span,0
detected_ckn_opencv_consensus/sset_01/tracknet-stride-8,14,7,first,15804,15729,15843,True,15809,2,5,4,no_gt_stroke_match,,,covered,6,15779,15970,6,True,inside_associated_span,0
detected_ckn_opencv_consensus/sset_01/tracknet-stride-8,15,7,last,15881,15843,15957,True,15873,4,5,4,no_gt_stroke_match,,,covered,6,15779,15970,6,True,inside_associated_span,0
detected_ckn_opencv_consensus/sset_01/tracknet-stride-8,16,8,first,16253,16178,16329,True,16257,3,5,4,first_last_stroke_match,8,16253,covered,7,16231,16834,7,True,inside_associated_span,0
detected_ckn_opencv_consensus/sset_01/tracknet-stride-8,17,8,last,16799,16724,16875,True,16801,2,5,4,first_last_stroke_match,8,16799,covered,7,16231,16834,7,True,inside_associated_span,0
detected_ckn_opencv_consensus/sset_01/tracknet-stride-8,18,9,first,17423,17348,17499,True,17425,3,5,4,first_last_stroke_match,9,17423,covered,8,17420,17663,8,True,inside_associated_span,0
detected_ckn_opencv_consensus/sset_01/tracknet-stride-8,19,9,last,17596,17521,17672,True,17601,3,5,4,no_gt_stroke_match,,,covered,8,17420,17663,8,True,inside_associated_span,0
detected_ckn_opencv_consensus/sset_01/tracknet-stride-8,20,10,first,17990,17915,18066,True,17985,3,5,4,no_gt_stroke_match,,,covered,9,17980,19135,9,True,inside_associated_span,0
detected_ckn_opencv_consensus/sset_01/tracknet-stride-8,21,10,last,19062,18987,19138,True,19057,4,5,4,no_gt_stroke_match,,,covered,9,17980,19135,9,True,inside_associated_span,0
detected_ckn_opencv_consensus/sset_01/tracknet-stride-8,22,11,first,19583,19508,19659,True,19587,2,5,4,first_last_stroke_match,11,19583,covered,10,19573,20543,10,True,inside_associated_span,0
detected_ckn_opencv_consensus/sset_01/tracknet-stride-8,23,11,last,20460,20385,20536,True,20462,5,5,4,first_last_stroke_match,11,20460,covered,10,19573,20543,10,True,inside_associated_span,0
detected_ckn_opencv_consensus/sset_01/tracknet-stride-8,24,12,first,21006,20931,21082,True,21020,4,5,4,other_gt_stroke_match,12,21024,covered,11,20951,22148,11,True,inside_associated_span,0
detected_ckn_opencv_consensus/sset_01/tracknet-stride-8,25,12,last,22080,22005,22156,True,22079,3,5,4,first_last_stroke_match,12,22080,covered,11,20951,22148,11,True,inside_associated_span,0
detected_ckn_opencv_consensus/sset_01/tracknet-stride-8,26,13,first,23058,22983,23134,True,23054,3,5,4,first_last_stroke_match,13,23058,covered,12,23053,23471,12,True,inside_associated_span,0
detected_ckn_opencv_consensus/sset_01/tracknet-stride-8,27,13,last,23412,23337,23488,True,23422,2,5,4,no_gt_stroke_match,,,covered,12,23053,23471,12,True,inside_associated_span,0
detected_ckn_opencv_consensus/sset_01/tracknet-stride-8,28,14,first,23852,23777,23928,True,23857,2,5,4,no_gt_stroke_match,,,covered,13,23820,24352,13,True,inside_associated_span,0
detected_ckn_opencv_consensus/sset_01/tracknet-stride-8,29,14,last,24312,24237,24388,True,24318,1,5,4,no_gt_stroke_match,,,covered,13,23820,24352,13,True,inside_associated_span,0
detected_ckn_opencv_consensus/sset_01/tracknet-stride-8,30,15,first,24978,24903,25054,True,24977,3,5,4,first_last_stroke_match,15,24978,covered,14,24975,26059,14,True,inside_associated_span,0
detected_ckn_opencv_consensus/sset_01/tracknet-stride-8,31,15,last,26031,25956,26107,True,26028,3,5,4,first_last_stroke_match,15,26031,covered,14,24975,26059,14,True,inside_associated_span,0
detected_ckn_opencv_consensus/sset_01/tracknet-stride-8,32,16,first,27399,27324,27475,True,27403,2,5,4,first_last_stroke_match,16,27399,covered,15,27393,27779,15,True,inside_associated_span,0
detected_ckn_opencv_consensus/sset_01/tracknet-stride-8,33,16,last,27728,27653,27804,True,27729,4,5,4,first_last_stroke_match,16,27728,covered,15,27393,27779,15,True,inside_associated_span,0
detected_ckn_opencv_consensus/sset_01/tracknet-stride-8,34,17,first,28235,28160,28311,True,28256,0,5,4,other_gt_stroke_match,17,28259,covered,16,28233,28747,16,True,inside_associated_span,0
detected_ckn_opencv_consensus/sset_01/tracknet-stride-8,35,17,last,28677,28602,28753,True,28680,3,5,4,first_last_stroke_match,17,28677,covered,16,28233,28747,16,True,inside_associated_span,0
detected_ckn_opencv_consensus/sset_01/tracknet-stride-8,36,18,first,29123,29048,29199,True,29150,1,5,4,no_gt_stroke_match,,,covered,17,29122,29316,17,True,inside_associated_span,0
detected_ckn_opencv_consensus/sset_01/tracknet-stride-8,37,18,last,29296,29221,29372,True,29295,3,5,4,first_last_stroke_match,18,29296,covered,17,29122,29316,17,True,inside_associated_span,0
detected_ckn_opencv_consensus/sset_01/tracknet-stride-8,38,19,first,31396,31321,31424,True,31393,1,5,4,first_last_stroke_match,19,31396,covered,18,31391,31503,18,True,inside_associated_span,0
detected_ckn_opencv_consensus/sset_01/tracknet-stride-8,39,19,last,31450,31424,31526,True,31448,2,5,4,first_last_stroke_match,19,31450,covered,18,31391,31503,18,True,inside_associated_span,0
detected_ckn_opencv_consensus/sset_01/tracknet-stride-8,40,20,first,31753,31678,31791,True,31758,1,5,4,other_gt_stroke_match,20,31759,covered,19,31751,31866,19,True,inside_associated_span,0
detected_ckn_opencv_consensus/sset_01/tracknet-stride-8,41,20,last,31828,31791,31904,True,31827,1,5,4,first_last_stroke_match,20,31828,covered,19,31751,31866,19,True,inside_associated_span,0
detected_ckn_opencv_consensus/sset_01/tracknet-stride-8,42,21,first,32365,32290,32441,True,32369,4,5,4,first_last_stroke_match,21,32365,covered,20,32340,32626,20,True,inside_associated_span,0
detected_ckn_opencv_consensus/sset_01/tracknet-stride-8,43,21,last,32568,32493,32644,True,32565,6,5,4,first_last_stroke_match,21,32568,covered,20,32340,32626,20,True,inside_associated_span,0
detected_ckn_opencv_consensus/sset_01/tracknet-stride-8,44,22,first,33026,32951,33102,True,33041,2,5,4,no_gt_stroke_match,,,covered,21,32908,33233,21,True,inside_associated_span,0
detected_ckn_opencv_consensus/sset_01/tracknet-stride-8,45,22,last,33176,33102,33252,True,33174,3,5,4,first_last_stroke_match,22,33176,covered,21,32908,33233,21,True,inside_associated_span,0
detected_ckn_opencv_consensus/sset_01/tracknet-stride-8,46,23,first,33608,33533,33684,True,33617,2,5,4,no_gt_stroke_match,,,covered,22,33607,34115,22,True,inside_associated_span,0
detected_ckn_opencv_consensus/sset_01/tracknet-stride-8,47,23,last,34053,33978,34129,True,34051,6,5,4,first_last_stroke_match,23,34053,covered,22,33607,34115,22,True,inside_associated_span,0
detected_ckn_opencv_consensus/sset_01/tracknet-stride-8,48,24,first,34896,34821,34972,True,34896,3,5,4,first_last_stroke_match,24,34896,covered,23,34895,35310,23,True,inside_associated_span,0
detected_ckn_opencv_consensus/sset_01/tracknet-stride-8,49,24,last,35242,35167,35318,True,35239,7,5,4,first_last_stroke_match,24,35242,covered,23,34895,35310,23,True,inside_associated_span,0
detected_ckn_opencv_consensus/sset_01/tracknet-stride-8,50,25,first,35812,35737,35888,True,35809,3,5,4,first_last_stroke_match,25,35812,covered,24,35757,36106,24,True,inside_associated_span,0
detected_ckn_opencv_consensus/sset_01/tracknet-stride-8,51,25,last,36048,35973,36124,True,36047,4,5,4,first_last_stroke_match,25,36048,covered,24,35757,36106,24,True,inside_associated_span,0
detected_ckn_opencv_consensus/sset_01/tracknet-stride-8,52,26,first,36562,36487,36638,True,36577,3,5,4,other_gt_stroke_match,26,36577,covered,25,36543,37783,25,True,inside_associated_span,0
detected_ckn_opencv_consensus/sset_01/tracknet-stride-8,53,26,last,37723,37648,37799,True,37721,4,5,4,first_last_stroke_match,26,37723,covered,25,36543,37783,25,True,inside_associated_span,0
detected_ckn_opencv_consensus/sset_01/tracknet-stride-8,54,27,first,38386,38311,38449,True,38385,3,5,4,first_last_stroke_match,27,38386,covered,26,38366,38540,26,True,inside_associated_span,0
detected_ckn_opencv_consensus/sset_01/tracknet-stride-8,55,27,last,38511,38449,38587,True,38508,2,5,4,first_last_stroke_match,27,38511,covered,26,38366,38540,26,True,inside_associated_span,0
detected_ckn_opencv_consensus/sset_01/tracknet-stride-8,56,28,first,39814,39739,39890,True,39806,3,5,4,no_gt_stroke_match,,,covered,27,39803,40188,27,True,inside_associated_span,0
detected_ckn_opencv_consensus/sset_01/tracknet-stride-8,57,28,last,40151,40076,40227,True,40150,3,5,4,first_last_stroke_match,28,40151,covered,27,39803,40188,27,True,inside_associated_span,0
detected_ckn_opencv_consensus/sset_01/tracknet-stride-8,58,29,first,40613,40538,40689,True,40609,4,5,4,first_last_stroke_match,29,40613,covered,28,40542,41249,28,True,inside_associated_span,0
detected_ckn_opencv_consensus/sset_01/tracknet-stride-8,59,29,last,41214,41139,41290,True,41217,3,5,4,first_last_stroke_match,29,41214,covered,28,40542,41249,28,True,inside_associated_span,0
detected_ckn_opencv_consensus/sset_01/tracknet-stride-8,60,30,first,41738,41663,41764,False,,0,5,4,no_candidate,,,missed,,,,,,no_candidate,
detected_ckn_opencv_consensus/sset_01/tracknet-stride-8,61,30,last,41788,41764,41864,False,,0,5,4,no_candidate,,,missed,,,,,,no_candidate,
detected_ckn_opencv_consensus/sset_01/tracknet-stride-8,62,31,first,42221,42146,42297,True,42238,1,5,4,other_gt_stroke_match,31,42240,covered,29,42215,43119,29,True,inside_associated_span,0
detected_ckn_opencv_consensus/sset_01/tracknet-stride-8,63,31,last,42423,42348,42499,True,42411,2,5,4,other_gt_stroke_match,31,42412,covered,29,42215,43119,29,True,inside_associated_span,0
detected_ckn_opencv_consensus/sset_01/tracknet-stride-8,64,32,first,42797,42722,42873,True,42798,5,5,4,first_last_stroke_match,32,42797,covered,29,42215,43119,29,True,inside_associated_span,0
detected_ckn_opencv_consensus/sset_01/tracknet-stride-8,65,32,last,43079,43004,43155,True,43078,1,5,4,first_last_stroke_match,32,43079,covered,29,42215,43119,29,True,inside_associated_span,0
detected_ckn_opencv_consensus/sset_01/tracknet-stride-8,66,33,first,43701,43626,43743,True,43697,1,5,4,first_last_stroke_match,33,43701,covered,30,43664,43831,30,True,inside_associated_span,0
detected_ckn_opencv_consensus/sset_01/tracknet-stride-8,67,33,last,43783,43743,43859,True,43781,3,5,4,first_last_stroke_match,33,43783,covered,30,43664,43831,30,True,inside_associated_span,0
detected_ckn_opencv_consensus/sset_01/tracknet-stride-8,68,34,first,44111,44036,44125,True,44109,0,5,4,first_last_stroke_match,34,44111,covered,31,44108,44249,31,True,inside_associated_span,0
detected_ckn_opencv_consensus/sset_01/tracknet-stride-8,69,34,last,44137,44125,44213,True,44135,2,5,4,first_last_stroke_match,34,44137,covered,31,44108,44249,31,True,inside_associated_span,0
detected_ckn_opencv_consensus/sset_01/tracknet-stride-8,70,35,first,44411,44336,44487,True,44411,3,5,4,first_last_stroke_match,35,44411,covered,32,44396,44855,32,True,inside_associated_span,0
detected_ckn_opencv_consensus/sset_01/tracknet-stride-8,71,35,last,44774,44699,44850,True,44773,3,5,4,first_last_stroke_match,35,44774,covered,32,44396,44855,32,True,inside_associated_span,0
detected_ckn_opencv_consensus/sset_01/tracknet-stride-8,72,36,first,48521,48446,48555,True,48526,4,5,4,other_gt_stroke_match,36,48529,covered,33,48267,48634,33,True,inside_associated_span,0
detected_ckn_opencv_consensus/sset_01/tracknet-stride-8,73,36,last,48587,48555,48663,True,48583,1,5,4,first_last_stroke_match,36,48587,covered,33,48267,48634,33,True,inside_associated_span,0
detected_ckn_opencv_consensus/sset_01/tracknet-stride-8,74,37,first,48966,48891,49025,True,48993,1,5,4,no_gt_stroke_match,,,covered,34,48955,49122,34,True,inside_associated_span,0
detected_ckn_opencv_consensus/sset_01/tracknet-stride-8,75,37,last,49083,49025,49159,True,49089,3,5,4,no_gt_stroke_match,,,covered,34,48955,49122,34,True,inside_associated_span,0
detected_ckn_opencv_consensus/sset_01/tracknet-stride-8,76,38,first,49590,49515,49634,True,49585,1,5,4,no_gt_stroke_match,,,covered,35,49578,49745,35,True,inside_associated_span,0
detected_ckn_opencv_consensus/sset_01/tracknet-stride-8,77,38,last,49676,49634,49752,True,49674,3,5,4,first_last_stroke_match,38,49676,covered,35,49578,49745,35,True,inside_associated_span,0
detected_ckn_opencv_consensus/sset_01/tracknet-stride-8,78,39,first,50030,49955,50039,True,50030,2,5,4,first_last_stroke_match,39,50030,covered,36,50014,50117,36,True,inside_associated_span,0
detected_ckn_opencv_consensus/sset_01/tracknet-stride-8,79,39,last,50046,50039,50122,True,50062,2,5,4,no_gt_stroke_match,,,covered,36,50014,50117,36,True,inside_associated_span,0
detected_ckn_opencv_consensus/sset_01/tracknet-stride-8,80,40,first,50322,50247,50343,True,50321,1,5,4,first_last_stroke_match,40,50322,covered,37,50295,50410,37,True,inside_associated_span,0
detected_ckn_opencv_consensus/sset_01/tracknet-stride-8,81,40,last,50362,50343,50438,True,50366,2,5,4,first_last_stroke_match,40,50362,covered,37,50295,50410,37,True,inside_associated_span,0
detected_ckn_opencv_consensus/sset_01/tracknet-stride-8,82,41,first,50752,50677,50818,True,50755,2,5,4,first_last_stroke_match,41,50752,covered,38,50683,50945,38,True,inside_associated_span,0
detected_ckn_opencv_consensus/sset_01/tracknet-stride-8,83,41,last,50883,50818,50959,True,50881,3,5,4,first_last_stroke_match,41,50883,covered,38,50683,50945,38,True,inside_associated_span,0
detected_ckn_opencv_consensus/sset_01/tracknet-stride-8,84,42,first,51285,51210,51361,True,51297,2,5,4,other_gt_stroke_match,42,51298,covered,39,51273,51720,39,True,inside_associated_span,0
detected_ckn_opencv_consensus/sset_01/tracknet-stride-8,85,42,last,51690,51615,51766,True,51694,5,5,4,first_last_stroke_match,42,51690,covered,39,51273,51720,39,True,inside_associated_span,0
detected_ckn_opencv_consensus/sset_01/tracknet-stride-8,86,43,first,52449,52374,52525,True,52465,2,5,4,no_gt_stroke_match,,,covered,40,52398,52521,40,True,inside_associated_span,0
detected_ckn_opencv_consensus/sset_01/tracknet-stride-8,87,44,first,52842,52767,52918,True,52833,3,5,4,no_gt_stroke_match,,,covered,41,52732,53732,41,True,inside_associated_span,0
detected_ckn_opencv_consensus/sset_01/tracknet-stride-8,88,44,last,53674,53599,53750,True,53681,3,5,4,no_gt_stroke_match,,,covered,41,52732,53732,41,True,inside_associated_span,0
detected_ckn_opencv_consensus/sset_01/tracknet-stride-8,89,45,first,55100,55025,55176,True,55091,3,5,4,no_gt_stroke_match,,,covered,42,55065,55462,42,True,inside_associated_span,0
detected_ckn_opencv_consensus/sset_01/tracknet-stride-8,90,45,last,55391,55316,55467,True,55388,4,5,4,first_last_stroke_match,45,55391,covered,42,55065,55462,42,True,inside_associated_span,0
detected_ckn_opencv_consensus/sset_01/tracknet-stride-8,91,46,first,55912,55837,55988,True,55915,2,5,4,first_last_stroke_match,46,55912,split,,,,44,,no_associated_span,
detected_ckn_opencv_consensus/sset_01/tracknet-stride-8,92,46,last,56351,56276,56427,True,56337,4,5,4,other_gt_stroke_match,46,56333,split,,,,44,,no_associated_span,
detected_ckn_opencv_consensus/sset_01/tracknet-stride-8,93,47,first,56790,56715,56866,True,56785,2,5,4,no_gt_stroke_match,,,covered,45,56784,57209,45,True,inside_associated_span,0
detected_ckn_opencv_consensus/sset_01/tracknet-stride-8,94,47,last,57155,57080,57231,True,57150,5,5,4,no_gt_stroke_match,,,covered,45,56784,57209,45,True,inside_associated_span,0
detected_ckn_opencv_consensus/sset_01/tracknet-stride-8,95,48,first,57990,57915,58049,True,57985,3,5,4,no_gt_stroke_match,,,covered,46,57943,58147,46,True,inside_associated_span,0
detected_ckn_opencv_consensus/sset_01/tracknet-stride-8,96,48,last,58107,58049,58183,True,58110,2,5,4,first_last_stroke_match,48,58107,covered,46,57943,58147,46,True,inside_associated_span,0
detected_ckn_opencv_consensus/sset_01/tracknet-stride-8,97,49,first,58820,58745,58896,True,58813,4,5,4,no_gt_stroke_match,,,covered,47,58783,59031,47,True,inside_associated_span,0
detected_ckn_opencv_consensus/sset_01/tracknet-stride-8,98,49,last,58976,58901,59052,True,58974,4,5,4,first_last_stroke_match,49,58976,covered,47,58783,59031,47,True,inside_associated_span,0
detected_ckn_opencv_consensus/sset_01/tracknet-stride-8,99,50,first,59395,59320,59471,True,59406,2,5,4,other_gt_stroke_match,50,59410,covered,48,59266,59643,48,True,inside_associated_span,0
detected_ckn_opencv_consensus/sset_01/tracknet-stride-8,100,50,last,59565,59490,59641,True,59563,5,5,4,first_last_stroke_match,50,59565,covered,48,59266,59643,48,True,inside_associated_span,0
detected_ckn_opencv_consensus/sset_01/tracknet-stride-8,101,51,first,59963,59888,60039,True,59961,3,5,4,first_last_stroke_match,51,59963,covered,49,59958,60295,49,True,inside_associated_span,0
detected_ckn_opencv_consensus/sset_01/tracknet-stride-8,102,51,last,60235,60160,60311,True,60257,3,5,4,no_gt_stroke_match,,,covered,49,59958,60295,49,True,inside_associated_span,0
detected_ckn_opencv_consensus/sset_01/tracknet-stride-8,103,52,first,60652,60577,60728,False,,0,5,4,no_candidate,,,missed,,,,,,no_candidate,
detected_ckn_opencv_consensus/sset_01/tracknet-stride-8,104,52,last,60803,60728,60879,False,,0,5,4,no_candidate,,,missed,,,,,,no_candidate,
detected_ckn_opencv_consensus/sset_01/tracknet-stride-8,105,53,first,62748,62673,62824,True,62738,3,5,4,no_gt_stroke_match,,,covered,50,62713,63117,50,True,inside_associated_span,0
detected_ckn_opencv_consensus/sset_01/tracknet-stride-8,106,53,last,63027,62952,63103,True,63024,3,5,4,first_last_stroke_match,53,63027,covered,50,62713,63117,50,True,inside_associated_span,0
detected_ckn_opencv_consensus/sset_01/tracknet-stride-8,107,54,first,63753,63678,63829,True,63745,3,5,4,no_gt_stroke_match,,,covered,51,63694,64270,51,True,inside_associated_span,0
detected_ckn_opencv_consensus/sset_01/tracknet-stride-8,108,54,last,64221,64146,64297,True,64225,3,5,4,first_last_stroke_match,54,64221,covered,51,63694,64270,51,True,inside_associated_span,0
detected_ckn_opencv_consensus/sset_01/tracknet-stride-8,109,55,first,64711,64636,64736,True,64705,0,5,4,no_gt_stroke_match,,,covered,52,64495,65519,52,True,inside_associated_span,0
detected_ckn_opencv_consensus/sset_01/tracknet-stride-8,110,55,last,64759,64736,64835,True,64764,1,5,4,no_gt_stroke_match,,,covered,52,64495,65519,52,True,inside_associated_span,0
detected_ckn_opencv_consensus/sset_01/tracknet-stride-8,111,56,first,65242,65167,65318,True,65233,3,5,4,no_gt_stroke_match,,,covered,52,64495,65519,52,True,inside_associated_span,0
detected_ckn_opencv_consensus/sset_01/tracknet-stride-8,112,56,last,65464,65389,65540,True,65470,5,5,4,no_gt_stroke_match,,,covered,52,64495,65519,52,True,inside_associated_span,0
detected_ckn_opencv_consensus/sset_01/tracknet-stride-8,113,57,first,66019,65944,66095,True,66030,4,5,4,no_gt_stroke_match,,,covered,53,65969,66309,53,True,inside_associated_span,0
detected_ckn_opencv_consensus/sset_01/tracknet-stride-8,114,57,last,66256,66181,66332,True,66257,2,5,4,first_last_stroke_match,57,66256,covered,53,65969,66309,53,True,inside_associated_span,0
detected_ckn_opencv_consensus/sset_01/tracknet-stride-8,115,58,first,66724,66649,66800,True,66737,2,5,4,other_gt_stroke_match,58,66740,covered,54,66711,66946,54,True,inside_associated_span,0
detected_ckn_opencv_consensus/sset_01/tracknet-stride-8,116,58,last,66917,66842,66993,True,66942,2,5,4,no_gt_stroke_match,,,covered,54,66711,66946,54,True,inside_associated_span,0
detected_ckn_opencv_consensus/sset_01/tracknet-stride-8,117,59,first,67619,67544,67695,True,67617,2,5,4,first_last_stroke_match,59,67619,covered,55,67608,68723,55,True,inside_associated_span,0
detected_ckn_opencv_consensus/sset_01/tracknet-stride-8,118,59,last,68667,68592,68743,True,68674,4,5,4,no_gt_stroke_match,,,covered,55,67608,68723,55,True,inside_associated_span,0
detected_ckn_opencv_consensus/sset_01/tracknet-stride-8,119,60,first,70177,70102,70253,True,70225,1,5,4,no_gt_stroke_match,,,covered,56,70144,70990,56,True,inside_associated_span,0
detected_ckn_opencv_consensus/sset_01/tracknet-stride-8,120,60,last,70951,70876,71027,True,70966,3,5,4,no_gt_stroke_match,,,covered,56,70144,70990,56,True,inside_associated_span,0
detected_ckn_opencv_consensus/sset_01/tracknet-stride-8,121,61,first,71547,71472,71599,True,71537,2,5,4,no_gt_stroke_match,,,covered,57,71534,71739,57,True,inside_associated_span,0
detected_ckn_opencv_consensus/sset_01/tracknet-stride-8,122,61,last,71649,71599,71725,True,71648,3,5,4,first_last_stroke_match,61,71649,covered,57,71534,71739,57,True,inside_associated_span,0
detected_ckn_opencv_consensus/sset_01/tracknet-stride-8,123,62,first,72066,71991,72137,True,72065,3,5,4,first_last_stroke_match,62,72066,covered,58,72015,72307,58,True,inside_associated_span,0
detected_ckn_opencv_consensus/sset_01/tracknet-stride-8,124,62,last,72206,72137,72282,True,72206,3,5,4,first_last_stroke_match,62,72206,covered,58,72015,72307,58,True,inside_associated_span,0
detected_ckn_opencv_consensus/sset_01/tracknet-stride-8,125,63,first,72885,72810,72961,True,72901,4,5,4,other_gt_stroke_match,63,72904,covered,59,72825,73909,59,True,inside_associated_span,0
detected_ckn_opencv_consensus/sset_01/tracknet-stride-8,126,63,last,73832,73757,73908,True,73841,4,5,4,no_gt_stroke_match,,,covered,59,72825,73909,59,True,inside_associated_span,0
detected_ckn_opencv_consensus/sset_01/tracknet-stride-8,127,64,first,74519,74444,74560,True,74513,1,5,4,no_gt_stroke_match,,,covered,60,74275,74667,60,True,inside_associated_span,0
detected_ckn_opencv_consensus/sset_01/tracknet-stride-8,128,64,last,74599,74560,74675,True,74594,5,5,4,no_gt_stroke_match,,,covered,60,74275,74667,60,True,inside_associated_span,0
detected_ckn_opencv_consensus/sset_01/tracknet-stride-8,129,65,first,75057,74982,75133,True,75057,3,5,4,first_last_stroke_match,65,75057,covered,61,75051,75639,61,True,inside_associated_span,0
detected_ckn_opencv_consensus/sset_01/tracknet-stride-8,130,65,last,75587,75512,75663,True,75584,3,5,4,first_last_stroke_match,65,75587,covered,61,75051,75639,61,True,inside_associated_span,0
detected_ckn_opencv_consensus/sset_01/tracknet-stride-8,131,66,first,76925,76850,77001,True,76918,3,5,4,no_gt_stroke_match,,,covered,62,76916,77152,62,True,inside_associated_span,0
detected_ckn_opencv_consensus/sset_01/tracknet-stride-8,132,66,last,77075,77001,77151,True,77089,4,5,4,no_gt_stroke_match,,,covered,62,76916,77152,62,True,inside_associated_span,0
detected_ckn_opencv_consensus/sset_01/tracknet-stride-8,133,67,first,77788,77713,77832,True,77777,2,5,4,no_gt_stroke_match,,,covered,63,77745,77934,63,True,inside_associated_span,0
detected_ckn_opencv_consensus/sset_01/tracknet-stride-8,134,67,last,77874,77832,77950,True,77905,1,5,4,no_gt_stroke_match,,,covered,63,77745,77934,63,True,inside_associated_span,0
detected_ckn_opencv_consensus/sset_01/tracknet-stride-8,135,68,first,78226,78151,78302,True,78222,3,5,4,first_last_stroke_match,68,78226,covered,64,78221,78784,64,True,inside_associated_span,0
detected_ckn_opencv_consensus/sset_01/tracknet-stride-8,136,68,last,78703,78628,78779,True,78702,5,5,4,first_last_stroke_match,68,78703,covered,64,78221,78784,64,True,inside_associated_span,0
detected_ckn_opencv_consensus/sset_01/tracknet-stride-8,137,69,first,79832,79757,79908,True,79825,4,5,4,no_gt_stroke_match,,,covered,65,79771,80612,65,True,inside_associated_span,0
detected_ckn_opencv_consensus/sset_01/tracknet-stride-8,138,69,last,80536,80461,80612,True,80535,4,5,4,first_last_stroke_match,69,80536,covered,65,79771,80612,65,True,inside_associated_span,0
detected_ckn_opencv_consensus/sset_01/tracknet-stride-8,139,70,first,82419,82344,82455,True,82406,3,5,4,no_gt_stroke_match,,,covered,66,82375,82520,66,True,inside_associated_span,0
detected_ckn_opencv_consensus/sset_01/tracknet-stride-8,140,70,last,82490,82455,82566,True,82494,1,5,4,first_last_stroke_match,70,82490,covered,66,82375,82520,66,True,inside_associated_span,0
detected_ckn_opencv_consensus/sset_01/tracknet-stride-8,141,71,first,83857,83782,83933,True,83857,4,5,4,first_last_stroke_match,71,83857,covered,67,83791,84718,67,True,inside_associated_span,0
detected_ckn_opencv_consensus/sset_01/tracknet-stride-8,142,71,last,84660,84585,84736,True,84660,3,5,4,first_last_stroke_match,71,84660,covered,67,83791,84718,67,True,inside_associated_span,0
detected_ckn_opencv_consensus/sset_01/tracknet-stride-8,143,72,first,85859,85784,85935,True,85857,3,5,4,first_last_stroke_match,72,85859,covered,68,85799,86215,68,True,inside_associated_span,0
detected_ckn_opencv_consensus/sset_01/tracknet-stride-8,144,72,last,86167,86092,86243,True,86149,4,5,4,other_gt_stroke_match,72,86152,covered,68,85799,86215,68,True,inside_associated_span,0
detected_ckn_opencv_consensus/sset_01/tracknet-stride-8,145,73,first,87211,87136,87287,True,87201,3,5,4,no_gt_stroke_match,,,covered,69,87095,87559,69,True,inside_associated_span,0
detected_ckn_opencv_consensus/sset_01/tracknet-stride-8,146,73,last,87507,87432,87583,True,87490,2,5,4,other_gt_stroke_match,73,87493,covered,69,87095,87559,69,True,inside_associated_span,0
detected_ckn_opencv_consensus/sset_01/tracknet-stride-8,147,74,first,91191,91116,91231,True,91185,3,5,4,no_gt_stroke_match,,,covered,70,91156,91305,70,True,inside_associated_span,0
detected_ckn_opencv_consensus/sset_01/tracknet-stride-8,148,74,last,91270,91231,91346,True,91249,0,5,4,other_gt_stroke_match,74,91251,covered,70,91156,91305,70,True,inside_associated_span,0
detected_ckn_opencv_consensus/sset_01/tracknet-stride-8,149,75,first,91658,91583,91734,True,91657,2,5,4,first_last_stroke_match,75,91658,covered,71,91655,92013,71,True,inside_associated_span,0
detected_ckn_opencv_consensus/sset_01/tracknet-stride-8,150,75,last,91960,91885,92036,True,91957,5,5,4,first_last_stroke_match,75,91960,covered,71,91655,92013,71,True,inside_associated_span,0
detected_ckn_opencv_consensus/sset_01/tracknet-stride-8,151,76,first,92752,92677,92828,True,92750,4,5,4,first_last_stroke_match,76,92752,covered,72,92723,93152,72,True,inside_associated_span,0
detected_ckn_opencv_consensus/sset_01/tracknet-stride-8,152,76,last,93083,93008,93159,True,93081,6,5,4,first_last_stroke_match,76,93083,covered,72,92723,93152,72,True,inside_associated_span,0
detected_ckn_opencv_consensus/sset_01/tracknet-stride-8,153,77,first,93607,93532,93683,True,93601,4,5,4,no_gt_stroke_match,,,covered,73,93543,93923,73,True,inside_associated_span,0
detected_ckn_opencv_consensus/sset_01/tracknet-stride-8,154,77,last,93887,93812,93963,True,93889,3,5,4,first_last_stroke_match,77,93887,covered,73,93543,93923,73,True,inside_associated_span,0
detected_ckn_opencv_consensus/sset_01/tracknet-stride-8,155,78,first,94855,94780,94931,True,94849,3,5,4,no_gt_stroke_match,,,covered,74,94814,95113,74,True,inside_associated_span,0
detected_ckn_opencv_consensus/sset_01/tracknet-stride-8,156,78,last,95062,94987,95138,True,95045,4,5,4,other_gt_stroke_match,78,95045,covered,74,94814,95113,74,True,inside_associated_span,0
detected_ckn_opencv_consensus/sset_01/tracknet-stride-8,157,79,first,95807,95732,95883,True,95809,3,5,4,first_last_stroke_match,79,95807,covered,75,95797,97586,75,True,inside_associated_span,0
detected_ckn_opencv_consensus/sset_01/tracknet-stride-8,158,79,last,96574,96499,96650,True,96571,3,5,4,first_last_stroke_match,79,96574,covered,75,95797,97586,75,True,inside_associated_span,0
detected_ckn_opencv_consensus/sset_01/tracknet-stride-8,159,80,first,97194,97119,97270,True,97185,2,5,4,no_gt_stroke_match,,,covered,75,95797,97586,75,True,inside_associated_span,0
detected_ckn_opencv_consensus/sset_01/tracknet-stride-8,160,80,last,97530,97455,97606,True,97518,4,5,4,no_gt_stroke_match,,,covered,75,95797,97586,75,True,inside_associated_span,0
detected_ckn_opencv_consensus/sset_01/tracknet-stride-8,161,81,first,98066,97991,98142,True,98065,2,5,4,first_last_stroke_match,81,98066,covered,76,98062,98485,76,True,inside_associated_span,0
detected_ckn_opencv_consensus/sset_01/tracknet-stride-8,162,81,last,98394,98319,98470,True,98394,4,5,4,first_last_stroke_match,81,98394,covered,76,98062,98485,76,True,inside_associated_span,0
detected_ckn_opencv_consensus/sset_01/tracknet-stride-8,163,82,first,99927,99852,100003,True,99921,3,5,4,no_gt_stroke_match,,,covered,77,99919,100368,77,True,inside_associated_span,0
detected_ckn_opencv_consensus/sset_01/tracknet-stride-8,164,82,last,100321,100246,100397,True,100321,4,5,4,first_last_stroke_match,82,100321,covered,77,99919,100368,77,True,inside_associated_span,0
detected_ckn_opencv_consensus/sset_01/tracknet-stride-8,165,83,first,101556,101481,101632,True,101552,3,5,4,first_last_stroke_match,83,101556,covered,78,101498,102121,78,True,inside_associated_span,0
detected_ckn_opencv_consensus/sset_01/tracknet-stride-8,166,83,last,102070,101995,102146,True,102065,6,5,4,no_gt_stroke_match,,,covered,78,101498,102121,78,True,inside_associated_span,0
detected_ckn_opencv_consensus/sset_01/tracknet-stride-8,167,84,first,103066,102991,103142,True,103070,3,5,4,first_last_stroke_match,84,103066,covered,79,103030,103402,79,True,inside_associated_span,0
detected_ckn_opencv_consensus/sset_01/tracknet-stride-8,168,84,last,103366,103291,103442,True,103390,2,5,4,no_gt_stroke_match,,,covered,79,103030,103402,79,True,inside_associated_span,0
detected_ckn_opencv_consensus/sset_01/tracknet-stride-8,169,85,first,103933,103858,103992,True,103929,2,5,4,first_last_stroke_match,85,103933,covered,80,103927,104100,80,True,inside_associated_span,0
detected_ckn_opencv_consensus/sset_01/tracknet-stride-8,170,85,last,104050,103992,104126,True,104046,4,5,4,first_last_stroke_match,85,104050,covered,80,103927,104100,80,True,inside_associated_span,0
detected_ckn_opencv_consensus/sset_01/tracknet-stride-8,171,86,first,104518,104443,104562,True,104542,0,5,4,other_gt_stroke_match,86,104543,covered,81,104516,104686,81,True,inside_associated_span,0
detected_ckn_opencv_consensus/sset_01/tracknet-stride-8,172,86,last,104605,104562,104681,True,104606,6,5,4,first_last_stroke_match,86,104605,covered,81,104516,104686,81,True,inside_associated_span,0
detected_ckn_opencv_consensus/sset_01/tracknet-stride-8,173,87,first,105331,105256,105407,True,105345,2,5,4,other_gt_stroke_match,87,105348,covered,82,105291,105650,82,True,inside_associated_span,0
detected_ckn_opencv_consensus/sset_01/tracknet-stride-8,174,87,last,105594,105519,105670,True,105598,6,5,4,first_last_stroke_match,87,105594,covered,82,105291,105650,82,True,inside_associated_span,0
detected_ckn_opencv_consensus/sset_01/tracknet-stride-8,175,88,first,106526,106451,106538,True,106525,0,5,4,first_last_stroke_match,88,106526,covered,83,106524,106597,83,True,inside_associated_span,0
detected_ckn_opencv_consensus/sset_01/tracknet-stride-8,176,88,last,106548,106538,106624,True,106545,1,5,4,first_last_stroke_match,88,106548,covered,83,106524,106597,83,True,inside_associated_span,0
detected_ckn_opencv_consensus/sset_01/tracknet-stride-8,177,89,first,106902,106827,106978,True,106905,4,5,4,first_last_stroke_match,89,106902,covered,84,106732,107166,84,True,inside_associated_span,0
detected_ckn_opencv_consensus/sset_01/tracknet-stride-8,178,89,last,107158,107083,107234,True,107153,2,5,4,no_gt_stroke_match,,,covered,84,106732,107166,84,True,inside_associated_span,0
detected_ckn_opencv_consensus/sset_01/tracknet-stride-8,179,90,first,107587,107512,107663,True,107585,2,5,4,first_last_stroke_match,90,107587,covered,85,107583,107960,85,True,inside_associated_span,0
detected_ckn_opencv_consensus/sset_01/tracknet-stride-8,180,90,last,107852,107777,107928,True,107849,4,5,4,first_last_stroke_match,90,107852,covered,85,107583,107960,85,True,inside_associated_span,0
detected_ckn_opencv_consensus/sset_01/tracknet-stride-8,181,91,first,108317,108242,108328,True,108308,0,5,4,no_gt_stroke_match,,,covered,86,108307,108391,86,True,inside_associated_span,0
detected_ckn_opencv_consensus/sset_01/tracknet-stride-8,182,91,last,108337,108328,108413,True,108334,2,5,4,first_last_stroke_match,91,108337,covered,86,108307,108391,86,True,inside_associated_span,0
detected_ckn_opencv_consensus/sset_01/tracknet-stride-8,183,92,first,108888,108813,108964,True,108897,2,5,4,no_gt_stroke_match,,,covered,87,108832,109831,87,True,inside_associated_span,0
detected_ckn_opencv_consensus/sset_01/tracknet-stride-8,184,92,last,109792,109717,109868,True,109790,2,5,4,first_last_stroke_match,92,109792,covered,87,108832,109831,87,True,inside_associated_span,0
detected_ckn_opencv_consensus/sset_01/tracknet-stride-8,185,93,first,110483,110408,110559,True,110481,2,5,4,first_last_stroke_match,93,110483,covered,88,110479,110859,88,True,inside_associated_span,0
detected_ckn_opencv_consensus/sset_01/tracknet-stride-8,186,93,last,110790,110715,110866,True,110801,3,5,4,no_gt_stroke_match,,,covered,88,110479,110859,88,True,inside_associated_span,0
detected_ckn_opencv_consensus/sset_01/tracknet-stride-8,187,94,first,113075,113000,113151,True,113073,3,5,4,first_last_stroke_match,94,113075,covered,89,112839,113416,89,True,inside_associated_span,0
detected_ckn_opencv_consensus/sset_01/tracknet-stride-8,188,94,last,113397,113322,113473,True,113390,4,5,4,no_gt_stroke_match,,,covered,89,112839,113416,89,True,inside_associated_span,0
detected_ckn_opencv_consensus/sset_01/tracknet-stride-8,189,95,first,113940,113865,114016,True,113933,2,5,4,no_gt_stroke_match,,,covered,90,113907,114455,90,True,inside_associated_span,0
detected_ckn_opencv_consensus/sset_01/tracknet-stride-8,190,95,last,114408,114333,114484,True,114398,3,5,4,no_gt_stroke_match,,,covered,90,113907,114455,90,True,inside_associated_span,0
detected_ckn_opencv_consensus/sset_01/tracknet-stride-8,191,96,first,114993,114918,115069,True,115006,3,5,4,other_gt_stroke_match,96,115009,covered,91,114955,115543,91,True,inside_associated_span,0
detected_ckn_opencv_consensus/sset_01/tracknet-stride-8,192,96,last,115491,115416,115567,True,115505,3,5,4,no_gt_stroke_match,,,covered,91,114955,115543,91,True,inside_associated_span,0
detected_ckn_opencv_consensus/sset_01/tracknet-stride-8,193,97,first,116220,116145,116262,True,116225,1,5,4,no_gt_stroke_match,,,covered,92,116195,116354,92,True,inside_associated_span,0
detected_ckn_opencv_consensus/sset_01/tracknet-stride-8,194,97,last,116302,116262,116378,True,116300,3,5,4,first_last_stroke_match,97,116302,covered,92,116195,116354,92,True,inside_associated_span,0
detected_ckn_opencv_consensus/sset_01/tracknet-stride-8,195,98,first,116775,116700,116851,True,116769,3,5,4,no_gt_stroke_match,,,covered,93,116765,117402,93,True,inside_associated_span,0
detected_ckn_opencv_consensus/sset_01/tracknet-stride-8,196,98,last,117327,117252,117403,True,117326,4,5,4,first_last_stroke_match,98,117327,covered,93,116765,117402,93,True,inside_associated_span,0
detected_ckn_opencv_consensus/sset_01/tracknet-stride-8,197,99,first,118904,118829,118980,True,118916,2,5,4,other_gt_stroke_match,99,118918,covered,94,118894,119985,94,True,inside_associated_span,0
detected_ckn_opencv_consensus/sset_01/tracknet-stride-8,198,99,last,119953,119878,120029,True,119953,3,5,4,first_last_stroke_match,99,119953,covered,94,118894,119985,94,True,inside_associated_span,0
detected_ckn_opencv_consensus/sset_01/tracknet-stride-8,199,100,first,121539,121464,121615,True,121537,2,5,4,first_last_stroke_match,100,121539,covered,95,121513,121815,95,True,inside_associated_span,0
detected_ckn_opencv_consensus/sset_01/tracknet-stride-8,200,100,last,121742,121667,121818,True,121739,4,5,4,first_last_stroke_match,100,121742,covered,95,121513,121815,95,True,inside_associated_span,0
detected_ckn_opencv_consensus/sset_01/tracknet-stride-8,201,101,first,122326,122251,122394,True,122338,2,5,4,other_gt_stroke_match,101,122339,covered,96,122311,122516,96,True,inside_associated_span,0
detected_ckn_opencv_consensus/sset_01/tracknet-stride-8,202,101,last,122461,122394,122537,True,122462,2,5,4,first_last_stroke_match,101,122461,covered,96,122311,122516,96,True,inside_associated_span,0
detected_ckn_opencv_consensus/sset_01/tracknet-stride-8,203,102,first,122926,122851,123002,True,122920,2,5,4,no_gt_stroke_match,,,covered,97,122916,123206,97,True,inside_associated_span,0
detected_ckn_opencv_consensus/sset_01/tracknet-stride-8,204,102,last,123137,123062,123213,True,123134,2,5,4,first_last_stroke_match,102,123137,covered,97,122916,123206,97,True,inside_associated_span,0
detected_ckn_opencv_consensus/sset_01/tracknet-stride-8,205,103,first,124755,124680,124831,True,124753,3,5,4,first_last_stroke_match,103,124755,covered,98,124685,125271,98,True,inside_associated_span,0
detected_ckn_opencv_consensus/sset_01/tracknet-stride-8,206,103,last,125197,125122,125273,True,125217,2,5,4,no_gt_stroke_match,,,covered,98,124685,125271,98,True,inside_associated_span,0
detected_ckn_opencv_consensus/sset_01/tracknet-stride-8,207,104,first,125913,125838,125989,True,125912,3,5,4,first_last_stroke_match,104,125913,covered,99,125884,126873,99,True,inside_associated_span,0
detected_ckn_opencv_consensus/sset_01/tracknet-stride-8,208,104,last,126816,126741,126892,True,126814,3,5,4,first_last_stroke_match,104,126816,covered,99,125884,126873,99,True,inside_associated_span,0
detected_ckn_opencv_consensus/sset_01/tracknet-stride-8,209,105,first,127853,127778,127929,True,127863,4,5,4,no_gt_stroke_match,,,covered,100,127770,128177,100,True,inside_associated_span,0
detected_ckn_opencv_consensus/sset_01/tracknet-stride-8,210,105,last,128083,128008,128159,True,128081,6,5,4,first_last_stroke_match,105,128083,covered,100,127770,128177,100,True,inside_associated_span,0
detected_ckn_opencv_consensus/sset_01/tracknet-stride-8,211,106,first,128771,128696,128841,True,128766,2,5,4,no_gt_stroke_match,,,covered,101,128543,128959,101,True,inside_associated_span,0
detected_ckn_opencv_consensus/sset_01/tracknet-stride-8,212,106,last,128910,128841,128986,True,128909,4,5,4,first_last_stroke_match,106,128910,covered,101,128543,128959,101,True,inside_associated_span,0
detected_ckn_opencv_consensus/sset_01/tracknet-stride-8,213,107,first,129575,129500,129630,True,129569,2,5,4,no_gt_stroke_match,,,covered,102,129523,129746,102,True,inside_associated_span,0
detected_ckn_opencv_consensus/sset_01/tracknet-stride-8,214,107,last,129683,129630,129759,True,129697,2,5,4,no_gt_stroke_match,,,covered,102,129523,129746,102,True,inside_associated_span,0
detected_ckn_opencv_consensus/sset_01/tracknet-stride-8,215,108,first,131247,131172,131323,True,131249,2,5,4,first_last_stroke_match,108,131247,covered,103,131034,131789,103,True,inside_associated_span,0
detected_ckn_opencv_consensus/sset_01/tracknet-stride-8,216,108,last,131758,131683,131834,True,131758,4,5,4,first_last_stroke_match,108,131758,covered,103,131034,131789,103,True,inside_associated_span,0
detected_ckn_opencv_consensus/sset_01/tracknet-stride-8,217,109,first,132577,132502,132584,True,132558,3,5,4,no_gt_stroke_match,,,covered,104,132505,132674,104,True,inside_associated_span,0
detected_ckn_opencv_consensus/sset_01/tracknet-stride-8,218,109,last,132590,132584,132666,True,132587,2,5,4,first_last_stroke_match,109,132590,covered,104,132505,132674,104,True,inside_associated_span,0
detected_ckn_opencv_consensus/sset_01/tracknet-stride-8,219,110,first,133265,133190,133312,True,133275,2,5,4,other_gt_stroke_match,110,133276,covered,105,133215,133401,105,True,inside_associated_span,0
detected_ckn_opencv_consensus/sset_01/tracknet-stride-8,220,110,last,133358,133312,133434,True,133358,4,5,4,first_last_stroke_match,110,133358,covered,105,133215,133401,105,True,inside_associated_span,0
detected_ckn_opencv_consensus/sset_01/tracknet-stride-8,221,111,first,134201,134126,134277,True,134212,6,5,4,other_gt_stroke_match,111,134215,covered,106,133923,134584,106,True,inside_associated_span,0
detected_ckn_opencv_consensus/sset_01/tracknet-stride-8,222,111,last,134498,134423,134574,True,134484,5,5,4,no_gt_stroke_match,,,covered,106,133923,134584,106,True,inside_associated_span,0
detected_ckn_opencv_consensus/sset_01/tracknet-stride-8,223,112,first,135374,135299,135450,True,135380,2,5,4,no_gt_stroke_match,,,covered,107,135041,135631,107,True,inside_associated_span,0
detected_ckn_opencv_consensus/sset_01/tracknet-stride-8,224,112,last,135576,135501,135652,True,135574,6,5,4,first_last_stroke_match,112,135576,covered,107,135041,135631,107,True,inside_associated_span,0
detected_ckn_opencv_consensus/sset_01/tracknet-stride-1,0,0,first,11496,11421,11540,False,,0,5,4,no_candidate,,,split,,,,,,no_candidate,
detected_ckn_opencv_consensus/sset_01/tracknet-stride-1,1,0,last,11582,11540,11658,True,11613,0,5,4,no_gt_stroke_match,,,split,,,,0,,no_associated_span,
detected_ckn_opencv_consensus/sset_01/tracknet-stride-1,2,1,first,11881,11806,11924,True,11894,1,5,4,no_gt_stroke_match,,,covered,1,11877,12005,1,True,inside_associated_span,0
detected_ckn_opencv_consensus/sset_01/tracknet-stride-1,3,1,last,11965,11924,12041,True,11950,2,5,4,other_gt_stroke_match,1,11952,covered,1,11877,12005,1,True,inside_associated_span,0
detected_ckn_opencv_consensus/sset_01/tracknet-stride-1,4,2,first,12298,12223,12374,True,12288,2,5,4,no_gt_stroke_match,,,covered,2,12287,12987,2,True,inside_associated_span,0
detected_ckn_opencv_consensus/sset_01/tracknet-stride-1,5,2,last,12942,12867,13018,True,12967,2,5,4,no_gt_stroke_match,,,covered,2,12287,12987,2,True,inside_associated_span,0
detected_ckn_opencv_consensus/sset_01/tracknet-stride-1,6,3,first,13434,13359,13479,True,13431,2,5,4,first_last_stroke_match,3,13434,covered,3,13429,14291,3,True,inside_associated_span,0
detected_ckn_opencv_consensus/sset_01/tracknet-stride-1,7,3,last,13523,13479,13599,True,13500,1,5,4,other_gt_stroke_match,3,13502,covered,3,13429,14291,3,True,inside_associated_span,0
detected_ckn_opencv_consensus/sset_01/tracknet-stride-1,8,4,first,13923,13848,13999,True,13917,2,5,4,no_gt_stroke_match,,,covered,3,13429,14291,3,True,inside_associated_span,0
detected_ckn_opencv_consensus/sset_01/tracknet-stride-1,9,4,last,14245,14170,14321,True,14242,4,5,4,first_last_stroke_match,4,14245,covered,3,13429,14291,3,True,inside_associated_span,0
detected_ckn_opencv_consensus/sset_01/tracknet-stride-1,10,5,first,14943,14868,14990,True,14939,0,5,4,first_last_stroke_match,5,14943,covered,4,14938,15042,4,True,inside_associated_span,0
detected_ckn_opencv_consensus/sset_01/tracknet-stride-1,11,5,last,15035,14990,15111,False,,0,5,4,no_candidate,,,covered,4,14938,15042,,,no_candidate,
detected_ckn_opencv_consensus/sset_01/tracknet-stride-1,12,6,first,15374,15299,15404,False,,0,5,4,no_candidate,,,covered,5,15365,15509,,,no_candidate,
detected_ckn_opencv_consensus/sset_01/tracknet-stride-1,13,6,last,15433,15404,15509,True,15431,2,5,4,first_last_stroke_match,6,15433,covered,5,15365,15509,5,True,inside_associated_span,0
detected_ckn_opencv_consensus/sset_01/tracknet-stride-1,14,7,first,15804,15729,15843,True,15835,0,5,4,no_gt_stroke_match,,,covered,6,15803,15934,6,True,inside_associated_span,0
detected_ckn_opencv_consensus/sset_01/tracknet-stride-1,15,7,last,15881,15843,15957,True,15875,0,5,4,no_gt_stroke_match,,,covered,6,15803,15934,6,True,inside_associated_span,0
detected_ckn_opencv_consensus/sset_01/tracknet-stride-1,16,8,first,16253,16178,16329,True,16261,2,5,4,no_gt_stroke_match,,,split,,,,7,,no_associated_span,
detected_ckn_opencv_consensus/sset_01/tracknet-stride-1,17,8,last,16799,16724,16875,True,16799,3,5,4,first_last_stroke_match,8,16799,split,,,,7,,no_associated_span,
detected_ckn_opencv_consensus/sset_01/tracknet-stride-1,18,9,first,17423,17348,17499,True,17444,2,5,4,other_gt_stroke_match,9,17447,covered,8,17422,17621,8,True,inside_associated_span,0
detected_ckn_opencv_consensus/sset_01/tracknet-stride-1,19,9,last,17596,17521,17672,True,17544,0,5,4,other_gt_stroke_match,9,17548,covered,8,17422,17621,8,True,inside_associated_span,0
detected_ckn_opencv_consensus/sset_01/tracknet-stride-1,20,10,first,17990,17915,18066,True,17998,1,5,4,other_gt_stroke_match,10,18001,covered,9,17980,19102,9,True,inside_associated_span,0
detected_ckn_opencv_consensus/sset_01/tracknet-stride-1,21,10,last,19062,18987,19138,True,19021,1,5,4,other_gt_stroke_match,10,19025,covered,9,17980,19102,9,True,inside_associated_span,0
detected_ckn_opencv_consensus/sset_01/tracknet-stride-1,22,11,first,19583,19508,19659,True,19587,2,5,4,first_last_stroke_match,11,19583,covered,10,19573,20513,10,True,inside_associated_span,0
detected_ckn_opencv_consensus/sset_01/tracknet-stride-1,23,11,last,20460,20385,20536,True,20447,2,5,4,no_gt_stroke_match,,,covered,10,19573,20513,10,True,inside_associated_span,0
detected_ckn_opencv_consensus/sset_01/tracknet-stride-1,24,12,first,21006,20931,21082,True,20992,2,5,4,no_gt_stroke_match,,,covered,11,20991,22120,11,True,inside_associated_span,0
detected_ckn_opencv_consensus/sset_01/tracknet-stride-1,25,12,last,22080,22005,22156,True,22079,3,5,4,first_last_stroke_match,12,22080,covered,11,20991,22120,11,True,inside_associated_span,0
detected_ckn_opencv_consensus/sset_01/tracknet-stride-1,26,13,first,23058,22983,23134,True,23092,1,5,4,other_gt_stroke_match,13,23095,covered,12,23055,23435,12,True,inside_associated_span,0
detected_ckn_opencv_consensus/sset_01/tracknet-stride-1,27,13,last,23412,23337,23488,True,23412,2,5,4,first_last_stroke_match,13,23412,covered,12,23055,23435,12,True,inside_associated_span,0
detected_ckn_opencv_consensus/sset_01/tracknet-stride-1,28,14,first,23852,23777,23928,True,23889,1,5,4,other_gt_stroke_match,14,23890,split,,,,13,,no_associated_span,
detected_ckn_opencv_consensus/sset_01/tracknet-stride-1,29,14,last,24312,24237,24388,True,24254,0,5,4,other_gt_stroke_match,14,24257,split,,,,13,,no_associated_span,
detected_ckn_opencv_consensus/sset_01/tracknet-stride-1,30,15,first,24978,24903,25054,True,24988,2,5,4,other_gt_stroke_match,15,24990,covered,14,24977,26096,14,True,inside_associated_span,0
detected_ckn_opencv_consensus/sset_01/tracknet-stride-1,31,15,last,26031,25956,26107,True,26029,3,5,4,first_last_stroke_match,15,26031,covered,14,24977,26096,14,True,inside_associated_span,0
detected_ckn_opencv_consensus/sset_01/tracknet-stride-1,32,16,first,27399,27324,27475,True,27412,1,5,4,other_gt_stroke_match,16,27415,covered,15,27392,27751,15,True,inside_associated_span,0
detected_ckn_opencv_consensus/sset_01/tracknet-stride-1,33,16,last,27728,27653,27804,True,27699,0,5,4,other_gt_stroke_match,16,27701,covered,15,27392,27751,15,True,inside_associated_span,0
detected_ckn_opencv_consensus/sset_01/tracknet-stride-1,34,17,first,28235,28160,28311,True,28233,1,5,4,first_last_stroke_match,17,28235,covered,16,28231,28709,16,True,inside_associated_span,0
detected_ckn_opencv_consensus/sset_01/tracknet-stride-1,35,17,last,28677,28602,28753,True,28677,2,5,4,first_last_stroke_match,17,28677,covered,16,28231,28709,16,True,inside_associated_span,0
detected_ckn_opencv_consensus/sset_01/tracknet-stride-1,36,18,first,29123,29048,29199,True,29175,0,5,4,no_gt_stroke_match,,,covered,17,29121,29327,17,True,inside_associated_span,0
detected_ckn_opencv_consensus/sset_01/tracknet-stride-1,37,18,last,29296,29221,29372,True,29295,2,5,4,first_last_stroke_match,18,29296,covered,17,29121,29327,17,True,inside_associated_span,0
detected_ckn_opencv_consensus/sset_01/tracknet-stride-1,38,19,first,31396,31321,31424,True,31418,0,5,4,other_gt_stroke_match,19,31420,covered,18,31391,31490,18,True,inside_associated_span,0
detected_ckn_opencv_consensus/sset_01/tracknet-stride-1,39,19,last,31450,31424,31526,True,31488,0,5,4,no_gt_stroke_match,,,covered,18,31391,31490,18,True,inside_associated_span,0
detected_ckn_opencv_consensus/sset_01/tracknet-stride-1,40,20,first,31753,31678,31791,True,31758,1,5,4,other_gt_stroke_match,20,31759,covered,19,31751,31890,19,True,inside_associated_span,0
detected_ckn_opencv_consensus/sset_01/tracknet-stride-1,41,20,last,31828,31791,31904,True,31827,4,5,4,first_last_stroke_match,20,31828,covered,19,31751,31890,19,True,inside_associated_span,0
detected_ckn_opencv_consensus/sset_01/tracknet-stride-1,42,21,first,32365,32290,32441,True,32389,2,5,4,other_gt_stroke_match,21,32389,covered,20,32356,32598,20,True,inside_associated_span,0
detected_ckn_opencv_consensus/sset_01/tracknet-stride-1,43,21,last,32568,32493,32644,True,32596,2,5,4,no_gt_stroke_match,,,covered,20,32356,32598,20,True,inside_associated_span,0
detected_ckn_opencv_consensus/sset_01/tracknet-stride-1,44,22,first,33026,32951,33102,True,33046,2,5,4,other_gt_stroke_match,22,33047,split,,,,22,,no_associated_span,
detected_ckn_opencv_consensus/sset_01/tracknet-stride-1,45,22,last,33176,33102,33252,True,33174,1,5,4,first_last_stroke_match,22,33176,split,,,,22,,no_associated_span,
detected_ckn_opencv_consensus/sset_01/tracknet-stride-1,46,23,first,33608,33533,33684,True,33622,2,5,4,other_gt_stroke_match,23,33622,split,,,,23,,no_associated_span,
detected_ckn_opencv_consensus/sset_01/tracknet-stride-1,47,23,last,34053,33978,34129,True,34051,2,5,4,first_last_stroke_match,23,34053,split,,,,23,,no_associated_span,
detected_ckn_opencv_consensus/sset_01/tracknet-stride-1,48,24,first,34896,34821,34972,True,34949,1,5,4,other_gt_stroke_match,24,34953,covered,24,34891,35279,24,True,inside_associated_span,0
detected_ckn_opencv_consensus/sset_01/tracknet-stride-1,49,24,last,35242,35167,35318,True,35239,4,5,4,first_last_stroke_match,24,35242,covered,24,34891,35279,24,True,inside_associated_span,0
detected_ckn_opencv_consensus/sset_01/tracknet-stride-1,50,25,first,35812,35737,35888,True,35817,2,5,4,no_gt_stroke_match,,,covered,25,35800,36107,25,True,inside_associated_span,0
detected_ckn_opencv_consensus/sset_01/tracknet-stride-1,51,25,last,36048,35973,36124,True,36041,5,5,4,no_gt_stroke_match,,,covered,25,35800,36107,25,True,inside_associated_span,0
detected_ckn_opencv_consensus/sset_01/tracknet-stride-1,52,26,first,36562,36487,36638,True,36573,2,5,4,other_gt_stroke_match,26,36577,split,,,,26,,no_associated_span,
detected_ckn_opencv_consensus/sset_01/tracknet-stride-1,53,26,last,37723,37648,37799,True,37721,3,5,4,first_last_stroke_match,26,37723,split,,,,26,,no_associated_span,
detected_ckn_opencv_consensus/sset_01/tracknet-stride-1,54,27,first,38386,38311,38449,True,38425,0,5,4,other_gt_stroke_match,27,38428,covered,27,38383,38540,27,True,inside_associated_span,0
detected_ckn_opencv_consensus/sset_01/tracknet-stride-1,55,27,last,38511,38449,38587,True,38507,2,5,4,first_last_stroke_match,27,38511,covered,27,38383,38540,27,True,inside_associated_span,0
detected_ckn_opencv_consensus/sset_01/tracknet-stride-1,56,28,first,39814,39739,39890,True,39804,2,5,4,no_gt_stroke_match,,,covered,28,39803,40203,28,True,inside_associated_span,0
detected_ckn_opencv_consensus/sset_01/tracknet-stride-1,57,28,last,40151,40076,40227,True,40150,4,5,4,first_last_stroke_match,28,40151,covered,28,39803,40203,28,True,inside_associated_span,0
detected_ckn_opencv_consensus/sset_01/tracknet-stride-1,58,29,first,40613,40538,40689,True,40609,2,5,4,first_last_stroke_match,29,40613,covered,29,40556,41248,29,True,inside_associated_span,0
detected_ckn_opencv_consensus/sset_01/tracknet-stride-1,59,29,last,41214,41139,41290,True,41213,2,5,4,first_last_stroke_match,29,41214,covered,29,40556,41248,29,True,inside_associated_span,0
detected_ckn_opencv_consensus/sset_01/tracknet-stride-1,60,30,first,41738,41663,41764,False,,0,5,4,no_candidate,,,missed,,,,,,no_candidate,
detected_ckn_opencv_consensus/sset_01/tracknet-stride-1,61,30,last,41788,41764,41864,False,,0,5,4,no_candidate,,,missed,,,,,,no_candidate,
detected_ckn_opencv_consensus/sset_01/tracknet-stride-1,62,31,first,42221,42146,42297,True,42217,2,5,4,first_last_stroke_match,31,42221,covered,30,42215,42460,30,True,inside_associated_span,0
detected_ckn_opencv_consensus/sset_01/tracknet-stride-1,63,31,last,42423,42348,42499,True,42410,1,5,4,other_gt_stroke_match,31,42412,covered,30,42215,42460,30,True,inside_associated_span,0
detected_ckn_opencv_consensus/sset_01/tracknet-stride-1,64,32,first,42797,42722,42873,True,42794,3,5,4,first_last_stroke_match,32,42797,covered,31,42611,43119,31,True,inside_associated_span,0
detected_ckn_opencv_consensus/sset_01/tracknet-stride-1,65,32,last,43079,43004,43155,True,43078,1,5,4,first_last_stroke_match,32,43079,covered,31,42611,43119,31,True,inside_associated_span,0
detected_ckn_opencv_consensus/sset_01/tracknet-stride-1,66,33,first,43701,43626,43743,True,43692,1,5,4,no_gt_stroke_match,,,covered,32,43691,43831,32,True,inside_associated_span,0
detected_ckn_opencv_consensus/sset_01/tracknet-stride-1,67,33,last,43783,43743,43859,True,43781,1,5,4,first_last_stroke_match,33,43783,covered,32,43691,43831,32,True,inside_associated_span,0
detected_ckn_opencv_consensus/sset_01/tracknet-stride-1,68,34,first,44111,44036,44125,True,44109,0,5,4,first_last_stroke_match,34,44111,covered,33,44108,44249,33,True,inside_associated_span,0
detected_ckn_opencv_consensus/sset_01/tracknet-stride-1,69,34,last,44137,44125,44213,True,44135,1,5,4,first_last_stroke_match,34,44137,covered,33,44108,44249,33,True,inside_associated_span,0
detected_ckn_opencv_consensus/sset_01/tracknet-stride-1,70,35,first,44411,44336,44487,True,44409,2,5,4,first_last_stroke_match,35,44411,covered,34,44396,44800,34,True,inside_associated_span,0
detected_ckn_opencv_consensus/sset_01/tracknet-stride-1,71,35,last,44774,44699,44850,True,44773,1,5,4,first_last_stroke_match,35,44774,covered,34,44396,44800,34,True,inside_associated_span,0
detected_ckn_opencv_consensus/sset_01/tracknet-stride-1,72,36,first,48521,48446,48555,True,48527,4,5,4,other_gt_stroke_match,36,48529,covered,36,48455,48634,36,True,inside_associated_span,0
detected_ckn_opencv_consensus/sset_01/tracknet-stride-1,73,36,last,48587,48555,48663,True,48583,0,5,4,first_last_stroke_match,36,48587,covered,36,48455,48634,36,True,inside_associated_span,0
detected_ckn_opencv_consensus/sset_01/tracknet-stride-1,74,37,first,48966,48891,49025,True,49007,0,5,4,no_gt_stroke_match,,,split,,,,37,,no_associated_span,
detected_ckn_opencv_consensus/sset_01/tracknet-stride-1,75,37,last,49083,49025,49159,True,49108,1,5,4,no_gt_stroke_match,,,split,,,,37,,no_associated_span,
detected_ckn_opencv_consensus/sset_01/tracknet-stride-1,76,38,first,49590,49515,49634,True,49585,1,5,4,no_gt_stroke_match,,,covered,38,49580,49718,38,True,inside_associated_span,0
detected_ckn_opencv_consensus/sset_01/tracknet-stride-1,77,38,last,49676,49634,49752,True,49674,3,5,4,first_last_stroke_match,38,49676,covered,38,49580,49718,38,True,inside_associated_span,0
detected_ckn_opencv_consensus/sset_01/tracknet-stride-1,78,39,first,50030,49955,50039,False,,0,5,4,no_candidate,,,covered,39,50021,50117,,,no_candidate,
detected_ckn_opencv_consensus/sset_01/tracknet-stride-1,79,39,last,50046,50039,50122,True,50071,1,5,4,no_gt_stroke_match,,,covered,39,50021,50117,39,True,inside_associated_span,0
detected_ckn_opencv_consensus/sset_01/tracknet-stride-1,80,40,first,50322,50247,50343,True,50321,1,5,4,first_last_stroke_match,40,50322,covered,40,50317,50390,40,True,inside_associated_span,0
detected_ckn_opencv_consensus/sset_01/tracknet-stride-1,81,40,last,50362,50343,50438,True,50388,0,5,4,no_gt_stroke_match,,,covered,40,50317,50390,40,True,inside_associated_span,0
detected_ckn_opencv_consensus/sset_01/tracknet-stride-1,82,41,first,50752,50677,50818,True,50785,1,5,4,other_gt_stroke_match,41,50786,split,,,,41,,no_associated_span,
detected_ckn_opencv_consensus/sset_01/tracknet-stride-1,83,41,last,50883,50818,50959,True,50881,2,5,4,first_last_stroke_match,41,50883,split,,,,41,,no_associated_span,
detected_ckn_opencv_consensus/sset_01/tracknet-stride-1,84,42,first,51285,51210,51361,True,51297,3,5,4,other_gt_stroke_match,42,51298,covered,42,51248,51719,42,True,inside_associated_span,0
detected_ckn_opencv_consensus/sset_01/tracknet-stride-1,85,42,last,51690,51615,51766,True,51650,1,5,4,other_gt_stroke_match,42,51652,covered,42,51248,51719,42,True,inside_associated_span,0
detected_ckn_opencv_consensus/sset_01/tracknet-stride-1,86,43,first,52449,52374,52525,True,52462,0,5,4,no_gt_stroke_match,,,missed,,,,43,,no_associated_span,
detected_ckn_opencv_consensus/sset_01/tracknet-stride-1,87,44,first,52842,52767,52918,True,52830,1,5,4,no_gt_stroke_match,,,covered,44,52829,53701,44,True,inside_associated_span,0
detected_ckn_opencv_consensus/sset_01/tracknet-stride-1,88,44,last,53674,53599,53750,True,53644,0,5,4,other_gt_stroke_match,44,53648,covered,44,52829,53701,44,True,inside_associated_span,0
detected_ckn_opencv_consensus/sset_01/tracknet-stride-1,89,45,first,55100,55025,55176,True,55091,2,5,4,no_gt_stroke_match,,,covered,45,55065,55428,45,True,inside_associated_span,0
detected_ckn_opencv_consensus/sset_01/tracknet-stride-1,90,45,last,55391,55316,55467,True,55387,1,5,4,first_last_stroke_match,45,55391,covered,45,55065,55428,45,True,inside_associated_span,0
detected_ckn_opencv_consensus/sset_01/tracknet-stride-1,91,46,first,55912,55837,55988,True,55915,2,5,4,first_last_stroke_match,46,55912,split,,,,47,,no_associated_span,
detected_ckn_opencv_consensus/sset_01/tracknet-stride-1,92,46,last,56351,56276,56427,True,56348,2,5,4,first_last_stroke_match,46,56351,split,,,,47,,no_associated_span,
detected_ckn_opencv_consensus/sset_01/tracknet-stride-1,93,47,first,56790,56715,56866,True,56785,2,5,4,no_gt_stroke_match,,,covered,48,56784,57200,48,True,inside_associated_span,0
detected_ckn_opencv_consensus/sset_01/tracknet-stride-1,94,47,last,57155,57080,57231,True,57150,3,5,4,no_gt_stroke_match,,,covered,48,56784,57200,48,True,inside_associated_span,0
detected_ckn_opencv_consensus/sset_01/tracknet-stride-1,95,48,first,57990,57915,58049,True,57982,2,5,4,no_gt_stroke_match,,,covered,49,57981,58136,49,True,inside_associated_span,0
detected_ckn_opencv_consensus/sset_01/tracknet-stride-1,96,48,last,58107,58049,58183,True,58132,1,5,4,no_gt_stroke_match,,,covered,49,57981,58136,49,True,inside_associated_span,0
detected_ckn_opencv_consensus/sset_01/tracknet-stride-1,97,49,first,58820,58745,58896,True,58830,4,5,4,other_gt_stroke_match,49,58831,covered,50,58783,59006,50,True,inside_associated_span,0
detected_ckn_opencv_consensus/sset_01/tracknet-stride-1,98,49,last,58976,58901,59052,True,58974,2,5,4,first_last_stroke_match,49,58976,covered,50,58783,59006,50,True,inside_associated_span,0
detected_ckn_opencv_consensus/sset_01/tracknet-stride-1,99,50,first,59395,59320,59471,True,59377,1,5,4,no_gt_stroke_match,,,covered,51,59266,59642,51,True,inside_associated_span,0
detected_ckn_opencv_consensus/sset_01/tracknet-stride-1,100,50,last,59565,59490,59641,True,59563,4,5,4,first_last_stroke_match,50,59565,covered,51,59266,59642,51,True,inside_associated_span,0
detected_ckn_opencv_consensus/sset_01/tracknet-stride-1,101,51,first,59963,59888,60039,True,59959,3,5,4,first_last_stroke_match,51,59963,covered,52,59958,60263,52,True,inside_associated_span,0
detected_ckn_opencv_consensus/sset_01/tracknet-stride-1,102,51,last,60235,60160,60311,True,60199,1,5,4,other_gt_stroke_match,51,60200,covered,52,59958,60263,52,True,inside_associated_span,0
detected_ckn_opencv_consensus/sset_01/tracknet-stride-1,103,52,first,60652,60577,60728,False,,0,5,4,no_candidate,,,missed,,,,,,no_candidate,
detected_ckn_opencv_consensus/sset_01/tracknet-stride-1,104,52,last,60803,60728,60879,False,,0,5,4,no_candidate,,,missed,,,,,,no_candidate,
detected_ckn_opencv_consensus/sset_01/tracknet-stride-1,105,53,first,62748,62673,62824,True,62788,1,5,4,other_gt_stroke_match,53,62790,covered,53,62740,63072,53,True,inside_associated_span,0
detected_ckn_opencv_consensus/sset_01/tracknet-stride-1,106,53,last,63027,62952,63103,True,63025,0,5,4,first_last_stroke_match,53,63027,covered,53,62740,63072,53,True,inside_associated_span,0
detected_ckn_opencv_consensus/sset_01/tracknet-stride-1,107,54,first,63753,63678,63829,True,63769,1,5,4,other_gt_stroke_match,54,63770,covered,54,63740,64248,54,True,inside_associated_span,0
detected_ckn_opencv_consensus/sset_01/tracknet-stride-1,108,54,last,64221,64146,64297,True,64173,0,5,4,other_gt_stroke_match,54,64174,covered,54,63740,64248,54,True,inside_associated_span,0
detected_ckn_opencv_consensus/sset_01/tracknet-stride-1,109,55,first,64711,64636,64736,True,64706,3,5,4,no_gt_stroke_match,,,covered,55,64495,64834,55,True,inside_associated_span,0
detected_ckn_opencv_consensus/sset_01/tracknet-stride-1,110,55,last,64759,64736,64835,True,64759,1,5,4,first_last_stroke_match,55,64759,covered,55,64495,64834,55,True,inside_associated_span,0
detected_ckn_opencv_consensus/sset_01/tracknet-stride-1,111,56,first,65242,65167,65318,True,65254,3,5,4,other_gt_stroke_match,56,65256,covered,58,65228,65475,58,True,inside_associated_span,0
detected_ckn_opencv_consensus/sset_01/tracknet-stride-1,112,56,last,65464,65389,65540,True,65453,2,5,4,other_gt_stroke_match,56,65456,covered,58,65228,65475,58,True,inside_associated_span,0
detected_ckn_opencv_consensus/sset_01/tracknet-stride-1,113,57,first,66019,65944,66095,True,66008,6,5,4,no_gt_stroke_match,,,covered,59,65969,66266,59,True,inside_associated_span,0
detected_ckn_opencv_consensus/sset_01/tracknet-stride-1,114,57,last,66256,66181,66332,True,66243,1,5,4,no_gt_stroke_match,,,covered,59,65969,66266,59,True,inside_associated_span,0
detected_ckn_opencv_consensus/sset_01/tracknet-stride-1,115,58,first,66724,66649,66800,True,66757,1,5,4,other_gt_stroke_match,58,66758,split,,,,60,,no_associated_span,
detected_ckn_opencv_consensus/sset_01/tracknet-stride-1,116,58,last,66917,66842,66993,True,66876,1,5,4,other_gt_stroke_match,58,66880,split,,,,60,,no_associated_span,
detected_ckn_opencv_consensus/sset_01/tracknet-stride-1,117,59,first,67619,67544,67695,True,67650,0,5,4,other_gt_stroke_match,59,67654,covered,61,67619,68723,61,True,inside_associated_span,0
detected_ckn_opencv_consensus/sset_01/tracknet-stride-1,118,59,last,68667,68592,68743,True,68639,2,5,4,other_gt_stroke_match,59,68638,covered,61,67619,68723,61,True,inside_associated_span,0
detected_ckn_opencv_consensus/sset_01/tracknet-stride-1,119,60,first,70177,70102,70253,True,70219,1,5,4,no_gt_stroke_match,,,split,,,,62,,no_associated_span,
detected_ckn_opencv_consensus/sset_01/tracknet-stride-1,120,60,last,70951,70876,71027,True,70966,3,5,4,no_gt_stroke_match,,,split,,,,62,,no_associated_span,
detected_ckn_opencv_consensus/sset_01/tracknet-stride-1,121,61,first,71547,71472,71599,True,71540,1,5,4,no_gt_stroke_match,,,covered,63,71536,71719,63,True,inside_associated_span,0
detected_ckn_opencv_consensus/sset_01/tracknet-stride-1,122,61,last,71649,71599,71725,True,71648,2,5,4,first_last_stroke_match,61,71649,covered,63,71536,71719,63,True,inside_associated_span,0
detected_ckn_opencv_consensus/sset_01/tracknet-stride-1,123,62,first,72066,71991,72137,True,72062,2,5,4,first_last_stroke_match,62,72066,covered,64,72056,72274,64,True,inside_associated_span,0
detected_ckn_opencv_consensus/sset_01/tracknet-stride-1,124,62,last,72206,72137,72282,True,72206,2,5,4,first_last_stroke_match,62,72206,covered,64,72056,72274,64,True,inside_associated_span,0
detected_ckn_opencv_consensus/sset_01/tracknet-stride-1,125,63,first,72885,72810,72961,True,72871,5,5,4,no_gt_stroke_match,,,covered,65,72840,73896,65,True,inside_associated_span,0
detected_ckn_opencv_consensus/sset_01/tracknet-stride-1,126,63,last,73832,73757,73908,True,73823,2,5,4,no_gt_stroke_match,,,covered,65,72840,73896,65,True,inside_associated_span,0
detected_ckn_opencv_consensus/sset_01/tracknet-stride-1,127,64,first,74519,74444,74560,True,74506,1,5,4,no_gt_stroke_match,,,covered,66,74505,74663,66,True,inside_associated_span,0
detected_ckn_opencv_consensus/sset_01/tracknet-stride-1,128,64,last,74599,74560,74675,True,74596,3,5,4,first_last_stroke_match,64,74599,covered,66,74505,74663,66,True,inside_associated_span,0
detected_ckn_opencv_consensus/sset_01/tracknet-stride-1,129,65,first,75057,74982,75133,True,75057,2,5,4,first_last_stroke_match,65,75057,covered,67,75051,75619,67,True,inside_associated_span,0
detected_ckn_opencv_consensus/sset_01/tracknet-stride-1,130,65,last,75587,75512,75663,True,75583,1,5,4,first_last_stroke_match,65,75587,covered,67,75051,75619,67,True,inside_associated_span,0
detected_ckn_opencv_consensus/sset_01/tracknet-stride-1,131,66,first,76925,76850,77001,True,76918,3,5,4,no_gt_stroke_match,,,covered,68,76916,77099,68,True,inside_associated_span,0
detected_ckn_opencv_consensus/sset_01/tracknet-stride-1,132,66,last,77075,77001,77151,True,77088,2,5,4,no_gt_stroke_match,,,covered,68,76916,77099,68,True,inside_associated_span,0
detected_ckn_opencv_consensus/sset_01/tracknet-stride-1,133,67,first,77788,77713,77832,True,77780,4,5,4,no_gt_stroke_match,,,covered,69,77745,77934,69,True,inside_associated_span,0
detected_ckn_opencv_consensus/sset_01/tracknet-stride-1,134,67,last,77874,77832,77950,True,77909,1,5,4,no_gt_stroke_match,,,covered,69,77745,77934,69,True,inside_associated_span,0
detected_ckn_opencv_consensus/sset_01/tracknet-stride-1,135,68,first,78226,78151,78302,True,78276,1,5,4,other_gt_stroke_match,68,78277,covered,70,78221,78743,70,True,inside_associated_span,0
detected_ckn_opencv_consensus/sset_01/tracknet-stride-1,136,68,last,78703,78628,78779,True,78652,0,5,4,other_gt_stroke_match,68,78654,covered,70,78221,78743,70,True,inside_associated_span,0
detected_ckn_opencv_consensus/sset_01/tracknet-stride-1,137,69,first,79832,79757,79908,True,79848,1,5,4,other_gt_stroke_match,69,79847,covered,71,79828,80587,71,True,inside_associated_span,0
detected_ckn_opencv_consensus/sset_01/tracknet-stride-1,138,69,last,80536,80461,80612,True,80535,3,5,4,first_last_stroke_match,69,80536,covered,71,79828,80587,71,True,inside_associated_span,0
detected_ckn_opencv_consensus/sset_01/tracknet-stride-1,139,70,first,82419,82344,82455,True,82432,3,5,4,other_gt_stroke_match,70,82436,covered,72,82374,82522,72,True,inside_associated_span,0
detected_ckn_opencv_consensus/sset_01/tracknet-stride-1,140,70,last,82490,82455,82566,True,82488,2,5,4,first_last_stroke_match,70,82490,covered,72,82374,82522,72,True,inside_associated_span,0
detected_ckn_opencv_consensus/sset_01/tracknet-stride-1,141,71,first,83857,83782,83933,True,83846,2,5,4,no_gt_stroke_match,,,covered,73,83845,84693,73,True,inside_associated_span,0
detected_ckn_opencv_consensus/sset_01/tracknet-stride-1,142,71,last,84660,84585,84736,True,84658,2,5,4,first_last_stroke_match,71,84660,covered,73,83845,84693,73,True,inside_associated_span,0
detected_ckn_opencv_consensus/sset_01/tracknet-stride-1,143,72,first,85859,85784,85935,True,85862,3,5,4,first_last_stroke_match,72,85859,split,,,,74,,no_associated_span,
detected_ckn_opencv_consensus/sset_01/tracknet-stride-1,144,72,last,86167,86092,86243,True,86171,3,5,4,first_last_stroke_match,72,86167,split,,,,74,,no_associated_span,
detected_ckn_opencv_consensus/sset_01/tracknet-stride-1,145,73,first,87211,87136,87287,True,87239,2,5,4,other_gt_stroke_match,73,87242,covered,75,87203,87539,75,True,inside_associated_span,0
detected_ckn_opencv_consensus/sset_01/tracknet-stride-1,146,73,last,87507,87432,87583,True,87490,2,5,4,other_gt_stroke_match,73,87493,covered,75,87203,87539,75,True,inside_associated_span,0
detected_ckn_opencv_consensus/sset_01/tracknet-stride-1,147,74,first,91191,91116,91231,True,91203,0,5,4,other_gt_stroke_match,74,91205,covered,76,91176,91280,76,True,inside_associated_span,0
detected_ckn_opencv_consensus/sset_01/tracknet-stride-1,148,74,last,91270,91231,91346,False,,0,5,4,no_candidate,,,covered,76,91176,91280,,,no_candidate,
detected_ckn_opencv_consensus/sset_01/tracknet-stride-1,149,75,first,91658,91583,91734,True,91668,1,5,4,other_gt_stroke_match,75,91669,covered,77,91655,92012,77,True,inside_associated_span,0
detected_ckn_opencv_consensus/sset_01/tracknet-stride-1,150,75,last,91960,91885,92036,True,91957,3,5,4,first_last_stroke_match,75,91960,covered,77,91655,92012,77,True,inside_associated_span,0
detected_ckn_opencv_consensus/sset_01/tracknet-stride-1,151,76,first,92752,92677,92828,True,92743,1,5,4,no_gt_stroke_match,,,covered,78,92742,93148,78,True,inside_associated_span,0
detected_ckn_opencv_consensus/sset_01/tracknet-stride-1,152,76,last,93083,93008,93159,True,93081,3,5,4,first_last_stroke_match,76,93083,covered,78,92742,93148,78,True,inside_associated_span,0
detected_ckn_opencv_consensus/sset_01/tracknet-stride-1,153,77,first,93607,93532,93683,True,93598,3,5,4,no_gt_stroke_match,,,covered,79,93597,93923,79,True,inside_associated_span,0
detected_ckn_opencv_consensus/sset_01/tracknet-stride-1,154,77,last,93887,93812,93963,True,93918,1,5,4,no_gt_stroke_match,,,covered,79,93597,93923,79,True,inside_associated_span,0
detected_ckn_opencv_consensus/sset_01/tracknet-stride-1,155,78,first,94855,94780,94931,True,94870,0,5,4,other_gt_stroke_match,78,94870,split,,,,80,,no_associated_span,
detected_ckn_opencv_consensus/sset_01/tracknet-stride-1,156,78,last,95062,94987,95138,True,95078,2,5,4,no_gt_stroke_match,,,split,,,,80,,no_associated_span,
detected_ckn_opencv_consensus/sset_01/tracknet-stride-1,157,79,first,95807,95732,95883,True,95821,2,5,4,other_gt_stroke_match,79,95822,covered,81,95797,96606,81,True,inside_associated_span,0
detected_ckn_opencv_consensus/sset_01/tracknet-stride-1,158,79,last,96574,96499,96650,True,96570,2,5,4,first_last_stroke_match,79,96574,covered,81,95797,96606,81,True,inside_associated_span,0
detected_ckn_opencv_consensus/sset_01/tracknet-stride-1,159,80,first,97194,97119,97270,True,97177,2,5,4,no_gt_stroke_match,,,covered,83,97081,97580,83,True,inside_associated_span,0
detected_ckn_opencv_consensus/sset_01/tracknet-stride-1,160,80,last,97530,97455,97606,True,97555,1,5,4,no_gt_stroke_match,,,covered,83,97081,97580,83,True,inside_associated_span,0
detected_ckn_opencv_consensus/sset_01/tracknet-stride-1,161,81,first,98066,97991,98142,True,98091,1,5,4,other_gt_stroke_match,81,98093,covered,84,98061,98435,84,True,inside_associated_span,0
detected_ckn_opencv_consensus/sset_01/tracknet-stride-1,162,81,last,98394,98319,98470,True,98394,2,5,4,first_last_stroke_match,81,98394,covered,84,98061,98435,84,True,inside_associated_span,0
detected_ckn_opencv_consensus/sset_01/tracknet-stride-1,163,82,first,99927,99852,100003,True,99938,2,5,4,other_gt_stroke_match,82,99942,covered,85,99920,100322,85,True,inside_associated_span,0
detected_ckn_opencv_consensus/sset_01/tracknet-stride-1,164,82,last,100321,100246,100397,True,100301,1,5,4,other_gt_stroke_match,82,100301,covered,85,99920,100322,85,True,inside_associated_span,0
detected_ckn_opencv_consensus/sset_01/tracknet-stride-1,165,83,first,101556,101481,101632,True,101555,2,5,4,first_last_stroke_match,83,101556,covered,86,101554,102121,86,True,inside_associated_span,0
detected_ckn_opencv_consensus/sset_01/tracknet-stride-1,166,83,last,102070,101995,102146,True,102089,4,5,4,no_gt_stroke_match,,,covered,86,101554,102121,86,True,inside_associated_span,0
detected_ckn_opencv_consensus/sset_01/tracknet-stride-1,167,84,first,103066,102991,103142,True,103084,0,5,4,other_gt_stroke_match,84,103087,covered,87,103061,103418,87,True,inside_associated_span,0
detected_ckn_opencv_consensus/sset_01/tracknet-stride-1,168,84,last,103366,103291,103442,True,103365,3,5,4,first_last_stroke_match,84,103366,covered,87,103061,103418,87,True,inside_associated_span,0
detected_ckn_opencv_consensus/sset_01/tracknet-stride-1,169,85,first,103933,103858,103992,True,103949,1,5,4,other_gt_stroke_match,85,103951,covered,88,103928,104090,88,True,inside_associated_span,0
detected_ckn_opencv_consensus/sset_01/tracknet-stride-1,170,85,last,104050,103992,104126,True,104047,2,5,4,first_last_stroke_match,85,104050,covered,88,103928,104090,88,True,inside_associated_span,0
detected_ckn_opencv_consensus/sset_01/tracknet-stride-1,171,86,first,104518,104443,104562,True,104540,0,5,4,other_gt_stroke_match,86,104543,covered,89,104516,104686,89,True,inside_associated_span,0
detected_ckn_opencv_consensus/sset_01/tracknet-stride-1,172,86,last,104605,104562,104681,True,104606,1,5,4,first_last_stroke_match,86,104605,covered,89,104516,104686,89,True,inside_associated_span,0
detected_ckn_opencv_consensus/sset_01/tracknet-stride-1,173,87,first,105331,105256,105407,True,105321,2,5,4,no_gt_stroke_match,,,covered,90,105320,105642,90,True,inside_associated_span,0
detected_ckn_opencv_consensus/sset_01/tracknet-stride-1,174,87,last,105594,105519,105670,True,105614,1,5,4,no_gt_stroke_match,,,covered,90,105320,105642,90,True,inside_associated_span,0
detected_ckn_opencv_consensus/sset_01/tracknet-stride-1,175,88,first,106526,106451,106538,True,106525,0,5,4,first_last_stroke_match,88,106526,covered,91,106524,106596,91,True,inside_associated_span,0
detected_ckn_opencv_consensus/sset_01/tracknet-stride-1,176,88,last,106548,106538,106624,True,106545,0,5,4,first_last_stroke_match,88,106548,covered,91,106524,106596,91,True,inside_associated_span,0
detected_ckn_opencv_consensus/sset_01/tracknet-stride-1,177,89,first,106902,106827,106978,True,106898,3,5,4,first_last_stroke_match,89,106902,covered,92,106732,107166,92,True,inside_associated_span,0
detected_ckn_opencv_consensus/sset_01/tracknet-stride-1,178,89,last,107158,107083,107234,True,107153,2,5,4,no_gt_stroke_match,,,covered,92,106732,107166,92,True,inside_associated_span,0
detected_ckn_opencv_consensus/sset_01/tracknet-stride-1,179,90,first,107587,107512,107663,True,107584,1,5,4,first_last_stroke_match,90,107587,covered,93,107583,107939,93,True,inside_associated_span,0
detected_ckn_opencv_consensus/sset_01/tracknet-stride-1,180,90,last,107852,107777,107928,True,107849,4,5,4,first_last_stroke_match,90,107852,covered,93,107583,107939,93,True,inside_associated_span,0
detected_ckn_opencv_consensus/sset_01/tracknet-stride-1,181,91,first,108317,108242,108328,True,108308,0,5,4,no_gt_stroke_match,,,covered,94,108307,108374,94,True,inside_associated_span,0
detected_ckn_opencv_consensus/sset_01/tracknet-stride-1,182,91,last,108337,108328,108413,False,,0,5,4,no_candidate,,,covered,94,108307,108374,,,no_candidate,
detected_ckn_opencv_consensus/sset_01/tracknet-stride-1,183,92,first,108888,108813,108964,True,108896,2,5,4,no_gt_stroke_match,,,split,,,,95,,no_associated_span,
detected_ckn_opencv_consensus/sset_01/tracknet-stride-1,184,92,last,109792,109717,109868,True,109749,0,5,4,other_gt_stroke_match,92,109752,split,,,,95,,no_associated_span,
detected_ckn_opencv_consensus/sset_01/tracknet-stride-1,185,93,first,110483,110408,110559,True,110504,1,5,4,other_gt_stroke_match,93,110506,covered,96,110478,110822,96,True,inside_associated_span,0
detected_ckn_opencv_consensus/sset_01/tracknet-stride-1,186,93,last,110790,110715,110866,True,110794,2,5,4,first_last_stroke_match,93,110790,covered,96,110478,110822,96,True,inside_associated_span,0
detected_ckn_opencv_consensus/sset_01/tracknet-stride-1,187,94,first,113075,113000,113151,True,113085,2,5,4,other_gt_stroke_match,94,113089,covered,98,113061,113427,98,True,inside_associated_span,0
detected_ckn_opencv_consensus/sset_01/tracknet-stride-1,188,94,last,113397,113322,113473,True,113383,3,5,4,other_gt_stroke_match,94,113384,covered,98,113061,113427,98,True,inside_associated_span,0
detected_ckn_opencv_consensus/sset_01/tracknet-stride-1,189,95,first,113940,113865,114016,True,113957,3,5,4,other_gt_stroke_match,95,113958,covered,99,113906,114446,99,True,inside_associated_span,0
detected_ckn_opencv_consensus/sset_01/tracknet-stride-1,190,95,last,114408,114333,114484,True,114401,2,5,4,no_gt_stroke_match,,,covered,99,113906,114446,99,True,inside_associated_span,0
detected_ckn_opencv_consensus/sset_01/tracknet-stride-1,191,96,first,114993,114918,115069,True,114980,3,5,4,no_gt_stroke_match,,,covered,100,114979,115543,100,True,inside_associated_span,0
detected_ckn_opencv_consensus/sset_01/tracknet-stride-1,192,96,last,115491,115416,115567,True,115459,1,5,4,other_gt_stroke_match,96,115462,covered,100,114979,115543,100,True,inside_associated_span,0
detected_ckn_opencv_consensus/sset_01/tracknet-stride-1,193,97,first,116220,116145,116262,True,116238,0,5,4,no_gt_stroke_match,,,split,,,,101,,no_associated_span,
detected_ckn_opencv_consensus/sset_01/tracknet-stride-1,194,97,last,116302,116262,116378,True,116300,3,5,4,first_last_stroke_match,97,116302,split,,,,101,,no_associated_span,
detected_ckn_opencv_consensus/sset_01/tracknet-stride-1,195,98,first,116775,116700,116851,True,116768,3,5,4,no_gt_stroke_match,,,split,,,,102,,no_associated_span,
detected_ckn_opencv_consensus/sset_01/tracknet-stride-1,196,98,last,117327,117252,117403,True,117307,0,5,4,other_gt_stroke_match,98,117308,split,,,,102,,no_associated_span,
detected_ckn_opencv_consensus/sset_01/tracknet-stride-1,197,99,first,118904,118829,118980,True,118896,4,5,4,no_gt_stroke_match,,,covered,103,118871,119985,103,True,inside_associated_span,0
detected_ckn_opencv_consensus/sset_01/tracknet-stride-1,198,99,last,119953,119878,120029,True,119954,1,5,4,first_last_stroke_match,99,119953,covered,103,118871,119985,103,True,inside_associated_span,0
detected_ckn_opencv_consensus/sset_01/tracknet-stride-1,199,100,first,121539,121464,121615,True,121565,0,5,4,other_gt_stroke_match,100,121566,split,,,,104,,no_associated_span,
detected_ckn_opencv_consensus/sset_01/tracknet-stride-1,200,100,last,121742,121667,121818,True,121739,3,5,4,first_last_stroke_match,100,121742,split,,,,104,,no_associated_span,
detected_ckn_opencv_consensus/sset_01/tracknet-stride-1,201,101,first,122326,122251,122394,True,122338,2,5,4,other_gt_stroke_match,101,122339,covered,105,122310,122474,105,True,inside_associated_span,0
detected_ckn_opencv_consensus/sset_01/tracknet-stride-1,202,101,last,122461,122394,122537,True,122419,0,5,4,other_gt_stroke_match,101,122422,covered,105,122310,122474,105,True,inside_associated_span,0
detected_ckn_opencv_consensus/sset_01/tracknet-stride-1,203,102,first,122926,122851,123002,True,122925,2,5,4,first_last_stroke_match,102,122926,covered,106,122918,123165,106,True,inside_associated_span,0
detected_ckn_opencv_consensus/sset_01/tracknet-stride-1,204,102,last,123137,123062,123213,True,123137,2,5,4,first_last_stroke_match,102,123137,covered,106,122918,123165,106,True,inside_associated_span,0
detected_ckn_opencv_consensus/sset_01/tracknet-stride-1,205,103,first,124755,124680,124831,True,124755,2,5,4,first_last_stroke_match,103,124755,covered,107,124754,125209,107,True,inside_associated_span,0
detected_ckn_opencv_consensus/sset_01/tracknet-stride-1,206,103,last,125197,125122,125273,True,125170,1,5,4,other_gt_stroke_match,103,125173,covered,107,124754,125209,107,True,inside_associated_span,0
detected_ckn_opencv_consensus/sset_01/tracknet-stride-1,207,104,first,125913,125838,125989,True,125913,3,5,4,first_last_stroke_match,104,125913,covered,108,125908,126872,108,True,inside_associated_span,0
detected_ckn_opencv_consensus/sset_01/tracknet-stride-1,208,104,last,126816,126741,126892,True,126812,3,5,4,first_last_stroke_match,104,126816,covered,108,125908,126872,108,True,inside_associated_span,0
detected_ckn_opencv_consensus/sset_01/tracknet-stride-1,209,105,first,127853,127778,127929,True,127863,2,5,4,no_gt_stroke_match,,,covered,109,127776,128177,109,True,inside_associated_span,0
detected_ckn_opencv_consensus/sset_01/tracknet-stride-1,210,105,last,128083,128008,128159,True,128110,2,5,4,no_gt_stroke_match,,,covered,109,127776,128177,109,True,inside_associated_span,0
detected_ckn_opencv_consensus/sset_01/tracknet-stride-1,211,106,first,128771,128696,128841,True,128772,3,5,4,first_last_stroke_match,106,128771,covered,110,128767,128959,110,True,inside_associated_span,0
detected_ckn_opencv_consensus/sset_01/tracknet-stride-1,212,106,last,128910,128841,128986,True,128909,4,5,4,first_last_stroke_match,106,128910,covered,110,128767,128959,110,True,inside_associated_span,0
detected_ckn_opencv_consensus/sset_01/tracknet-stride-1,213,107,first,129575,129500,129630,True,129563,3,5,4,no_gt_stroke_match,,,covered,111,129562,129702,111,True,inside_associated_span,0
detected_ckn_opencv_consensus/sset_01/tracknet-stride-1,214,107,last,129683,129630,129759,True,129667,1,5,4,no_gt_stroke_match,,,covered,111,129562,129702,111,True,inside_associated_span,0
detected_ckn_opencv_consensus/sset_01/tracknet-stride-1,215,108,first,131247,131172,131323,True,131245,3,5,4,first_last_stroke_match,108,131247,covered,112,131240,131793,112,True,inside_associated_span,0
detected_ckn_opencv_consensus/sset_01/tracknet-stride-1,216,108,last,131758,131683,131834,True,131734,0,5,4,other_gt_stroke_match,108,131737,covered,112,131240,131793,112,True,inside_associated_span,0
detected_ckn_opencv_consensus/sset_01/tracknet-stride-1,217,109,first,132577,132502,132584,True,132540,2,5,4,no_gt_stroke_match,,,covered,113,132510,132653,113,True,inside_associated_span,0
detected_ckn_opencv_consensus/sset_01/tracknet-stride-1,218,109,last,132590,132584,132666,True,132587,1,5,4,first_last_stroke_match,109,132590,covered,113,132510,132653,113,True,inside_associated_span,0
detected_ckn_opencv_consensus/sset_01/tracknet-stride-1,219,110,first,133265,133190,133312,True,133275,2,5,4,other_gt_stroke_match,110,133276,covered,114,133251,133402,114,True,inside_associated_span,0
detected_ckn_opencv_consensus/sset_01/tracknet-stride-1,220,110,last,133358,133312,133434,True,133367,1,5,4,no_gt_stroke_match,,,covered,114,133251,133402,114,True,inside_associated_span,0
detected_ckn_opencv_consensus/sset_01/tracknet-stride-1,221,111,first,134201,134126,134277,True,134193,5,5,4,no_gt_stroke_match,,,covered,115,134025,134584,115,True,inside_associated_span,0
detected_ckn_opencv_consensus/sset_01/tracknet-stride-1,222,111,last,134498,134423,134574,True,134483,3,5,4,no_gt_stroke_match,,,covered,115,134025,134584,115,True,inside_associated_span,0
detected_ckn_opencv_consensus/sset_01/tracknet-stride-1,223,112,first,135374,135299,135450,True,135386,2,5,4,no_gt_stroke_match,,,split,,,,116,,no_associated_span,
detected_ckn_opencv_consensus/sset_01/tracknet-stride-1,224,112,last,135576,135501,135652,True,135574,5,5,4,first_last_stroke_match,112,135576,split,,,,116,,no_associated_span,
detected_ckn_opencv_consensus/sset_15/tracknet-stride-8,0,0,first,23661,23586,23737,True,23665,3,5,4,first_last_stroke_match,0,23661,covered,0,23423,23922,0,True,inside_associated_span,0
detected_ckn_opencv_consensus/sset_15/tracknet-stride-8,1,0,last,23870,23795,23946,True,23870,3,5,4,first_last_stroke_match,0,23870,covered,0,23423,23922,0,True,inside_associated_span,0
detected_ckn_opencv_consensus/sset_15/tracknet-stride-8,2,1,first,24371,24296,24447,True,24369,3,5,4,first_last_stroke_match,1,24371,covered,1,24365,24709,1,True,inside_associated_span,0
detected_ckn_opencv_consensus/sset_15/tracknet-stride-8,3,1,last,24645,24570,24721,True,24643,3,5,4,first_last_stroke_match,1,24645,covered,1,24365,24709,1,True,inside_associated_span,0
detected_ckn_opencv_consensus/sset_15/tracknet-stride-8,4,2,first,25115,25040,25164,True,25134,1,5,4,other_gt_stroke_match,2,25132,covered,2,25111,25242,2,True,inside_associated_span,0
detected_ckn_opencv_consensus/sset_15/tracknet-stride-8,5,2,last,25211,25164,25287,True,25217,2,5,4,no_gt_stroke_match,,,covered,2,25111,25242,2,True,inside_associated_span,0
detected_ckn_opencv_consensus/sset_15/tracknet-stride-8,6,3,first,25829,25754,25837,True,25826,0,5,4,first_last_stroke_match,3,25829,covered,3,25824,25925,3,True,inside_associated_span,0
detected_ckn_opencv_consensus/sset_15/tracknet-stride-8,7,3,last,25844,25837,25920,True,25839,2,5,4,no_gt_stroke_match,,,covered,3,25824,25925,3,True,inside_associated_span,0
detected_ckn_opencv_consensus/sset_15/tracknet-stride-8,8,4,first,26199,26124,26275,True,26225,2,5,4,no_gt_stroke_match,,,missed,,,,4,,no_associated_span,
detected_ckn_opencv_consensus/sset_15/tracknet-stride-8,9,5,first,27574,27499,27583,True,27569,0,5,4,no_gt_stroke_match,,,covered,5,27511,27663,5,True,inside_associated_span,0
detected_ckn_opencv_consensus/sset_15/tracknet-stride-8,10,5,last,27590,27583,27666,True,27587,2,5,4,first_last_stroke_match,5,27590,covered,5,27511,27663,5,True,inside_associated_span,0
detected_ckn_opencv_consensus/sset_15/tracknet-stride-8,11,6,first,28053,27978,28129,True,28049,3,5,4,first_last_stroke_match,6,28053,covered,6,28003,28505,6,True,inside_associated_span,0
detected_ckn_opencv_consensus/sset_15/tracknet-stride-8,12,6,last,28421,28346,28497,True,28405,3,5,4,other_gt_stroke_match,6,28407,covered,6,28003,28505,6,True,inside_associated_span,0
detected_ckn_opencv_consensus/sset_15/tracknet-stride-8,13,7,first,29126,29051,29168,True,29121,2,5,4,no_gt_stroke_match,,,covered,8,29117,29262,8,True,inside_associated_span,0
detected_ckn_opencv_consensus/sset_15/tracknet-stride-8,14,7,last,29208,29168,29284,True,29223,2,5,4,no_gt_stroke_match,,,covered,8,29117,29262,8,True,inside_associated_span,0
detected_ckn_opencv_consensus/sset_15/tracknet-stride-8,15,8,first,29767,29692,29843,True,29761,2,5,4,no_gt_stroke_match,,,covered,10,29745,30157,10,True,inside_associated_span,0
detected_ckn_opencv_consensus/sset_15/tracknet-stride-8,16,8,last,30048,29973,30124,True,30049,6,5,4,first_last_stroke_match,8,30048,covered,10,29745,30157,10,True,inside_associated_span,0
detected_ckn_opencv_consensus/sset_15/tracknet-stride-8,17,9,first,30948,30873,30982,True,30945,2,5,4,first_last_stroke_match,9,30948,covered,11,30940,31076,11,True,inside_associated_span,0
detected_ckn_opencv_consensus/sset_15/tracknet-stride-8,18,9,last,31014,30982,31090,True,31012,3,5,4,first_last_stroke_match,9,31014,covered,11,30940,31076,11,True,inside_associated_span,0
detected_ckn_opencv_consensus/sset_15/tracknet-stride-8,19,10,first,31564,31489,31604,True,31569,2,5,4,no_gt_stroke_match,,,covered,12,31536,31704,12,True,inside_associated_span,0
detected_ckn_opencv_consensus/sset_15/tracknet-stride-8,20,10,last,31642,31604,31718,True,31646,3,5,4,first_last_stroke_match,10,31642,covered,12,31536,31704,12,True,inside_associated_span,0
detected_ckn_opencv_consensus/sset_15/tracknet-stride-8,21,11,first,32865,32790,32941,True,32865,2,5,4,first_last_stroke_match,11,32865,covered,14,32855,33239,14,True,inside_associated_span,0
detected_ckn_opencv_consensus/sset_15/tracknet-stride-8,22,11,last,33185,33110,33261,True,33182,4,5,4,first_last_stroke_match,11,33185,covered,14,32855,33239,14,True,inside_associated_span,0
detected_ckn_opencv_consensus/sset_15/tracknet-stride-8,23,12,first,34021,33946,34084,True,34017,2,5,4,first_last_stroke_match,12,34021,covered,15,33981,34195,15,True,inside_associated_span,0
detected_ckn_opencv_consensus/sset_15/tracknet-stride-8,24,12,last,34146,34084,34222,True,34144,5,5,4,first_last_stroke_match,12,34146,covered,15,33981,34195,15,True,inside_associated_span,0
detected_ckn_opencv_consensus/sset_15/tracknet-stride-8,25,13,first,35137,35062,35213,True,35121,3,5,4,no_gt_stroke_match,,,covered,17,35097,35518,17,True,inside_associated_span,0
detected_ckn_opencv_consensus/sset_15/tracknet-stride-8,26,13,last,35456,35381,35532,True,35455,4,5,4,first_last_stroke_match,13,35456,covered,17,35097,35518,17,True,inside_associated_span,0
detected_ckn_opencv_consensus/sset_15/tracknet-stride-8,27,14,first,36091,36016,36108,False,,0,5,4,no_candidate,,,covered,18,36090,36247,,,no_candidate,
detected_ckn_opencv_consensus/sset_15/tracknet-stride-8,28,14,last,36123,36108,36199,True,36121,1,5,4,first_last_stroke_match,14,36123,covered,18,36090,36247,18,True,inside_associated_span,0
detected_ckn_opencv_consensus/sset_15/tracknet-stride-8,29,15,first,37494,37419,37570,True,37489,2,5,4,no_gt_stroke_match,,,covered,19,37441,37794,19,True,inside_associated_span,0
detected_ckn_opencv_consensus/sset_15/tracknet-stride-8,30,15,last,37692,37617,37768,True,37694,4,5,4,first_last_stroke_match,15,37692,covered,19,37441,37794,19,True,inside_associated_span,0
detected_ckn_opencv_consensus/sset_15/tracknet-stride-8,31,16,first,38232,38157,38298,True,38225,2,5,4,no_gt_stroke_match,,,covered,20,38204,38472,20,True,inside_associated_span,0
detected_ckn_opencv_consensus/sset_15/tracknet-stride-8,32,16,last,38363,38298,38439,True,38362,4,5,4,first_last_stroke_match,16,38363,covered,20,38204,38472,20,True,inside_associated_span,0
detected_ckn_opencv_consensus/sset_15/tracknet-stride-8,33,17,first,38837,38762,38913,True,38849,1,5,4,no_gt_stroke_match,,,missed,,,,21,,no_associated_span,
detected_ckn_opencv_consensus/sset_15/tracknet-stride-8,34,18,first,39589,39514,39665,True,39585,1,5,4,first_last_stroke_match,18,39589,covered,22,39543,39687,22,True,inside_associated_span,0
detected_ckn_opencv_consensus/sset_15/tracknet-stride-8,35,19,first,40094,40019,40170,True,40097,3,5,4,first_last_stroke_match,19,40094,covered,23,40094,40447,23,True,inside_associated_span,0
detected_ckn_opencv_consensus/sset_15/tracknet-stride-8,36,19,last,40360,40285,40436,True,40358,5,5,4,first_last_stroke_match,19,40360,covered,23,40094,40447,23,True,inside_associated_span,0
detected_ckn_opencv_consensus/sset_15/tracknet-stride-8,37,20,first,42317,42242,42328,True,42307,1,5,4,no_gt_stroke_match,,,covered,24,42271,42376,24,True,inside_associated_span,0
detected_ckn_opencv_consensus/sset_15/tracknet-stride-8,38,20,last,42337,42328,42413,True,42336,0,5,4,first_last_stroke_match,20,42337,covered,24,42271,42376,24,True,inside_associated_span,0
detected_ckn_opencv_consensus/sset_15/tracknet-stride-8,39,21,first,42792,42717,42868,True,42788,4,5,4,first_last_stroke_match,21,42792,covered,25,42743,43312,25,True,inside_associated_span,0
detected_ckn_opencv_consensus/sset_15/tracknet-stride-8,40,21,last,43294,43219,43370,True,43293,4,5,4,first_last_stroke_match,21,43294,covered,25,42743,43312,25,True,inside_associated_span,0
detected_ckn_opencv_consensus/sset_15/tracknet-stride-8,41,22,first,44350,44275,44424,True,44353,2,5,4,first_last_stroke_match,22,44350,covered,26,44332,44591,26,True,inside_associated_span,0
detected_ckn_opencv_consensus/sset_15/tracknet-stride-8,42,22,last,44496,44424,44572,True,44494,2,5,4,first_last_stroke_match,22,44496,covered,26,44332,44591,26,True,inside_associated_span,0
detected_ckn_opencv_consensus/sset_15/tracknet-stride-8,43,23,first,45928,45853,46004,True,45918,3,5,4,no_gt_stroke_match,,,covered,27,45884,46193,27,True,inside_associated_span,0
detected_ckn_opencv_consensus/sset_15/tracknet-stride-8,44,23,last,46108,46033,46184,True,46110,5,5,4,first_last_stroke_match,23,46108,covered,27,45884,46193,27,True,inside_associated_span,0
detected_ckn_opencv_consensus/sset_15/tracknet-stride-8,45,24,first,46584,46509,46660,True,46582,3,5,4,first_last_stroke_match,24,46584,covered,28,46576,47128,28,True,inside_associated_span,0
detected_ckn_opencv_consensus/sset_15/tracknet-stride-8,46,24,last,47101,47026,47177,True,47105,3,5,4,first_last_stroke_match,24,47101,covered,28,46576,47128,28,True,inside_associated_span,0
detected_ckn_opencv_consensus/sset_15/tracknet-stride-8,47,25,first,47865,47790,47941,True,47886,3,5,4,no_gt_stroke_match,,,missed,,,,29,,no_associated_span,
detected_ckn_opencv_consensus/sset_15/tracknet-stride-8,48,26,first,48517,48442,48593,True,48513,3,5,4,first_last_stroke_match,26,48517,covered,30,48485,48951,30,True,inside_associated_span,0
detected_ckn_opencv_consensus/sset_15/tracknet-stride-8,49,26,last,48863,48788,48939,True,48862,5,5,4,first_last_stroke_match,26,48863,covered,30,48485,48951,30,True,inside_associated_span,0
detected_ckn_opencv_consensus/sset_15/tracknet-stride-8,50,27,first,49621,49546,49634,False,,0,5,4,no_candidate,,,missed,,,,,,no_candidate,
detected_ckn_opencv_consensus/sset_15/tracknet-stride-8,51,27,last,49645,49634,49721,False,,0,5,4,no_candidate,,,missed,,,,,,no_candidate,
detected_ckn_opencv_consensus/sset_15/tracknet-stride-8,52,28,first,51104,51029,51180,True,51105,2,5,4,first_last_stroke_match,28,51104,covered,31,51089,51547,31,True,inside_associated_span,0
detected_ckn_opencv_consensus/sset_15/tracknet-stride-8,53,28,last,51541,51466,51617,True,51538,2,5,4,first_last_stroke_match,28,51541,covered,31,51089,51547,31,True,inside_associated_span,0
detected_ckn_opencv_consensus/sset_15/tracknet-stride-8,54,29,first,52850,52775,52872,True,52849,1,5,4,first_last_stroke_match,29,52850,covered,32,52841,52924,32,True,inside_associated_span,0
detected_ckn_opencv_consensus/sset_15/tracknet-stride-8,55,29,last,52892,52872,52968,True,52891,0,5,4,first_last_stroke_match,29,52892,covered,32,52841,52924,32,True,inside_associated_span,0
detected_ckn_opencv_consensus/sset_15/tracknet-stride-8,56,30,first,53622,53547,53698,True,53633,2,5,4,no_gt_stroke_match,,,missed,,,,33,,no_associated_span,
detected_ckn_opencv_consensus/sset_15/tracknet-stride-8,57,31,first,55339,55264,55354,False,,0,5,4,no_candidate,,,covered,34,55292,55384,,,no_candidate,
detected_ckn_opencv_consensus/sset_15/tracknet-stride-8,58,31,last,55367,55354,55443,True,55365,0,5,4,first_last_stroke_match,31,55367,covered,34,55292,55384,34,True,inside_associated_span,0
detected_ckn_opencv_consensus/sset_15/tracknet-stride-8,59,32,first,56069,55994,56122,True,56104,0,5,4,other_gt_stroke_match,32,56106,covered,35,56061,56247,35,True,inside_associated_span,0
detected_ckn_opencv_consensus/sset_15/tracknet-stride-8,60,32,last,56174,56122,56250,True,56160,4,5,4,other_gt_stroke_match,32,56161,covered,35,56061,56247,35,True,inside_associated_span,0
detected_ckn_opencv_consensus/sset_15/tracknet-stride-8,61,33,first,56734,56659,56748,True,56726,0,5,4,no_gt_stroke_match,,,covered,36,56698,56813,36,True,inside_associated_span,0
detected_ckn_opencv_consensus/sset_15/tracknet-stride-8,62,33,last,56760,56748,56836,True,56769,0,5,4,no_gt_stroke_match,,,covered,36,56698,56813,36,True,inside_associated_span,0
detected_ckn_opencv_consensus/sset_15/tracknet-stride-8,63,34,first,58164,58089,58240,True,58179,2,5,4,no_gt_stroke_match,,,missed,,,,37,,no_associated_span,
detected_ckn_opencv_consensus/sset_15/tracknet-stride-8,64,35,first,59292,59217,59368,True,59281,4,5,4,no_gt_stroke_match,,,covered,38,59245,59979,38,True,inside_associated_span,0
detected_ckn_opencv_consensus/sset_15/tracknet-stride-8,65,35,last,59887,59812,59963,True,59886,4,5,4,first_last_stroke_match,35,59887,covered,38,59245,59979,38,True,inside_associated_span,0
detected_ckn_opencv_consensus/sset_15/tracknet-stride-8,66,36,first,61530,61455,61559,True,61521,3,5,4,no_gt_stroke_match,,,covered,39,61487,61661,39,True,inside_associated_span,0
detected_ckn_opencv_consensus/sset_15/tracknet-stride-8,67,36,last,61587,61559,61663,True,61582,2,5,4,other_gt_stroke_match,36,61586,covered,39,61487,61661,39,True,inside_associated_span,0
detected_ckn_opencv_consensus/sset_15/tracknet-stride-8,68,37,first,62257,62182,62333,True,62257,3,5,4,first_last_stroke_match,37,62257,covered,40,62217,62585,40,True,inside_associated_span,0
detected_ckn_opencv_consensus/sset_15/tracknet-stride-8,69,37,last,62547,62472,62623,True,62546,4,5,4,first_last_stroke_match,37,62547,covered,40,62217,62585,40,True,inside_associated_span,0
detected_ckn_opencv_consensus/sset_15/tracknet-stride-8,70,38,first,66397,66322,66428,True,66401,1,5,4,first_last_stroke_match,38,66397,covered,41,66055,66511,41,True,inside_associated_span,0
detected_ckn_opencv_consensus/sset_15/tracknet-stride-8,71,38,last,66458,66428,66534,True,66457,2,5,4,first_last_stroke_match,38,66458,covered,41,66055,66511,41,True,inside_associated_span,0
detected_ckn_opencv_consensus/sset_15/tracknet-stride-8,72,39,first,67215,67140,67268,True,67217,1,5,4,first_last_stroke_match,39,67215,covered,42,67210,67364,42,True,inside_associated_span,0
detected_ckn_opencv_consensus/sset_15/tracknet-stride-8,73,39,last,67319,67268,67395,True,67317,3,5,4,first_last_stroke_match,39,67319,covered,42,67210,67364,42,True,inside_associated_span,0
detected_ckn_opencv_consensus/sset_15/tracknet-stride-8,74,40,first,67731,67656,67807,True,67745,2,5,4,no_gt_stroke_match,,,missed,,,,43,,no_associated_span,
detected_ckn_opencv_consensus/sset_15/tracknet-stride-8,75,41,first,68273,68198,68344,True,68273,3,5,4,first_last_stroke_match,41,68273,covered,44,68266,68468,44,True,inside_associated_span,0
detected_ckn_opencv_consensus/sset_15/tracknet-stride-8,76,41,last,68414,68344,68490,True,68414,4,5,4,first_last_stroke_match,41,68414,covered,44,68266,68468,44,True,inside_associated_span,0
detected_ckn_opencv_consensus/sset_15/tracknet-stride-8,77,42,first,68970,68895,69046,True,68974,3,5,4,first_last_stroke_match,42,68970,covered,45,68961,69344,45,True,inside_associated_span,0
detected_ckn_opencv_consensus/sset_15/tracknet-stride-8,78,43,first,70706,70631,70740,True,70717,0,5,4,no_gt_stroke_match,,,covered,46,70664,70834,46,True,inside_associated_span,0
detected_ckn_opencv_consensus/sset_15/tracknet-stride-8,79,43,last,70773,70740,70849,True,70772,4,5,4,first_last_stroke_match,43,70773,covered,46,70664,70834,46,True,inside_associated_span,0
detected_ckn_opencv_consensus/sset_15/tracknet-stride-8,80,44,first,71219,71144,71259,True,71217,1,5,4,first_last_stroke_match,44,71219,covered,47,71168,71351,47,True,inside_associated_span,0
detected_ckn_opencv_consensus/sset_15/tracknet-stride-8,81,44,last,71297,71259,71373,True,71295,3,5,4,first_last_stroke_match,44,71297,covered,47,71168,71351,47,True,inside_associated_span,0
detected_ckn_opencv_consensus/sset_15/tracknet-stride-8,82,45,first,72384,72309,72460,True,72385,4,5,4,first_last_stroke_match,45,72384,covered,48,72352,72594,48,True,inside_associated_span,0
detected_ckn_opencv_consensus/sset_15/tracknet-stride-8,83,45,last,72587,72512,72663,True,72590,3,5,4,first_last_stroke_match,45,72587,covered,48,72352,72594,48,True,inside_associated_span,0
detected_ckn_opencv_consensus/sset_15/tracknet-stride-8,84,46,first,73305,73230,73360,True,73296,2,5,4,no_gt_stroke_match,,,covered,50,73255,73463,50,True,inside_associated_span,0
detected_ckn_opencv_consensus/sset_15/tracknet-stride-8,85,46,last,73413,73360,73489,True,73403,2,5,4,other_gt_stroke_match,46,73404,covered,50,73255,73463,50,True,inside_associated_span,0
detected_ckn_opencv_consensus/sset_15/tracknet-stride-8,86,47,first,73900,73825,73976,True,73921,1,5,4,no_gt_stroke_match,,,missed,,,,52,,no_associated_span,
detected_ckn_opencv_consensus/sset_15/tracknet-stride-8,87,48,first,74568,74493,74644,True,74561,2,5,4,no_gt_stroke_match,,,covered,53,74556,75322,53,True,inside_associated_span,0
detected_ckn_opencv_consensus/sset_15/tracknet-stride-8,88,48,last,75241,75166,75317,True,75240,6,5,4,first_last_stroke_match,48,75241,covered,53,74556,75322,53,True,inside_associated_span,0
detected_ckn_opencv_consensus/sset_15/tracknet-stride-8,89,49,first,75900,75825,75962,True,75915,1,5,4,other_gt_stroke_match,49,75916,covered,54,75890,76093,54,True,inside_associated_span,0
detected_ckn_opencv_consensus/sset_15/tracknet-stride-8,90,49,last,76023,75962,76099,True,76021,3,5,4,first_last_stroke_match,49,76023,covered,54,75890,76093,54,True,inside_associated_span,0
detected_ckn_opencv_consensus/sset_15/tracknet-stride-8,91,50,first,77059,76984,77088,True,77057,1,5,4,first_last_stroke_match,50,77059,covered,55,77011,77271,55,True,inside_associated_span,0
detected_ckn_opencv_consensus/sset_15/tracknet-stride-8,92,50,last,77115,77088,77191,True,77115,3,5,4,first_last_stroke_match,50,77115,covered,55,77011,77271,55,True,inside_associated_span,0
detected_ckn_opencv_consensus/sset_15/tracknet-stride-8,93,51,first,77944,77869,78020,True,77935,4,5,4,no_gt_stroke_match,,,covered,56,77914,78246,56,True,inside_associated_span,0
detected_ckn_opencv_consensus/sset_15/tracknet-stride-8,94,51,last,78221,78146,78297,True,78222,2,5,4,first_last_stroke_match,51,78221,covered,56,77914,78246,56,True,inside_associated_span,0
detected_ckn_opencv_consensus/sset_15/tracknet-stride-8,95,52,first,79702,79627,79778,True,79697,3,5,4,no_gt_stroke_match,,,covered,57,79687,80009,57,True,inside_associated_span,0
detected_ckn_opencv_consensus/sset_15/tracknet-stride-8,96,52,last,79955,79880,80031,True,79953,4,5,4,first_last_stroke_match,52,79955,covered,57,79687,80009,57,True,inside_associated_span,0
detected_ckn_opencv_consensus/sset_15/tracknet-stride-8,97,53,first,81000,80925,81076,True,80996,3,5,4,first_last_stroke_match,53,81000,covered,58,80994,81240,58,True,inside_associated_span,0
detected_ckn_opencv_consensus/sset_15/tracknet-stride-8,98,53,last,81214,81139,81290,True,81217,2,5,4,first_last_stroke_match,53,81214,covered,58,80994,81240,58,True,inside_associated_span,0
detected_ckn_opencv_consensus/sset_15/tracknet-stride-8,99,54,first,81946,81871,81971,True,81970,0,5,4,other_gt_stroke_match,54,81972,covered,60,81946,82079,60,True,inside_associated_span,0
detected_ckn_opencv_consensus/sset_15/tracknet-stride-8,100,54,last,81994,81971,82070,True,81993,1,5,4,first_last_stroke_match,54,81994,covered,60,81946,82079,60,True,inside_associated_span,0
detected_ckn_opencv_consensus/sset_15/tracknet-stride-8,101,55,first,83901,83826,83972,True,83910,1,5,4,other_gt_stroke_match,55,83912,covered,61,83894,84114,61,True,inside_associated_span,0
detected_ckn_opencv_consensus/sset_15/tracknet-stride-8,102,55,last,84042,83972,84118,True,84041,4,5,4,first_last_stroke_match,55,84042,covered,61,83894,84114,61,True,inside_associated_span,0
detected_ckn_opencv_consensus/sset_15/tracknet-stride-8,103,56,first,84572,84497,84582,True,84577,1,5,4,no_gt_stroke_match,,,covered,63,84529,84690,63,True,inside_associated_span,0
detected_ckn_opencv_consensus/sset_15/tracknet-stride-8,104,56,last,84591,84582,84667,True,84593,2,5,4,first_last_stroke_match,56,84591,covered,63,84529,84690,63,True,inside_associated_span,0
detected_ckn_opencv_consensus/sset_15/tracknet-stride-8,105,57,first,85118,85043,85194,True,85121,2,5,4,first_last_stroke_match,57,85118,covered,64,85066,85730,64,True,inside_associated_span,0
detected_ckn_opencv_consensus/sset_15/tracknet-stride-8,106,57,last,85635,85560,85711,True,85633,4,5,4,first_last_stroke_match,57,85635,covered,64,85066,85730,64,True,inside_associated_span,0
detected_ckn_opencv_consensus/sset_15/tracknet-stride-8,107,58,first,86530,86455,86563,True,86529,1,5,4,first_last_stroke_match,58,86530,covered,65,86526,86626,65,True,inside_associated_span,0
detected_ckn_opencv_consensus/sset_15/tracknet-stride-8,108,58,last,86594,86563,86670,True,86592,2,5,4,first_last_stroke_match,58,86594,covered,65,86526,86626,65,True,inside_associated_span,0
detected_ckn_opencv_consensus/sset_15/tracknet-stride-8,109,59,first,87743,87668,87819,True,87745,4,5,4,first_last_stroke_match,59,87743,covered,66,87727,88101,66,True,inside_associated_span,0
detected_ckn_opencv_consensus/sset_15/tracknet-stride-8,110,59,last,88049,87974,88125,True,88047,4,5,4,first_last_stroke_match,59,88049,covered,66,87727,88101,66,True,inside_associated_span,0
detected_ckn_opencv_consensus/sset_15/tracknet-stride-8,111,60,first,88822,88747,88880,True,88819,3,5,4,first_last_stroke_match,60,88822,covered,67,88774,88994,67,True,inside_associated_span,0
detected_ckn_opencv_consensus/sset_15/tracknet-stride-8,112,60,last,88937,88880,89013,True,88945,3,5,4,no_gt_stroke_match,,,covered,67,88774,88994,67,True,inside_associated_span,0
detected_ckn_opencv_consensus/sset_15/tracknet-stride-8,113,61,first,89478,89403,89554,True,89473,4,5,4,no_gt_stroke_match,,,covered,69,89428,89746,69,True,inside_associated_span,0
detected_ckn_opencv_consensus/sset_15/tracknet-stride-8,114,61,last,89699,89624,89775,True,89697,4,5,4,first_last_stroke_match,61,89699,covered,69,89428,89746,69,True,inside_associated_span,0
detected_ckn_opencv_consensus/sset_15/tracknet-stride-8,115,62,first,90887,90812,90931,True,90889,1,5,4,first_last_stroke_match,62,90887,covered,70,90887,91073,70,True,inside_associated_span,0
detected_ckn_opencv_consensus/sset_15/tracknet-stride-8,116,62,last,90973,90931,91049,True,90943,1,5,4,other_gt_stroke_match,62,90945,covered,70,90887,91073,70,True,inside_associated_span,0
detected_ckn_opencv_consensus/sset_15/tracknet-stride-8,117,63,first,91511,91436,91561,True,91503,2,5,4,no_gt_stroke_match,,,covered,72,91472,91664,72,True,inside_associated_span,0
detected_ckn_opencv_consensus/sset_15/tracknet-stride-8,118,63,last,91609,91561,91685,True,91617,1,5,4,no_gt_stroke_match,,,covered,72,91472,91664,72,True,inside_associated_span,0
detected_ckn_opencv_consensus/sset_15/tracknet-stride-8,119,64,first,92302,92227,92378,True,92305,3,5,4,first_last_stroke_match,64,92302,covered,73,92275,92618,73,True,inside_associated_span,0
detected_ckn_opencv_consensus/sset_15/tracknet-stride-8,120,64,last,92558,92483,92634,True,92556,4,5,4,first_last_stroke_match,64,92558,covered,73,92275,92618,73,True,inside_associated_span,0
detected_ckn_opencv_consensus/sset_15/tracknet-stride-8,121,65,first,93276,93201,93352,True,93304,2,5,4,no_gt_stroke_match,,,missed,,,,74,,no_associated_span,
detected_ckn_opencv_consensus/sset_15/tracknet-stride-8,122,66,first,94350,94275,94411,True,94353,4,5,4,first_last_stroke_match,66,94350,covered,75,94244,94540,75,True,inside_associated_span,0
detected_ckn_opencv_consensus/sset_15/tracknet-stride-8,123,66,last,94471,94411,94547,True,94478,5,5,4,no_gt_stroke_match,,,covered,75,94244,94540,75,True,inside_associated_span,0
detected_ckn_opencv_consensus/sset_15/tracknet-stride-8,124,67,first,95256,95181,95281,False,,0,5,4,no_candidate,,,split,,,,,,no_candidate,
detected_ckn_opencv_consensus/sset_15/tracknet-stride-8,125,67,last,95305,95281,95381,True,95306,3,5,4,first_last_stroke_match,67,95305,split,,,,76,,no_associated_span,
detected_ckn_opencv_consensus/sset_15/tracknet-stride-8,126,68,first,95889,95814,95965,True,95889,4,5,4,first_last_stroke_match,68,95889,covered,77,95850,96230,77,True,inside_associated_span,0
detected_ckn_opencv_consensus/sset_15/tracknet-stride-8,127,68,last,96193,96118,96269,True,96192,4,5,4,first_last_stroke_match,68,96193,covered,77,95850,96230,77,True,inside_associated_span,0
detected_ckn_opencv_consensus/sset_15/tracknet-stride-8,128,69,first,97918,97843,97963,True,97921,3,5,4,first_last_stroke_match,69,97918,covered,78,97887,98061,78,True,inside_associated_span,0
detected_ckn_opencv_consensus/sset_15/tracknet-stride-8,129,69,last,98006,97963,98082,True,98004,3,5,4,first_last_stroke_match,69,98006,covered,78,97887,98061,78,True,inside_associated_span,0
detected_ckn_opencv_consensus/sset_15/tracknet-stride-8,130,70,first,98609,98534,98652,True,98609,2,5,4,first_last_stroke_match,70,98609,covered,80,98567,98721,80,True,inside_associated_span,0
detected_ckn_opencv_consensus/sset_15/tracknet-stride-8,131,70,last,98694,98652,98770,True,98693,2,5,4,first_last_stroke_match,70,98694,covered,80,98567,98721,80,True,inside_associated_span,0
detected_ckn_opencv_consensus/sset_15/tracknet-stride-8,132,71,first,99299,99224,99367,True,99297,2,5,4,first_last_stroke_match,71,99299,covered,81,99236,99472,81,True,inside_associated_span,0
detected_ckn_opencv_consensus/sset_15/tracknet-stride-8,133,71,last,99433,99367,99509,True,99411,3,5,4,other_gt_stroke_match,71,99412,covered,81,99236,99472,81,True,inside_associated_span,0
detected_ckn_opencv_consensus/sset_15/tracknet-stride-8,134,72,first,100770,100695,100846,True,100769,2,5,4,first_last_stroke_match,72,100770,covered,82,100755,101006,82,True,inside_associated_span,0
detected_ckn_opencv_consensus/sset_15/tracknet-stride-8,135,72,last,100934,100859,101010,True,100937,2,5,4,first_last_stroke_match,72,100934,covered,82,100755,101006,82,True,inside_associated_span,0
detected_ckn_opencv_consensus/sset_15/tracknet-stride-8,136,73,first,101946,101871,102022,True,101937,3,5,4,no_gt_stroke_match,,,covered,83,101934,102351,83,True,inside_associated_span,0
detected_ckn_opencv_consensus/sset_15/tracknet-stride-8,137,73,last,102293,102218,102369,True,102292,3,5,4,first_last_stroke_match,73,102293,covered,83,101934,102351,83,True,inside_associated_span,0
detected_ckn_opencv_consensus/sset_15/tracknet-stride-8,138,74,first,106296,106221,106372,True,106287,3,5,4,no_gt_stroke_match,,,covered,84,106065,106784,84,True,inside_associated_span,0
detected_ckn_opencv_consensus/sset_15/tracknet-stride-8,139,74,last,106675,106600,106751,True,106674,3,5,4,first_last_stroke_match,74,106675,covered,84,106065,106784,84,True,inside_associated_span,0
detected_ckn_opencv_consensus/sset_15/tracknet-stride-8,140,75,first,107245,107170,107279,True,107249,0,5,4,first_last_stroke_match,75,107245,covered,85,107188,107378,85,True,inside_associated_span,0
detected_ckn_opencv_consensus/sset_15/tracknet-stride-8,141,75,last,107312,107279,107388,True,107310,3,5,4,first_last_stroke_match,75,107312,covered,85,107188,107378,85,True,inside_associated_span,0
detected_ckn_opencv_consensus/sset_15/tracknet-stride-8,142,76,first,107899,107824,107975,True,107889,5,5,4,no_gt_stroke_match,,,covered,87,107855,108292,87,True,inside_associated_span,0
detected_ckn_opencv_consensus/sset_15/tracknet-stride-8,143,76,last,108230,108155,108306,True,108206,1,5,4,other_gt_stroke_match,76,108209,covered,87,107855,108292,87,True,inside_associated_span,0
detected_ckn_opencv_consensus/sset_15/tracknet-stride-8,144,77,first,109583,109508,109659,True,109603,2,5,4,no_gt_stroke_match,,,missed,,,,88,,no_associated_span,
detected_ckn_opencv_consensus/sset_15/tracknet-stride-8,145,78,first,110275,110200,110315,True,110284,0,5,4,no_gt_stroke_match,,,split,,,,89,,no_associated_span,
detected_ckn_opencv_consensus/sset_15/tracknet-stride-8,146,78,last,110353,110315,110429,True,110352,4,5,4,first_last_stroke_match,78,110353,split,,,,89,,no_associated_span,
detected_ckn_opencv_consensus/sset_15/tracknet-stride-8,147,79,first,110799,110724,110875,True,110785,3,5,4,no_gt_stroke_match,,,covered,90,110768,111018,90,True,inside_associated_span,0
detected_ckn_opencv_consensus/sset_15/tracknet-stride-8,148,79,last,111017,110942,111093,True,110990,2,5,4,other_gt_stroke_match,79,110994,covered,90,110768,111018,90,True,inside_associated_span,0
detected_ckn_opencv_consensus/sset_15/tracknet-stride-8,149,80,first,112219,112144,112247,True,112217,3,5,4,first_last_stroke_match,80,112219,covered,91,112151,112360,91,True,inside_associated_span,0
detected_ckn_opencv_consensus/sset_15/tracknet-stride-8,150,80,last,112273,112247,112349,True,112272,3,5,4,first_last_stroke_match,80,112273,covered,91,112151,112360,91,True,inside_associated_span,0
detected_ckn_opencv_consensus/sset_15/tracknet-stride-8,151,81,first,112752,112677,112828,True,112753,2,5,4,first_last_stroke_match,81,112752,covered,92,112737,113027,92,True,inside_associated_span,0
detected_ckn_opencv_consensus/sset_15/tracknet-stride-8,152,81,last,113007,112932,113083,True,113006,3,5,4,first_last_stroke_match,81,113007,covered,92,112737,113027,92,True,inside_associated_span,0
detected_ckn_opencv_consensus/sset_15/tracknet-stride-8,153,82,first,113467,113392,113543,True,113473,3,5,4,no_gt_stroke_match,,,missed,,,,93,,no_associated_span,
detected_ckn_opencv_consensus/sset_15/tracknet-stride-8,154,83,first,114139,114064,114182,True,114145,3,5,4,no_gt_stroke_match,,,covered,94,114051,114268,94,True,inside_associated_span,0
detected_ckn_opencv_consensus/sset_15/tracknet-stride-8,155,83,last,114224,114182,114300,True,114222,2,5,4,first_last_stroke_match,83,114224,covered,94,114051,114268,94,True,inside_associated_span,0
detected_ckn_opencv_consensus/sset_15/tracknet-stride-8,156,84,first,114953,114878,114980,True,114945,1,5,4,no_gt_stroke_match,,,covered,95,114889,115085,95,True,inside_associated_span,0
detected_ckn_opencv_consensus/sset_15/tracknet-stride-8,157,84,last,115006,114980,115082,True,115006,2,5,4,first_last_stroke_match,84,115006,covered,95,114889,115085,95,True,inside_associated_span,0
detected_ckn_opencv_consensus/sset_15/tracknet-stride-8,158,85,first,116073,115998,116093,True,116062,0,5,4,no_gt_stroke_match,,,covered,96,116057,116186,96,True,inside_associated_span,0
detected_ckn_opencv_consensus/sset_15/tracknet-stride-8,159,85,last,116111,116093,116187,True,116110,2,5,4,first_last_stroke_match,85,116111,covered,96,116057,116186,96,True,inside_associated_span,0
detected_ckn_opencv_consensus/sset_15/tracknet-stride-8,160,86,first,116511,116436,116580,True,116513,3,5,4,first_last_stroke_match,86,116511,covered,97,116491,116695,97,True,inside_associated_span,0
detected_ckn_opencv_consensus/sset_15/tracknet-stride-8,161,86,last,116647,116580,116723,True,116633,3,5,4,other_gt_stroke_match,86,116635,covered,97,116491,116695,97,True,inside_associated_span,0
detected_ckn_opencv_consensus/sset_15/tracknet-stride-8,162,87,first,117091,117016,117167,True,117126,1,5,4,no_gt_stroke_match,,,covered,98,117091,117264,98,True,inside_associated_span,0
detected_ckn_opencv_consensus/sset_15/tracknet-stride-8,163,88,first,117670,117595,117746,True,117697,1,5,4,no_gt_stroke_match,,,covered,99,117664,117934,99,True,inside_associated_span,0
detected_ckn_opencv_consensus/sset_15/tracknet-stride-8,164,88,last,117834,117759,117910,True,117848,5,5,4,no_gt_stroke_match,,,covered,99,117664,117934,99,True,inside_associated_span,0
detected_ckn_opencv_consensus/sset_15/tracknet-stride-8,165,89,first,120624,120549,120700,True,120625,3,5,4,first_last_stroke_match,89,120624,covered,100,120454,121459,100,True,inside_associated_span,0
detected_ckn_opencv_consensus/sset_15/tracknet-stride-8,166,89,last,121396,121321,121472,True,121394,3,5,4,first_last_stroke_match,89,121396,covered,100,120454,121459,100,True,inside_associated_span,0
detected_ckn_opencv_consensus/sset_15/tracknet-stride-8,167,90,first,122843,122768,122917,True,122832,1,5,4,no_gt_stroke_match,,,covered,101,122820,123050,101,True,inside_associated_span,0
detected_ckn_opencv_consensus/sset_15/tracknet-stride-8,168,90,last,122990,122917,123066,True,122990,2,5,4,first_last_stroke_match,90,122990,covered,101,122820,123050,101,True,inside_associated_span,0
detected_ckn_opencv_consensus/sset_15/tracknet-stride-8,169,91,first,123475,123400,123551,True,123490,2,5,4,no_gt_stroke_match,,,missed,,,,102,,no_associated_span,
detected_ckn_opencv_consensus/sset_15/tracknet-stride-8,170,92,first,124252,124177,124328,True,124265,1,5,4,no_gt_stroke_match,,,missed,,,,103,,no_associated_span,
detected_ckn_opencv_consensus/sset_15/tracknet-stride-8,171,93,first,124919,124844,124995,True,124929,2,5,4,no_gt_stroke_match,,,missed,,,,104,,no_associated_span,
detected_ckn_opencv_consensus/sset_15/tracknet-stride-8,172,94,first,125589,125514,125665,True,125585,3,5,4,first_last_stroke_match,94,125589,covered,105,125556,125987,105,True,inside_associated_span,0
detected_ckn_opencv_consensus/sset_15/tracknet-stride-8,173,94,last,125901,125826,125977,True,125899,3,5,4,first_last_stroke_match,94,125901,covered,105,125556,125987,105,True,inside_associated_span,0
detected_ckn_opencv_consensus/sset_15/tracknet-stride-8,174,95,first,126402,126327,126441,True,126401,1,5,4,first_last_stroke_match,95,126402,covered,106,126399,126536,106,True,inside_associated_span,0
detected_ckn_opencv_consensus/sset_15/tracknet-stride-8,175,95,last,126479,126441,126555,True,126478,2,5,4,first_last_stroke_match,95,126479,covered,106,126399,126536,106,True,inside_associated_span,0
detected_ckn_opencv_consensus/sset_15/tracknet-stride-8,176,96,first,126885,126810,126961,True,126912,1,5,4,no_gt_stroke_match,,,missed,,,,107,,no_associated_span,
detected_ckn_opencv_consensus/sset_15/tracknet-stride-8,177,97,first,127533,127458,127609,True,127536,3,5,4,first_last_stroke_match,97,127533,split,,,,108,,no_associated_span,
detected_ckn_opencv_consensus/sset_15/tracknet-stride-8,178,97,last,127712,127637,127788,True,127695,2,5,4,no_gt_stroke_match,,,split,,,,108,,no_associated_span,
detected_ckn_opencv_consensus/sset_15/tracknet-stride-8,179,98,first,128347,128272,128384,True,128339,1,5,4,no_gt_stroke_match,,,covered,109,128315,128456,109,True,inside_associated_span,0
detected_ckn_opencv_consensus/sset_15/tracknet-stride-8,180,98,last,128420,128384,128496,True,128419,2,5,4,first_last_stroke_match,98,128420,covered,109,128315,128456,109,True,inside_associated_span,0
detected_ckn_opencv_consensus/sset_15/tracknet-stride-8,181,99,first,128876,128801,128952,False,,0,5,4,no_candidate,,,missed,,,,,,no_candidate,
detected_ckn_opencv_consensus/sset_15/tracknet-stride-8,182,100,first,129234,129159,129308,True,129233,2,5,4,first_last_stroke_match,100,129234,covered,110,129198,129422,110,True,inside_associated_span,0
detected_ckn_opencv_consensus/sset_15/tracknet-stride-8,183,100,last,129381,129308,129457,True,129382,5,5,4,first_last_stroke_match,100,129381,covered,110,129198,129422,110,True,inside_associated_span,0
detected_ckn_opencv_consensus/sset_15/tracknet-stride-8,184,101,first,129811,129736,129867,True,129809,2,5,4,first_last_stroke_match,101,129811,covered,111,129801,130003,111,True,inside_associated_span,0
detected_ckn_opencv_consensus/sset_15/tracknet-stride-8,185,101,last,129922,129867,129998,True,129921,3,5,4,first_last_stroke_match,101,129922,covered,111,129801,130003,111,True,inside_associated_span,0
detected_ckn_opencv_consensus/sset_15/tracknet-stride-8,186,102,first,130355,130280,130431,True,130371,2,5,4,no_gt_stroke_match,,,missed,,,,112,,no_associated_span,
detected_ckn_opencv_consensus/sset_15/tracknet-stride-8,187,103,first,130725,130650,130764,True,130737,1,5,4,other_gt_stroke_match,103,130740,split,,,,113,,no_associated_span,
detected_ckn_opencv_consensus/sset_15/tracknet-stride-8,188,103,last,130802,130764,130878,True,130801,3,5,4,first_last_stroke_match,103,130802,split,,,,113,,no_associated_span,
detected_ckn_opencv_consensus/sset_21/tracknet-stride-8,0,0,first,12771,12681,12862,True,12766,2,5,5,first_last_stroke_match,0,12771,covered,2,12744,13293,2,True,inside_associated_span,0
detected_ckn_opencv_consensus/sset_21/tracknet-stride-8,1,0,last,13145,13055,13236,True,13144,6,5,5,first_last_stroke_match,0,13145,covered,2,12744,13293,2,True,inside_associated_span,0
detected_ckn_opencv_consensus/sset_21/tracknet-stride-8,2,1,first,13637,13547,13728,True,13636,5,5,5,first_last_stroke_match,1,13637,covered,3,13558,14067,3,True,inside_associated_span,0
detected_ckn_opencv_consensus/sset_21/tracknet-stride-8,3,1,last,14038,13948,14129,True,14036,3,5,5,first_last_stroke_match,1,14038,covered,3,13558,14067,3,True,inside_associated_span,0
detected_ckn_opencv_consensus/sset_21/tracknet-stride-8,4,2,first,14551,14461,14621,True,14553,1,5,5,first_last_stroke_match,2,14551,covered,4,14550,15094,4,True,inside_associated_span,0
detected_ckn_opencv_consensus/sset_21/tracknet-stride-8,5,2,last,14690,14621,14781,True,14689,3,5,5,first_last_stroke_match,2,14690,covered,4,14550,15094,4,True,inside_associated_span,0
detected_ckn_opencv_consensus/sset_21/tracknet-stride-8,6,3,first,15175,15085,15209,False,,0,5,5,no_candidate,,,split,,,,,,no_candidate,
detected_ckn_opencv_consensus/sset_21/tracknet-stride-8,7,3,last,15241,15209,15332,True,15278,1,5,5,no_gt_stroke_match,,,split,,,,5,,no_associated_span,
detected_ckn_opencv_consensus/sset_21/tracknet-stride-8,8,4,first,15733,15643,15824,True,15734,3,5,5,first_last_stroke_match,4,15733,covered,6,15718,16132,6,True,inside_associated_span,0
detected_ckn_opencv_consensus/sset_21/tracknet-stride-8,9,4,last,16011,15921,16102,True,16010,4,5,5,first_last_stroke_match,4,16011,covered,6,15718,16132,6,True,inside_associated_span,0
detected_ckn_opencv_consensus/sset_21/tracknet-stride-8,10,5,first,16506,16416,16597,True,16509,2,5,5,first_last_stroke_match,5,16506,covered,7,16480,16832,7,True,inside_associated_span,0
detected_ckn_opencv_consensus/sset_21/tracknet-stride-8,11,5,last,16789,16699,16880,True,16781,4,5,5,no_gt_stroke_match,,,covered,7,16480,16832,7,True,inside_associated_span,0
detected_ckn_opencv_consensus/sset_21/tracknet-stride-8,12,6,first,17296,17206,17387,True,17296,2,5,5,first_last_stroke_match,6,17296,covered,8,17195,17592,8,True,inside_associated_span,0
detected_ckn_opencv_consensus/sset_21/tracknet-stride-8,13,6,last,17519,17429,17610,True,17518,4,5,5,first_last_stroke_match,6,17519,covered,8,17195,17592,8,True,inside_associated_span,0
detected_ckn_opencv_consensus/sset_21/tracknet-stride-8,14,7,first,18354,18264,18445,True,18353,1,5,5,first_last_stroke_match,7,18354,covered,9,18337,18637,9,True,inside_associated_span,0
detected_ckn_opencv_consensus/sset_21/tracknet-stride-8,15,7,last,18546,18456,18637,True,18542,3,5,5,first_last_stroke_match,7,18546,covered,9,18337,18637,9,True,inside_associated_span,0
detected_ckn_opencv_consensus/sset_21/tracknet-stride-8,16,8,first,18966,18876,19025,True,18961,2,5,5,first_last_stroke_match,8,18966,covered,10,18953,19155,10,True,inside_associated_span,0
detected_ckn_opencv_consensus/sset_21/tracknet-stride-8,17,8,last,19083,19025,19174,True,19079,3,5,5,first_last_stroke_match,8,19083,covered,10,18953,19155,10,True,inside_associated_span,0
detected_ckn_opencv_consensus/sset_21/tracknet-stride-8,18,9,first,19547,19457,19638,True,19546,2,5,5,first_last_stroke_match,9,19547,covered,11,19513,20083,11,True,inside_associated_span,0
detected_ckn_opencv_consensus/sset_21/tracknet-stride-8,19,9,last,19939,19849,20030,True,19938,7,5,5,first_last_stroke_match,9,19939,covered,11,19513,20083,11,True,inside_associated_span,0
detected_ckn_opencv_consensus/sset_21/tracknet-stride-8,20,10,first,21146,21056,21237,True,21189,1,5,5,no_gt_stroke_match,,,split,,,,12,,no_associated_span,
detected_ckn_opencv_consensus/sset_21/tracknet-stride-8,21,10,last,21339,21249,21430,True,21337,3,5,5,first_last_stroke_match,10,21339,split,,,,12,,no_associated_span,
detected_ckn_opencv_consensus/sset_21/tracknet-stride-8,22,11,first,21990,21900,22081,True,22013,2,5,5,no_gt_stroke_match,,,split,,,,13,,no_associated_span,
detected_ckn_opencv_consensus/sset_21/tracknet-stride-8,23,11,last,22573,22483,22664,True,22571,6,5,5,first_last_stroke_match,11,22573,split,,,,13,,no_associated_span,
detected_ckn_opencv_consensus/sset_21/tracknet-stride-8,24,12,first,23168,23078,23259,True,23182,3,5,5,other_gt_stroke_match,12,23182,covered,14,23159,23667,14,True,inside_associated_span,0
detected_ckn_opencv_consensus/sset_21/tracknet-stride-8,25,12,last,23610,23520,23701,True,23581,3,5,5,other_gt_stroke_match,12,23579,covered,14,23159,23667,14,True,inside_associated_span,0
detected_ckn_opencv_consensus/sset_21/tracknet-stride-8,26,13,first,24302,24212,24316,False,,0,5,5,no_candidate,,,split,,,,,,no_candidate,
detected_ckn_opencv_consensus/sset_21/tracknet-stride-8,27,13,last,24329,24316,24420,True,24321,1,5,5,no_gt_stroke_match,,,split,,,,15,,no_associated_span,
detected_ckn_opencv_consensus/sset_21/tracknet-stride-8,28,14,first,24875,24785,24903,True,24898,0,5,5,other_gt_stroke_match,14,24898,split,,,,16,,no_associated_span,
detected_ckn_opencv_consensus/sset_21/tracknet-stride-8,29,14,last,24929,24903,25020,True,24958,3,5,5,no_gt_stroke_match,,,split,,,,16,,no_associated_span,
detected_ckn_opencv_consensus/sset_21/tracknet-stride-8,30,15,first,25486,25396,25577,False,,0,5,5,no_candidate,,,missed,,,,,,no_candidate,
detected_ckn_opencv_consensus/sset_21/tracknet-stride-8,31,15,last,25676,25586,25767,False,,0,5,5,no_candidate,,,missed,,,,,,no_candidate,
detected_ckn_opencv_consensus/sset_21/tracknet-stride-8,32,16,first,26688,26598,26779,True,26687,4,5,5,first_last_stroke_match,16,26688,covered,17,26639,27005,17,True,inside_associated_span,0
detected_ckn_opencv_consensus/sset_21/tracknet-stride-8,33,16,last,26915,26825,27006,True,26915,5,5,5,first_last_stroke_match,16,26915,covered,17,26639,27005,17,True,inside_associated_span,0
detected_ckn_opencv_consensus/sset_21/tracknet-stride-8,34,17,first,27458,27368,27549,True,27527,0,5,5,no_gt_stroke_match,,,split,,,,18,,no_associated_span,
detected_ckn_opencv_consensus/sset_21/tracknet-stride-8,35,17,last,27883,27793,27974,True,27833,0,5,5,other_gt_stroke_match,17,27836,split,,,,18,,no_associated_span,
detected_ckn_opencv_consensus/sset_21/tracknet-stride-8,36,18,first,30184,30094,30275,True,30183,3,5,5,first_last_stroke_match,18,30184,covered,19,29970,30751,19,True,inside_associated_span,0
detected_ckn_opencv_consensus/sset_21/tracknet-stride-8,37,18,last,30676,30586,30767,True,30675,4,5,5,first_last_stroke_match,18,30676,covered,19,29970,30751,19,True,inside_associated_span,0
detected_ckn_opencv_consensus/sset_21/tracknet-stride-8,38,19,first,31431,31341,31452,False,,0,5,5,no_candidate,,,split,,,,,,no_candidate,
detected_ckn_opencv_consensus/sset_21/tracknet-stride-8,39,19,last,31471,31452,31562,True,31470,1,5,5,first_last_stroke_match,19,31471,split,,,,20,,no_associated_span,
detected_ckn_opencv_consensus/sset_21/tracknet-stride-8,40,20,first,31893,31803,31984,True,31919,2,5,5,no_gt_stroke_match,,,split,,,,21,,no_associated_span,
detected_ckn_opencv_consensus/sset_21/tracknet-stride-8,41,20,last,32174,32084,32265,True,32170,6,5,5,first_last_stroke_match,20,32174,split,,,,21,,no_associated_span,
detected_ckn_opencv_consensus/sset_21/tracknet-stride-8,42,21,first,32908,32818,32939,True,32910,1,5,5,first_last_stroke_match,21,32908,covered,22,32800,33865,22,True,inside_associated_span,0
detected_ckn_opencv_consensus/sset_21/tracknet-stride-8,43,21,last,32968,32939,33059,True,32968,4,5,5,first_last_stroke_match,21,32968,covered,22,32800,33865,22,True,inside_associated_span,0
detected_ckn_opencv_consensus/sset_21/tracknet-stride-8,44,22,first,33446,33356,33537,True,33441,4,5,5,first_last_stroke_match,22,33446,covered,22,32800,33865,22,True,inside_associated_span,0
detected_ckn_opencv_consensus/sset_21/tracknet-stride-8,45,22,last,33831,33741,33922,True,33830,4,5,5,first_last_stroke_match,22,33831,covered,22,32800,33865,22,True,inside_associated_span,0
detected_ckn_opencv_consensus/sset_21/tracknet-stride-8,46,23,first,34442,34352,34533,True,34441,4,5,5,first_last_stroke_match,23,34442,covered,23,34439,35273,23,True,inside_associated_span,0
detected_ckn_opencv_consensus/sset_21/tracknet-stride-8,47,23,last,35174,35084,35265,True,35172,4,5,5,first_last_stroke_match,23,35174,covered,23,34439,35273,23,True,inside_associated_span,0
detected_ckn_opencv_consensus/sset_21/tracknet-stride-8,48,24,first,37519,37429,37610,True,37521,3,5,5,first_last_stroke_match,24,37519,covered,24,37331,37866,24,True,inside_associated_span,0
detected_ckn_opencv_consensus/sset_21/tracknet-stride-8,49,24,last,37823,37733,37914,True,37820,4,5,5,first_last_stroke_match,24,37823,covered,24,37331,37866,24,True,inside_associated_span,0
detected_ckn_opencv_consensus/sset_21/tracknet-stride-8,50,25,first,38393,38303,38484,True,38387,3,5,5,no_gt_stroke_match,,,covered,25,38385,38708,25,True,inside_associated_span,0
detected_ckn_opencv_consensus/sset_21/tracknet-stride-8,51,25,last,38628,38538,38719,True,38627,8,5,5,first_last_stroke_match,25,38628,covered,25,38385,38708,25,True,inside_associated_span,0
detected_ckn_opencv_consensus/sset_21/tracknet-stride-8,52,26,first,39476,39386,39567,True,39473,3,5,5,first_last_stroke_match,26,39476,covered,26,39382,39749,26,True,inside_associated_span,0
detected_ckn_opencv_consensus/sset_21/tracknet-stride-8,53,26,last,39677,39587,39768,True,39674,3,5,5,first_last_stroke_match,26,39677,covered,26,39382,39749,26,True,inside_associated_span,0
detected_ckn_opencv_consensus/sset_21/tracknet-stride-8,54,27,first,40231,40141,40279,False,,0,5,5,no_candidate,,,split,,,,,,no_candidate,
detected_ckn_opencv_consensus/sset_21/tracknet-stride-8,55,27,last,40325,40279,40416,True,40325,5,5,5,first_last_stroke_match,27,40325,split,,,,27,,no_associated_span,
detected_ckn_opencv_consensus/sset_21/tracknet-stride-8,56,28,first,40970,40880,41061,True,41042,1,5,5,no_gt_stroke_match,,,split,,,,28,,no_associated_span,
detected_ckn_opencv_consensus/sset_21/tracknet-stride-8,57,28,last,41183,41093,41274,True,41199,5,5,5,no_gt_stroke_match,,,split,,,,28,,no_associated_span,
detected_ckn_opencv_consensus/sset_21/tracknet-stride-8,58,29,first,41821,41731,41912,False,,0,5,5,no_candidate,,,missed,,,,,,no_candidate,
detected_ckn_opencv_consensus/sset_21/tracknet-stride-8,59,29,last,42318,42228,42409,False,,0,5,5,no_candidate,,,missed,,,,,,no_candidate,
detected_ckn_opencv_consensus/sset_21/tracknet-stride-8,60,30,first,43079,42989,43147,True,43078,2,5,5,first_last_stroke_match,30,43079,covered,29,42988,43273,29,True,inside_associated_span,0
detected_ckn_opencv_consensus/sset_21/tracknet-stride-8,61,30,last,43213,43147,43304,True,43207,4,5,5,no_gt_stroke_match,,,covered,29,42988,43273,29,True,inside_associated_span,0
detected_ckn_opencv_consensus/sset_21/tracknet-stride-8,62,31,first,44598,44508,44668,False,,0,5,5,no_candidate,,,split,,,,,,no_candidate,
detected_ckn_opencv_consensus/sset_21/tracknet-stride-8,63,31,last,44736,44668,44827,True,44713,5,5,5,other_gt_stroke_match,31,44715,split,,,,30,,no_associated_span,
detected_ckn_opencv_consensus/sset_21/tracknet-stride-8,64,32,first,45243,45153,45334,True,45249,6,5,5,no_gt_stroke_match,,,covered,31,44950,45780,31,True,inside_associated_span,0
detected_ckn_opencv_consensus/sset_21/tracknet-stride-8,65,32,last,45665,45575,45756,True,45667,6,5,5,first_last_stroke_match,32,45665,covered,31,44950,45780,31,True,inside_associated_span,0
detected_ckn_opencv_consensus/sset_21/tracknet-stride-8,66,33,first,46417,46327,46508,True,46413,2,5,5,first_last_stroke_match,33,46417,covered,32,46404,46719,32,True,inside_associated_span,0
detected_ckn_opencv_consensus/sset_21/tracknet-stride-8,67,33,last,46648,46558,46739,True,46647,4,5,5,first_last_stroke_match,33,46648,covered,32,46404,46719,32,True,inside_associated_span,0
detected_ckn_opencv_consensus/sset_21/tracknet-stride-8,68,34,first,47298,47208,47369,True,47297,2,5,5,first_last_stroke_match,34,47298,covered,33,47238,47505,33,True,inside_associated_span,0
detected_ckn_opencv_consensus/sset_21/tracknet-stride-8,69,34,last,47438,47369,47529,True,47438,4,5,5,first_last_stroke_match,34,47438,covered,33,47238,47505,33,True,inside_associated_span,0
detected_ckn_opencv_consensus/sset_21/tracknet-stride-8,70,35,first,48186,48096,48277,True,48206,1,5,5,no_gt_stroke_match,,,covered,35,48186,48665,35,True,inside_associated_span,0
detected_ckn_opencv_consensus/sset_21/tracknet-stride-8,71,35,last,48394,48304,48485,True,48385,4,5,5,no_gt_stroke_match,,,covered,35,48186,48665,35,True,inside_associated_span,0
detected_ckn_opencv_consensus/sset_21/tracknet-stride-8,72,36,first,49809,49719,49884,True,49835,1,5,5,no_gt_stroke_match,,,covered,37,49809,50061,37,True,inside_associated_span,0
detected_ckn_opencv_consensus/sset_21/tracknet-stride-8,73,36,last,49958,49884,50049,True,49957,5,5,5,first_last_stroke_match,36,49958,covered,37,49809,50061,37,True,inside_associated_span,0
detected_ckn_opencv_consensus/sset_21/tracknet-stride-8,74,37,first,50529,50439,50620,True,50545,2,5,5,no_gt_stroke_match,,,covered,38,50529,50832,38,True,inside_associated_span,0
detected_ckn_opencv_consensus/sset_21/tracknet-stride-8,75,37,last,50773,50683,50864,True,50770,5,5,5,first_last_stroke_match,37,50773,covered,38,50529,50832,38,True,inside_associated_span,0
detected_ckn_opencv_consensus/sset_21/tracknet-stride-8,76,38,first,51483,51393,51507,True,51474,0,5,5,no_gt_stroke_match,,,covered,39,51336,51678,39,True,inside_associated_span,0
detected_ckn_opencv_consensus/sset_21/tracknet-stride-8,77,38,last,51530,51507,51621,True,51529,3,5,5,first_last_stroke_match,38,51530,covered,39,51336,51678,39,True,inside_associated_span,0
detected_ckn_opencv_consensus/sset_21/tracknet-stride-8,78,39,first,52142,52052,52196,True,52144,2,5,5,first_last_stroke_match,39,52142,covered,40,52138,52337,40,True,inside_associated_span,0
detected_ckn_opencv_consensus/sset_21/tracknet-stride-8,79,39,last,52248,52196,52339,True,52262,3,5,5,no_gt_stroke_match,,,covered,40,52138,52337,40,True,inside_associated_span,0
detected_ckn_opencv_consensus/sset_21/tracknet-stride-8,80,40,first,53262,53172,53353,True,53257,3,5,5,first_last_stroke_match,40,53262,covered,42,53254,53832,42,True,inside_associated_span,0
detected_ckn_opencv_consensus/sset_21/tracknet-stride-8,81,40,last,53754,53664,53845,True,53754,4,5,5,first_last_stroke_match,40,53754,covered,42,53254,53832,42,True,inside_associated_span,0
detected_ckn_opencv_consensus/sset_21/tracknet-stride-8,82,41,first,54440,54350,54531,True,54464,2,5,5,other_gt_stroke_match,41,54464,covered,43,54440,55793,43,True,inside_associated_span,0
detected_ckn_opencv_consensus/sset_21/tracknet-stride-8,83,41,last,55663,55573,55754,True,55658,4,5,5,first_last_stroke_match,41,55663,covered,43,54440,55793,43,True,inside_associated_span,0
detected_ckn_opencv_consensus/sset_21/tracknet-stride-8,84,42,first,60352,60262,60443,True,60353,3,5,5,first_last_stroke_match,42,60352,covered,44,60063,60718,44,True,inside_associated_span,0
detected_ckn_opencv_consensus/sset_21/tracknet-stride-8,85,42,last,60613,60523,60704,True,60616,5,5,5,first_last_stroke_match,42,60613,covered,44,60063,60718,44,True,inside_associated_span,0
detected_ckn_opencv_consensus/sset_21/tracknet-stride-8,86,43,first,61209,61119,61300,True,61207,2,5,5,first_last_stroke_match,43,61209,covered,45,61204,61514,45,True,inside_associated_span,0
detected_ckn_opencv_consensus/sset_21/tracknet-stride-8,87,43,last,61419,61329,61510,True,61412,3,5,5,no_gt_stroke_match,,,covered,45,61204,61514,45,True,inside_associated_span,0
detected_ckn_opencv_consensus/sset_21/tracknet-stride-8,88,44,first,62214,62124,62274,True,62214,2,5,5,first_last_stroke_match,44,62214,covered,46,62208,62442,46,True,inside_associated_span,0
detected_ckn_opencv_consensus/sset_21/tracknet-stride-8,89,44,last,62333,62274,62424,True,62323,3,5,5,other_gt_stroke_match,44,62318,covered,46,62208,62442,46,True,inside_associated_span,0
detected_ckn_opencv_consensus/sset_21/tracknet-stride-8,90,45,first,63244,63154,63275,True,63233,1,5,5,no_gt_stroke_match,,,covered,47,63210,63482,47,True,inside_associated_span,0
detected_ckn_opencv_consensus/sset_21/tracknet-stride-8,91,45,last,63304,63275,63395,True,63304,4,5,5,first_last_stroke_match,45,63304,covered,47,63210,63482,47,True,inside_associated_span,0
detected_ckn_opencv_consensus/sset_21/tracknet-stride-8,92,46,first,63766,63676,63857,True,63798,1,5,5,no_gt_stroke_match,,,split,,,,48,,no_associated_span,
detected_ckn_opencv_consensus/sset_21/tracknet-stride-8,93,46,last,64059,63969,64150,True,64060,7,5,5,first_last_stroke_match,46,64059,split,,,,48,,no_associated_span,
detected_ckn_opencv_consensus/sset_21/tracknet-stride-8,94,47,first,64600,64510,64691,False,,0,5,5,no_candidate,,,missed,,,,,,no_candidate,
detected_ckn_opencv_consensus/sset_21/tracknet-stride-8,95,47,last,64800,64710,64891,False,,0,5,5,no_candidate,,,missed,,,,,,no_candidate,
detected_ckn_opencv_consensus/sset_21/tracknet-stride-8,96,48,first,65443,65353,65484,True,65441,1,5,5,first_last_stroke_match,48,65443,covered,49,65298,65633,49,True,inside_associated_span,0
detected_ckn_opencv_consensus/sset_21/tracknet-stride-8,97,48,last,65524,65484,65615,True,65521,3,5,5,first_last_stroke_match,48,65524,covered,49,65298,65633,49,True,inside_associated_span,0
detected_ckn_opencv_consensus/sset_21/tracknet-stride-8,98,49,first,66268,66178,66357,True,66302,1,5,5,no_gt_stroke_match,,,split,,,,50,,no_associated_span,
detected_ckn_opencv_consensus/sset_21/tracknet-stride-8,99,49,last,66444,66357,66535,True,66442,4,5,5,first_last_stroke_match,49,66444,split,,,,50,,no_associated_span,
detected_ckn_opencv_consensus/sset_21/tracknet-stride-8,100,50,first,67123,67033,67214,True,67182,0,5,5,other_gt_stroke_match,50,67180,split,,,,51,,no_associated_span,
detected_ckn_opencv_consensus/sset_21/tracknet-stride-8,101,50,last,67353,67263,67444,True,67361,3,5,5,no_gt_stroke_match,,,split,,,,51,,no_associated_span,
detected_ckn_opencv_consensus/sset_21/tracknet-stride-8,102,51,first,68019,67929,68110,True,68083,1,5,5,no_gt_stroke_match,,,split,,,,52,,no_associated_span,
detected_ckn_opencv_consensus/sset_21/tracknet-stride-8,103,51,last,68351,68261,68442,True,68354,5,5,5,first_last_stroke_match,51,68351,split,,,,52,,no_associated_span,
detected_ckn_opencv_consensus/sset_21/tracknet-stride-8,104,52,first,69747,69657,69838,True,69758,1,5,5,no_gt_stroke_match,,,split,,,,53,,no_associated_span,
detected_ckn_opencv_consensus/sset_21/tracknet-stride-8,105,52,last,70347,70257,70438,True,70342,6,5,5,first_last_stroke_match,52,70347,split,,,,53,,no_associated_span,
detected_ckn_opencv_consensus/sset_21/tracknet-stride-8,106,53,first,71006,70916,71080,False,,0,5,5,no_candidate,,,missed,,,,,,no_candidate,
detected_ckn_opencv_consensus/sset_21/tracknet-stride-8,107,53,last,71152,71080,71243,False,,0,5,5,no_candidate,,,missed,,,,,,no_candidate,
detected_ckn_opencv_consensus/sset_21/tracknet-stride-8,108,54,first,71876,71786,71967,True,71864,3,5,5,no_gt_stroke_match,,,covered,54,71712,72197,54,True,inside_associated_span,0
detected_ckn_opencv_consensus/sset_21/tracknet-stride-8,109,54,last,72121,72031,72212,True,72120,3,5,5,first_last_stroke_match,54,72121,covered,54,71712,72197,54,True,inside_associated_span,0
detected_ckn_opencv_consensus/sset_21/tracknet-stride-8,110,55,first,72678,72588,72714,True,72701,0,5,5,other_gt_stroke_match,55,72701,split,,,,55,,no_associated_span,
detected_ckn_opencv_consensus/sset_21/tracknet-stride-8,111,55,last,72748,72714,72839,True,72750,4,5,5,first_last_stroke_match,55,72748,split,,,,55,,no_associated_span,
detected_ckn_opencv_consensus/sset_21/tracknet-stride-8,112,56,first,73275,73185,73366,True,73310,1,5,5,no_gt_stroke_match,,,split,,,,56,,no_associated_span,
detected_ckn_opencv_consensus/sset_21/tracknet-stride-8,113,56,last,73815,73725,73906,True,73832,3,5,5,no_gt_stroke_match,,,split,,,,56,,no_associated_span,
detected_ckn_opencv_consensus/sset_21/tracknet-stride-8,114,57,first,74876,74786,74932,False,,0,5,5,no_candidate,,,missed,,,,,,no_candidate,
detected_ckn_opencv_consensus/sset_21/tracknet-stride-8,115,57,last,74986,74932,75077,False,,0,5,5,no_candidate,,,missed,,,,,,no_candidate,
detected_ckn_opencv_consensus/sset_21/tracknet-stride-8,116,58,first,75718,75628,75802,True,75718,2,5,5,first_last_stroke_match,58,75718,covered,57,75539,75975,57,True,inside_associated_span,0
detected_ckn_opencv_consensus/sset_21/tracknet-stride-8,117,58,last,75885,75802,75976,True,75885,5,5,5,first_last_stroke_match,58,75885,covered,57,75539,75975,57,True,inside_associated_span,0
detected_ckn_opencv_consensus/sset_21/tracknet-stride-8,118,59,first,76406,76316,76489,False,,0,5,5,no_candidate,,,missed,,,,,,no_candidate,
detected_ckn_opencv_consensus/sset_21/tracknet-stride-8,119,59,last,76570,76489,76661,False,,0,5,5,no_candidate,,,missed,,,,,,no_candidate,
detected_ckn_opencv_consensus/sset_21/tracknet-stride-8,120,60,first,77465,77375,77556,True,77456,3,5,5,no_gt_stroke_match,,,covered,58,77301,78063,58,True,inside_associated_span,0
detected_ckn_opencv_consensus/sset_21/tracknet-stride-8,121,60,last,77938,77848,78029,True,77925,5,5,5,no_gt_stroke_match,,,covered,58,77301,78063,58,True,inside_associated_span,0
detected_ckn_opencv_consensus/sset_21/tracknet-stride-8,122,61,first,79355,79265,79446,True,79356,3,5,5,first_last_stroke_match,61,79355,covered,59,79263,79750,59,True,inside_associated_span,0
detected_ckn_opencv_consensus/sset_21/tracknet-stride-8,123,61,last,79649,79559,79740,True,79643,5,5,5,no_gt_stroke_match,,,covered,59,79263,79750,59,True,inside_associated_span,0
detected_ckn_opencv_consensus/sset_21/tracknet-stride-8,124,62,first,80377,80287,80468,True,80352,3,5,5,no_gt_stroke_match,,,covered,60,80166,80824,60,True,inside_associated_span,0
detected_ckn_opencv_consensus/sset_21/tracknet-stride-8,125,62,last,80614,80524,80705,True,80612,5,5,5,first_last_stroke_match,62,80614,covered,60,80166,80824,60,True,inside_associated_span,0
detected_ckn_opencv_consensus/sset_21/tracknet-stride-8,126,63,first,82847,82757,82900,True,82849,1,5,5,first_last_stroke_match,63,82847,covered,61,82691,83026,61,True,inside_associated_span,0
detected_ckn_opencv_consensus/sset_21/tracknet-stride-8,127,63,last,82952,82900,83043,True,82946,4,5,5,no_gt_stroke_match,,,covered,61,82691,83026,61,True,inside_associated_span,0
detected_ckn_opencv_consensus/sset_21/tracknet-stride-8,128,64,first,83535,83445,83626,True,83537,1,5,5,first_last_stroke_match,64,83535,covered,62,83513,84273,62,True,inside_associated_span,0
detected_ckn_opencv_consensus/sset_21/tracknet-stride-8,129,64,last,84216,84126,84307,True,84211,4,5,5,first_last_stroke_match,64,84216,covered,62,83513,84273,62,True,inside_associated_span,0
detected_ckn_opencv_consensus/sset_21/tracknet-stride-8,130,65,first,84880,84790,84938,True,84881,1,5,5,first_last_stroke_match,65,84880,covered,63,84648,85068,63,True,inside_associated_span,0
detected_ckn_opencv_consensus/sset_21/tracknet-stride-8,131,65,last,84995,84938,85086,True,84997,3,5,5,first_last_stroke_match,65,84995,covered,63,84648,85068,63,True,inside_associated_span,0
detected_ckn_opencv_consensus/sset_21/tracknet-stride-8,132,66,first,85644,85554,85735,True,85646,1,5,5,first_last_stroke_match,66,85644,covered,64,85565,86001,64,True,inside_associated_span,0
detected_ckn_opencv_consensus/sset_21/tracknet-stride-8,133,66,last,85947,85857,86038,True,85948,5,5,5,first_last_stroke_match,66,85947,covered,64,85565,86001,64,True,inside_associated_span,0
detected_ckn_opencv_consensus/sset_21/tracknet-stride-8,134,67,first,86535,86445,86626,True,86545,2,5,5,no_gt_stroke_match,,,split,,,,65,,no_associated_span,
detected_ckn_opencv_consensus/sset_21/tracknet-stride-8,135,67,last,86820,86730,86911,True,86819,3,5,5,first_last_stroke_match,67,86820,split,,,,65,,no_associated_span,
detected_ckn_opencv_consensus/sset_21/tracknet-stride-8,136,68,first,87717,87627,87808,True,87763,1,5,5,other_gt_stroke_match,68,87763,split,,,,66,,no_associated_span,
detected_ckn_opencv_consensus/sset_21/tracknet-stride-8,137,68,last,87897,87808,87988,True,87896,5,5,5,first_last_stroke_match,68,87897,split,,,,66,,no_associated_span,
detected_ckn_opencv_consensus/sset_21/tracknet-stride-8,138,69,first,88554,88464,88645,True,88544,3,5,5,no_gt_stroke_match,,,covered,67,88521,89147,67,True,inside_associated_span,0
detected_ckn_opencv_consensus/sset_21/tracknet-stride-8,139,69,last,88924,88834,89015,True,88928,4,5,5,first_last_stroke_match,69,88924,covered,67,88521,89147,67,True,inside_associated_span,0
detected_ckn_opencv_consensus/sset_21/tracknet-stride-8,140,70,first,89637,89547,89728,True,89633,2,5,5,first_last_stroke_match,70,89637,covered,68,89553,90211,68,True,inside_associated_span,0
detected_ckn_opencv_consensus/sset_21/tracknet-stride-8,141,70,last,90118,90028,90209,True,90120,2,5,5,first_last_stroke_match,70,90118,covered,68,89553,90211,68,True,inside_associated_span,0
detected_ckn_opencv_consensus/sset_21/tracknet-stride-8,142,71,first,90834,90744,90876,True,90833,1,5,5,first_last_stroke_match,71,90834,covered,69,90827,90993,69,True,inside_associated_span,0
detected_ckn_opencv_consensus/sset_21/tracknet-stride-8,143,71,last,90917,90876,91008,True,90916,3,5,5,first_last_stroke_match,71,90917,covered,69,90827,90993,69,True,inside_associated_span,0
detected_ckn_opencv_consensus/sset_21/tracknet-stride-8,144,72,first,91533,91443,91570,True,91537,1,5,5,first_last_stroke_match,72,91533,split,,,,70,,no_associated_span,
detected_ckn_opencv_consensus/sset_21/tracknet-stride-8,145,72,last,91606,91570,91697,True,91604,5,5,5,first_last_stroke_match,72,91606,split,,,,70,,no_associated_span,
detected_ckn_opencv_consensus/sset_21/tracknet-stride-8,146,73,first,92132,92042,92223,True,92126,7,5,5,no_gt_stroke_match,,,covered,71,91896,92601,71,True,inside_associated_span,0
detected_ckn_opencv_consensus/sset_21/tracknet-stride-8,147,73,last,92492,92402,92583,True,92489,5,5,5,first_last_stroke_match,73,92492,covered,71,91896,92601,71,True,inside_associated_span,0
detected_ckn_opencv_consensus/sset_21/tracknet-stride-8,148,74,first,93090,93000,93132,True,93089,0,5,5,first_last_stroke_match,74,93090,covered,72,92985,93306,72,True,inside_associated_span,0
detected_ckn_opencv_consensus/sset_21/tracknet-stride-8,149,74,last,93172,93132,93263,True,93169,3,5,5,first_last_stroke_match,74,93172,covered,72,92985,93306,72,True,inside_associated_span,0
