video_id,case_id,court_parent,scene_index,start_frame,end_frame,n_frames,sampled_frame_indices,quad_source,raw_tl_x,raw_tl_y,raw_tr_x,raw_tr_y,raw_br_x,raw_br_y,raw_bl_x,raw_bl_y,peak_tl,peak_tr,peak_br,peak_bl,corner_source_tl,corner_source_tr,corner_source_br,corner_source_bl,fallback_reproj_line_px,fallback_reproj_anchor_px,fallback_gate_line_frac,fallback_gate_anchor_frac,fallback_n_lines_used,fallback_n_correspondences,fallback_max_sagitta_px,exactly_two_frame_count,exactly_two_frame_fraction,scene_valid,consensus_distance_px,consensus_flagged,active_tl_x,active_tl_y,active_tr_x,active_tr_y,active_br_x,active_br_y,active_bl_x,active_bl_y
21,sset_21/tracknet-stride-8,detected_ckn_opencv_consensus,0,0,3267,3267,"[163,490,816,1143,1470,1796,2123,2450,2776,3103]",,,,,,,,,,,,,,,,,,,,,,,,,0,0.0,false,,,,,,,,,,
21,sset_21/tracknet-stride-8,detected_ckn_opencv_consensus,1,3267,3695,428,"[3288,3331,3374,3416,3459,3502,3545,3588,3630,3673]",,,,,,,,,,,,,,,,,,,,,,,,,0,0.0,false,,,,,,,,,,
21,sset_21/tracknet-stride-8,detected_ckn_opencv_consensus,2,3695,4091,396,"[3714,3754,3794,3833,3873,3912,3952,3992,4031,4071]",,,,,,,,,,,,,,,,,,,,,,,,,0,0.0,false,,,,,,,,,,
21,sset_21/tracknet-stride-8,detected_ckn_opencv_consensus,3,4091,4227,136,"[4097,4111,4125,4138,4152,4165,4179,4193,4206,4220]",,,,,,,,,,,,,,,,,,,,,,,,,0,0.0,false,,,,,,,,,,
21,sset_21/tracknet-stride-8,detected_ckn_opencv_consensus,4,4227,6353,2126,"[4333,4545,4758,4971,5183,5396,5608,5821,6034,6246]",,,,,,,,,,,,,,,,,,,,,,,,,0,0.0,false,,,,,,,,,,
21,sset_21/tracknet-stride-8,detected_ckn_opencv_consensus,5,6353,6618,265,"[6366,6392,6419,6445,6472,6498,6525,6551,6578,6604]",fallback,164.90057373046875,123.19119262695312,344.5397644042969,122.98969268798828,393.27044677734375,262.15936279296875,117.4326171875,263.3525390625,0.015035344287753105,0.014066246338188648,0.20546358823776245,0.18980459868907928,fallback,fallback,model,model,2.152425315053364,4.871295454017504e-06,0.0036640649415783455,8.29238662466344e-09,11,32,13.617609131178114,216,0.8150943396226416,true,0.3548329255285248,false,164.90057373046875,123.19119262695312,344.5397644042969,122.98969268798828,393.27044677734375,262.15936279296875,117.4326171875,263.3525390625
21,sset_21/tracknet-stride-8,detected_ckn_opencv_consensus,6,6618,7695,1077,"[6671,6779,6887,6994,7102,7210,7318,7425,7533,7641]",,,,,,,,,,,,,,,,,,,,,,,,,0,0.0,false,,,,,,,,,,
21,sset_21/tracknet-stride-8,detected_ckn_opencv_consensus,7,7695,7775,80,"[7699,7707,7715,7723,7731,7739,7747,7755,7763,7771]",,,,,,,,,,,,,,,,,,,,,,,,,0,0.0,false,,,,,,,,,,
21,sset_21/tracknet-stride-8,detected_ckn_opencv_consensus,8,7775,9463,1688,"[7859,8028,8197,8365,8534,8703,8872,9041,9209,9378]",,,,,,,,,,,,,,,,,,,,,,,,,0,0.0,false,,,,,,,,,,
21,sset_21/tracknet-stride-8,detected_ckn_opencv_consensus,9,9463,10177,714,"[9498,9570,9641,9712,9784,9855,9927,9998,10069,10141]",,,,,,,,,,,,,,,,,,,,,,,,,0,0.0,false,,,,,,,,,,
21,sset_21/tracknet-stride-8,detected_ckn_opencv_consensus,10,10177,11335,1158,"[10234,10350,10466,10582,10698,10813,10929,11045,11161,11277]",,,,,,,,,,,,,,,,,,,,,,,,,0,0.0,false,,,,,,,,,,
21,sset_21/tracknet-stride-8,detected_ckn_opencv_consensus,11,11335,11688,353,"[11352,11387,11423,11458,11493,11529,11564,11599,11635,11670]",,,,,,,,,,,,,,,,,,,,,,,,,0,0.0,false,,,,,,,,,,
21,sset_21/tracknet-stride-8,detected_ckn_opencv_consensus,12,11688,11914,226,"[11699,11721,11744,11767,11789,11812,11834,11857,11880,11902]",fallback,164.92092895507812,123.32040405273438,343.5230712890625,121.98265838623047,393.2762451171875,262.118896484375,117.43876647949219,263.3289794921875,0.015124734491109848,0.010866370052099228,0.22083069384098053,0.1967736929655075,fallback,fallback,model,model,4.4727089129388276,7.016910224495572e-06,0.007613874361711753,1.1944858003651309e-08,11,32,11.511138699352784,226,1.0,true,1.0867591159025078,false,164.92092895507812,123.32040405273438,343.5230712890625,121.98265838623047,393.2762451171875,262.118896484375,117.43876647949219,263.3289794921875
21,sset_21/tracknet-stride-8,detected_ckn_opencv_consensus,13,11914,12053,139,"[11920,11934,11948,11962,11976,11990,12004,12018,12032,12046]",,,,,,,,,,,,,,,,,,,,,,,,,0,0.0,false,,,,,,,,,,
21,sset_21/tracknet-stride-8,detected_ckn_opencv_consensus,14,12053,12389,336,"[12069,12103,12137,12170,12204,12237,12271,12305,12338,12372]",fallback,164.78810119628906,123.26728057861328,343.53955078125,122.55445098876953,393.26226806640625,262.1009521484375,117.42039489746094,263.3987731933594,0.016551809385418892,0.011982668191194534,0.21999609470367432,0.18736886978149414,fallback,fallback,model,model,3.3896725597124373,5.398542956722758e-06,0.005770225941226003,9.189917924210136e-09,11,32,13.127660599015371,336,1.0,true,0.8182294737930418,false,164.78810119628906,123.26728057861328,343.53955078125,122.55445098876953,393.26226806640625,262.1009521484375,117.42039489746094,263.3987731933594
21,sset_21/tracknet-stride-8,detected_ckn_opencv_consensus,15,12389,12478,89,"[12393,12402,12411,12420,12429,12437,12446,12455,12464,12473]",,,,,,,,,,,,,,,,,,,,,,,,,0,0.0,false,,,,,,,,,,
21,sset_21/tracknet-stride-8,detected_ckn_opencv_consensus,16,12478,13293,815,"[12518,12600,12681,12763,12844,12926,13007,13089,13170,13252]",fallback,165.03443908691406,123.3712158203125,344.0735168457031,122.439697265625,393.2656555175781,262.1059875488281,117.42434692382812,263.36029052734375,0.016082238405942917,0.011167175136506557,0.2319633513689041,0.18072301149368286,fallback,fallback,model,model,3.2347173876659525,6.254524708832222e-06,0.005506446376173968,1.0647052212029705e-08,12,38,9.233416130913042,745,0.9141104294478528,true,0.37167015116382895,false,165.03443908691406,123.3712158203125,344.0735168457031,122.439697265625,393.2656555175781,262.1059875488281,117.42434692382812,263.36029052734375
21,sset_21/tracknet-stride-8,detected_ckn_opencv_consensus,17,13293,13457,164,"[13301,13317,13334,13350,13366,13383,13399,13416,13432,13448]",,,,,,,,,,,,,,,,,,,,,,,,,0,0.0,false,,,,,,,,,,
21,sset_21/tracknet-stride-8,detected_ckn_opencv_consensus,18,13457,13558,101,"[13462,13472,13482,13492,13502,13512,13522,13532,13542,13552]",,,,,,,,,,,,,,,,,,,,,,,,,0,0.0,false,,,,,,,,,,
21,sset_21/tracknet-stride-8,detected_ckn_opencv_consensus,19,13558,14128,570,"[13586,13643,13700,13757,13814,13871,13928,13985,14042,14099]",fallback,166.0157470703125,121.67665100097656,343.28460693359375,121.55529022216797,393.3017578125,262.11639404296875,117.40484619140625,263.3077392578125,0.01711105927824974,0.011223496869206429,0.22270368039608002,0.18906143307685852,fallback,fallback,model,model,3.0203600158418453,1.8630005796422673,0.005141546685775134,0.003171378380595812,13,44,14.111683580089391,561,0.9842105263157894,true,1.6915424445197762,false,166.0157470703125,121.67665100097656,343.28460693359375,121.55529022216797,393.3017578125,262.11639404296875,117.40484619140625,263.3077392578125
21,sset_21/tracknet-stride-8,detected_ckn_opencv_consensus,20,14128,14313,185,"[14137,14155,14174,14192,14211,14229,14248,14266,14285,14303]",,,,,,,,,,,,,,,,,,,,,,,,,0,0.0,false,,,,,,,,,,
21,sset_21/tracknet-stride-8,detected_ckn_opencv_consensus,21,14313,14448,135,"[14319,14333,14346,14360,14373,14387,14400,14414,14427,14441]",fallback,160.339111328125,157.23033142089844,484.22601318359375,172.61720275878906,505.97607421875,298.26416015625,264.6374816894531,186.26303100585938,0.05146755650639534,0.01286640577018261,0.3420267105102539,0.01457118522375822,model,fallback,model,fallback,3.3812454984760976,7.860430424856102e-05,0.005755880588836463,1.3380779042136925e-07,5,6,13.271342652140646,3,0.022222222222222223,false,,,,,,,,,,
21,sset_21/tracknet-stride-8,detected_ckn_opencv_consensus,22,14448,14549,101,"[14453,14463,14473,14483,14493,14503,14513,14523,14533,14543]",,,,,,,,,,,,,,,,,,,,,,,,,0,0.0,false,,,,,,,,,,
21,sset_21/tracknet-stride-8,detected_ckn_opencv_consensus,23,14549,14782,233,"[14560,14583,14607,14630,14653,14677,14700,14723,14747,14770]",fallback,165.7626190185547,122.43609619140625,343.80670166015625,122.12030792236328,393.302978515625,262.1632995605469,117.42061614990234,263.34124755859375,0.014174731448292732,0.011347303166985512,0.21652862429618835,0.1804552972316742,fallback,fallback,model,model,2.324333780631221,4.205253870467196,0.003956704029903107,0.007158586720503,12,38,13.415790386824256,231,0.9914163090128756,true,0.9648067046702842,false,165.7626190185547,122.43609619140625,343.80670166015625,122.12030792236328,393.302978515625,262.1632995605469,117.42061614990234,263.34124755859375
21,sset_21/tracknet-stride-8,detected_ckn_opencv_consensus,24,14782,14862,80,"[14786,14794,14802,14810,14818,14826,14834,14842,14850,14858]",,,,,,,,,,,,,,,,,,,,,,,,,0,0.0,false,,,,,,,,,,
21,sset_21/tracknet-stride-8,detected_ckn_opencv_consensus,25,14862,15095,233,"[14873,14896,14920,14943,14966,14990,15013,15036,15060,15083]",model,193.13685607910156,35.155372619628906,486.38092041015625,38.525169372558594,512.0,301.197265625,112.0400161743164,288.98272705078125,0.16662636399269104,0.03966256231069565,0.0224895216524601,0.09936688840389252,model,model,model,model,,,,,,,,127,0.5450643776824035,true,165.10003035193532,true,165.0041046142578,123.03234100341797,344.3460693359375,122.69239044189453,393.2960205078125,262.11834716796875,117.41288757324219,263.3211669921875
21,sset_21/tracknet-stride-8,detected_ckn_opencv_consensus,26,15095,15187,92,"[15099,15108,15118,15127,15136,15145,15154,15164,15173,15182]",,,,,,,,,,,,,,,,,,,,,,,,,0,0.0,false,,,,,,,,,,
21,sset_21/tracknet-stride-8,detected_ckn_opencv_consensus,27,15187,15323,136,"[15193,15207,15221,15234,15248,15261,15275,15289,15302,15316]",fallback,164.81106567382812,123.73573303222656,344.43408203125,122.87053680419922,393.2843017578125,262.12994384765625,117.45060729980469,263.2813720703125,0.017945513129234314,0.010782689787447453,0.2386750876903534,0.19686315953731537,fallback,fallback,model,model,2.9539972345280603,9.750504801301386e-06,0.005028577590523882,1.6598245037948736e-08,11,32,11.207923690145208,136,1.0,true,0.7294000128281367,false,164.81106567382812,123.73573303222656,344.43408203125,122.87053680419922,393.2843017578125,262.12994384765625,117.45060729980469,263.2813720703125
21,sset_21/tracknet-stride-8,detected_ckn_opencv_consensus,28,15323,15358,35,"[15324,15328,15331,15335,15338,15342,15345,15349,15352,15356]",,,,,,,,,,,,,,,,,,,,,,,,,0,0.0,false,,,,,,,,,,
21,sset_21/tracknet-stride-8,detected_ckn_opencv_consensus,29,15358,15557,199,"[15367,15387,15407,15427,15447,15467,15487,15507,15527,15547]",,,,,,,,,,,,,,,,,,,,,,,,,0,0.0,false,,,,,,,,,,
21,sset_21/tracknet-stride-8,detected_ckn_opencv_consensus,30,15557,15718,161,"[15565,15581,15597,15613,15629,15645,15661,15677,15693,15709]",,,,,,,,,,,,,,,,,,,,,,,,,0,0.0,false,,,,,,,,,,
21,sset_21/tracknet-stride-8,detected_ckn_opencv_consensus,31,15718,16132,414,"[15738,15780,15821,15862,15904,15945,15987,16028,16069,16111]",fallback,164.96629333496094,123.06204986572266,344.04888916015625,122.92792510986328,393.28106689453125,262.1326904296875,117.41014099121094,263.3211669921875,0.015185244381427765,0.01135876215994358,0.22439107298851013,0.19498908519744873,fallback,fallback,model,model,4.270130258201419,7.19201002070653e-06,0.007269025533952524,1.2242929681254755e-08,11,32,12.258613103038044,412,0.9951690821256038,true,0.3791999956388765,false,164.96629333496094,123.06204986572266,344.04888916015625,122.92792510986328,393.28106689453125,262.1326904296875,117.41014099121094,263.3211669921875
21,sset_21/tracknet-stride-8,detected_ckn_opencv_consensus,32,16132,16419,287,"[16146,16175,16203,16232,16261,16289,16318,16347,16375,16404]",,,,,,,,,,,,,,,,,,,,,,,,,0,0.0,false,,,,,,,,,,
21,sset_21/tracknet-stride-8,detected_ckn_opencv_consensus,33,16419,16908,489,"[16443,16492,16541,16590,16639,16687,16736,16785,16834,16883]",fallback,165.05950927734375,122.93633270263672,344.45294189453125,122.7042465209961,393.2960205078125,262.10882568359375,117.43138122558594,263.31494140625,0.016582492738962173,0.010796993970870972,0.22576473653316498,0.1826421022415161,fallback,fallback,model,model,2.8719853518806246,4.346700631258411e-06,0.004888969093123424,7.3993709715013025e-09,11,32,11.557816190700294,459,0.9386503067484663,true,0.11084796123776573,false,165.05950927734375,122.93633270263672,344.45294189453125,122.7042465209961,393.2960205078125,262.10882568359375,117.43138122558594,263.31494140625
21,sset_21/tracknet-stride-8,detected_ckn_opencv_consensus,34,16908,16936,28,"[16909,16912,16915,16917,16920,16923,16926,16929,16931,16934]",,,,,,,,,,,,,,,,,,,,,,,,,0,0.0,false,,,,,,,,,,
21,sset_21/tracknet-stride-8,detected_ckn_opencv_consensus,35,16936,16968,32,"[16937,16940,16944,16947,16950,16953,16956,16960,16963,16966]",,,,,,,,,,,,,,,,,,,,,,,,,0,0.0,false,,,,,,,,,,
21,sset_21/tracknet-stride-8,detected_ckn_opencv_consensus,36,16968,17039,71,"[16971,16978,16985,16992,16999,17007,17014,17021,17028,17035]",,,,,,,,,,,,,,,,,,,,,,,,,0,0.0,false,,,,,,,,,,
21,sset_21/tracknet-stride-8,detected_ckn_opencv_consensus,37,17039,17195,156,"[17046,17062,17078,17093,17109,17124,17140,17156,17171,17187]",,,,,,,,,,,,,,,,,,,,,,,,,0,0.0,false,,,,,,,,,,
21,sset_21/tracknet-stride-8,detected_ckn_opencv_consensus,38,17195,17592,397,"[17214,17254,17294,17333,17373,17413,17453,17492,17532,17572]",fallback,165.0584259033203,123.32042694091797,343.78271484375,122.67867279052734,393.28289794921875,262.11285400390625,117.42118835449219,263.30535888671875,0.016428595408797264,0.010686584748327732,0.2233160138130188,0.18798241019248962,fallback,fallback,model,model,4.667265290907324,4.820752884293522e-06,0.007945066900049445,8.206348211861028e-09,12,38,12.55122663041152,392,0.9874055415617129,true,0.5635214794724933,false,165.0584259033203,123.32042694091797,343.78271484375,122.67867279052734,393.28289794921875,262.11285400390625,117.42118835449219,263.30535888671875
21,sset_21/tracknet-stride-8,detected_ckn_opencv_consensus,39,17592,17680,88,"[17596,17605,17614,17622,17631,17640,17649,17658,17666,17675]",,,,,,,,,,,,,,,,,,,,,,,,,0,0.0,false,,,,,,,,,,
21,sset_21/tracknet-stride-8,detected_ckn_opencv_consensus,40,17680,18229,549,"[17707,17762,17817,17872,17927,17981,18036,18091,18146,18201]",,,,,,,,,,,,,,,,,,,,,,,,,0,0.0,false,,,,,,,,,,
21,sset_21/tracknet-stride-8,detected_ckn_opencv_consensus,41,18229,18330,101,"[18234,18244,18254,18264,18274,18284,18294,18304,18314,18324]",,,,,,,,,,,,,,,,,,,,,,,,,0,0.0,false,,,,,,,,,,
21,sset_21/tracknet-stride-8,detected_ckn_opencv_consensus,42,18330,18637,307,"[18345,18376,18406,18437,18468,18498,18529,18560,18590,18621]",fallback,164.951904296875,123.47460174560547,344.0647277832031,123.07852935791016,393.2735595703125,262.13031005859375,117.42555236816406,263.2880859375,0.015935193747282028,0.012364691123366356,0.2219235897064209,0.18813973665237427,fallback,fallback,model,model,3.445206836408019,7.81105044042562e-06,0.005864761716694313,1.3296719693595521e-08,12,38,13.122322017872477,295,0.9609120521172638,true,0.47776179394831375,false,164.951904296875,123.47460174560547,344.0647277832031,123.07852935791016,393.2735595703125,262.13031005859375,117.42555236816406,263.2880859375
21,sset_21/tracknet-stride-8,detected_ckn_opencv_consensus,43,18637,18822,185,"[18646,18664,18683,18701,18720,18738,18757,18775,18794,18812]",,,,,,,,,,,,,,,,,,,,,,,,,0,0.0,false,,,,,,,,,,
21,sset_21/tracknet-stride-8,detected_ckn_opencv_consensus,44,18822,18952,130,"[18828,18841,18854,18867,18880,18893,18906,18919,18932,18945]",,,,,,,,,,,,,,,,,,,,,,,,,0,0.0,false,,,,,,,,,,
21,sset_21/tracknet-stride-8,detected_ckn_opencv_consensus,45,18952,19155,203,"[18962,18982,19002,19023,19043,19063,19083,19104,19124,19144]",fallback,165.09759521484375,122.83518981933594,344.4660339355469,122.93865966796875,393.2818603515625,262.1058349609375,117.41288757324219,263.3092956542969,0.017220554873347282,0.012829706072807312,0.2261105477809906,0.20276451110839844,fallback,fallback,model,model,3.112574846747094,9.061825383836633e-06,0.005298523620886641,1.5425908840324783e-08,12,38,13.063185276534682,203,1.0,true,0.2739343659905276,false,165.09759521484375,122.83518981933594,344.4660339355469,122.93865966796875,393.2818603515625,262.1058349609375,117.41288757324219,263.3092956542969
21,sset_21/tracknet-stride-8,detected_ckn_opencv_consensus,46,19155,19301,146,"[19162,19176,19191,19206,19220,19235,19249,19264,19279,19293]",,,,,,,,,,,,,,,,,,,,,,,,,0,0.0,false,,,,,,,,,,
21,sset_21/tracknet-stride-8,detected_ckn_opencv_consensus,47,19301,19511,210,"[19311,19332,19353,19374,19395,19416,19437,19458,19479,19500]",,,,,,,,,,,,,,,,,,,,,,,,,0,0.0,false,,,,,,,,,,
21,sset_21/tracknet-stride-8,detected_ckn_opencv_consensus,48,19511,20083,572,"[19539,19596,19654,19711,19768,19825,19882,19940,19997,20054]",fallback,164.98721313476562,123.19744110107422,344.5884094238281,123.03987884521484,393.3236389160156,262.13800048828125,117.38107299804688,263.3328552246094,0.01527397334575653,0.011290162801742554,0.21692080795764923,0.17966990172863007,fallback,fallback,model,model,3.2504919115907,2.589075052500355e-06,0.005533299284694663,4.4073720303491554e-09,11,32,13.56167822443939,522,0.9125874125874126,true,0.42364715110683326,false,164.98721313476562,123.19744110107422,344.5884094238281,123.03987884521484,393.3236389160156,262.13800048828125,117.38107299804688,263.3328552246094
21,sset_21/tracknet-stride-8,detected_ckn_opencv_consensus,49,20083,20244,161,"[20091,20107,20123,20139,20155,20171,20187,20203,20219,20235]",,,,,,,,,,,,,,,,,,,,,,,,,0,0.0,false,,,,,,,,,,
21,sset_21/tracknet-stride-8,detected_ckn_opencv_consensus,50,20244,20722,478,"[20267,20315,20363,20411,20459,20506,20554,20602,20650,20698]",,,,,,,,,,,,,,,,,,,,,,,,,0,0.0,false,,,,,,,,,,
21,sset_21/tracknet-stride-8,detected_ckn_opencv_consensus,51,20722,20935,213,"[20732,20753,20775,20796,20817,20839,20860,20881,20903,20924]",,,,,,,,,,,,,,,,,,,,,,,,,0,0.0,false,,,,,,,,,,
21,sset_21/tracknet-stride-8,detected_ckn_opencv_consensus,52,20935,21155,220,"[20946,20968,20990,21012,21034,21056,21078,21100,21122,21144]",,,,,,,,,,,,,,,,,,,,,,,,,0,0.0,false,,,,,,,,,,
21,sset_21/tracknet-stride-8,detected_ckn_opencv_consensus,53,21155,21441,286,"[21169,21197,21226,21255,21283,21312,21340,21369,21398,21426]",fallback,165.1281280517578,123.07429504394531,344.13433837890625,122.74058532714844,393.2863464355469,262.1346740722656,117.43327331542969,263.3360290527344,0.016748784109950066,0.011873398907482624,0.22145769000053406,0.18470226228237152,fallback,fallback,model,model,3.280750648500998,8.931955460984971e-06,0.00558480861062299,1.520483179390728e-08,11,32,13.725775631378156,286,1.0,true,0.21714682850552117,false,165.1281280517578,123.07429504394531,344.13433837890625,122.74058532714844,393.2863464355469,262.1346740722656,117.43327331542969,263.3360290527344
21,sset_21/tracknet-stride-8,detected_ckn_opencv_consensus,54,21441,21506,65,"[21444,21450,21457,21463,21470,21476,21483,21489,21496,21502]",,,,,,,,,,,,,,,,,,,,,,,,,0,0.0,false,,,,,,,,,,
21,sset_21/tracknet-stride-8,detected_ckn_opencv_consensus,55,21506,21889,383,"[21525,21563,21601,21640,21678,21716,21754,21793,21831,21869]",,,,,,,,,,,,,,,,,,,,,,,,,0,0.0,false,,,,,,,,,,
21,sset_21/tracknet-stride-8,detected_ckn_opencv_consensus,56,21889,21999,110,"[21894,21905,21916,21927,21938,21949,21960,21971,21982,21993]",,,,,,,,,,,,,,,,,,,,,,,,,0,0.0,false,,,,,,,,,,
21,sset_21/tracknet-stride-8,detected_ckn_opencv_consensus,57,21999,22659,660,"[22032,22098,22164,22230,22296,22362,22428,22494,22560,22626]",fallback,165.04229736328125,123.06031036376953,344.4821472167969,123.13184356689453,393.284423828125,262.1341552734375,117.39643859863281,263.3244323730469,0.0173739492893219,0.011849193833768368,0.21439999341964722,0.19124683737754822,fallback,fallback,model,model,2.9538157339495967,5.097322168906323e-06,0.005028268622820438,8.677150990744923e-09,12,38,12.926642076817302,654,0.990909090909091,true,0.46003938823914187,false,165.04229736328125,123.06031036376953,344.4821472167969,123.13184356689453,393.284423828125,262.1341552734375,117.39643859863281,263.3244323730469
21,sset_21/tracknet-stride-8,detected_ckn_opencv_consensus,58,22659,22726,67,"[22662,22669,22675,22682,22689,22695,22702,22709,22715,22722]",,,,,,,,,,,,,,,,,,,,,,,,,0,0.0,false,,,,,,,,,,
21,sset_21/tracknet-stride-8,detected_ckn_opencv_consensus,59,22726,22751,25,"[22727,22729,22732,22734,22737,22739,22742,22744,22747,22749]",,,,,,,,,,,,,,,,,,,,,,,,,0,0.0,false,,,,,,,,,,
21,sset_21/tracknet-stride-8,detected_ckn_opencv_consensus,60,22751,22842,91,"[22755,22764,22773,22782,22791,22801,22810,22819,22828,22837]",model,199.02615356445312,24.038768768310547,312.2517395019531,0.8421630859375,502.62359619140625,118.01310729980469,62.90259552001953,106.09423828125,0.0722290575504303,0.03590601682662964,0.32850396633148193,0.32032132148742676,model,model,model,model,,,,,,,,1,0.01098901098901099,false,,,,,,,,,,
21,sset_21/tracknet-stride-8,detected_ckn_opencv_consensus,61,22842,23071,229,"[22853,22876,22899,22922,22945,22967,22990,23013,23036,23059]",,,,,,,,,,,,,,,,,,,,,,,,,0,0.0,false,,,,,,,,,,
21,sset_21/tracknet-stride-8,detected_ckn_opencv_consensus,62,23071,23159,88,"[23075,23084,23093,23101,23110,23119,23128,23137,23145,23154]",,,,,,,,,,,,,,,,,,,,,,,,,0,0.0,false,,,,,,,,,,
21,sset_21/tracknet-stride-8,detected_ckn_opencv_consensus,63,23159,23617,458,"[23181,23227,23273,23319,23365,23410,23456,23502,23548,23594]",fallback,166.0161895751953,122.19965362548828,343.1374816894531,121.9259033203125,393.28521728515625,262.11334228515625,117.4029541015625,263.3235168457031,0.017037197947502136,0.012243560515344143,0.219436377286911,0.19007070362567902,fallback,fallback,model,model,2.7706207938089733,3.2780687400516118,0.004716416614321291,0.005580243208675152,12,38,14.056601255912199,437,0.9541484716157205,true,1.4311487018425961,false,166.0161895751953,122.19965362548828,343.1374816894531,121.9259033203125,393.28521728515625,262.11334228515625,117.4029541015625,263.3235168457031
21,sset_21/tracknet-stride-8,detected_ckn_opencv_consensus,64,23617,23641,24,"[23618,23620,23623,23625,23627,23630,23632,23635,23637,23639]",,,,,,,,,,,,,,,,,,,,,,,,,0,0.0,false,,,,,,,,,,
21,sset_21/tracknet-stride-8,detected_ckn_opencv_consensus,65,23641,23746,105,"[23646,23656,23667,23677,23688,23698,23709,23719,23730,23740]",fallback,165.0326385498047,122.81775665283203,344.72161865234375,122.75190734863281,393.28948974609375,262.11273193359375,117.42561340332031,263.3379821777344,0.015624728053808212,0.012561319395899773,0.2290867418050766,0.1879158467054367,fallback,fallback,model,model,2.7942382268571606,4.049235527730203e-06,0.004756620475443316,6.8929973242680854e-09,12,38,13.716432453745597,98,0.9333333333333333,true,0.38023617823780914,false,165.0326385498047,122.81775665283203,344.72161865234375,122.75190734863281,393.28948974609375,262.11273193359375,117.42561340332031,263.3379821777344
21,sset_21/tracknet-stride-8,detected_ckn_opencv_consensus,66,23746,23818,72,"[23749,23756,23764,23771,23778,23785,23792,23800,23807,23814]",,,,,,,,,,,,,,,,,,,,,,,,,0,0.0,false,,,,,,,,,,
21,sset_21/tracknet-stride-8,detected_ckn_opencv_consensus,67,23818,23833,15,"[23818,23820,23821,23823,23824,23826,23827,23829,23830,23832]",,,,,,,,,,,,,,,,,,,,,,,,,0,0.0,false,,,,,,,,,,
21,sset_21/tracknet-stride-8,detected_ckn_opencv_consensus,68,23833,23921,88,"[23837,23846,23855,23863,23872,23881,23890,23899,23907,23916]",,,,,,,,,,,,,,,,,,,,,,,,,0,0.0,false,,,,,,,,,,
21,sset_21/tracknet-stride-8,detected_ckn_opencv_consensus,69,23921,23986,65,"[23924,23930,23937,23943,23950,23956,23963,23969,23976,23982]",,,,,,,,,,,,,,,,,,,,,,,,,0,0.0,false,,,,,,,,,,
21,sset_21/tracknet-stride-8,detected_ckn_opencv_consensus,70,23986,24042,56,"[23988,23994,24000,24005,24011,24016,24022,24028,24033,24039]",,,,,,,,,,,,,,,,,,,,,,,,,0,0.0,false,,,,,,,,,,
21,sset_21/tracknet-stride-8,detected_ckn_opencv_consensus,71,24042,24171,129,"[24048,24061,24074,24087,24100,24112,24125,24138,24151,24164]",,,,,,,,,,,,,,,,,,,,,,,,,0,0.0,false,,,,,,,,,,
21,sset_21/tracknet-stride-8,detected_ckn_opencv_consensus,72,24171,24253,82,"[24175,24183,24191,24199,24207,24216,24224,24232,24240,24248]",,,,,,,,,,,,,,,,,,,,,,,,,0,0.0,false,,,,,,,,,,
21,sset_21/tracknet-stride-8,detected_ckn_opencv_consensus,73,24253,24317,64,"[24256,24262,24269,24275,24281,24288,24294,24301,24307,24313]",fallback,72.4703369140625,54.138763427734375,293.9552307128906,260.25390625,394.35272216796875,255.11880493164062,78.62429809570312,256.43695068359375,0.003032984910532832,0.01195462141185999,0.16406358778476715,0.13613104820251465,fallback,fallback,model,model,1.9117549992946294,1.646033262295472e-05,0.0032543728327358574,2.8020357904493168e-08,3,4,16.64022915350273,1,0.015625,false,,,,,,,,,,
21,sset_21/tracknet-stride-8,detected_ckn_opencv_consensus,74,24317,24521,204,"[24327,24347,24368,24388,24408,24429,24449,24470,24490,24510]",fallback,164.80992126464844,122.97221374511719,343.7461242675781,122.69239044189453,393.26312255859375,262.110595703125,117.41519165039062,263.3336181640625,0.015517156571149826,0.011551189236342907,0.2401590645313263,0.1904604732990265,fallback,fallback,model,model,3.1424689927937095,5.880156257342718e-06,0.005349412305256677,1.0009766305409685e-08,12,37,13.266755613644818,204,1.0,true,0.599945068359375,false,164.80992126464844,122.97221374511719,343.7461242675781,122.69239044189453,393.26312255859375,262.110595703125,117.41519165039062,263.3336181640625
21,sset_21/tracknet-stride-8,detected_ckn_opencv_consensus,75,24521,24711,190,"[24530,24549,24568,24587,24606,24625,24644,24663,24682,24701]",,,,,,,,,,,,,,,,,,,,,,,,,0,0.0,false,,,,,,,,,,
21,sset_21/tracknet-stride-8,detected_ckn_opencv_consensus,76,24711,24828,117,"[24716,24728,24740,24751,24763,24775,24787,24798,24810,24822]",,,,,,,,,,,,,,,,,,,,,,,,,0,0.0,false,,,,,,,,,,
21,sset_21/tracknet-stride-8,detected_ckn_opencv_consensus,77,24828,24884,56,"[24830,24836,24842,24847,24853,24858,24864,24870,24875,24881]",,,,,,,,,,,,,,,,,,,,,,,,,0,0.0,false,,,,,,,,,,
21,sset_21/tracknet-stride-8,detected_ckn_opencv_consensus,78,24884,25047,163,"[24892,24908,24924,24941,24957,24973,24989,25006,25022,25038]",fallback,164.823486328125,123.6839370727539,343.29193115234375,122.6112060546875,393.2984619140625,262.116943359375,117.41290283203125,263.3428955078125,0.01649666205048561,0.01127742137759924,0.22871214151382446,0.19095727801322937,fallback,fallback,model,model,4.616756012350152,1.5901764482144196e-06,0.007859085158666164,2.7069509608892396e-09,13,44,11.362484705614548,163,1.0,true,1.0572597669619854,false,164.823486328125,123.6839370727539,343.29193115234375,122.6112060546875,393.2984619140625,262.116943359375,117.41290283203125,263.3428955078125
21,sset_21/tracknet-stride-8,detected_ckn_opencv_consensus,79,25047,25132,85,"[25051,25059,25068,25076,25085,25093,25102,25110,25119,25127]",,,,,,,,,,,,,,,,,,,,,,,,,0,0.0,false,,,,,,,,,,
21,sset_21/tracknet-stride-8,detected_ckn_opencv_consensus,80,25132,25762,630,"[25163,25226,25289,25352,25415,25478,25541,25604,25667,25730]",,,,,,,,,,,,,,,,,,,,,,,,,0,0.0,false,,,,,,,,,,
21,sset_21/tracknet-stride-8,detected_ckn_opencv_consensus,81,25762,25822,60,"[25765,25771,25777,25783,25789,25795,25801,25807,25813,25819]",,,,,,,,,,,,,,,,,,,,,,,,,0,0.0,false,,,,,,,,,,
21,sset_21/tracknet-stride-8,detected_ckn_opencv_consensus,82,25822,25914,92,"[25826,25835,25845,25854,25863,25872,25881,25891,25900,25909]",,,,,,,,,,,,,,,,,,,,,,,,,0,0.0,false,,,,,,,,,,
21,sset_21/tracknet-stride-8,detected_ckn_opencv_consensus,83,25914,26639,725,"[25950,26022,26095,26167,26240,26312,26385,26457,26530,26602]",,,,,,,,,,,,,,,,,,,,,,,,,0,0.0,false,,,,,,,,,,
21,sset_21/tracknet-stride-8,detected_ckn_opencv_consensus,84,26639,27006,367,"[26657,26694,26730,26767,26804,26840,26877,26914,26950,26987]",fallback,165.0528106689453,122.84439849853516,344.4669189453125,122.83102416992188,393.2723388671875,262.12176513671875,117.38534545898438,263.3029479980469,0.015636885538697243,0.01249598152935505,0.22493618726730347,0.1997535079717636,fallback,fallback,model,model,3.2843851465393925,5.0327446390702495e-06,0.005590995601990161,8.567220921891306e-09,11,32,13.481463153979433,363,0.989100817438692,true,0.1941511393344055,false,165.0528106689453,122.84439849853516,344.4669189453125,122.83102416992188,393.2723388671875,262.12176513671875,117.38534545898438,263.3029479980469
21,sset_21/tracknet-stride-8,detected_ckn_opencv_consensus,85,27006,27030,24,"[27007,27009,27012,27014,27016,27019,27021,27024,27026,27028]",fallback,112.71711730957031,-1.2470581531524658,259.3880920410156,94.35025787353516,236.4861602783203,190.65365600585938,67.32361602783203,124.77153015136719,0.021644096821546555,0.004554749466478825,0.026453278958797455,0.28664007782936096,model,fallback,model,model,1.7511683248263274,5.743405939848094e-14,0.002981006783800788,9.776976790912948e-17,2,4,8.791422858595269,0,0.0,false,,,,,,,,,,
21,sset_21/tracknet-stride-8,detected_ckn_opencv_consensus,86,27030,27103,73,"[27033,27040,27048,27055,27062,27070,27077,27084,27092,27099]",,,,,,,,,,,,,,,,,,,,,,,,,0,0.0,false,,,,,,,,,,
21,sset_21/tracknet-stride-8,detected_ckn_opencv_consensus,87,27103,27465,362,"[27121,27157,27193,27229,27265,27302,27338,27374,27410,27446]",,,,,,,,,,,,,,,,,,,,,,,,,0,0.0,false,,,,,,,,,,
21,sset_21/tracknet-stride-8,detected_ckn_opencv_consensus,88,27465,27959,494,"[27489,27539,27588,27637,27687,27736,27786,27835,27884,27934]",fallback,165.06146240234375,123.03250122070312,343.9966125488281,122.39202117919922,393.2943115234375,262.1412048339844,117.38896942138672,263.321044921875,0.0164283849298954,0.01228925958275795,0.21307706832885742,0.18983986973762512,fallback,fallback,model,model,3.126017605369583,4.7277409991091705e-06,0.005321407174728109,8.04801445446158e-09,12,38,13.677330438860508,493,0.9979757085020243,true,0.46080553385233197,false,165.06146240234375,123.03250122070312,343.9966125488281,122.39202117919922,393.2943115234375,262.1412048339844,117.38896942138672,263.321044921875
21,sset_21/tracknet-stride-8,detected_ckn_opencv_consensus,89,27959,27981,22,"[27960,27962,27964,27966,27968,27971,27973,27975,27977,27979]",model,238.3267059326172,37.82623291015625,354.4556579589844,19.290185928344727,445.6285095214844,91.1898193359375,185.12237548828125,100.3348159790039,0.08089781552553177,0.03483939915895462,0.13467146456241608,0.21282096207141876,model,model,model,model,,,,,,,,0,0.0,false,,,,,,,,,,
21,sset_21/tracknet-stride-8,detected_ckn_opencv_consensus,90,27981,28109,128,"[27987,28000,28013,28025,28038,28051,28064,28077,28089,28102]",,,,,,,,,,,,,,,,,,,,,,,,,0,0.0,false,,,,,,,,,,
21,sset_21/tracknet-stride-8,detected_ckn_opencv_consensus,91,28109,28638,529,"[28135,28188,28241,28294,28347,28399,28452,28505,28558,28611]",,,,,,,,,,,,,,,,,,,,,,,,,0,0.0,false,,,,,,,,,,
21,sset_21/tracknet-stride-8,detected_ckn_opencv_consensus,92,28638,29970,1332,"[28704,28837,28971,29104,29237,29370,29503,29637,29770,29903]",,,,,,,,,,,,,,,,,,,,,,,,,0,0.0,false,,,,,,,,,,
21,sset_21/tracknet-stride-8,detected_ckn_opencv_consensus,93,29970,30751,781,"[30009,30087,30165,30243,30321,30399,30477,30555,30633,30711]",fallback,165.81346130371094,122.1800765991211,343.26446533203125,122.11424255371094,393.3241882324219,262.12432861328125,117.43081665039062,263.3133239746094,0.017590485513210297,0.01145775057375431,0.21516214311122894,0.1888716220855713,fallback,fallback,model,model,2.0173731732563454,4.239611987641047,0.0034341662247296006,0.0072170744049373505,13,44,13.810601343120538,779,0.9974391805377721,true,1.2264265986503964,false,165.81346130371094,122.1800765991211,343.26446533203125,122.11424255371094,393.3241882324219,262.12432861328125,117.43081665039062,263.3133239746094
21,sset_21/tracknet-stride-8,detected_ckn_opencv_consensus,94,30751,30861,110,"[30756,30767,30778,30789,30800,30811,30822,30833,30844,30855]",,,,,,,,,,,,,,,,,,,,,,,,,0,0.0,false,,,,,,,,,,
21,sset_21/tracknet-stride-8,detected_ckn_opencv_consensus,95,30861,31127,266,"[30874,30900,30927,30954,30980,31007,31033,31060,31087,31113]",,,,,,,,,,,,,,,,,,,,,,,,,0,0.0,false,,,,,,,,,,
21,sset_21/tracknet-stride-8,detected_ckn_opencv_consensus,96,31127,31176,49,"[31129,31134,31139,31144,31149,31153,31158,31163,31168,31173]",,,,,,,,,,,,,,,,,,,,,,,,,0,0.0,false,,,,,,,,,,
21,sset_21/tracknet-stride-8,detected_ckn_opencv_consensus,97,31176,31200,24,"[31177,31179,31182,31184,31186,31189,31191,31194,31196,31198]",,,,,,,,,,,,,,,,,,,,,,,,,0,0.0,false,,,,,,,,,,
21,sset_21/tracknet-stride-8,detected_ckn_opencv_consensus,98,31200,31229,29,"[31201,31204,31207,31210,31213,31215,31218,31221,31224,31227]",,,,,,,,,,,,,,,,,,,,,,,,,0,0.0,false,,,,,,,,,,
21,sset_21/tracknet-stride-8,detected_ckn_opencv_consensus,99,31229,31249,20,"[31230,31232,31234,31236,31238,31240,31242,31244,31246,31248]",,,,,,,,,,,,,,,,,,,,,,,,,0,0.0,false,,,,,,,,,,
21,sset_21/tracknet-stride-8,detected_ckn_opencv_consensus,100,31249,31352,103,"[31254,31264,31274,31285,31295,31305,31315,31326,31336,31346]",,,,,,,,,,,,,,,,,,,,,,,,,0,0.0,false,,,,,,,,,,
21,sset_21/tracknet-stride-8,detected_ckn_opencv_consensus,101,31352,31456,104,"[31357,31367,31378,31388,31398,31409,31419,31430,31440,31450]",,,,,,,,,,,,,,,,,,,,,,,,,0,0.0,false,,,,,,,,,,
21,sset_21/tracknet-stride-8,detected_ckn_opencv_consensus,102,31456,31583,127,"[31462,31475,31487,31500,31513,31525,31538,31551,31563,31576]",fallback,167.0089111328125,121.20112609863281,341.9544982910156,120.97801208496094,393.2728271484375,262.1363525390625,117.44315338134766,263.3599853515625,0.015045666135847569,0.01234019547700882,0.23496612906455994,0.19931629300117493,fallback,fallback,model,model,2.6118575412140217,7.23390134937494,0.004446154569094561,0.01231424112126458,11,32,13.154372177296864,127,1.0,true,2.9425677925293474,false,167.0089111328125,121.20112609863281,341.9544982910156,120.97801208496094,393.2728271484375,262.1363525390625,117.44315338134766,263.3599853515625
21,sset_21/tracknet-stride-8,detected_ckn_opencv_consensus,103,31583,31797,214,"[31593,31615,31636,31657,31679,31700,31722,31743,31764,31786]",,,,,,,,,,,,,,,,,,,,,,,,,0,0.0,false,,,,,,,,,,
21,sset_21/tracknet-stride-8,detected_ckn_opencv_consensus,104,31797,31904,107,"[31802,31813,31823,31834,31845,31855,31866,31877,31887,31898]",,,,,,,,,,,,,,,,,,,,,,,,,0,0.0,false,,,,,,,,,,
21,sset_21/tracknet-stride-8,detected_ckn_opencv_consensus,105,31904,32269,365,"[31922,31958,31995,32031,32068,32104,32141,32177,32214,32250]",fallback,164.97779846191406,123.44066619873047,344.3354187011719,122.5073471069336,393.29815673828125,262.09588623046875,117.40663146972656,263.3125,0.014982610940933228,0.011622183956205845,0.22407573461532593,0.19616323709487915,fallback,fallback,model,model,2.8757984482610937,6.916578025091462e-06,0.004895460111728727,1.1774062904849502e-08,13,44,12.98354306751719,361,0.989041095890411,true,0.4091716984080447,false,164.97779846191406,123.44066619873047,344.3354187011719,122.5073471069336,393.29815673828125,262.09588623046875,117.40663146972656,263.3125
21,sset_21/tracknet-stride-8,detected_ckn_opencv_consensus,106,32269,32331,62,"[32272,32278,32284,32290,32296,32303,32309,32315,32321,32327]",,,,,,,,,,,,,,,,,,,,,,,,,0,0.0,false,,,,,,,,,,
21,sset_21/tracknet-stride-8,detected_ckn_opencv_consensus,107,32331,32425,94,"[32335,32345,32354,32363,32373,32382,32392,32401,32410,32420]",,,,,,,,,,,,,,,,,,,,,,,,,0,0.0,false,,,,,,,,,,
21,sset_21/tracknet-stride-8,detected_ckn_opencv_consensus,108,32425,32800,375,"[32443,32481,32518,32556,32593,32631,32668,32706,32743,32781]",,,,,,,,,,,,,,,,,,,,,,,,,0,0.0,false,,,,,,,,,,
21,sset_21/tracknet-stride-8,detected_ckn_opencv_consensus,109,32800,33946,1146,"[32857,32971,33086,33201,33315,33430,33544,33659,33774,33888]",fallback,164.84890747070312,123.37106323242188,344.4411315917969,122.7597885131836,393.3096923828125,262.1273193359375,117.39317321777344,263.32891845703125,0.015507390722632408,0.011783555150032043,0.21961796283721924,0.17711542546749115,fallback,fallback,model,model,3.3193587348202414,6.697583885141871e-06,0.005650531000410188,1.1401270062752445e-08,11,32,8.187994224817771,1115,0.9729493891797557,true,0.37258408687021105,false,164.84890747070312,123.37106323242188,344.4411315917969,122.7597885131836,393.3096923828125,262.1273193359375,117.39317321777344,263.32891845703125
21,sset_21/tracknet-stride-8,detected_ckn_opencv_consensus,110,33946,34158,212,"[33956,33977,33999,34020,34041,34062,34083,34105,34126,34147]",,,,,,,,,,,,,,,,,,,,,,,,,0,0.0,false,,,,,,,,,,
21,sset_21/tracknet-stride-8,detected_ckn_opencv_consensus,111,34158,34439,281,"[34172,34200,34228,34256,34284,34312,34340,34368,34396,34424]",,,,,,,,,,,,,,,,,,,,,,,,,0,0.0,false,,,,,,,,,,
21,sset_21/tracknet-stride-8,detected_ckn_opencv_consensus,112,34439,35273,834,"[34480,34564,34647,34730,34814,34897,34981,35064,35147,35231]",fallback,165.87921142578125,122.0958251953125,343.4104919433594,121.8894271850586,393.30731201171875,262.1146545410156,117.44857788085938,263.33349609375,0.015875374898314476,0.010685097426176071,0.21306948363780975,0.1883038878440857,fallback,fallback,model,model,2.2529471121430618,3.381759285308853,0.003835182791756428,0.005756755206091788,13,44,13.49734759037193,834,1.0,true,1.2817463830283105,false,165.87921142578125,122.0958251953125,343.4104919433594,121.8894271850586,393.30731201171875,262.1146545410156,117.44857788085938,263.33349609375
21,sset_21/tracknet-stride-8,detected_ckn_opencv_consensus,113,35273,35383,110,"[35278,35289,35300,35311,35322,35333,35344,35355,35366,35377]",,,,,,,,,,,,,,,,,,,,,,,,,0,0.0,false,,,,,,,,,,
21,sset_21/tracknet-stride-8,detected_ckn_opencv_consensus,114,35383,35518,135,"[35389,35403,35416,35430,35443,35457,35470,35484,35497,35511]",fallback,166.3990478515625,121.60089874267578,342.3286437988281,121.69671630859375,393.27398681640625,262.19952392578125,117.24317169189453,263.2960205078125,0.016887139528989792,0.009029734879732132,0.1517418920993805,0.21077966690063477,fallback,fallback,model,model,1.5248387730263175,4.267563185375196,0.00259572689966553,0.007264655616223318,9,22,12.85211312014485,17,0.1259259259259259,false,,,,,,,,,,
21,sset_21/tracknet-stride-8,detected_ckn_opencv_consensus,115,35518,35590,72,"[35521,35528,35536,35543,35550,35557,35564,35572,35579,35586]",,,,,,,,,,,,,,,,,,,,,,,,,0,0.0,false,,,,,,,,,,
21,sset_21/tracknet-stride-8,detected_ckn_opencv_consensus,116,35590,35897,307,"[35605,35636,35666,35697,35728,35758,35789,35820,35850,35881]",,,,,,,,,,,,,,,,,,,,,,,,,0,0.0,false,,,,,,,,,,
21,sset_21/tracknet-stride-8,detected_ckn_opencv_consensus,117,35897,36214,317,"[35912,35944,35976,36007,36039,36071,36103,36134,36166,36198]",,,,,,,,,,,,,,,,,,,,,,,,,0,0.0,false,,,,,,,,,,
21,sset_21/tracknet-stride-8,detected_ckn_opencv_consensus,118,36214,36701,487,"[36238,36287,36335,36384,36433,36481,36530,36579,36627,36676]",,,,,,,,,,,,,,,,,,,,,,,,,0,0.0,false,,,,,,,,,,
21,sset_21/tracknet-stride-8,detected_ckn_opencv_consensus,119,36701,36865,164,"[36709,36725,36742,36758,36774,36791,36807,36824,36840,36856]",,,,,,,,,,,,,,,,,,,,,,,,,0,0.0,false,,,,,,,,,,
21,sset_21/tracknet-stride-8,detected_ckn_opencv_consensus,120,36865,36973,108,"[36870,36881,36892,36902,36913,36924,36935,36946,36956,36967]",model,172.67774963378906,83.47319030761719,355.9017333984375,81.84063720703125,419.735107421875,257.173095703125,100.17697143554688,257.58050537109375,0.08909337222576141,0.14222967624664307,0.25193455815315247,0.31505629420280457,model,model,model,model,,,,,,,,0,0.0,false,,,,,,,,,,
21,sset_21/tracknet-stride-8,detected_ckn_opencv_consensus,121,36973,37331,358,"[36990,37026,37062,37098,37134,37169,37205,37241,37277,37313]",,,,,,,,,,,,,,,,,,,,,,,,,0,0.0,false,,,,,,,,,,
21,sset_21/tracknet-stride-8,detected_ckn_opencv_consensus,122,37331,37932,601,"[37361,37421,37481,37541,37601,37661,37721,37781,37841,37901]",fallback,164.89083862304688,123.27977752685547,344.2847900390625,122.75700378417969,393.29412841796875,262.1351318359375,117.41212463378906,263.3227844238281,0.0173344723880291,0.011919483542442322,0.2213781327009201,0.18458180129528046,fallback,fallback,model,model,3.2681559459146285,3.6896724757341385e-06,0.005563368699154945,6.280914589553999e-09,12,38,12.201952185686253,562,0.9351081530782029,true,0.2721286789293489,false,164.89083862304688,123.27977752685547,344.2847900390625,122.75700378417969,393.29412841796875,262.1351318359375,117.41212463378906,263.3227844238281
21,sset_21/tracknet-stride-8,detected_ckn_opencv_consensus,123,37932,38136,204,"[37942,37962,37983,38003,38023,38044,38064,38085,38105,38125]",,,,,,,,,,,,,,,,,,,,,,,,,0,0.0,false,,,,,,,,,,
21,sset_21/tracknet-stride-8,detected_ckn_opencv_consensus,124,38136,38317,181,"[38145,38163,38181,38199,38217,38235,38253,38271,38289,38307]",,,,,,,,,,,,,,,,,,,,,,,,,0,0.0,false,,,,,,,,,,
21,sset_21/tracknet-stride-8,detected_ckn_opencv_consensus,125,38317,38385,68,"[38320,38327,38334,38340,38347,38354,38361,38368,38374,38381]",,,,,,,,,,,,,,,,,,,,,,,,,0,0.0,false,,,,,,,,,,
21,sset_21/tracknet-stride-8,detected_ckn_opencv_consensus,126,38385,38710,325,"[38401,38433,38466,38498,38531,38563,38596,38628,38661,38693]",fallback,164.8918914794922,123.10835266113281,344.70477294921875,122.90978240966797,393.28192138671875,262.1087646484375,117.41845703125,263.3148498535156,0.015292210504412651,0.012340722605586052,0.2304007112979889,0.1951337307691574,fallback,fallback,model,model,4.021755986579365,3.13040379832515e-06,0.006846219012083557,5.3288737733241635e-09,11,32,13.56097410667661,319,0.9815384615384616,true,0.41943718222569615,false,164.8918914794922,123.10835266113281,344.70477294921875,122.90978240966797,393.28192138671875,262.1087646484375,117.41845703125,263.3148498535156
21,sset_21/tracknet-stride-8,detected_ckn_opencv_consensus,127,38710,38734,24,"[38711,38713,38716,38718,38720,38723,38725,38728,38730,38732]",,,,,,,,,,,,,,,,,,,,,,,,,0,0.0,false,,,,,,,,,,
21,sset_21/tracknet-stride-8,detected_ckn_opencv_consensus,128,38734,38771,37,"[38735,38739,38743,38746,38750,38754,38758,38761,38765,38769]",,,,,,,,,,,,,,,,,,,,,,,,,0,0.0,false,,,,,,,,,,
21,sset_21/tracknet-stride-8,detected_ckn_opencv_consensus,129,38771,38802,31,"[38772,38775,38778,38781,38784,38788,38791,38794,38797,38800]",,,,,,,,,,,,,,,,,,,,,,,,,0,0.0,false,,,,,,,,,,
21,sset_21/tracknet-stride-8,detected_ckn_opencv_consensus,130,38802,38825,23,"[38803,38805,38807,38810,38812,38814,38816,38819,38821,38823]",,,,,,,,,,,,,,,,,,,,,,,,,0,0.0,false,,,,,,,,,,
21,sset_21/tracknet-stride-8,detected_ckn_opencv_consensus,131,38825,38955,130,"[38831,38844,38857,38870,38883,38896,38909,38922,38935,38948]",,,,,,,,,,,,,,,,,,,,,,,,,0,0.0,false,,,,,,,,,,
21,sset_21/tracknet-stride-8,detected_ckn_opencv_consensus,132,38955,39239,284,"[38969,38997,39026,39054,39082,39111,39139,39168,39196,39224]",,,,,,,,,,,,,,,,,,,,,,,,,0,0.0,false,,,,,,,,,,
21,sset_21/tracknet-stride-8,detected_ckn_opencv_consensus,133,39239,39382,143,"[39246,39260,39274,39289,39303,39317,39331,39346,39360,39374]",,,,,,,,,,,,,,,,,,,,,,,,,0,0.0,false,,,,,,,,,,
21,sset_21/tracknet-stride-8,detected_ckn_opencv_consensus,134,39382,39790,408,"[39402,39443,39484,39524,39565,39606,39647,39688,39728,39769]",fallback,164.91864013671875,123.36052703857422,343.862548828125,122.7691879272461,393.2815246582031,262.107666015625,117.3867416381836,263.3232421875,0.016298364847898483,0.012372393161058426,0.22669707238674164,0.1870478093624115,fallback,fallback,model,model,3.375265159950729,5.019000994126084e-06,0.0057457002826598325,8.543825170476735e-09,12,38,13.43736029954465,401,0.9828431372549019,true,0.48958138775037324,false,164.91864013671875,123.36052703857422,343.862548828125,122.7691879272461,393.2815246582031,262.107666015625,117.3867416381836,263.3232421875
21,sset_21/tracknet-stride-8,detected_ckn_opencv_consensus,135,39790,39898,108,"[39795,39806,39817,39827,39838,39849,39860,39871,39881,39892]",,,,,,,,,,,,,,,,,,,,,,,,,0,0.0,false,,,,,,,,,,
21,sset_21/tracknet-stride-8,detected_ckn_opencv_consensus,136,39898,40145,247,"[39910,39935,39959,39984,40009,40033,40058,40083,40107,40132]",,,,,,,,,,,,,,,,,,,,,,,,,0,0.0,false,,,,,,,,,,
21,sset_21/tracknet-stride-8,detected_ckn_opencv_consensus,137,40145,40285,140,"[40152,40166,40180,40194,40208,40222,40236,40250,40264,40278]",,,,,,,,,,,,,,,,,,,,,,,,,0,0.0,false,,,,,,,,,,
21,sset_21/tracknet-stride-8,detected_ckn_opencv_consensus,138,40285,40465,180,"[40294,40312,40330,40348,40366,40384,40402,40420,40438,40456]",fallback,164.8160858154297,123.221435546875,344.5123596191406,122.53242492675781,393.26605224609375,262.1336669921875,117.41069030761719,263.30865478515625,0.01749574951827526,0.012698810547590256,0.2179991602897644,0.19720560312271118,fallback,fallback,model,model,3.748740081149492,7.5297329214785046e-06,0.006381465136266006,1.2817834014535214e-08,13,44,12.856227533720471,177,0.9833333333333333,true,0.26666048653295826,false,164.8160858154297,123.221435546875,344.5123596191406,122.53242492675781,393.26605224609375,262.1336669921875,117.41069030761719,263.30865478515625
21,sset_21/tracknet-stride-8,detected_ckn_opencv_consensus,139,40465,40528,63,"[40468,40474,40480,40487,40493,40499,40505,40512,40518,40524]",,,,,,,,,,,,,,,,,,,,,,,,,0,0.0,false,,,,,,,,,,
21,sset_21/tracknet-stride-8,detected_ckn_opencv_consensus,140,40528,40566,38,"[40529,40533,40537,40541,40545,40548,40552,40556,40560,40564]",,,,,,,,,,,,,,,,,,,,,,,,,0,0.0,false,,,,,,,,,,
21,sset_21/tracknet-stride-8,detected_ckn_opencv_consensus,141,40566,40638,72,"[40569,40576,40584,40591,40598,40605,40612,40620,40627,40634]",,,,,,,,,,,,,,,,,,,,,,,,,0,0.0,false,,,,,,,,,,
21,sset_21/tracknet-stride-8,detected_ckn_opencv_consensus,142,40638,40818,180,"[40647,40665,40683,40701,40719,40737,40755,40773,40791,40809]",,,,,,,,,,,,,,,,,,,,,,,,,0,0.0,false,,,,,,,,,,
21,sset_21/tracknet-stride-8,detected_ckn_opencv_consensus,143,40818,40979,161,"[40826,40842,40858,40874,40890,40906,40922,40938,40954,40970]",,,,,,,,,,,,,,,,,,,,,,,,,0,0.0,false,,,,,,,,,,
21,sset_21/tracknet-stride-8,detected_ckn_opencv_consensus,144,40979,41290,311,"[40994,41025,41056,41087,41118,41150,41181,41212,41243,41274]",fallback,165.971435546875,121.86520385742188,343.3250427246094,122.0558090209961,393.3052673339844,262.14276123046875,117.39833068847656,263.3243103027344,0.01628856733441353,0.010971317067742348,0.22186274826526642,0.19168201088905334,fallback,fallback,model,model,1.8323246714250843,3.7957662193787463,0.00311915890563258,0.006461517541902833,13,44,13.912809354772946,307,0.9871382636655949,true,1.5158951978161106,false,165.971435546875,121.86520385742188,343.3250427246094,122.0558090209961,393.3052673339844,262.14276123046875,117.39833068847656,263.3243103027344
21,sset_21/tracknet-stride-8,detected_ckn_opencv_consensus,145,41290,41399,109,"[41295,41306,41317,41328,41339,41349,41360,41371,41382,41393]",,,,,,,,,,,,,,,,,,,,,,,,,0,0.0,false,,,,,,,,,,
21,sset_21/tracknet-stride-8,detected_ckn_opencv_consensus,146,41399,41416,17,"[41399,41401,41403,41404,41406,41408,41410,41411,41413,41415]",,,,,,,,,,,,,,,,,,,,,,,,,0,0.0,false,,,,,,,,,,
21,sset_21/tracknet-stride-8,detected_ckn_opencv_consensus,147,41416,42423,1007,"[41466,41567,41667,41768,41869,41969,42070,42171,42271,42372]",,,,,,,,,,,,,,,,,,,,,,,,,0,0.0,false,,,,,,,,,,
21,sset_21/tracknet-stride-8,detected_ckn_opencv_consensus,148,42423,42484,61,"[42426,42432,42438,42444,42450,42456,42462,42468,42474,42480]",fallback,385.0055236816406,18.77113151550293,368.4834289550781,18.684326171875,347.84857177734375,218.57069396972656,132.3843231201172,160.32908630371094,0.006172161549329758,0.011559185571968555,0.06702619791030884,0.07952951639890671,fallback,fallback,model,model,2.391818541535656,0.00026742176764209523,0.004071583066491007,4.5523099760049914e-07,5,8,20.19272663907188,28,0.45901639344262296,false,,,,,,,,,,
21,sset_21/tracknet-stride-8,detected_ckn_opencv_consensus,149,42484,42508,24,"[42485,42487,42490,42492,42494,42497,42499,42502,42504,42506]",,,,,,,,,,,,,,,,,,,,,,,,,0,0.0,false,,,,,,,,,,
21,sset_21/tracknet-stride-8,detected_ckn_opencv_consensus,150,42508,42787,279,"[42521,42549,42577,42605,42633,42661,42689,42717,42745,42773]",,,,,,,,,,,,,,,,,,,,,,,,,0,0.0,false,,,,,,,,,,
21,sset_21/tracknet-stride-8,detected_ckn_opencv_consensus,151,42787,42882,95,"[42791,42801,42810,42820,42829,42839,42848,42858,42867,42877]",,,,,,,,,,,,,,,,,,,,,,,,,0,0.0,false,,,,,,,,,,
21,sset_21/tracknet-stride-8,detected_ckn_opencv_consensus,152,42882,42988,106,"[42887,42897,42908,42919,42929,42940,42950,42961,42972,42982]",,,,,,,,,,,,,,,,,,,,,,,,,0,0.0,false,,,,,,,,,,
21,sset_21/tracknet-stride-8,detected_ckn_opencv_consensus,153,42988,43307,319,"[43003,43035,43067,43099,43131,43163,43195,43227,43259,43291]",fallback,165.7497100830078,122.4128189086914,343.65557861328125,122.00474548339844,393.2996826171875,262.1108703613281,117.4368896484375,263.293212890625,0.016912134364247322,0.01151873916387558,0.21987783908843994,0.1861080825328827,fallback,fallback,model,model,1.9276731383558001,4.208212970874389,0.0032814702167246524,0.007163623985203791,12,38,13.089504068247606,316,0.9905956112852664,true,0.9744911631305052,false,165.7497100830078,122.4128189086914,343.65557861328125,122.00474548339844,393.2996826171875,262.1108703613281,117.4368896484375,263.293212890625
21,sset_21/tracknet-stride-8,detected_ckn_opencv_consensus,154,43307,43383,76,"[43310,43318,43326,43333,43341,43348,43356,43364,43371,43379]",,,,,,,,,,,,,,,,,,,,,,,,,0,0.0,false,,,,,,,,,,
21,sset_21/tracknet-stride-8,detected_ckn_opencv_consensus,155,43383,43419,36,"[43384,43388,43392,43395,43399,43402,43406,43410,43413,43417]",,,,,,,,,,,,,,,,,,,,,,,,,0,0.0,false,,,,,,,,,,
21,sset_21/tracknet-stride-8,detected_ckn_opencv_consensus,156,43419,43440,21,"[43420,43422,43424,43426,43428,43430,43432,43434,43436,43438]",,,,,,,,,,,,,,,,,,,,,,,,,0,0.0,false,,,,,,,,,,
21,sset_21/tracknet-stride-8,detected_ckn_opencv_consensus,157,43440,43477,37,"[43441,43445,43449,43452,43456,43460,43464,43467,43471,43475]",,,,,,,,,,,,,,,,,,,,,,,,,0,0.0,false,,,,,,,,,,
21,sset_21/tracknet-stride-8,detected_ckn_opencv_consensus,158,43477,43944,467,"[43500,43547,43593,43640,43687,43733,43780,43827,43873,43920]",,,,,,,,,,,,,,,,,,,,,,,,,0,0.0,false,,,,,,,,,,
21,sset_21/tracknet-stride-8,detected_ckn_opencv_consensus,159,43944,44214,270,"[43957,43984,44011,44038,44065,44092,44119,44146,44173,44200]",,,,,,,,,,,,,,,,,,,,,,,,,0,0.0,false,,,,,,,,,,
21,sset_21/tracknet-stride-8,detected_ckn_opencv_consensus,160,44214,44610,396,"[44233,44273,44313,44352,44392,44431,44471,44511,44550,44590]",,,,,,,,,,,,,,,,,,,,,,,,,0,0.0,false,,,,,,,,,,
21,sset_21/tracknet-stride-8,detected_ckn_opencv_consensus,161,44610,44825,215,"[44620,44642,44663,44685,44706,44728,44749,44771,44792,44814]",fallback,165.10414123535156,123.11648559570312,344.397705078125,122.60069274902344,393.342529296875,262.11907958984375,117.41433715820312,263.3260498046875,0.015676092356443405,0.013300003483891487,0.22415755689144135,0.1915593147277832,fallback,fallback,model,model,4.492075375752549,8.064543090792804e-06,0.007646841813331034,1.3728239210980099e-08,12,38,13.489288541306394,215,1.0,true,0.13071969235998715,false,165.10414123535156,123.11648559570312,344.397705078125,122.60069274902344,393.342529296875,262.11907958984375,117.41433715820312,263.3260498046875
21,sset_21/tracknet-stride-8,detected_ckn_opencv_consensus,162,44825,44927,102,"[44830,44840,44850,44860,44870,44881,44891,44901,44911,44921]",,,,,,,,,,,,,,,,,,,,,,,,,0,0.0,false,,,,,,,,,,
21,sset_21/tracknet-stride-8,detected_ckn_opencv_consensus,163,44927,44950,23,"[44928,44930,44932,44935,44937,44939,44941,44944,44946,44948]",,,,,,,,,,,,,,,,,,,,,,,,,0,0.0,false,,,,,,,,,,
21,sset_21/tracknet-stride-8,detected_ckn_opencv_consensus,164,44950,45780,830,"[44991,45074,45157,45240,45323,45406,45489,45572,45655,45738]",fallback,164.7322998046875,123.63742065429688,344.3460693359375,122.9467544555664,393.3163757324219,262.1205139160156,117.45634460449219,263.34130859375,0.01605057530105114,0.011798468418419361,0.21821971237659454,0.18297338485717773,fallback,fallback,model,model,2.3023086499084116,6.759411010334396e-06,0.003919210738614101,1.1506518128862878e-08,12,38,13.488595916369093,645,0.7771084337349398,true,0.6633243840032514,false,164.7322998046875,123.63742065429688,344.3460693359375,122.9467544555664,393.3163757324219,262.1205139160156,117.45634460449219,263.34130859375
21,sset_21/tracknet-stride-8,detected_ckn_opencv_consensus,165,45780,45859,79,"[45783,45791,45799,45807,45815,45823,45831,45839,45847,45855]",,,,,,,,,,,,,,,,,,,,,,,,,0,0.0,false,,,,,,,,,,
21,sset_21/tracknet-stride-8,detected_ckn_opencv_consensus,166,45859,45939,80,"[45863,45871,45879,45887,45895,45903,45911,45919,45927,45935]",,,,,,,,,,,,,,,,,,,,,,,,,0,0.0,false,,,,,,,,,,
21,sset_21/tracknet-stride-8,detected_ckn_opencv_consensus,167,45939,45983,44,"[45941,45945,45950,45954,45958,45963,45967,45972,45976,45980]",,,,,,,,,,,,,,,,,,,,,,,,,0,0.0,false,,,,,,,,,,
21,sset_21/tracknet-stride-8,detected_ckn_opencv_consensus,168,45983,46005,22,"[45984,45986,45988,45990,45992,45995,45997,45999,46001,46003]",,,,,,,,,,,,,,,,,,,,,,,,,0,0.0,false,,,,,,,,,,
21,sset_21/tracknet-stride-8,detected_ckn_opencv_consensus,169,46005,46021,16,"[46005,46007,46009,46010,46012,46013,46015,46017,46018,46020]",,,,,,,,,,,,,,,,,,,,,,,,,0,0.0,false,,,,,,,,,,
21,sset_21/tracknet-stride-8,detected_ckn_opencv_consensus,170,46021,46084,63,"[46024,46030,46036,46043,46049,46055,46061,46068,46074,46080]",,,,,,,,,,,,,,,,,,,,,,,,,0,0.0,false,,,,,,,,,,
21,sset_21/tracknet-stride-8,detected_ckn_opencv_consensus,171,46084,46104,20,"[46085,46087,46089,46091,46093,46095,46097,46099,46101,46103]",,,,,,,,,,,,,,,,,,,,,,,,,0,0.0,false,,,,,,,,,,
21,sset_21/tracknet-stride-8,detected_ckn_opencv_consensus,172,46104,46228,124,"[46110,46122,46135,46147,46159,46172,46184,46197,46209,46221]",,,,,,,,,,,,,,,,,,,,,,,,,0,0.0,false,,,,,,,,,,
21,sset_21/tracknet-stride-8,detected_ckn_opencv_consensus,173,46228,46403,175,"[46236,46254,46271,46289,46306,46324,46341,46359,46376,46394]",,,,,,,,,,,,,,,,,,,,,,,,,0,0.0,false,,,,,,,,,,
21,sset_21/tracknet-stride-8,detected_ckn_opencv_consensus,174,46403,46719,316,"[46418,46450,46482,46513,46545,46576,46608,46640,46671,46703]",fallback,164.96815490722656,123.232666015625,344.17333984375,122.6051025390625,393.2657775878906,262.1314697265625,117.4188232421875,263.3386535644531,0.016790565103292465,0.011171476915478706,0.2334040403366089,0.18447288870811462,fallback,fallback,model,model,2.8314814186893784,3.2521604069343473e-06,0.004820019410844484,5.5361395575956965e-09,11,32,12.59653416931235,315,0.9968354430379747,true,0.2035251629439955,false,164.96815490722656,123.232666015625,344.17333984375,122.6051025390625,393.2657775878906,262.1314697265625,117.4188232421875,263.3386535644531
21,sset_21/tracknet-stride-8,detected_ckn_opencv_consensus,175,46719,46843,124,"[46725,46737,46750,46762,46774,46787,46799,46812,46824,46836]",,,,,,,,,,,,,,,,,,,,,,,,,0,0.0,false,,,,,,,,,,
21,sset_21/tracknet-stride-8,detected_ckn_opencv_consensus,176,46843,46877,34,"[46844,46848,46851,46854,46858,46861,46865,46868,46871,46875]",,,,,,,,,,,,,,,,,,,,,,,,,0,0.0,false,,,,,,,,,,
21,sset_21/tracknet-stride-8,detected_ckn_opencv_consensus,177,46877,46900,23,"[46878,46880,46882,46885,46887,46889,46891,46894,46896,46898]",,,,,,,,,,,,,,,,,,,,,,,,,0,0.0,false,,,,,,,,,,
21,sset_21/tracknet-stride-8,detected_ckn_opencv_consensus,178,46900,46967,67,"[46903,46910,46916,46923,46930,46936,46943,46950,46956,46963]",,,,,,,,,,,,,,,,,,,,,,,,,0,0.0,false,,,,,,,,,,
21,sset_21/tracknet-stride-8,detected_ckn_opencv_consensus,179,46967,47238,271,"[46980,47007,47034,47061,47088,47116,47143,47170,47197,47224]",,,,,,,,,,,,,,,,,,,,,,,,,0,0.0,false,,,,,,,,,,
21,sset_21/tracknet-stride-8,detected_ckn_opencv_consensus,180,47238,47628,390,"[47257,47296,47335,47374,47413,47452,47491,47530,47569,47608]",fallback,165.07235717773438,122.9151611328125,344.40203857421875,122.80164337158203,393.2984619140625,262.1201171875,117.39826202392578,263.29766845703125,0.016978735104203224,0.012964919209480286,0.21681183576583862,0.18697622418403625,fallback,fallback,model,model,3.6199760304692745,3.3308879162128043e-06,0.006162270611590336,5.670157079443058e-09,12,38,13.176890447986693,317,0.8128205128205128,true,0.13560801781692922,false,165.07235717773438,122.9151611328125,344.40203857421875,122.80164337158203,393.2984619140625,262.1201171875,117.39826202392578,263.29766845703125
21,sset_21/tracknet-stride-8,detected_ckn_opencv_consensus,181,47628,47772,144,"[47635,47649,47664,47678,47692,47707,47721,47736,47750,47764]",,,,,,,,,,,,,,,,,,,,,,,,,0,0.0,false,,,,,,,,,,
21,sset_21/tracknet-stride-8,detected_ckn_opencv_consensus,182,47772,48004,232,"[47783,47806,47830,47853,47876,47899,47922,47946,47969,47992]",,,,,,,,,,,,,,,,,,,,,,,,,0,0.0,false,,,,,,,,,,
21,sset_21/tracknet-stride-8,detected_ckn_opencv_consensus,183,48004,48186,182,"[48013,48031,48049,48067,48085,48104,48122,48140,48158,48176]",,,,,,,,,,,,,,,,,,,,,,,,,0,0.0,false,,,,,,,,,,
21,sset_21/tracknet-stride-8,detected_ckn_opencv_consensus,184,48186,48671,485,"[48210,48258,48307,48355,48404,48452,48501,48549,48598,48646]",fallback,165.0041046142578,122.75684356689453,344.2979736328125,122.96757507324219,393.316650390625,262.1177062988281,117.39399719238281,263.310791015625,0.01666468009352684,0.010579155758023262,0.2227190136909485,0.1869066208600998,fallback,fallback,model,model,2.6551523019426497,3.855452468138751e-06,0.004519855065845993,6.563121202687893e-09,11,32,13.058935422747794,343,0.7072164948453609,true,0.27935600582238,false,165.0041046142578,122.75684356689453,344.2979736328125,122.96757507324219,393.316650390625,262.1177062988281,117.39399719238281,263.310791015625
21,sset_21/tracknet-stride-8,detected_ckn_opencv_consensus,185,48671,48761,90,"[48675,48684,48693,48702,48711,48720,48729,48738,48747,48756]",,,,,,,,,,,,,,,,,,,,,,,,,0,0.0,false,,,,,,,,,,
21,sset_21/tracknet-stride-8,detected_ckn_opencv_consensus,186,48761,48822,61,"[48764,48770,48776,48782,48788,48794,48800,48806,48812,48818]",,,,,,,,,,,,,,,,,,,,,,,,,0,0.0,false,,,,,,,,,,
21,sset_21/tracknet-stride-8,detected_ckn_opencv_consensus,187,48822,49149,327,"[48838,48871,48903,48936,48969,49001,49034,49067,49099,49132]",,,,,,,,,,,,,,,,,,,,,,,,,0,0.0,false,,,,,,,,,,
21,sset_21/tracknet-stride-8,detected_ckn_opencv_consensus,188,49149,49183,34,"[49150,49154,49157,49160,49164,49167,49171,49174,49177,49181]",fallback,77.77687072753906,187.22312927246094,350.2857360839844,-85.28570556640625,392.1129150390625,191.9879913330078,78.48335266113281,277.004150390625,0.004110525827854872,0.00628450745716691,0.05775724723935127,0.27007603645324707,fallback,fallback,model,model,3.632472990931774,3.061830755589478e-05,0.006183544137034725,5.212142158959695e-08,7,14,13.554874870320361,7,0.20588235294117646,false,,,,,,,,,,
21,sset_21/tracknet-stride-8,detected_ckn_opencv_consensus,189,49183,49261,78,"[49186,49194,49202,49210,49218,49225,49233,49241,49249,49257]",,,,,,,,,,,,,,,,,,,,,,,,,0,0.0,false,,,,,,,,,,
21,sset_21/tracknet-stride-8,detected_ckn_opencv_consensus,190,49261,49296,35,"[49262,49266,49269,49273,49276,49280,49283,49287,49290,49294]",,,,,,,,,,,,,,,,,,,,,,,,,0,0.0,false,,,,,,,,,,
21,sset_21/tracknet-stride-8,detected_ckn_opencv_consensus,191,49296,49631,335,"[49312,49346,49379,49413,49446,49480,49513,49547,49580,49614]",fallback,164.97630310058594,123.42727661132812,344.49725341796875,122.8432846069336,393.3040466308594,262.1235046386719,117.43527221679688,263.33465576171875,0.015841083601117134,0.012660622596740723,0.2308708131313324,0.19066864252090454,fallback,fallback,model,model,3.546953990146534,6.0311094487453375e-06,0.0060379654865586494,1.0266733314935862e-08,12,38,13.15125231176171,323,0.9641791044776119,true,0.39591294315519937,false,164.97630310058594,123.42727661132812,344.49725341796875,122.8432846069336,393.3040466308594,262.1235046386719,117.43527221679688,263.33465576171875
21,sset_21/tracknet-stride-8,detected_ckn_opencv_consensus,192,49631,49809,178,"[49639,49657,49675,49693,49711,49728,49746,49764,49782,49800]",,,,,,,,,,,,,,,,,,,,,,,,,0,0.0,false,,,,,,,,,,
21,sset_21/tracknet-stride-8,detected_ckn_opencv_consensus,193,49809,50061,252,"[49821,49846,49872,49897,49922,49947,49972,49998,50023,50048]",fallback,165.0666961669922,123.44207763671875,344.65692138671875,123.06990051269531,393.274658203125,262.13037109375,117.39937591552734,263.30084228515625,0.017518088221549988,0.012167004868388176,0.22383736073970795,0.19462323188781738,fallback,fallback,model,model,3.6234601034328335,4.066382473050465e-06,0.006168201534958685,6.922186500200805e-09,12,38,14.2348664250365,251,0.996031746031746,true,0.48902234205700634,false,165.0666961669922,123.44207763671875,344.65692138671875,123.06990051269531,393.274658203125,262.13037109375,117.39937591552734,263.30084228515625
21,sset_21/tracknet-stride-8,detected_ckn_opencv_consensus,194,50061,50172,111,"[50066,50077,50088,50099,50110,50122,50133,50144,50155,50166]",,,,,,,,,,,,,,,,,,,,,,,,,0,0.0,false,,,,,,,,,,
21,sset_21/tracknet-stride-8,detected_ckn_opencv_consensus,195,50172,50256,84,"[50176,50184,50193,50201,50209,50218,50226,50235,50243,50251]",,,,,,,,,,,,,,,,,,,,,,,,,0,0.0,false,,,,,,,,,,
21,sset_21/tracknet-stride-8,detected_ckn_opencv_consensus,196,50256,50280,24,"[50257,50259,50262,50264,50266,50269,50271,50274,50276,50278]",,,,,,,,,,,,,,,,,,,,,,,,,0,0.0,false,,,,,,,,,,
21,sset_21/tracknet-stride-8,detected_ckn_opencv_consensus,197,50280,50460,180,"[50289,50307,50325,50343,50361,50379,50397,50415,50433,50451]",,,,,,,,,,,,,,,,,,,,,,,,,0,0.0,false,,,,,,,,,,
21,sset_21/tracknet-stride-8,detected_ckn_opencv_consensus,198,50460,50529,69,"[50463,50470,50477,50484,50491,50497,50504,50511,50518,50525]",,,,,,,,,,,,,,,,,,,,,,,,,0,0.0,false,,,,,,,,,,
21,sset_21/tracknet-stride-8,detected_ckn_opencv_consensus,199,50529,50909,380,"[50548,50586,50624,50662,50700,50738,50776,50814,50852,50890]",fallback,164.9534912109375,122.84160614013672,344.4886169433594,122.75108337402344,393.288818359375,262.1202697753906,117.41036987304688,263.3035888671875,0.016126474365592003,0.01217149943113327,0.22704030573368073,0.19068759679794312,fallback,fallback,model,model,2.7704681055230083,8.774326651216253e-06,0.004716156693667282,1.4936500906132917e-08,12,38,11.965678139266004,336,0.8842105263157894,true,0.19733601968870698,false,164.9534912109375,122.84160614013672,344.4886169433594,122.75108337402344,393.288818359375,262.1202697753906,117.41036987304688,263.3035888671875
21,sset_21/tracknet-stride-8,detected_ckn_opencv_consensus,200,50909,50995,86,"[50913,50921,50930,50939,50947,50956,50964,50973,50982,50990]",,,,,,,,,,,,,,,,,,,,,,,,,0,0.0,false,,,,,,,,,,
21,sset_21/tracknet-stride-8,detected_ckn_opencv_consensus,201,50995,51077,82,"[50999,51007,51015,51023,51031,51040,51048,51056,51064,51072]",,,,,,,,,,,,,,,,,,,,,,,,,0,0.0,false,,,,,,,,,,
21,sset_21/tracknet-stride-8,detected_ckn_opencv_consensus,202,51077,51335,258,"[51089,51115,51141,51167,51193,51218,51244,51270,51296,51322]",,,,,,,,,,,,,,,,,,,,,,,,,0,0.0,false,,,,,,,,,,
21,sset_21/tracknet-stride-8,detected_ckn_opencv_consensus,203,51335,51678,343,"[51352,51386,51420,51455,51489,51523,51557,51592,51626,51660]",fallback,164.9523162841797,123.02474975585938,344.28887939453125,122.75871276855469,393.2803649902344,262.089111328125,117.42237854003906,263.29290771484375,0.015570247545838356,0.012796033173799515,0.2314501702785492,0.18642395734786987,fallback,fallback,model,model,3.0642637566420774,8.842304619453739e-06,0.005216283846848843,1.505221952757671e-08,12,38,13.710123358644864,265,0.7725947521865889,true,0.08757477040601809,false,164.9523162841797,123.02474975585938,344.28887939453125,122.75871276855469,393.2803649902344,262.089111328125,117.42237854003906,263.29290771484375
21,sset_21/tracknet-stride-8,detected_ckn_opencv_consensus,204,51678,51859,181,"[51687,51705,51723,51741,51759,51777,51795,51813,51831,51849]",,,,,,,,,,,,,,,,,,,,,,,,,0,0.0,false,,,,,,,,,,
21,sset_21/tracknet-stride-8,detected_ckn_opencv_consensus,205,51859,52138,279,"[51872,51900,51928,51956,51984,52012,52040,52068,52096,52124]",,,,,,,,,,,,,,,,,,,,,,,,,0,0.0,false,,,,,,,,,,
21,sset_21/tracknet-stride-8,detected_ckn_opencv_consensus,206,52138,52368,230,"[52149,52172,52195,52218,52241,52264,52287,52310,52333,52356]",fallback,164.97633361816406,123.34707641601562,344.7571105957031,122.97545623779297,393.27728271484375,262.117919921875,117.38993072509766,263.26708984375,0.016098711639642715,0.012408481910824776,0.2310878187417984,0.1957438588142395,fallback,fallback,model,model,3.2753856956923215,5.285678752368353e-06,0.005575675873072462,8.997789643873563e-09,12,38,9.457694734641052,228,0.991304347826087,true,0.499080316219071,false,164.97633361816406,123.34707641601562,344.7571105957031,122.97545623779297,393.27728271484375,262.117919921875,117.38993072509766,263.26708984375
21,sset_21/tracknet-stride-8,detected_ckn_opencv_consensus,207,52368,52433,65,"[52371,52377,52384,52390,52397,52403,52410,52416,52423,52429]",,,,,,,,,,,,,,,,,,,,,,,,,0,0.0,false,,,,,,,,,,
21,sset_21/tracknet-stride-8,detected_ckn_opencv_consensus,208,52433,52504,71,"[52436,52443,52450,52457,52464,52472,52479,52486,52493,52500]",,,,,,,,,,,,,,,,,,,,,,,,,0,0.0,false,,,,,,,,,,
21,sset_21/tracknet-stride-8,detected_ckn_opencv_consensus,209,52504,52527,23,"[52505,52507,52509,52512,52514,52516,52518,52521,52523,52525]",,,,,,,,,,,,,,,,,,,,,,,,,0,0.0,false,,,,,,,,,,
21,sset_21/tracknet-stride-8,detected_ckn_opencv_consensus,210,52527,52644,117,"[52532,52544,52556,52567,52579,52591,52603,52614,52626,52638]",model,20.518714904785156,41.693931579589844,378.6855163574219,42.05059051513672,447.0527038574219,295.8991394042969,0.0,249.79949951171875,0.03690289705991745,0.1399991512298584,0.04157063737511635,0.09393144398927689,model,model,model,model,,,,,,,,73,0.6239316239316239,true,165.80701036776605,true,165.0041046142578,123.03234100341797,344.3460693359375,122.69239044189453,393.2960205078125,262.11834716796875,117.41288757324219,263.3211669921875
21,sset_21/tracknet-stride-8,detected_ckn_opencv_consensus,211,52644,52997,353,"[52661,52696,52732,52767,52802,52838,52873,52908,52944,52979]",,,,,,,,,,,,,,,,,,,,,,,,,0,0.0,false,,,,,,,,,,
21,sset_21/tracknet-stride-8,detected_ckn_opencv_consensus,212,52997,53254,257,"[53009,53035,53061,53086,53112,53138,53164,53189,53215,53241]",,,,,,,,,,,,,,,,,,,,,,,,,0,0.0,false,,,,,,,,,,
21,sset_21/tracknet-stride-8,detected_ckn_opencv_consensus,213,53254,53832,578,"[53282,53340,53398,53456,53514,53571,53629,53687,53745,53803]",fallback,164.99713134765625,122.89857482910156,344.52301025390625,122.67704010009766,393.297119140625,262.1290283203125,117.377197265625,263.3240661621094,0.01665904000401497,0.012014273554086685,0.21204344928264618,0.18181107938289642,fallback,fallback,model,model,3.234791247549566,4.647934621319673e-06,0.005506572107556258,7.912160379094692e-09,12,38,13.392920300703963,575,0.9948096885813149,true,0.17760552200003468,false,164.99713134765625,122.89857482910156,344.52301025390625,122.67704010009766,393.297119140625,262.1290283203125,117.377197265625,263.3240661621094
21,sset_21/tracknet-stride-8,detected_ckn_opencv_consensus,214,53832,53863,31,"[53833,53836,53839,53842,53845,53849,53852,53855,53858,53861]",,,,,,,,,,,,,,,,,,,,,,,,,0,0.0,false,,,,,,,,,,
21,sset_21/tracknet-stride-8,detected_ckn_opencv_consensus,215,53863,53989,126,"[53869,53881,53894,53907,53919,53932,53944,53957,53970,53982]",,,,,,,,,,,,,,,,,,,,,,,,,0,0.0,false,,,,,,,,,,
21,sset_21/tracknet-stride-8,detected_ckn_opencv_consensus,216,53989,54006,17,"[53989,53991,53993,53994,53996,53998,54000,54001,54003,54005]",,,,,,,,,,,,,,,,,,,,,,,,,0,0.0,false,,,,,,,,,,
21,sset_21/tracknet-stride-8,detected_ckn_opencv_consensus,217,54006,54423,417,"[54026,54068,54110,54151,54193,54235,54277,54318,54360,54402]",,,,,,,,,,,,,,,,,,,,,,,,,0,0.0,false,,,,,,,,,,
21,sset_21/tracknet-stride-8,detected_ckn_opencv_consensus,218,54423,55798,1375,"[54491,54629,54766,54904,55041,55179,55316,55454,55591,55729]",fallback,165.5386962890625,121.99486541748047,343.9124450683594,121.69788360595703,393.31158447265625,262.12774658203125,117.41270446777344,263.31805419921875,0.016303574666380882,0.011872580274939537,0.21443766355514526,0.18169023096561432,fallback,fallback,model,model,3.0754049656521687,3.465427490056964,0.005235249482058194,0.005899183253930814,12,38,13.888698436592222,1314,0.9556363636363636,true,1.1671091852036979,false,165.5386962890625,121.99486541748047,343.9124450683594,121.69788360595703,393.31158447265625,262.12774658203125,117.41270446777344,263.31805419921875
21,sset_21/tracknet-stride-8,detected_ckn_opencv_consensus,219,55798,55936,138,"[55804,55818,55832,55846,55860,55873,55887,55901,55915,55929]",,,,,,,,,,,,,,,,,,,,,,,,,0,0.0,false,,,,,,,,,,
21,sset_21/tracknet-stride-8,detected_ckn_opencv_consensus,220,55936,56022,86,"[55940,55948,55957,55966,55974,55983,55991,56000,56009,56017]",,,,,,,,,,,,,,,,,,,,,,,,,0,0.0,false,,,,,,,,,,
21,sset_21/tracknet-stride-8,detected_ckn_opencv_consensus,221,56022,56181,159,"[56029,56045,56061,56077,56093,56109,56125,56141,56157,56173]",,,,,,,,,,,,,,,,,,,,,,,,,0,0.0,false,,,,,,,,,,
21,sset_21/tracknet-stride-8,detected_ckn_opencv_consensus,222,56181,56719,538,"[56207,56261,56315,56369,56423,56476,56530,56584,56638,56692]",,,,,,,,,,,,,,,,,,,,,,,,,0,0.0,false,,,,,,,,,,
21,sset_21/tracknet-stride-8,detected_ckn_opencv_consensus,223,56719,58345,1626,"[56800,56962,57125,57288,57450,57613,57775,57938,58101,58263]",,,,,,,,,,,,,,,,,,,,,,,,,0,0.0,false,,,,,,,,,,
21,sset_21/tracknet-stride-8,detected_ckn_opencv_consensus,224,58345,58432,87,"[58349,58358,58366,58375,58384,58392,58401,58410,58418,58427]",fallback,181.90121459960938,225.14649963378906,299.80224609375,209.4263458251953,325.2366638183594,281.118896484375,138.24038696289062,197.60317993164062,0.016880612820386887,0.006508762016892433,0.1006363034248352,0.03647775575518608,fallback,fallback,model,model,0.0027213125213307876,2.214672729859838e-05,4.632479340747349e-06,3.770028465005234e-08,2,3,11.129795576130675,0,0.0,false,,,,,,,,,,
21,sset_21/tracknet-stride-8,detected_ckn_opencv_consensus,225,58432,59764,1332,"[58498,58631,58765,58898,59031,59164,59297,59431,59564,59697]",fallback,164.5973358154297,123.550537109375,344.09674072265625,123.02153015136719,393.26483154296875,262.090576171875,117.44178771972656,263.3246154785156,0.016198506578803062,0.012147718109190464,0.2155550867319107,0.17686018347740173,fallback,fallback,model,model,3.0953367266770897,3.3411468349165006e-06,0.005269179238544783,5.687620795418626e-09,14,50,13.61835237676496,648,0.4864864864864865,false,,,,,,,,,,
21,sset_21/tracknet-stride-8,detected_ckn_opencv_consensus,226,59764,59958,194,"[59773,59793,59812,59831,59851,59870,59890,59909,59928,59948]",,,,,,,,,,,,,,,,,,,,,,,,,0,0.0,false,,,,,,,,,,
21,sset_21/tracknet-stride-8,detected_ckn_opencv_consensus,227,59958,60063,105,"[59963,59973,59984,59994,60005,60015,60026,60036,60047,60057]",,,,,,,,,,,,,,,,,,,,,,,,,0,0.0,false,,,,,,,,,,
21,sset_21/tracknet-stride-8,detected_ckn_opencv_consensus,228,60063,60718,655,"[60095,60161,60226,60292,60357,60423,60488,60554,60619,60685]",fallback,166.0957489013672,121.790283203125,343.2374572753906,121.53529357910156,393.302001953125,262.1055908203125,117.46553039550781,263.36822509765625,0.016527000814676285,0.01222088560461998,0.21015942096710205,0.18201985955238342,fallback,fallback,model,model,3.0290879225073297,1.97928266625039,0.005156404166126584,0.003369324908122058,13,44,14.143994157507052,648,0.9893129770992366,true,1.6536005650843084,false,166.0957489013672,121.790283203125,343.2374572753906,121.53529357910156,393.302001953125,262.1055908203125,117.46553039550781,263.36822509765625
21,sset_21/tracknet-stride-8,detected_ckn_opencv_consensus,229,60718,60834,116,"[60723,60735,60747,60758,60770,60781,60793,60805,60816,60828]",,,,,,,,,,,,,,,,,,,,,,,,,0,0.0,false,,,,,,,,,,
21,sset_21/tracknet-stride-8,detected_ckn_opencv_consensus,230,60834,61204,370,"[60852,60889,60926,60963,61000,61037,61074,61111,61148,61185]",,,,,,,,,,,,,,,,,,,,,,,,,0,0.0,false,,,,,,,,,,
21,sset_21/tracknet-stride-8,detected_ckn_opencv_consensus,231,61204,61515,311,"[61219,61250,61281,61312,61343,61375,61406,61437,61468,61499]",fallback,165.9917449951172,121.98665618896484,343.3650207519531,121.71910858154297,393.29644775390625,262.13824462890625,117.41419982910156,263.28436279296875,0.017456920817494392,0.012570615857839584,0.22675937414169312,0.19963829219341278,fallback,fallback,model,model,2.851780854719209,4.013282479500478,0.004854575059010548,0.006831794595123382,13,44,14.502087334127623,302,0.9710610932475884,true,1.4383637415764894,false,165.9917449951172,121.98665618896484,343.3650207519531,121.71910858154297,393.29644775390625,262.13824462890625,117.41419982910156,263.28436279296875
21,sset_21/tracknet-stride-8,detected_ckn_opencv_consensus,232,61515,61625,110,"[61520,61531,61542,61553,61564,61575,61586,61597,61608,61619]",,,,,,,,,,,,,,,,,,,,,,,,,0,0.0,false,,,,,,,,,,
21,sset_21/tracknet-stride-8,detected_ckn_opencv_consensus,233,61625,61876,251,"[61637,61662,61687,61712,61737,61763,61788,61813,61838,61863]",,,,,,,,,,,,,,,,,,,,,,,,,0,0.0,false,,,,,,,,,,
21,sset_21/tracknet-stride-8,detected_ckn_opencv_consensus,234,61876,62016,140,"[61883,61897,61911,61925,61939,61953,61967,61981,61995,62009]",,,,,,,,,,,,,,,,,,,,,,,,,0,0.0,false,,,,,,,,,,
21,sset_21/tracknet-stride-8,detected_ckn_opencv_consensus,235,62016,62208,192,"[62025,62044,62064,62083,62102,62121,62140,62160,62179,62198]",,,,,,,,,,,,,,,,,,,,,,,,,0,0.0,false,,,,,,,,,,
21,sset_21/tracknet-stride-8,detected_ckn_opencv_consensus,236,62208,62442,234,"[62219,62243,62266,62289,62313,62336,62360,62383,62406,62430]",fallback,165.08792114257812,122.79206085205078,344.6972351074219,123.1306381225586,393.32244873046875,262.12738037109375,117.40774536132812,263.33636474609375,0.01622810959815979,0.012471700087189674,0.21808625757694244,0.19020774960517883,fallback,fallback,model,model,3.4406815050146236,6.229077381450102e-06,0.005857058263296139,1.0603733329155769e-08,12,38,13.926332793194774,193,0.8247863247863247,true,0.5615856378769372,false,165.08792114257812,122.79206085205078,344.6972351074219,123.1306381225586,393.32244873046875,262.12738037109375,117.40774536132812,263.33636474609375
21,sset_21/tracknet-stride-8,detected_ckn_opencv_consensus,237,62442,62542,100,"[62447,62457,62467,62477,62487,62497,62507,62517,62527,62537]",,,,,,,,,,,,,,,,,,,,,,,,,0,0.0,false,,,,,,,,,,
21,sset_21/tracknet-stride-8,detected_ckn_opencv_consensus,238,62542,62761,219,"[62552,62574,62596,62618,62640,62662,62684,62706,62728,62750]",,,,,,,,,,,,,,,,,,,,,,,,,0,0.0,false,,,,,,,,,,
21,sset_21/tracknet-stride-8,detected_ckn_opencv_consensus,239,62761,62969,208,"[62771,62792,62813,62833,62854,62875,62896,62917,62937,62958]",,,,,,,,,,,,,,,,,,,,,,,,,0,0.0,false,,,,,,,,,,
21,sset_21/tracknet-stride-8,detected_ckn_opencv_consensus,240,62969,63210,241,"[62981,63005,63029,63053,63077,63101,63125,63149,63173,63197]",,,,,,,,,,,,,,,,,,,,,,,,,0,0.0,false,,,,,,,,,,
21,sset_21/tracknet-stride-8,detected_ckn_opencv_consensus,241,63210,63483,273,"[63223,63250,63278,63305,63332,63360,63387,63414,63442,63469]",fallback,164.82296752929688,123.37969970703125,344.0767822265625,122.70753479003906,393.29168701171875,262.1068115234375,117.41477966308594,263.3021240234375,0.017062552273273468,0.011277303099632263,0.23910465836524963,0.18614616990089417,fallback,fallback,model,model,4.326083596265917,3.0748875768633297e-06,0.00736427467590072,5.2343687332075396e-09,12,38,13.542364282956669,269,0.9853479853479854,true,0.39175082964053215,false,164.82296752929688,123.37969970703125,344.0767822265625,122.70753479003906,393.29168701171875,262.1068115234375,117.41477966308594,263.3021240234375
21,sset_21/tracknet-stride-8,detected_ckn_opencv_consensus,242,63483,63517,34,"[63484,63488,63491,63494,63498,63501,63505,63508,63511,63515]",fallback,285.8549499511719,285.0,337.41400146484375,285.0,466.37469482421875,108.09944152832031,91.87679290771484,160.32632446289062,0.009589632041752338,0.009360002353787422,0.04202430322766304,0.049962546676397324,fallback,fallback,model,model,5.316875464874272,9.047062493918285e-05,0.009050895681879162,1.5400778032297253e-07,3,2,12.499488383074015,5,0.14705882352941177,false,,,,,,,,,,
21,sset_21/tracknet-stride-8,detected_ckn_opencv_consensus,243,63517,63693,176,"[63525,63543,63561,63578,63596,63613,63631,63649,63666,63684]",,,,,,,,,,,,,,,,,,,,,,,,,0,0.0,false,,,,,,,,,,
21,sset_21/tracknet-stride-8,detected_ckn_opencv_consensus,244,63693,63741,48,"[63695,63700,63705,63709,63714,63719,63724,63729,63733,63738]",,,,,,,,,,,,,,,,,,,,,,,,,0,0.0,false,,,,,,,,,,
21,sset_21/tracknet-stride-8,detected_ckn_opencv_consensus,245,63741,63785,44,"[63743,63747,63752,63756,63760,63765,63769,63774,63778,63782]",,,,,,,,,,,,,,,,,,,,,,,,,0,0.0,false,,,,,,,,,,
21,sset_21/tracknet-stride-8,detected_ckn_opencv_consensus,246,63785,64177,392,"[63804,63843,63883,63922,63961,64000,64039,64079,64118,64157]",fallback,165.67086791992188,121.87242889404297,343.5885009765625,121.74113464355469,393.30126953125,262.1182861328125,117.38594055175781,263.32086181640625,0.017105218023061752,0.011835150420665741,0.21746446192264557,0.18395501375198364,fallback,fallback,model,model,2.6598527053850773,3.242680026389193,0.00452785654368786,0.0055200011439906415,13,44,13.336417514347715,378,0.9642857142857143,true,1.3378973829314527,false,165.67086791992188,121.87242889404297,343.5885009765625,121.74113464355469,393.30126953125,262.1182861328125,117.38594055175781,263.32086181640625
21,sset_21/tracknet-stride-8,detected_ckn_opencv_consensus,247,64177,64321,144,"[64184,64198,64213,64227,64241,64256,64270,64285,64299,64313]",,,,,,,,,,,,,,,,,,,,,,,,,0,0.0,false,,,,,,,,,,
21,sset_21/tracknet-stride-8,detected_ckn_opencv_consensus,248,64321,64888,567,"[64349,64406,64462,64519,64576,64632,64689,64746,64802,64859]",,,,,,,,,,,,,,,,,,,,,,,,,0,0.0,false,,,,,,,,,,
21,sset_21/tracknet-stride-8,detected_ckn_opencv_consensus,249,64888,64977,89,"[64892,64901,64910,64919,64928,64936,64945,64954,64963,64972]",,,,,,,,,,,,,,,,,,,,,,,,,0,0.0,false,,,,,,,,,,
21,sset_21/tracknet-stride-8,detected_ckn_opencv_consensus,250,64977,65038,61,"[64980,64986,64992,64998,65004,65010,65016,65022,65028,65034]",,,,,,,,,,,,,,,,,,,,,,,,,0,0.0,false,,,,,,,,,,
21,sset_21/tracknet-stride-8,detected_ckn_opencv_consensus,251,65038,65191,153,"[65045,65060,65076,65091,65106,65122,65137,65152,65168,65183]",,,,,,,,,,,,,,,,,,,,,,,,,0,0.0,false,,,,,,,,,,
21,sset_21/tracknet-stride-8,detected_ckn_opencv_consensus,252,65191,65298,107,"[65196,65207,65217,65228,65239,65249,65260,65271,65281,65292]",,,,,,,,,,,,,,,,,,,,,,,,,0,0.0,false,,,,,,,,,,
21,sset_21/tracknet-stride-8,detected_ckn_opencv_consensus,253,65298,65633,335,"[65314,65348,65381,65415,65448,65482,65515,65549,65582,65616]",fallback,164.9363250732422,123.21537780761719,344.5863037109375,123.01360321044922,393.31622314453125,262.09954833984375,117.44123840332031,263.31854248046875,0.01738622970879078,0.011860927566885948,0.22142454981803894,0.1843114197254181,fallback,fallback,model,model,3.08827405095289,9.486340058788676e-06,0.005257156474115377,1.614855846110326e-08,11,32,12.342803898989075,327,0.9761194029850746,true,0.40111120355109486,false,164.9363250732422,123.21537780761719,344.5863037109375,123.01360321044922,393.31622314453125,262.09954833984375,117.44123840332031,263.31854248046875
21,sset_21/tracknet-stride-8,detected_ckn_opencv_consensus,254,65633,65747,114,"[65638,65650,65661,65672,65684,65695,65707,65718,65729,65741]",,,,,,,,,,,,,,,,,,,,,,,,,0,0.0,false,,,,,,,,,,
21,sset_21/tracknet-stride-8,detected_ckn_opencv_consensus,255,65747,65860,113,"[65752,65763,65775,65786,65797,65809,65820,65831,65843,65854]",,,,,,,,,,,,,,,,,,,,,,,,,0,0.0,false,,,,,,,,,,
21,sset_21/tracknet-stride-8,detected_ckn_opencv_consensus,256,65860,66107,247,"[65872,65897,65921,65946,65971,65995,66020,66045,66069,66094]",,,,,,,,,,,,,,,,,,,,,,,,,0,0.0,false,,,,,,,,,,
21,sset_21/tracknet-stride-8,detected_ckn_opencv_consensus,257,66107,66220,113,"[66112,66123,66135,66146,66157,66169,66180,66191,66203,66214]",,,,,,,,,,,,,,,,,,,,,,,,,0,0.0,false,,,,,,,,,,
21,sset_21/tracknet-stride-8,detected_ckn_opencv_consensus,258,66220,66301,81,"[66224,66232,66240,66248,66256,66264,66272,66280,66288,66296]",,,,,,,,,,,,,,,,,,,,,,,,,0,0.0,false,,,,,,,,,,
21,sset_21/tracknet-stride-8,detected_ckn_opencv_consensus,259,66301,66519,218,"[66311,66333,66355,66377,66399,66420,66442,66464,66486,66508]",fallback,164.506591796875,124.0658950805664,344.41082763671875,122.65626525878906,393.29644775390625,262.1107177734375,117.43463134765625,263.302001953125,0.01733005791902542,0.012010235339403152,0.22813481092453003,0.2001344859600067,fallback,fallback,model,model,3.0012565248526926,5.43665974514616e-06,0.005109026890033288,9.25480397956871e-09,11,32,12.299304728945941,182,0.8348623853211009,true,1.1470627854874997,false,164.506591796875,124.0658950805664,344.41082763671875,122.65626525878906,393.29644775390625,262.1107177734375,117.43463134765625,263.302001953125
21,sset_21/tracknet-stride-8,detected_ckn_opencv_consensus,260,66519,66645,126,"[66525,66537,66550,66563,66575,66588,66600,66613,66626,66638]",,,,,,,,,,,,,,,,,,,,,,,,,0,0.0,false,,,,,,,,,,
21,sset_21/tracknet-stride-8,detected_ckn_opencv_consensus,261,66645,66771,126,"[66651,66663,66676,66689,66701,66714,66726,66739,66752,66764]",,,,,,,,,,,,,,,,,,,,,,,,,0,0.0,false,,,,,,,,,,
21,sset_21/tracknet-stride-8,detected_ckn_opencv_consensus,262,66771,67059,288,"[66785,66814,66843,66871,66900,66929,66958,66987,67015,67044]",,,,,,,,,,,,,,,,,,,,,,,,,0,0.0,false,,,,,,,,,,
21,sset_21/tracknet-stride-8,detected_ckn_opencv_consensus,263,67059,67123,64,"[67062,67068,67075,67081,67087,67094,67100,67107,67113,67119]",,,,,,,,,,,,,,,,,,,,,,,,,0,0.0,false,,,,,,,,,,
21,sset_21/tracknet-stride-8,detected_ckn_opencv_consensus,264,67123,67441,318,"[67138,67170,67202,67234,67266,67297,67329,67361,67393,67425]",fallback,165.97219848632812,122.00569915771484,343.5557556152344,121.74097442626953,393.30126953125,262.10821533203125,117.45657348632812,263.34332275390625,0.01705349236726761,0.011230921372771263,0.22328481078147888,0.1833033710718155,fallback,fallback,model,model,1.9782708023359419,3.3837971284148924,0.0033676024162573467,0.0057602242182006195,13,44,13.898214585889377,313,0.9842767295597484,true,1.4110985877991693,false,165.97219848632812,122.00569915771484,343.5557556152344,121.74097442626953,393.30126953125,262.10821533203125,117.45657348632812,263.34332275390625
21,sset_21/tracknet-stride-8,detected_ckn_opencv_consensus,265,67441,67633,192,"[67450,67469,67489,67508,67527,67546,67565,67585,67604,67623]",,,,,,,,,,,,,,,,,,,,,,,,,0,0.0,false,,,,,,,,,,
21,sset_21/tracknet-stride-8,detected_ckn_opencv_consensus,266,67633,67936,303,"[67648,67678,67708,67739,67769,67799,67829,67860,67890,67920]",,,,,,,,,,,,,,,,,,,,,,,,,0,0.0,false,,,,,,,,,,
21,sset_21/tracknet-stride-8,detected_ckn_opencv_consensus,267,67936,68027,91,"[67940,67949,67958,67967,67976,67986,67995,68004,68013,68022]",,,,,,,,,,,,,,,,,,,,,,,,,0,0.0,false,,,,,,,,,,
21,sset_21/tracknet-stride-8,detected_ckn_opencv_consensus,268,68027,68539,512,"[68052,68103,68155,68206,68257,68308,68359,68411,68462,68513]",fallback,165.06268310546875,123.00402069091797,344.3663024902344,122.89830780029297,393.2747802734375,262.1083984375,117.39140319824219,263.3004150390625,0.01605938747525215,0.011827489361166954,0.2247748076915741,0.18391893804073334,fallback,fallback,model,model,4.055730466887113,5.098853863771772e-06,0.006904053633026434,8.679758388743097e-09,12,38,13.24563293071185,437,0.853515625,true,0.2069090114581569,false,165.06268310546875,123.00402069091797,344.3663024902344,122.89830780029297,393.2747802734375,262.1083984375,117.39140319824219,263.3004150390625
21,sset_21/tracknet-stride-8,detected_ckn_opencv_consensus,269,68539,69027,488,"[68563,68612,68661,68709,68758,68807,68856,68905,68953,69002]",,,,,,,,,,,,,,,,,,,,,,,,,0,0.0,false,,,,,,,,,,
21,sset_21/tracknet-stride-8,detected_ckn_opencv_consensus,270,69027,69515,488,"[69051,69100,69149,69197,69246,69295,69344,69393,69441,69490]",,,,,,,,,,,,,,,,,,,,,,,,,0,0.0,false,,,,,,,,,,
21,sset_21/tracknet-stride-8,detected_ckn_opencv_consensus,271,69515,69754,239,"[69526,69550,69574,69598,69622,69646,69670,69694,69718,69742]",,,,,,,,,,,,,,,,,,,,,,,,,0,0.0,false,,,,,,,,,,
21,sset_21/tracknet-stride-8,detected_ckn_opencv_consensus,272,69754,70457,703,"[69789,69859,69929,70000,70070,70140,70210,70281,70351,70421]",fallback,164.9596405029297,123.23973846435547,344.4444274902344,123.04647827148438,393.30853271484375,262.1210021972656,117.42292785644531,263.34051513671875,0.016451705247163773,0.011017879471182823,0.21911610662937164,0.17600426077842712,fallback,fallback,model,model,4.025489272211445,8.579245486971207e-06,0.006852574169173439,1.4604415026231045e-08,12,38,12.042977577702345,702,0.9985775248933144,true,0.3674949218429203,false,164.9596405029297,123.23973846435547,344.4444274902344,123.04647827148438,393.30853271484375,262.1210021972656,117.42292785644531,263.34051513671875
21,sset_21/tracknet-stride-8,detected_ckn_opencv_consensus,273,70457,70557,100,"[70462,70472,70482,70492,70502,70512,70522,70532,70542,70552]",,,,,,,,,,,,,,,,,,,,,,,,,0,0.0,false,,,,,,,,,,
21,sset_21/tracknet-stride-8,detected_ckn_opencv_consensus,274,70557,70606,49,"[70559,70564,70569,70574,70579,70583,70588,70593,70598,70603]",,,,,,,,,,,,,,,,,,,,,,,,,0,0.0,false,,,,,,,,,,
21,sset_21/tracknet-stride-8,detected_ckn_opencv_consensus,275,70606,70662,56,"[70608,70614,70620,70625,70631,70636,70642,70648,70653,70659]",,,,,,,,,,,,,,,,,,,,,,,,,0,0.0,false,,,,,,,,,,
21,sset_21/tracknet-stride-8,detected_ckn_opencv_consensus,276,70662,70986,324,"[70678,70710,70743,70775,70807,70840,70872,70905,70937,70969]",,,,,,,,,,,,,,,,,,,,,,,,,0,0.0,false,,,,,,,,,,
21,sset_21/tracknet-stride-8,detected_ckn_opencv_consensus,277,70986,71261,275,"[70999,71027,71054,71082,71109,71137,71164,71192,71219,71247]",fallback,192.39915466308594,43.0,317.0003356933594,43.0,393.28076171875,262.08917236328125,117.36354064941406,263.32049560546875,0.017996899783611298,0.011689129285514355,0.22381243109703064,0.19195379316806793,fallback,fallback,model,model,3.46674033518039,1.4214259377340591e-05,0.005901418104894899,2.4196876468033764e-08,13,44,19.24263182026914,0,0.0,false,,,,,,,,,,
21,sset_21/tracknet-stride-8,detected_ckn_opencv_consensus,278,71261,71481,220,"[71272,71294,71316,71338,71360,71382,71404,71426,71448,71470]",,,,,,,,,,,,,,,,,,,,,,,,,0,0.0,false,,,,,,,,,,
21,sset_21/tracknet-stride-8,detected_ckn_opencv_consensus,279,71481,71712,231,"[71492,71515,71538,71561,71584,71608,71631,71654,71677,71700]",,,,,,,,,,,,,,,,,,,,,,,,,0,0.0,false,,,,,,,,,,
21,sset_21/tracknet-stride-8,detected_ckn_opencv_consensus,280,71712,72197,485,"[71736,71784,71833,71881,71930,71978,72027,72075,72124,72172]",fallback,164.9296417236328,122.94219207763672,344.3951110839844,122.57723236083984,393.30303955078125,262.1190185546875,117.37959289550781,263.2805480957031,0.01581597328186035,0.012643715366721153,0.21826618909835815,0.18871530890464783,fallback,fallback,model,model,4.428502751767098,6.623096695070266e-06,0.007538622391658111,1.1274470819206434e-08,13,44,13.254074992930043,477,0.9835051546391752,true,0.1251657967804749,false,164.9296417236328,122.94219207763672,344.3951110839844,122.57723236083984,393.30303955078125,262.1190185546875,117.37959289550781,263.2805480957031
21,sset_21/tracknet-stride-8,detected_ckn_opencv_consensus,281,72197,72289,92,"[72201,72210,72220,72229,72238,72247,72256,72266,72275,72284]",,,,,,,,,,,,,,,,,,,,,,,,,0,0.0,false,,,,,,,,,,
21,sset_21/tracknet-stride-8,detected_ckn_opencv_consensus,282,72289,72321,32,"[72290,72293,72297,72300,72303,72306,72309,72313,72316,72319]",,,,,,,,,,,,,,,,,,,,,,,,,0,0.0,false,,,,,,,,,,
21,sset_21/tracknet-stride-8,detected_ckn_opencv_consensus,283,72321,72387,66,"[72324,72330,72337,72344,72350,72357,72363,72370,72377,72383]",,,,,,,,,,,,,,,,,,,,,,,,,0,0.0,false,,,,,,,,,,
21,sset_21/tracknet-stride-8,detected_ckn_opencv_consensus,284,72387,72531,144,"[72394,72408,72423,72437,72451,72466,72480,72495,72509,72523]",,,,,,,,,,,,,,,,,,,,,,,,,0,0.0,false,,,,,,,,,,
21,sset_21/tracknet-stride-8,detected_ckn_opencv_consensus,285,72531,72567,36,"[72532,72536,72540,72543,72547,72550,72554,72558,72561,72565]",,,,,,,,,,,,,,,,,,,,,,,,,0,0.0,false,,,,,,,,,,
21,sset_21/tracknet-stride-8,detected_ckn_opencv_consensus,286,72567,72623,56,"[72569,72575,72581,72586,72592,72597,72603,72609,72614,72620]",,,,,,,,,,,,,,,,,,,,,,,,,0,0.0,false,,,,,,,,,,
21,sset_21/tracknet-stride-8,detected_ckn_opencv_consensus,287,72623,72688,65,"[72626,72632,72639,72645,72652,72658,72665,72671,72678,72684]",,,,,,,,,,,,,,,,,,,,,,,,,0,0.0,false,,,,,,,,,,
21,sset_21/tracknet-stride-8,detected_ckn_opencv_consensus,288,72688,72851,163,"[72696,72712,72728,72745,72761,72777,72793,72810,72826,72842]",fallback,164.966796875,123.31050872802734,344.681640625,122.73117065429688,393.35418701171875,262.1290283203125,117.38811492919922,263.3175048828125,0.01749056950211525,0.012467840686440468,0.2203962802886963,0.19828686118125916,fallback,fallback,model,model,3.240004245188203,6.7944603166379585e-06,0.005515446172433062,1.1566182421767897e-08,12,38,13.14912452305984,161,0.9877300613496932,true,0.33780466976795753,false,164.966796875,123.31050872802734,344.681640625,122.73117065429688,393.35418701171875,262.1290283203125,117.38811492919922,263.3175048828125
21,sset_21/tracknet-stride-8,detected_ckn_opencv_consensus,289,72851,73171,320,"[72867,72899,72931,72963,72995,73027,73059,73091,73123,73155]",,,,,,,,,,,,,,,,,,,,,,,,,0,0.0,false,,,,,,,,,,
21,sset_21/tracknet-stride-8,detected_ckn_opencv_consensus,290,73171,73297,126,"[73177,73189,73202,73215,73227,73240,73252,73265,73278,73290]",,,,,,,,,,,,,,,,,,,,,,,,,0,0.0,false,,,,,,,,,,
21,sset_21/tracknet-stride-8,detected_ckn_opencv_consensus,291,73297,73887,590,"[73326,73385,73444,73503,73562,73621,73680,73739,73798,73857]",fallback,165.82017517089844,122.05626678466797,343.6018371582031,121.84237670898438,393.29241943359375,262.1177978515625,117.40371704101562,263.31427001953125,0.015521266497671604,0.012375762686133385,0.221838116645813,0.1806115210056305,fallback,fallback,model,model,2.828156802400599,4.145919037458702,0.004814359929931153,0.007057581273335865,13,44,13.5331749016446,590,1.0,true,1.2722782847805594,false,165.82017517089844,122.05626678466797,343.6018371582031,121.84237670898438,393.29241943359375,262.1177978515625,117.40371704101562,263.31427001953125
21,sset_21/tracknet-stride-8,detected_ckn_opencv_consensus,292,73887,73983,96,"[73891,73901,73911,73920,73930,73939,73949,73959,73968,73978]",,,,,,,,,,,,,,,,,,,,,,,,,0,0.0,false,,,,,,,,,,
21,sset_21/tracknet-stride-8,detected_ckn_opencv_consensus,293,73983,74071,88,"[73987,73996,74005,74013,74022,74031,74040,74049,74057,74066]",,,,,,,,,,,,,,,,,,,,,,,,,0,0.0,false,,,,,,,,,,
21,sset_21/tracknet-stride-8,detected_ckn_opencv_consensus,294,74071,74097,26,"[74072,74074,74077,74080,74082,74085,74087,74090,74093,74095]",,,,,,,,,,,,,,,,,,,,,,,,,0,0.0,false,,,,,,,,,,
21,sset_21/tracknet-stride-8,detected_ckn_opencv_consensus,295,74097,74256,159,"[74104,74120,74136,74152,74168,74184,74200,74216,74232,74248]",,,,,,,,,,,,,,,,,,,,,,,,,0,0.0,false,,,,,,,,,,
21,sset_21/tracknet-stride-8,detected_ckn_opencv_consensus,296,74256,74377,121,"[74262,74274,74286,74298,74310,74322,74334,74346,74358,74370]",,,,,,,,,,,,,,,,,,,,,,,,,0,0.0,false,,,,,,,,,,
21,sset_21/tracknet-stride-8,detected_ckn_opencv_consensus,297,74377,74400,23,"[74378,74380,74382,74385,74387,74389,74391,74394,74396,74398]",,,,,,,,,,,,,,,,,,,,,,,,,0,0.0,false,,,,,,,,,,
21,sset_21/tracknet-stride-8,detected_ckn_opencv_consensus,298,74400,74466,66,"[74403,74409,74416,74423,74429,74436,74442,74449,74456,74462]",,,,,,,,,,,,,,,,,,,,,,,,,0,0.0,false,,,,,,,,,,
21,sset_21/tracknet-stride-8,detected_ckn_opencv_consensus,299,74466,74506,40,"[74468,74472,74476,74480,74484,74488,74492,74496,74500,74504]",,,,,,,,,,,,,,,,,,,,,,,,,0,0.0,false,,,,,,,,,,
21,sset_21/tracknet-stride-8,detected_ckn_opencv_consensus,300,74506,74623,117,"[74511,74523,74535,74546,74558,74570,74582,74593,74605,74617]",,,,,,,,,,,,,,,,,,,,,,,,,0,0.0,false,,,,,,,,,,
21,sset_21/tracknet-stride-8,detected_ckn_opencv_consensus,301,74623,75079,456,"[74645,74691,74737,74782,74828,74873,74919,74965,75010,75056]",,,,,,,,,,,,,,,,,,,,,,,,,0,0.0,false,,,,,,,,,,
21,sset_21/tracknet-stride-8,detected_ckn_opencv_consensus,302,75079,75097,18,"[75079,75081,75083,75085,75087,75088,75090,75092,75094,75096]",,,,,,,,,,,,,,,,,,,,,,,,,0,0.0,false,,,,,,,,,,
21,sset_21/tracknet-stride-8,detected_ckn_opencv_consensus,303,75097,75139,42,"[75099,75103,75107,75111,75115,75120,75124,75128,75132,75136]",,,,,,,,,,,,,,,,,,,,,,,,,0,0.0,false,,,,,,,,,,
21,sset_21/tracknet-stride-8,detected_ckn_opencv_consensus,304,75139,75232,93,"[75143,75152,75162,75171,75180,75190,75199,75208,75218,75227]",,,,,,,,,,,,,,,,,,,,,,,,,0,0.0,false,,,,,,,,,,
21,sset_21/tracknet-stride-8,detected_ckn_opencv_consensus,305,75232,75324,92,"[75236,75245,75255,75264,75273,75282,75291,75301,75310,75319]",,,,,,,,,,,,,,,,,,,,,,,,,0,0.0,false,,,,,,,,,,
21,sset_21/tracknet-stride-8,detected_ckn_opencv_consensus,306,75324,75539,215,"[75334,75356,75377,75399,75420,75442,75463,75485,75506,75528]",,,,,,,,,,,,,,,,,,,,,,,,,0,0.0,false,,,,,,,,,,
21,sset_21/tracknet-stride-8,detected_ckn_opencv_consensus,307,75539,75975,436,"[75560,75604,75648,75691,75735,75778,75822,75866,75909,75953]",fallback,165.08865356445312,123.03234100341797,344.5940856933594,123.33917999267578,393.3035888671875,262.1390686035156,117.41024780273438,263.28924560546875,0.017202571034431458,0.013057386502623558,0.21602310240268707,0.180801659822464,fallback,fallback,model,model,5.452741166128419,6.18865886207246e-06,0.009282179317713902,1.053492904646759e-08,13,44,13.780538634644643,409,0.9380733944954128,true,0.6927112216130372,false,165.08865356445312,123.03234100341797,344.5940856933594,123.33917999267578,393.3035888671875,262.1390686035156,117.41024780273438,263.28924560546875
21,sset_21/tracknet-stride-8,detected_ckn_opencv_consensus,308,75975,76199,224,"[75986,76008,76031,76053,76075,76098,76120,76143,76165,76187]",,,,,,,,,,,,,,,,,,,,,,,,,0,0.0,false,,,,,,,,,,
21,sset_21/tracknet-stride-8,detected_ckn_opencv_consensus,309,76199,76637,438,"[76220,76264,76308,76352,76396,76439,76483,76527,76571,76615]",,,,,,,,,,,,,,,,,,,,,,,,,0,0.0,false,,,,,,,,,,
21,sset_21/tracknet-stride-8,detected_ckn_opencv_consensus,310,76637,76697,60,"[76640,76646,76652,76658,76664,76670,76676,76682,76688,76694]",,,,,,,,,,,,,,,,,,,,,,,,,0,0.0,false,,,,,,,,,,
21,sset_21/tracknet-stride-8,detected_ckn_opencv_consensus,311,76697,76806,109,"[76702,76713,76724,76735,76746,76756,76767,76778,76789,76800]",,,,,,,,,,,,,,,,,,,,,,,,,0,0.0,false,,,,,,,,,,
21,sset_21/tracknet-stride-8,detected_ckn_opencv_consensus,312,76806,77301,495,"[76830,76880,76929,76979,77028,77078,77127,77177,77226,77276]",,,,,,,,,,,,,,,,,,,,,,,,,0,0.0,false,,,,,,,,,,
21,sset_21/tracknet-stride-8,detected_ckn_opencv_consensus,313,77301,78063,762,"[77339,77415,77491,77567,77643,77720,77796,77872,77948,78024]",fallback,165.13714599609375,122.98408508300781,344.3562927246094,122.1739730834961,393.3053894042969,262.11785888671875,117.4078598022461,263.32989501953125,0.01634383760392666,0.011590616777539253,0.21621061861515045,0.17901796102523804,fallback,fallback,model,model,3.0375666608120326,4.5908286182168095e-06,0.005170837488181389,7.814949060095836e-09,12,38,13.107950136713043,741,0.9724409448818898,true,0.5185181531679969,false,165.13714599609375,122.98408508300781,344.3562927246094,122.1739730834961,393.3053894042969,262.11785888671875,117.4078598022461,263.32989501953125
21,sset_21/tracknet-stride-8,detected_ckn_opencv_consensus,314,78063,78264,201,"[78073,78093,78113,78133,78153,78173,78193,78213,78233,78253]",,,,,,,,,,,,,,,,,,,,,,,,,0,0.0,false,,,,,,,,,,
21,sset_21/tracknet-stride-8,detected_ckn_opencv_consensus,315,78264,78768,504,"[78289,78339,78390,78440,78490,78541,78591,78642,78692,78742]",,,,,,,,,,,,,,,,,,,,,,,,,0,0.0,false,,,,,,,,,,
21,sset_21/tracknet-stride-8,detected_ckn_opencv_consensus,316,78768,78888,120,"[78774,78786,78798,78810,78822,78834,78846,78858,78870,78882]",,,,,,,,,,,,,,,,,,,,,,,,,0,0.0,false,,,,,,,,,,
21,sset_21/tracknet-stride-8,detected_ckn_opencv_consensus,317,78888,79263,375,"[78906,78944,78981,79019,79056,79094,79131,79169,79206,79244]",,,,,,,,,,,,,,,,,,,,,,,,,0,0.0,false,,,,,,,,,,
21,sset_21/tracknet-stride-8,detected_ckn_opencv_consensus,318,79263,79750,487,"[79287,79336,79384,79433,79482,79530,79579,79628,79676,79725]",fallback,164.80079650878906,123.27789306640625,344.3095397949219,122.40547180175781,393.2879638671875,262.1293640136719,117.40293884277344,263.33941650390625,0.013997795060276985,0.012637481093406677,0.2153555452823639,0.1793096661567688,fallback,fallback,model,model,3.4172151657302265,3.013368290669292e-06,0.005817111608479449,5.129644700183932e-09,12,38,13.563560850794886,475,0.9753593429158111,true,0.3187946068977536,false,164.80079650878906,123.27789306640625,344.3095397949219,122.40547180175781,393.2879638671875,262.1293640136719,117.40293884277344,263.33941650390625
21,sset_21/tracknet-stride-8,detected_ckn_opencv_consensus,319,79750,79947,197,"[79759,79779,79799,79818,79838,79858,79878,79897,79917,79937]",,,,,,,,,,,,,,,,,,,,,,,,,0,0.0,false,,,,,,,,,,
21,sset_21/tracknet-stride-8,detected_ckn_opencv_consensus,320,79947,80166,219,"[79957,79979,80001,80023,80045,80067,80089,80111,80133,80155]",,,,,,,,,,,,,,,,,,,,,,,,,0,0.0,false,,,,,,,,,,
21,sset_21/tracknet-stride-8,detected_ckn_opencv_consensus,321,80166,80824,658,"[80198,80264,80330,80396,80462,80527,80593,80659,80725,80791]",fallback,164.77456665039062,123.25430297851562,344.4959411621094,122.8864974975586,393.2881164550781,262.1225280761719,117.4228515625,263.305419921875,0.017771724611520767,0.010271891951560974,0.22368207573890686,0.17507974803447723,fallback,fallback,model,model,4.1549798941633185,5.322067471013365e-06,0.007073005533197455,9.059734013010869e-09,13,44,13.380478628771243,573,0.8708206686930091,true,0.31930360982229256,false,164.77456665039062,123.25430297851562,344.4959411621094,122.8864974975586,393.2881164550781,262.1225280761719,117.4228515625,263.305419921875
21,sset_21/tracknet-stride-8,detected_ckn_opencv_consensus,322,80824,80993,169,"[80832,80849,80866,80883,80900,80916,80933,80950,80967,80984]",,,,,,,,,,,,,,,,,,,,,,,,,0,0.0,false,,,,,,,,,,
21,sset_21/tracknet-stride-8,detected_ckn_opencv_consensus,323,80993,81096,103,"[80998,81008,81018,81029,81039,81049,81059,81070,81080,81090]",,,,,,,,,,,,,,,,,,,,,,,,,0,0.0,false,,,,,,,,,,
21,sset_21/tracknet-stride-8,detected_ckn_opencv_consensus,324,81096,81471,375,"[81114,81152,81189,81227,81264,81302,81339,81377,81414,81452]",,,,,,,,,,,,,,,,,,,,,,,,,0,0.0,false,,,,,,,,,,
21,sset_21/tracknet-stride-8,detected_ckn_opencv_consensus,325,81471,82690,1219,"[81531,81653,81775,81897,82019,82141,82263,82385,82507,82629]",,,,,,,,,,,,,,,,,,,,,,,,,0,0.0,false,,,,,,,,,,
21,sset_21/tracknet-stride-8,detected_ckn_opencv_consensus,326,82690,83034,344,"[82707,82741,82776,82810,82844,82879,82913,82948,82982,83016]",fallback,164.9427032470703,122.99337005615234,344.01336669921875,122.44200134277344,393.325439453125,262.11834716796875,117.4133071899414,263.32904052734375,0.016387319192290306,0.013311497867107391,0.21491575241088867,0.19346269965171814,fallback,fallback,model,model,3.303915904372886,7.744494582403892e-06,0.005624242732359647,1.3183421924642253e-08,12,38,11.427296982914214,342,0.9941860465116279,true,0.41639614003768266,false,164.9427032470703,122.99337005615234,344.01336669921875,122.44200134277344,393.325439453125,262.11834716796875,117.4133071899414,263.32904052734375
21,sset_21/tracknet-stride-8,detected_ckn_opencv_consensus,327,83034,83083,49,"[83036,83041,83046,83051,83056,83060,83065,83070,83075,83080]",,,,,,,,,,,,,,,,,,,,,,,,,0,0.0,false,,,,,,,,,,
21,sset_21/tracknet-stride-8,detected_ckn_opencv_consensus,328,83083,83247,164,"[83091,83107,83124,83140,83156,83173,83189,83206,83222,83238]",,,,,,,,,,,,,,,,,,,,,,,,,0,0.0,false,,,,,,,,,,
21,sset_21/tracknet-stride-8,detected_ckn_opencv_consensus,329,83247,83513,266,"[83260,83286,83313,83340,83366,83393,83419,83446,83473,83499]",,,,,,,,,,,,,,,,,,,,,,,,,0,0.0,false,,,,,,,,,,
21,sset_21/tracknet-stride-8,detected_ckn_opencv_consensus,330,83513,84299,786,"[83552,83630,83709,83788,83866,83945,84023,84102,84181,84259]",fallback,165.69822692871094,121.69744110107422,343.6951599121094,121.58673858642578,393.29510498046875,262.1167297363281,117.40687561035156,263.30279541015625,0.01810094155371189,0.011053169146180153,0.21850675344467163,0.18344104290008545,fallback,fallback,model,model,2.60595912510594,3.2001166689835294,0.004436113719118809,0.005447545712169029,12,38,13.940901083087965,774,0.9847328244274809,true,1.5045808508349148,false,165.69822692871094,121.69744110107422,343.6951599121094,121.58673858642578,393.29510498046875,262.1167297363281,117.40687561035156,263.30279541015625
21,sset_21/tracknet-stride-8,detected_ckn_opencv_consensus,331,84299,84414,115,"[84304,84316,84327,84339,84350,84362,84373,84385,84396,84408]",,,,,,,,,,,,,,,,,,,,,,,,,0,0.0,false,,,,,,,,,,
21,sset_21/tracknet-stride-8,detected_ckn_opencv_consensus,332,84414,84647,233,"[84425,84448,84472,84495,84518,84542,84565,84588,84612,84635]",model,131.41796875,91.80889892578125,280.72418212890625,56.648658752441406,240.5240936279297,135.9263153076172,112.02716064453125,149.5185089111328,0.06191527098417282,0.02175314910709858,0.020227918401360512,0.12044059485197067,model,model,model,model,,,,,,,,0,0.0,false,,,,,,,,,,
21,sset_21/tracknet-stride-8,detected_ckn_opencv_consensus,333,84647,85132,485,"[84671,84719,84768,84816,84865,84913,84962,85010,85059,85107]",fallback,165.82626342773438,122.06605529785156,343.39007568359375,121.96527099609375,393.3102111816406,262.1070556640625,117.39889526367188,263.3315734863281,0.016626233235001564,0.011921580880880356,0.2134578973054886,0.18042156100273132,fallback,fallback,model,model,2.569801222820047,3.8975720359144326,0.00437456226773966,0.006634821173210439,13,44,13.11618899827721,446,0.9195876288659793,true,1.2687210802060305,false,165.82626342773438,122.06605529785156,343.39007568359375,121.96527099609375,393.3102111816406,262.1070556640625,117.39889526367188,263.3315734863281
21,sset_21/tracknet-stride-8,detected_ckn_opencv_consensus,334,85132,85342,210,"[85142,85163,85184,85205,85226,85247,85268,85289,85310,85331]",,,,,,,,,,,,,,,,,,,,,,,,,0,0.0,false,,,,,,,,,,
21,sset_21/tracknet-stride-8,detected_ckn_opencv_consensus,335,85342,85391,49,"[85344,85349,85354,85359,85364,85368,85373,85378,85383,85388]",,,,,,,,,,,,,,,,,,,,,,,,,0,0.0,false,,,,,,,,,,
21,sset_21/tracknet-stride-8,detected_ckn_opencv_consensus,336,85391,85565,174,"[85399,85417,85434,85451,85469,85486,85504,85521,85538,85556]",,,,,,,,,,,,,,,,,,,,,,,,,0,0.0,false,,,,,,,,,,
21,sset_21/tracknet-stride-8,detected_ckn_opencv_consensus,337,85565,86028,463,"[85588,85634,85680,85727,85773,85819,85865,85912,85958,86004]",fallback,165.0070343017578,122.8848648071289,344.4216003417969,122.75537109375,393.30029296875,262.107177734375,117.41120910644531,263.3046875,0.015985189005732536,0.011755915358662605,0.2172064483165741,0.19139909744262695,fallback,fallback,model,model,3.171370149716296,5.817061053000099e-06,0.005398610628241685,9.902359593271205e-09,13,44,13.218141615669992,450,0.9719222462203023,true,0.1475052932634546,false,165.0070343017578,122.8848648071289,344.4216003417969,122.75537109375,393.30029296875,262.107177734375,117.41120910644531,263.3046875
21,sset_21/tracknet-stride-8,detected_ckn_opencv_consensus,338,86028,86113,85,"[86032,86040,86049,86057,86066,86074,86083,86091,86100,86108]",,,,,,,,,,,,,,,,,,,,,,,,,0,0.0,false,,,,,,,,,,
21,sset_21/tracknet-stride-8,detected_ckn_opencv_consensus,339,86113,86149,36,"[86114,86118,86122,86125,86129,86132,86136,86140,86143,86147]",,,,,,,,,,,,,,,,,,,,,,,,,0,0.0,false,,,,,,,,,,
21,sset_21/tracknet-stride-8,detected_ckn_opencv_consensus,340,86149,86268,119,"[86154,86166,86178,86190,86202,86214,86226,86238,86250,86262]",,,,,,,,,,,,,,,,,,,,,,,,,0,0.0,false,,,,,,,,,,
21,sset_21/tracknet-stride-8,detected_ckn_opencv_consensus,341,86268,86506,238,"[86279,86303,86327,86351,86375,86398,86422,86446,86470,86494]",,,,,,,,,,,,,,,,,,,,,,,,,0,0.0,false,,,,,,,,,,
21,sset_21/tracknet-stride-8,detected_ckn_opencv_consensus,342,86506,86542,36,"[86507,86511,86515,86518,86522,86525,86529,86533,86536,86540]",,,,,,,,,,,,,,,,,,,,,,,,,0,0.0,false,,,,,,,,,,
21,sset_21/tracknet-stride-8,detected_ckn_opencv_consensus,343,86542,86935,393,"[86561,86600,86640,86679,86718,86758,86797,86836,86876,86915]",fallback,164.867431640625,123.21674346923828,344.7052001953125,123.09416961669922,393.2909851074219,262.1049499511719,117.39154052734375,263.3302001953125,0.015713483095169067,0.012197648175060749,0.22436964511871338,0.18431991338729858,fallback,fallback,model,model,3.6423249500808765,3.919942315411696e-06,0.00620031508740017,6.672902009867575e-09,12,38,12.413048455085857,372,0.9465648854961832,true,0.5388891161103198,false,164.867431640625,123.21674346923828,344.7052001953125,123.09416961669922,393.2909851074219,262.1049499511719,117.39154052734375,263.3302001953125
21,sset_21/tracknet-stride-8,detected_ckn_opencv_consensus,344,86935,87046,111,"[86940,86951,86962,86973,86984,86996,87007,87018,87029,87040]",,,,,,,,,,,,,,,,,,,,,,,,,0,0.0,false,,,,,,,,,,
21,sset_21/tracknet-stride-8,detected_ckn_opencv_consensus,345,87046,87280,234,"[87057,87081,87104,87127,87151,87174,87198,87221,87244,87268]",,,,,,,,,,,,,,,,,,,,,,,,,0,0.0,false,,,,,,,,,,
21,sset_21/tracknet-stride-8,detected_ckn_opencv_consensus,346,87280,87358,78,"[87283,87291,87299,87307,87315,87322,87330,87338,87346,87354]",,,,,,,,,,,,,,,,,,,,,,,,,0,0.0,false,,,,,,,,,,
21,sset_21/tracknet-stride-8,detected_ckn_opencv_consensus,347,87358,87723,365,"[87376,87412,87449,87485,87522,87558,87595,87631,87668,87704]",,,,,,,,,,,,,,,,,,,,,,,,,0,0.0,false,,,,,,,,,,
21,sset_21/tracknet-stride-8,detected_ckn_opencv_consensus,348,87723,87976,253,"[87735,87760,87786,87811,87836,87862,87887,87912,87938,87963]",fallback,165.09788513183594,122.77623748779297,344.506103515625,122.356201171875,393.2734680175781,262.1129150390625,117.4033203125,263.2922668457031,0.016633128747344017,0.01275121234357357,0.22439375519752502,0.20034244656562805,fallback,fallback,model,model,4.491252322244193,2.7137903194714237e-06,0.007645440732659887,4.619674326829509e-09,12,38,13.499342456364616,242,0.9565217391304348,true,0.37233609003763835,false,165.09788513183594,122.77623748779297,344.506103515625,122.356201171875,393.2734680175781,262.1129150390625,117.4033203125,263.2922668457031
21,sset_21/tracknet-stride-8,detected_ckn_opencv_consensus,349,87976,88180,204,"[87986,88006,88027,88047,88067,88088,88108,88129,88149,88169]",,,,,,,,,,,,,,,,,,,,,,,,,0,0.0,false,,,,,,,,,,
21,sset_21/tracknet-stride-8,detected_ckn_opencv_consensus,350,88180,88210,30,"[88181,88184,88187,88190,88193,88196,88199,88202,88205,88208]",,,,,,,,,,,,,,,,,,,,,,,,,0,0.0,false,,,,,,,,,,
21,sset_21/tracknet-stride-8,detected_ckn_opencv_consensus,351,88210,88521,311,"[88225,88256,88287,88318,88349,88381,88412,88443,88474,88505]",,,,,,,,,,,,,,,,,,,,,,,,,0,0.0,false,,,,,,,,,,
21,sset_21/tracknet-stride-8,detected_ckn_opencv_consensus,352,88521,89148,627,"[88552,88615,88677,88740,88803,88865,88928,88991,89053,89116]",fallback,164.9841766357422,123.04530334472656,344.17041015625,122.61360168457031,393.2843933105469,262.098876953125,117.40464782714844,263.308837890625,0.016898177564144135,0.012582136318087578,0.22438374161720276,0.17828550934791565,fallback,fallback,model,model,4.226570488643944,3.930035205390616e-06,0.00719487391373948,6.690083095813896e-09,12,38,13.50676877407102,591,0.9425837320574163,true,0.19251965013779773,false,164.9841766357422,123.04530334472656,344.17041015625,122.61360168457031,393.2843933105469,262.098876953125,117.40464782714844,263.308837890625
21,sset_21/tracknet-stride-8,detected_ckn_opencv_consensus,353,89148,89303,155,"[89155,89171,89186,89202,89217,89233,89248,89264,89279,89295]",,,,,,,,,,,,,,,,,,,,,,,,,0,0.0,false,,,,,,,,,,
21,sset_21/tracknet-stride-8,detected_ckn_opencv_consensus,354,89303,89553,250,"[89315,89340,89365,89390,89415,89440,89465,89490,89515,89540]",,,,,,,,,,,,,,,,,,,,,,,,,0,0.0,false,,,,,,,,,,
21,sset_21/tracknet-stride-8,detected_ckn_opencv_consensus,355,89553,90211,658,"[89585,89651,89717,89783,89849,89914,89980,90046,90112,90178]",fallback,164.91465759277344,123.36524963378906,344.4888610839844,123.10124206542969,393.31024169921875,262.10589599609375,117.43299865722656,263.3338623046875,0.015925923362374306,0.011638481169939041,0.22420164942741394,0.18218567967414856,fallback,fallback,model,model,3.6023806599902173,7.064690246826633e-06,0.006132318083316528,1.20261937431572e-08,11,32,14.175490544129786,655,0.9954407294832827,true,0.43306943251355823,false,164.91465759277344,123.36524963378906,344.4888610839844,123.10124206542969,393.31024169921875,262.10589599609375,117.43299865722656,263.3338623046875
21,sset_21/tracknet-stride-8,detected_ckn_opencv_consensus,356,90211,90263,52,"[90213,90218,90224,90229,90234,90239,90244,90250,90255,90260]",,,,,,,,,,,,,,,,,,,,,,,,,0,0.0,false,,,,,,,,,,
21,sset_21/tracknet-stride-8,detected_ckn_opencv_consensus,357,90263,90297,34,"[90264,90268,90271,90274,90278,90281,90285,90288,90291,90295]",,,,,,,,,,,,,,,,,,,,,,,,,0,0.0,false,,,,,,,,,,
21,sset_21/tracknet-stride-8,detected_ckn_opencv_consensus,358,90297,90337,40,"[90299,90303,90307,90311,90315,90319,90323,90327,90331,90335]",,,,,,,,,,,,,,,,,,,,,,,,,0,0.0,false,,,,,,,,,,
21,sset_21/tracknet-stride-8,detected_ckn_opencv_consensus,359,90337,90501,164,"[90345,90361,90378,90394,90410,90427,90443,90460,90476,90492]",,,,,,,,,,,,,,,,,,,,,,,,,0,0.0,false,,,,,,,,,,
21,sset_21/tracknet-stride-8,detected_ckn_opencv_consensus,360,90501,90667,166,"[90509,90525,90542,90559,90575,90592,90608,90625,90642,90658]",,,,,,,,,,,,,,,,,,,,,,,,,0,0.0,false,,,,,,,,,,
21,sset_21/tracknet-stride-8,detected_ckn_opencv_consensus,361,90667,90780,113,"[90672,90683,90695,90706,90717,90729,90740,90751,90763,90774]",,,,,,,,,,,,,,,,,,,,,,,,,0,0.0,false,,,,,,,,,,
21,sset_21/tracknet-stride-8,detected_ckn_opencv_consensus,362,90780,90796,16,"[90780,90782,90784,90785,90787,90788,90790,90792,90793,90795]",,,,,,,,,,,,,,,,,,,,,,,,,0,0.0,false,,,,,,,,,,
21,sset_21/tracknet-stride-8,detected_ckn_opencv_consensus,363,90796,90827,31,"[90797,90800,90803,90806,90809,90813,90816,90819,90822,90825]",,,,,,,,,,,,,,,,,,,,,,,,,0,0.0,false,,,,,,,,,,
21,sset_21/tracknet-stride-8,detected_ckn_opencv_consensus,364,90827,90994,167,"[90835,90852,90868,90885,90902,90918,90935,90952,90968,90985]",fallback,165.0074462890625,122.99896240234375,344.6134338378906,122.96844482421875,393.3567810058594,262.14794921875,117.44953155517578,263.3240966796875,0.016138996928930283,0.012498757801949978,0.2176675945520401,0.1880001425743103,fallback,fallback,model,model,3.6146153882084633,9.86674446661068e-06,0.006153145211868071,1.67961193518689e-08,12,38,11.311486293417147,167,1.0,true,0.38430430508263697,false,165.0074462890625,122.99896240234375,344.6134338378906,122.96844482421875,393.3567810058594,262.14794921875,117.44953155517578,263.3240966796875
21,sset_21/tracknet-stride-8,detected_ckn_opencv_consensus,365,90994,91048,54,"[90996,91002,91007,91012,91018,91023,91029,91034,91039,91045]",,,,,,,,,,,,,,,,,,,,,,,,,0,0.0,false,,,,,,,,,,
21,sset_21/tracknet-stride-8,detected_ckn_opencv_consensus,366,91048,91066,18,"[91048,91050,91052,91054,91056,91057,91059,91061,91063,91065]",,,,,,,,,,,,,,,,,,,,,,,,,0,0.0,false,,,,,,,,,,
21,sset_21/tracknet-stride-8,detected_ckn_opencv_consensus,367,91066,91200,134,"[91072,91086,91099,91112,91126,91139,91153,91166,91179,91193]",fallback,89.0,16.0,358.4530029296875,16.0,324.1387634277344,129.0986328125,99.72555541992188,149.33212280273438,0.006033923476934433,0.004475755617022514,0.1681315153837204,0.0465853326022625,fallback,fallback,model,model,3.1631330740834436,2.8453105018043115e-06,0.0053845886875795,4.843560603312917e-09,5,8,14.502151833717107,0,0.0,false,,,,,,,,,,
21,sset_21/tracknet-stride-8,detected_ckn_opencv_consensus,368,91200,91534,334,"[91216,91250,91283,91316,91350,91383,91417,91450,91483,91517]",,,,,,,,,,,,,,,,,,,,,,,,,0,0.0,false,,,,,,,,,,
21,sset_21/tracknet-stride-8,detected_ckn_opencv_consensus,369,91534,91721,187,"[91543,91562,91580,91599,91618,91636,91655,91674,91692,91711]",fallback,164.90939331054688,123.38614654541016,344.3632507324219,122.81503295898438,393.2618408203125,262.1060485839844,117.4320068359375,263.25909423828125,0.018206804990768433,0.011515644378960133,0.22957837581634521,0.1978183388710022,fallback,fallback,model,model,3.5318690296940787,4.592049932321068e-06,0.006012286419158549,7.817028098174777e-09,12,38,13.443860817843046,183,0.9786096256684492,true,0.366263010137539,false,164.90939331054688,123.38614654541016,344.3632507324219,122.81503295898438,393.2618408203125,262.1060485839844,117.4320068359375,263.25909423828125
21,sset_21/tracknet-stride-8,detected_ckn_opencv_consensus,370,91721,91861,140,"[91728,91742,91756,91770,91784,91798,91812,91826,91840,91854]",,,,,,,,,,,,,,,,,,,,,,,,,0,0.0,false,,,,,,,,,,
21,sset_21/tracknet-stride-8,detected_ckn_opencv_consensus,371,91861,92602,741,"[91898,91972,92046,92120,92194,92268,92342,92416,92490,92564]",fallback,165.1155548095703,122.76228332519531,344.4644775390625,122.70868682861328,393.2986145019531,262.10479736328125,117.48039245605469,263.325927734375,0.01641148328781128,0.013418407179415226,0.22574196755886078,0.18382063508033752,fallback,fallback,model,model,2.9805553814410928,5.661564763602057e-06,0.005073787417009739,9.637658886331805e-09,12,38,14.208806692997484,467,0.6302294197031039,true,0.2921511519782288,false,165.1155548095703,122.76228332519531,344.4644775390625,122.70868682861328,393.2986145019531,262.10479736328125,117.48039245605469,263.325927734375
21,sset_21/tracknet-stride-8,detected_ckn_opencv_consensus,372,92602,92687,85,"[92606,92614,92623,92631,92640,92648,92657,92665,92674,92682]",,,,,,,,,,,,,,,,,,,,,,,,,0,0.0,false,,,,,,,,,,
21,sset_21/tracknet-stride-8,detected_ckn_opencv_consensus,373,92687,92704,17,"[92687,92689,92691,92692,92694,92696,92698,92699,92701,92703]",,,,,,,,,,,,,,,,,,,,,,,,,0,0.0,false,,,,,,,,,,
21,sset_21/tracknet-stride-8,detected_ckn_opencv_consensus,374,92704,92981,277,"[92717,92745,92773,92800,92828,92856,92884,92911,92939,92967]",,,,,,,,,,,,,,,,,,,,,,,,,0,0.0,false,,,,,,,,,,
21,sset_21/tracknet-stride-8,detected_ckn_opencv_consensus,375,92981,93306,325,"[92997,93029,93062,93094,93127,93159,93192,93224,93257,93289]",fallback,164.64559936523438,123.64410400390625,343.7165222167969,122.45565032958984,393.27349853515625,262.1098327636719,117.45597839355469,263.35540771484375,0.017315421253442764,0.010684512555599213,0.218339741230011,0.18554164469242096,fallback,fallback,model,model,5.389204082276166,2.898671926813215e-06,0.009174020395866529,4.9343975421095315e-09,13,44,13.602590778706201,321,0.9876923076923076,true,0.7090698007557378,false,164.64559936523438,123.64410400390625,343.7165222167969,122.45565032958984,393.27349853515625,262.1098327636719,117.45597839355469,263.35540771484375
21,sset_21/tracknet-stride-8,detected_ckn_opencv_consensus,376,93306,93371,65,"[93309,93315,93322,93328,93335,93341,93348,93354,93361,93367]",,,,,,,,,,,,,,,,,,,,,,,,,0,0.0,false,,,,,,,,,,
21,sset_21/tracknet-stride-8,detected_ckn_opencv_consensus,377,93371,93406,35,"[93372,93376,93379,93383,93386,93390,93393,93397,93400,93404]",,,,,,,,,,,,,,,,,,,,,,,,,0,0.0,false,,,,,,,,,,
21,sset_21/tracknet-stride-8,detected_ckn_opencv_consensus,378,93406,93581,175,"[93414,93432,93449,93467,93484,93502,93519,93537,93554,93572]",,,,,,,,,,,,,,,,,,,,,,,,,0,0.0,false,,,,,,,,,,
21,sset_21/tracknet-stride-8,detected_ckn_opencv_consensus,379,93581,93669,88,"[93585,93594,93603,93611,93620,93629,93638,93647,93655,93664]",,,,,,,,,,,,,,,,,,,,,,,,,0,0.0,false,,,,,,,,,,
21,sset_21/tracknet-stride-8,detected_ckn_opencv_consensus,380,93669,93802,133,"[93675,93688,93702,93715,93728,93742,93755,93768,93782,93795]",,,,,,,,,,,,,,,,,,,,,,,,,0,0.0,false,,,,,,,,,,
21,sset_21/tracknet-stride-8,detected_ckn_opencv_consensus,381,93802,94023,221,"[93813,93835,93857,93879,93901,93923,93945,93967,93989,94011]",,,,,,,,,,,,,,,,,,,,,,,,,0,0.0,false,,,,,,,,,,
21,sset_21/tracknet-stride-8,detected_ckn_opencv_consensus,382,94023,94173,150,"[94030,94045,94060,94075,94090,94105,94120,94135,94150,94165]",,,,,,,,,,,,,,,,,,,,,,,,,0,0.0,false,,,,,,,,,,
21,sset_21/tracknet-stride-8,detected_ckn_opencv_consensus,383,94173,94554,381,"[94192,94230,94268,94306,94344,94382,94420,94458,94496,94534]",,,,,,,,,,,,,,,,,,,,,,,,,0,0.0,false,,,,,,,,,,
21,sset_21/tracknet-stride-8,detected_ckn_opencv_consensus,384,94554,94879,325,"[94570,94602,94635,94667,94700,94732,94765,94797,94830,94862]",,,,,,,,,,,,,,,,,,,,,,,,,0,0.0,false,,,,,,,,,,
21,sset_21/tracknet-stride-8,detected_ckn_opencv_consensus,385,94879,94942,63,"[94882,94888,94894,94901,94907,94913,94919,94926,94932,94938]",,,,,,,,,,,,,,,,,,,,,,,,,0,0.0,false,,,,,,,,,,
21,sset_21/tracknet-stride-8,detected_ckn_opencv_consensus,386,94942,95007,65,"[94945,94951,94958,94964,94971,94977,94984,94990,94997,95003]",,,,,,,,,,,,,,,,,,,,,,,,,0,0.0,false,,,,,,,,,,
21,sset_21/tracknet-stride-8,detected_ckn_opencv_consensus,387,95007,95033,26,"[95008,95010,95013,95016,95018,95021,95023,95026,95029,95031]",,,,,,,,,,,,,,,,,,,,,,,,,0,0.0,false,,,,,,,,,,
21,sset_21/tracknet-stride-8,detected_ckn_opencv_consensus,388,95033,95175,142,"[95040,95054,95068,95082,95096,95111,95125,95139,95153,95167]",,,,,,,,,,,,,,,,,,,,,,,,,0,0.0,false,,,,,,,,,,
21,sset_21/tracknet-stride-8,detected_ckn_opencv_consensus,389,95175,95239,64,"[95178,95184,95191,95197,95203,95210,95216,95223,95229,95235]",,,,,,,,,,,,,,,,,,,,,,,,,0,0.0,false,,,,,,,,,,
21,sset_21/tracknet-stride-8,detected_ckn_opencv_consensus,390,95239,95259,20,"[95240,95242,95244,95246,95248,95250,95252,95254,95256,95258]",,,,,,,,,,,,,,,,,,,,,,,,,0,0.0,false,,,,,,,,,,
21,sset_21/tracknet-stride-8,detected_ckn_opencv_consensus,391,95259,95317,58,"[95261,95267,95273,95279,95285,95290,95296,95302,95308,95314]",,,,,,,,,,,,,,,,,,,,,,,,,0,0.0,false,,,,,,,,,,
21,sset_21/tracknet-stride-8,detected_ckn_opencv_consensus,392,95317,95387,70,"[95320,95327,95334,95341,95348,95355,95362,95369,95376,95383]",,,,,,,,,,,,,,,,,,,,,,,,,0,0.0,false,,,,,,,,,,
21,sset_21/tracknet-stride-8,detected_ckn_opencv_consensus,393,95387,95423,36,"[95388,95392,95396,95399,95403,95406,95410,95414,95417,95421]",,,,,,,,,,,,,,,,,,,,,,,,,0,0.0,false,,,,,,,,,,
21,sset_21/tracknet-stride-8,detected_ckn_opencv_consensus,394,95423,95442,19,"[95423,95425,95427,95429,95431,95433,95435,95437,95439,95441]",,,,,,,,,,,,,,,,,,,,,,,,,0,0.0,false,,,,,,,,,,
21,sset_21/tracknet-stride-8,detected_ckn_opencv_consensus,395,95442,95507,65,"[95445,95451,95458,95464,95471,95477,95484,95490,95497,95503]",,,,,,,,,,,,,,,,,,,,,,,,,0,0.0,false,,,,,,,,,,
21,sset_21/tracknet-stride-8,detected_ckn_opencv_consensus,396,95507,95524,17,"[95507,95509,95511,95512,95514,95516,95518,95519,95521,95523]",,,,,,,,,,,,,,,,,,,,,,,,,0,0.0,false,,,,,,,,,,
21,sset_21/tracknet-stride-8,detected_ckn_opencv_consensus,397,95524,95584,60,"[95527,95533,95539,95545,95551,95557,95563,95569,95575,95581]",,,,,,,,,,,,,,,,,,,,,,,,,0,0.0,false,,,,,,,,,,
21,sset_21/tracknet-stride-8,detected_ckn_opencv_consensus,398,95584,95601,17,"[95584,95586,95588,95589,95591,95593,95595,95596,95598,95600]",,,,,,,,,,,,,,,,,,,,,,,,,0,0.0,false,,,,,,,,,,
21,sset_21/tracknet-stride-8,detected_ckn_opencv_consensus,399,95601,95668,67,"[95604,95611,95617,95624,95631,95637,95644,95651,95657,95664]",,,,,,,,,,,,,,,,,,,,,,,,,0,0.0,false,,,,,,,,,,
21,sset_21/tracknet-stride-8,detected_ckn_opencv_consensus,400,95668,95727,59,"[95670,95676,95682,95688,95694,95700,95706,95712,95718,95724]",,,,,,,,,,,,,,,,,,,,,,,,,0,0.0,false,,,,,,,,,,
21,sset_21/tracknet-stride-8,detected_ckn_opencv_consensus,401,95727,95892,165,"[95735,95751,95768,95784,95801,95817,95834,95850,95867,95883]",,,,,,,,,,,,,,,,,,,,,,,,,0,0.0,false,,,,,,,,,,
21,sset_21/tracknet-stride-8,detected_ckn_opencv_consensus,402,95892,95947,55,"[95894,95900,95905,95911,95916,95922,95927,95933,95938,95944]",,,,,,,,,,,,,,,,,,,,,,,,,0,0.0,false,,,,,,,,,,
21,sset_21/tracknet-stride-8,detected_ckn_opencv_consensus,403,95947,95979,32,"[95948,95951,95955,95958,95961,95964,95967,95971,95974,95977]",,,,,,,,,,,,,,,,,,,,,,,,,0,0.0,false,,,,,,,,,,
21,sset_21/tracknet-stride-8,detected_ckn_opencv_consensus,404,95979,96036,57,"[95981,95987,95993,95998,96004,96010,96016,96021,96027,96033]",,,,,,,,,,,,,,,,,,,,,,,,,0,0.0,false,,,,,,,,,,
21,sset_21/tracknet-stride-8,detected_ckn_opencv_consensus,405,96036,96065,29,"[96037,96040,96043,96046,96049,96051,96054,96057,96060,96063]",,,,,,,,,,,,,,,,,,,,,,,,,0,0.0,false,,,,,,,,,,
21,sset_21/tracknet-stride-8,detected_ckn_opencv_consensus,406,96065,96171,106,"[96070,96080,96091,96102,96112,96123,96133,96144,96155,96165]",,,,,,,,,,,,,,,,,,,,,,,,,0,0.0,false,,,,,,,,,,
21,sset_21/tracknet-stride-8,detected_ckn_opencv_consensus,407,96171,96209,38,"[96172,96176,96180,96184,96188,96191,96195,96199,96203,96207]",,,,,,,,,,,,,,,,,,,,,,,,,0,0.0,false,,,,,,,,,,
21,sset_21/tracknet-stride-8,detected_ckn_opencv_consensus,408,96209,96234,25,"[96210,96212,96215,96217,96220,96222,96225,96227,96230,96232]",,,,,,,,,,,,,,,,,,,,,,,,,0,0.0,false,,,,,,,,,,
21,sset_21/tracknet-stride-8,detected_ckn_opencv_consensus,409,96234,96252,18,"[96234,96236,96238,96240,96242,96243,96245,96247,96249,96251]",,,,,,,,,,,,,,,,,,,,,,,,,0,0.0,false,,,,,,,,,,
21,sset_21/tracknet-stride-8,detected_ckn_opencv_consensus,410,96252,96269,17,"[96252,96254,96256,96257,96259,96261,96263,96264,96266,96268]",,,,,,,,,,,,,,,,,,,,,,,,,0,0.0,false,,,,,,,,,,
21,sset_21/tracknet-stride-8,detected_ckn_opencv_consensus,411,96269,96441,172,"[96277,96294,96312,96329,96346,96363,96380,96398,96415,96432]",,,,,,,,,,,,,,,,,,,,,,,,,0,0.0,false,,,,,,,,,,
21,sset_21/tracknet-stride-8,detected_ckn_opencv_consensus,412,96441,96687,246,"[96453,96477,96502,96527,96551,96576,96600,96625,96650,96674]",,,,,,,,,,,,,,,,,,,,,,,,,0,0.0,false,,,,,,,,,,
21,sset_21/tracknet-stride-8,detected_ckn_opencv_consensus,413,96687,96736,49,"[96689,96694,96699,96704,96709,96713,96718,96723,96728,96733]",,,,,,,,,,,,,,,,,,,,,,,,,0,0.0,false,,,,,,,,,,
21,sset_21/tracknet-stride-8,detected_ckn_opencv_consensus,414,96736,96755,19,"[96736,96738,96740,96742,96744,96746,96748,96750,96752,96754]",,,,,,,,,,,,,,,,,,,,,,,,,0,0.0,false,,,,,,,,,,
21,sset_21/tracknet-stride-8,detected_ckn_opencv_consensus,415,96755,96967,212,"[96765,96786,96808,96829,96850,96871,96892,96914,96935,96956]",,,,,,,,,,,,,,,,,,,,,,,,,0,0.0,false,,,,,,,,,,
21,sset_21/tracknet-stride-8,detected_ckn_opencv_consensus,416,96967,96996,29,"[96968,96971,96974,96977,96980,96982,96985,96988,96991,96994]",,,,,,,,,,,,,,,,,,,,,,,,,0,0.0,false,,,,,,,,,,
21,sset_21/tracknet-stride-8,detected_ckn_opencv_consensus,417,96996,97021,25,"[96997,96999,97002,97004,97007,97009,97012,97014,97017,97019]",,,,,,,,,,,,,,,,,,,,,,,,,0,0.0,false,,,,,,,,,,
21,sset_21/tracknet-stride-8,detected_ckn_opencv_consensus,418,97021,97044,23,"[97022,97024,97026,97029,97031,97033,97035,97038,97040,97042]",,,,,,,,,,,,,,,,,,,,,,,,,0,0.0,false,,,,,,,,,,
21,sset_21/tracknet-stride-8,detected_ckn_opencv_consensus,419,97044,97141,97,"[97048,97058,97068,97077,97087,97097,97107,97116,97126,97136]",,,,,,,,,,,,,,,,,,,,,,,,,0,0.0,false,,,,,,,,,,
21,sset_21/tracknet-stride-8,detected_ckn_opencv_consensus,420,97141,97181,40,"[97143,97147,97151,97155,97159,97163,97167,97171,97175,97179]",,,,,,,,,,,,,,,,,,,,,,,,,0,0.0,false,,,,,,,,,,
21,sset_21/tracknet-stride-8,detected_ckn_opencv_consensus,421,97181,97235,54,"[97183,97189,97194,97199,97205,97210,97216,97221,97226,97232]",,,,,,,,,,,,,,,,,,,,,,,,,0,0.0,false,,,,,,,,,,
21,sset_21/tracknet-stride-8,detected_ckn_opencv_consensus,422,97235,97260,25,"[97236,97238,97241,97243,97246,97248,97251,97253,97256,97258]",,,,,,,,,,,,,,,,,,,,,,,,,0,0.0,false,,,,,,,,,,
21,sset_21/tracknet-stride-8,detected_ckn_opencv_consensus,423,97260,97313,53,"[97262,97267,97273,97278,97283,97289,97294,97299,97305,97310]",,,,,,,,,,,,,,,,,,,,,,,,,0,0.0,false,,,,,,,,,,
21,sset_21/tracknet-stride-8,detected_ckn_opencv_consensus,424,97313,97345,32,"[97314,97317,97321,97324,97327,97330,97333,97337,97340,97343]",,,,,,,,,,,,,,,,,,,,,,,,,0,0.0,false,,,,,,,,,,
21,sset_21/tracknet-stride-8,detected_ckn_opencv_consensus,425,97345,97365,20,"[97346,97348,97350,97352,97354,97356,97358,97360,97362,97364]",model,204.95193481445312,135.68112182617188,271.9195251464844,125.19096374511719,424.2069396972656,242.278076171875,116.35145568847656,259.1007385253906,0.0549076572060585,0.05143117904663086,0.2259984165430069,0.05445369705557823,model,model,model,model,,,,,,,,3,0.15,false,,,,,,,,,,
21,sset_21/tracknet-stride-8,detected_ckn_opencv_consensus,426,97365,97396,31,"[97366,97369,97372,97375,97378,97382,97385,97388,97391,97394]",,,,,,,,,,,,,,,,,,,,,,,,,0,0.0,false,,,,,,,,,,
21,sset_21/tracknet-stride-8,detected_ckn_opencv_consensus,427,97396,97444,48,"[97398,97403,97408,97412,97417,97422,97427,97432,97436,97441]",,,,,,,,,,,,,,,,,,,,,,,,,0,0.0,false,,,,,,,,,,
21,sset_21/tracknet-stride-8,detected_ckn_opencv_consensus,428,97444,97482,38,"[97445,97449,97453,97457,97461,97464,97468,97472,97476,97480]",,,,,,,,,,,,,,,,,,,,,,,,,0,0.0,false,,,,,,,,,,
21,sset_21/tracknet-stride-8,detected_ckn_opencv_consensus,429,97482,97499,17,"[97482,97484,97486,97487,97489,97491,97493,97494,97496,97498]",,,,,,,,,,,,,,,,,,,,,,,,,0,0.0,false,,,,,,,,,,
21,sset_21/tracknet-stride-8,detected_ckn_opencv_consensus,430,97499,98052,553,"[97526,97581,97637,97692,97747,97803,97858,97913,97969,98024]",,,,,,,,,,,,,,,,,,,,,,,,,0,0.0,false,,,,,,,,,,
21,sset_21/tracknet-stride-8,detected_ckn_opencv_consensus,431,98052,98134,82,"[98056,98064,98072,98080,98088,98097,98105,98113,98121,98129]",,,,,,,,,,,,,,,,,,,,,,,,,0,0.0,false,,,,,,,,,,
21,sset_21/tracknet-stride-8,detected_ckn_opencv_consensus,432,98134,98176,42,"[98136,98140,98144,98148,98152,98157,98161,98165,98169,98173]",,,,,,,,,,,,,,,,,,,,,,,,,0,0.0,false,,,,,,,,,,
21,sset_21/tracknet-stride-8,detected_ckn_opencv_consensus,433,98176,98238,62,"[98179,98185,98191,98197,98203,98210,98216,98222,98228,98234]",,,,,,,,,,,,,,,,,,,,,,,,,0,0.0,false,,,,,,,,,,
21,sset_21/tracknet-stride-8,detected_ckn_opencv_consensus,434,98238,98262,24,"[98239,98241,98244,98246,98248,98251,98253,98256,98258,98260]",,,,,,,,,,,,,,,,,,,,,,,,,0,0.0,false,,,,,,,,,,
21,sset_21/tracknet-stride-8,detected_ckn_opencv_consensus,435,98262,98323,61,"[98265,98271,98277,98283,98289,98295,98301,98307,98313,98319]",,,,,,,,,,,,,,,,,,,,,,,,,0,0.0,false,,,,,,,,,,
21,sset_21/tracknet-stride-8,detected_ckn_opencv_consensus,436,98323,98339,16,"[98323,98325,98327,98328,98330,98331,98333,98335,98336,98338]",,,,,,,,,,,,,,,,,,,,,,,,,0,0.0,false,,,,,,,,,,
21,sset_21/tracknet-stride-8,detected_ckn_opencv_consensus,437,98339,98412,73,"[98342,98349,98357,98364,98371,98379,98386,98393,98401,98408]",,,,,,,,,,,,,,,,,,,,,,,,,0,0.0,false,,,,,,,,,,
21,sset_21/tracknet-stride-8,detected_ckn_opencv_consensus,438,98412,98449,37,"[98413,98417,98421,98424,98428,98432,98436,98439,98443,98447]",,,,,,,,,,,,,,,,,,,,,,,,,0,0.0,false,,,,,,,,,,
21,sset_21/tracknet-stride-8,detected_ckn_opencv_consensus,439,98449,98476,27,"[98450,98453,98455,98458,98461,98463,98466,98469,98471,98474]",,,,,,,,,,,,,,,,,,,,,,,,,0,0.0,false,,,,,,,,,,
21,sset_21/tracknet-stride-8,detected_ckn_opencv_consensus,440,98476,98494,18,"[98476,98478,98480,98482,98484,98485,98487,98489,98491,98493]",,,,,,,,,,,,,,,,,,,,,,,,,0,0.0,false,,,,,,,,,,
21,sset_21/tracknet-stride-8,detected_ckn_opencv_consensus,441,98494,98532,38,"[98495,98499,98503,98507,98511,98514,98518,98522,98526,98530]",,,,,,,,,,,,,,,,,,,,,,,,,0,0.0,false,,,,,,,,,,
21,sset_21/tracknet-stride-8,detected_ckn_opencv_consensus,442,98532,98560,28,"[98533,98536,98539,98541,98544,98547,98550,98553,98555,98558]",,,,,,,,,,,,,,,,,,,,,,,,,0,0.0,false,,,,,,,,,,
21,sset_21/tracknet-stride-8,detected_ckn_opencv_consensus,443,98560,98603,43,"[98562,98566,98570,98575,98579,98583,98587,98592,98596,98600]",,,,,,,,,,,,,,,,,,,,,,,,,0,0.0,false,,,,,,,,,,
21,sset_21/tracknet-stride-8,detected_ckn_opencv_consensus,444,98603,98658,55,"[98605,98611,98616,98622,98627,98633,98638,98644,98649,98655]",,,,,,,,,,,,,,,,,,,,,,,,,0,0.0,false,,,,,,,,,,
21,sset_21/tracknet-stride-8,detected_ckn_opencv_consensus,445,98658,99118,460,"[98681,98727,98773,98819,98865,98911,98957,99003,99049,99095]",,,,,,,,,,,,,,,,,,,,,,,,,0,0.0,false,,,,,,,,,,
21,sset_21/tracknet-stride-8,detected_ckn_opencv_consensus,446,99118,99177,59,"[99120,99126,99132,99138,99144,99150,99156,99162,99168,99174]",,,,,,,,,,,,,,,,,,,,,,,,,0,0.0,false,,,,,,,,,,
21,sset_21/tracknet-stride-8,detected_ckn_opencv_consensus,447,99177,99213,36,"[99178,99182,99186,99189,99193,99196,99200,99204,99207,99211]",,,,,,,,,,,,,,,,,,,,,,,,,0,0.0,false,,,,,,,,,,
21,sset_21/tracknet-stride-8,detected_ckn_opencv_consensus,448,99213,99268,55,"[99215,99221,99226,99232,99237,99243,99248,99254,99259,99265]",,,,,,,,,,,,,,,,,,,,,,,,,0,0.0,false,,,,,,,,,,
21,sset_21/tracknet-stride-8,detected_ckn_opencv_consensus,449,99268,99343,75,"[99271,99279,99286,99294,99301,99309,99316,99324,99331,99339]",,,,,,,,,,,,,,,,,,,,,,,,,0,0.0,false,,,,,,,,,,
21,sset_21/tracknet-stride-8,detected_ckn_opencv_consensus,450,99343,99403,60,"[99346,99352,99358,99364,99370,99376,99382,99388,99394,99400]",,,,,,,,,,,,,,,,,,,,,,,,,0,0.0,false,,,,,,,,,,
21,sset_21/tracknet-stride-8,detected_ckn_opencv_consensus,451,99403,99449,46,"[99405,99409,99414,99419,99423,99428,99432,99437,99442,99446]",,,,,,,,,,,,,,,,,,,,,,,,,0,0.0,false,,,,,,,,,,
21,sset_21/tracknet-stride-8,detected_ckn_opencv_consensus,452,99449,100349,900,"[99494,99584,99674,99764,99854,99944,100034,100124,100214,100304]",,,,,,,,,,,,,,,,,,,,,,,,,0,0.0,false,,,,,,,,,,
