video_id,case_id,court_parent,scene_index,start_frame,end_frame,n_frames,sampled_frame_indices,quad_source,raw_tl_x,raw_tl_y,raw_tr_x,raw_tr_y,raw_br_x,raw_br_y,raw_bl_x,raw_bl_y,peak_tl,peak_tr,peak_br,peak_bl,corner_source_tl,corner_source_tr,corner_source_br,corner_source_bl,fallback_reproj_line_px,fallback_reproj_anchor_px,fallback_gate_line_frac,fallback_gate_anchor_frac,fallback_n_lines_used,fallback_n_correspondences,fallback_max_sagitta_px,exactly_two_frame_count,exactly_two_frame_fraction,scene_valid,consensus_distance_px,consensus_flagged,active_tl_x,active_tl_y,active_tr_x,active_tr_y,active_br_x,active_br_y,active_bl_x,active_bl_y
1,sset_01/tracknet-stride-1,static_shuttleset_homography,0,0,723,723,[],,163.04000000000002,123.44000000000001,346.8,122.96,389.20000000000005,267.76,122.88,268.48,,,,,,,,,,,,,,,,0,0.0,false,,,163.04000000000002,123.44000000000001,346.8,122.96,389.20000000000005,267.76,122.88,268.48
1,sset_01/tracknet-stride-1,static_shuttleset_homography,1,723,3368,2645,[],,163.04000000000002,123.44000000000001,346.8,122.96,389.20000000000005,267.76,122.88,268.48,,,,,,,,,,,,,,,,102,0.03856332703213611,false,,,163.04000000000002,123.44000000000001,346.8,122.96,389.20000000000005,267.76,122.88,268.48
1,sset_01/tracknet-stride-1,static_shuttleset_homography,2,3368,3473,105,[],,163.04000000000002,123.44000000000001,346.8,122.96,389.20000000000005,267.76,122.88,268.48,,,,,,,,,,,,,,,,65,0.6190476190476191,true,,,163.04000000000002,123.44000000000001,346.8,122.96,389.20000000000005,267.76,122.88,268.48
1,sset_01/tracknet-stride-1,static_shuttleset_homography,3,3473,3552,79,[],,163.04000000000002,123.44000000000001,346.8,122.96,389.20000000000005,267.76,122.88,268.48,,,,,,,,,,,,,,,,1,0.012658227848101266,false,,,163.04000000000002,123.44000000000001,346.8,122.96,389.20000000000005,267.76,122.88,268.48
1,sset_01/tracknet-stride-1,static_shuttleset_homography,4,3552,3587,35,[],,163.04000000000002,123.44000000000001,346.8,122.96,389.20000000000005,267.76,122.88,268.48,,,,,,,,,,,,,,,,25,0.7142857142857143,true,,,163.04000000000002,123.44000000000001,346.8,122.96,389.20000000000005,267.76,122.88,268.48
1,sset_01/tracknet-stride-1,static_shuttleset_homography,5,3587,3678,91,[],,163.04000000000002,123.44000000000001,346.8,122.96,389.20000000000005,267.76,122.88,268.48,,,,,,,,,,,,,,,,87,0.9560439560439561,true,,,163.04000000000002,123.44000000000001,346.8,122.96,389.20000000000005,267.76,122.88,268.48
1,sset_01/tracknet-stride-1,static_shuttleset_homography,6,3678,3746,68,[],,163.04000000000002,123.44000000000001,346.8,122.96,389.20000000000005,267.76,122.88,268.48,,,,,,,,,,,,,,,,66,0.9705882352941176,true,,,163.04000000000002,123.44000000000001,346.8,122.96,389.20000000000005,267.76,122.88,268.48
1,sset_01/tracknet-stride-1,static_shuttleset_homography,7,3746,3787,41,[],,163.04000000000002,123.44000000000001,346.8,122.96,389.20000000000005,267.76,122.88,268.48,,,,,,,,,,,,,,,,12,0.2926829268292683,false,,,163.04000000000002,123.44000000000001,346.8,122.96,389.20000000000005,267.76,122.88,268.48
1,sset_01/tracknet-stride-1,static_shuttleset_homography,8,3787,3829,42,[],,163.04000000000002,123.44000000000001,346.8,122.96,389.20000000000005,267.76,122.88,268.48,,,,,,,,,,,,,,,,11,0.2619047619047619,false,,,163.04000000000002,123.44000000000001,346.8,122.96,389.20000000000005,267.76,122.88,268.48
1,sset_01/tracknet-stride-1,static_shuttleset_homography,9,3829,3960,131,[],,163.04000000000002,123.44000000000001,346.8,122.96,389.20000000000005,267.76,122.88,268.48,,,,,,,,,,,,,,,,36,0.2748091603053435,false,,,163.04000000000002,123.44000000000001,346.8,122.96,389.20000000000005,267.76,122.88,268.48
1,sset_01/tracknet-stride-1,static_shuttleset_homography,10,3960,3978,18,[],,163.04000000000002,123.44000000000001,346.8,122.96,389.20000000000005,267.76,122.88,268.48,,,,,,,,,,,,,,,,3,0.16666666666666666,false,,,163.04000000000002,123.44000000000001,346.8,122.96,389.20000000000005,267.76,122.88,268.48
1,sset_01/tracknet-stride-1,static_shuttleset_homography,11,3978,4124,146,[],,163.04000000000002,123.44000000000001,346.8,122.96,389.20000000000005,267.76,122.88,268.48,,,,,,,,,,,,,,,,52,0.3561643835616438,false,,,163.04000000000002,123.44000000000001,346.8,122.96,389.20000000000005,267.76,122.88,268.48
1,sset_01/tracknet-stride-1,static_shuttleset_homography,12,4124,4232,108,[],,163.04000000000002,123.44000000000001,346.8,122.96,389.20000000000005,267.76,122.88,268.48,,,,,,,,,,,,,,,,35,0.32407407407407407,false,,,163.04000000000002,123.44000000000001,346.8,122.96,389.20000000000005,267.76,122.88,268.48
1,sset_01/tracknet-stride-1,static_shuttleset_homography,13,4232,4314,82,[],,163.04000000000002,123.44000000000001,346.8,122.96,389.20000000000005,267.76,122.88,268.48,,,,,,,,,,,,,,,,16,0.1951219512195122,false,,,163.04000000000002,123.44000000000001,346.8,122.96,389.20000000000005,267.76,122.88,268.48
1,sset_01/tracknet-stride-1,static_shuttleset_homography,14,4314,4404,90,[],,163.04000000000002,123.44000000000001,346.8,122.96,389.20000000000005,267.76,122.88,268.48,,,,,,,,,,,,,,,,56,0.6222222222222222,true,,,163.04000000000002,123.44000000000001,346.8,122.96,389.20000000000005,267.76,122.88,268.48
1,sset_01/tracknet-stride-1,static_shuttleset_homography,15,4404,9933,5529,[],,163.04000000000002,123.44000000000001,346.8,122.96,389.20000000000005,267.76,122.88,268.48,,,,,,,,,,,,,,,,1332,0.24091155724362454,false,,,163.04000000000002,123.44000000000001,346.8,122.96,389.20000000000005,267.76,122.88,268.48
1,sset_01/tracknet-stride-1,static_shuttleset_homography,16,9933,10147,214,[],,163.04000000000002,123.44000000000001,346.8,122.96,389.20000000000005,267.76,122.88,268.48,,,,,,,,,,,,,,,,0,0.0,false,,,163.04000000000002,123.44000000000001,346.8,122.96,389.20000000000005,267.76,122.88,268.48
1,sset_01/tracknet-stride-1,static_shuttleset_homography,17,10147,10273,126,[],,163.04000000000002,123.44000000000001,346.8,122.96,389.20000000000005,267.76,122.88,268.48,,,,,,,,,,,,,,,,0,0.0,false,,,163.04000000000002,123.44000000000001,346.8,122.96,389.20000000000005,267.76,122.88,268.48
1,sset_01/tracknet-stride-1,static_shuttleset_homography,18,10273,10496,223,[],,163.04000000000002,123.44000000000001,346.8,122.96,389.20000000000005,267.76,122.88,268.48,,,,,,,,,,,,,,,,56,0.25112107623318386,false,,,163.04000000000002,123.44000000000001,346.8,122.96,389.20000000000005,267.76,122.88,268.48
1,sset_01/tracknet-stride-1,static_shuttleset_homography,19,10496,11330,834,[],,163.04000000000002,123.44000000000001,346.8,122.96,389.20000000000005,267.76,122.88,268.48,,,,,,,,,,,,,,,,309,0.37050359712230213,false,,,163.04000000000002,123.44000000000001,346.8,122.96,389.20000000000005,267.76,122.88,268.48
1,sset_01/tracknet-stride-1,static_shuttleset_homography,20,11330,11668,338,[],,163.04000000000002,123.44000000000001,346.8,122.96,389.20000000000005,267.76,122.88,268.48,,,,,,,,,,,,,,,,333,0.985207100591716,true,,,163.04000000000002,123.44000000000001,346.8,122.96,389.20000000000005,267.76,122.88,268.48
1,sset_01/tracknet-stride-1,static_shuttleset_homography,21,11668,11837,169,[],,163.04000000000002,123.44000000000001,346.8,122.96,389.20000000000005,267.76,122.88,268.48,,,,,,,,,,,,,,,,25,0.14792899408284024,false,,,163.04000000000002,123.44000000000001,346.8,122.96,389.20000000000005,267.76,122.88,268.48
1,sset_01/tracknet-stride-1,static_shuttleset_homography,22,11837,11877,40,[],,163.04000000000002,123.44000000000001,346.8,122.96,389.20000000000005,267.76,122.88,268.48,,,,,,,,,,,,,,,,0,0.0,false,,,163.04000000000002,123.44000000000001,346.8,122.96,389.20000000000005,267.76,122.88,268.48
1,sset_01/tracknet-stride-1,static_shuttleset_homography,23,11877,12004,127,[],,163.04000000000002,123.44000000000001,346.8,122.96,389.20000000000005,267.76,122.88,268.48,,,,,,,,,,,,,,,,126,0.9921259842519685,true,,,163.04000000000002,123.44000000000001,346.8,122.96,389.20000000000005,267.76,122.88,268.48
1,sset_01/tracknet-stride-1,static_shuttleset_homography,24,12004,12082,78,[],,163.04000000000002,123.44000000000001,346.8,122.96,389.20000000000005,267.76,122.88,268.48,,,,,,,,,,,,,,,,0,0.0,false,,,163.04000000000002,123.44000000000001,346.8,122.96,389.20000000000005,267.76,122.88,268.48
1,sset_01/tracknet-stride-1,static_shuttleset_homography,25,12082,12201,119,[],,163.04000000000002,123.44000000000001,346.8,122.96,389.20000000000005,267.76,122.88,268.48,,,,,,,,,,,,,,,,0,0.0,false,,,163.04000000000002,123.44000000000001,346.8,122.96,389.20000000000005,267.76,122.88,268.48
1,sset_01/tracknet-stride-1,static_shuttleset_homography,26,12201,12287,86,[],,163.04000000000002,123.44000000000001,346.8,122.96,389.20000000000005,267.76,122.88,268.48,,,,,,,,,,,,,,,,1,0.011627906976744186,false,,,163.04000000000002,123.44000000000001,346.8,122.96,389.20000000000005,267.76,122.88,268.48
1,sset_01/tracknet-stride-1,static_shuttleset_homography,27,12287,12986,699,[],,163.04000000000002,123.44000000000001,346.8,122.96,389.20000000000005,267.76,122.88,268.48,,,,,,,,,,,,,,,,692,0.9899856938483548,true,,,163.04000000000002,123.44000000000001,346.8,122.96,389.20000000000005,267.76,122.88,268.48
1,sset_01/tracknet-stride-1,static_shuttleset_homography,28,12986,13429,443,[],,163.04000000000002,123.44000000000001,346.8,122.96,389.20000000000005,267.76,122.88,268.48,,,,,,,,,,,,,,,,147,0.33182844243792325,false,,,163.04000000000002,123.44000000000001,346.8,122.96,389.20000000000005,267.76,122.88,268.48
1,sset_01/tracknet-stride-1,static_shuttleset_homography,29,13429,13585,156,[],,163.04000000000002,123.44000000000001,346.8,122.96,389.20000000000005,267.76,122.88,268.48,,,,,,,,,,,,,,,,156,1.0,true,,,163.04000000000002,123.44000000000001,346.8,122.96,389.20000000000005,267.76,122.88,268.48
1,sset_01/tracknet-stride-1,static_shuttleset_homography,30,13585,13623,38,[],,163.04000000000002,123.44000000000001,346.8,122.96,389.20000000000005,267.76,122.88,268.48,,,,,,,,,,,,,,,,10,0.2631578947368421,false,,,163.04000000000002,123.44000000000001,346.8,122.96,389.20000000000005,267.76,122.88,268.48
1,sset_01/tracknet-stride-1,static_shuttleset_homography,31,13623,14290,667,[],,163.04000000000002,123.44000000000001,346.8,122.96,389.20000000000005,267.76,122.88,268.48,,,,,,,,,,,,,,,,520,0.7796101949025487,true,,,163.04000000000002,123.44000000000001,346.8,122.96,389.20000000000005,267.76,122.88,268.48
1,sset_01/tracknet-stride-1,static_shuttleset_homography,32,14290,14321,31,[],,163.04000000000002,123.44000000000001,346.8,122.96,389.20000000000005,267.76,122.88,268.48,,,,,,,,,,,,,,,,1,0.03225806451612903,false,,,163.04000000000002,123.44000000000001,346.8,122.96,389.20000000000005,267.76,122.88,268.48
1,sset_01/tracknet-stride-1,static_shuttleset_homography,33,14321,14510,189,[],,163.04000000000002,123.44000000000001,346.8,122.96,389.20000000000005,267.76,122.88,268.48,,,,,,,,,,,,,,,,46,0.24338624338624337,false,,,163.04000000000002,123.44000000000001,346.8,122.96,389.20000000000005,267.76,122.88,268.48
1,sset_01/tracknet-stride-1,static_shuttleset_homography,34,14510,14542,32,[],,163.04000000000002,123.44000000000001,346.8,122.96,389.20000000000005,267.76,122.88,268.48,,,,,,,,,,,,,,,,11,0.34375,false,,,163.04000000000002,123.44000000000001,346.8,122.96,389.20000000000005,267.76,122.88,268.48
1,sset_01/tracknet-stride-1,static_shuttleset_homography,35,14542,14873,331,[],,163.04000000000002,123.44000000000001,346.8,122.96,389.20000000000005,267.76,122.88,268.48,,,,,,,,,,,,,,,,25,0.0755287009063444,false,,,163.04000000000002,123.44000000000001,346.8,122.96,389.20000000000005,267.76,122.88,268.48
1,sset_01/tracknet-stride-1,static_shuttleset_homography,36,14873,14938,65,[],,163.04000000000002,123.44000000000001,346.8,122.96,389.20000000000005,267.76,122.88,268.48,,,,,,,,,,,,,,,,0,0.0,false,,,163.04000000000002,123.44000000000001,346.8,122.96,389.20000000000005,267.76,122.88,268.48
1,sset_01/tracknet-stride-1,static_shuttleset_homography,37,14938,15085,147,[],,163.04000000000002,123.44000000000001,346.8,122.96,389.20000000000005,267.76,122.88,268.48,,,,,,,,,,,,,,,,147,1.0,true,,,163.04000000000002,123.44000000000001,346.8,122.96,389.20000000000005,267.76,122.88,268.48
1,sset_01/tracknet-stride-1,static_shuttleset_homography,38,15085,15288,203,[],,163.04000000000002,123.44000000000001,346.8,122.96,389.20000000000005,267.76,122.88,268.48,,,,,,,,,,,,,,,,0,0.0,false,,,163.04000000000002,123.44000000000001,346.8,122.96,389.20000000000005,267.76,122.88,268.48
1,sset_01/tracknet-stride-1,static_shuttleset_homography,39,15288,15363,75,[],,163.04000000000002,123.44000000000001,346.8,122.96,389.20000000000005,267.76,122.88,268.48,,,,,,,,,,,,,,,,0,0.0,false,,,163.04000000000002,123.44000000000001,346.8,122.96,389.20000000000005,267.76,122.88,268.48
1,sset_01/tracknet-stride-1,static_shuttleset_homography,40,15363,15508,145,[],,163.04000000000002,123.44000000000001,346.8,122.96,389.20000000000005,267.76,122.88,268.48,,,,,,,,,,,,,,,,143,0.9862068965517241,true,,,163.04000000000002,123.44000000000001,346.8,122.96,389.20000000000005,267.76,122.88,268.48
1,sset_01/tracknet-stride-1,static_shuttleset_homography,41,15508,15779,271,[],,163.04000000000002,123.44000000000001,346.8,122.96,389.20000000000005,267.76,122.88,268.48,,,,,,,,,,,,,,,,0,0.0,false,,,163.04000000000002,123.44000000000001,346.8,122.96,389.20000000000005,267.76,122.88,268.48
1,sset_01/tracknet-stride-1,static_shuttleset_homography,42,15779,15969,190,[],,163.04000000000002,123.44000000000001,346.8,122.96,389.20000000000005,267.76,122.88,268.48,,,,,,,,,,,,,,,,186,0.9789473684210527,true,,,163.04000000000002,123.44000000000001,346.8,122.96,389.20000000000005,267.76,122.88,268.48
1,sset_01/tracknet-stride-1,static_shuttleset_homography,43,15969,16154,185,[],,163.04000000000002,123.44000000000001,346.8,122.96,389.20000000000005,267.76,122.88,268.48,,,,,,,,,,,,,,,,0,0.0,false,,,163.04000000000002,123.44000000000001,346.8,122.96,389.20000000000005,267.76,122.88,268.48
1,sset_01/tracknet-stride-1,static_shuttleset_homography,44,16154,16230,76,[],,163.04000000000002,123.44000000000001,346.8,122.96,389.20000000000005,267.76,122.88,268.48,,,,,,,,,,,,,,,,0,0.0,false,,,163.04000000000002,123.44000000000001,346.8,122.96,389.20000000000005,267.76,122.88,268.48
1,sset_01/tracknet-stride-1,static_shuttleset_homography,45,16230,16834,604,[],,163.04000000000002,123.44000000000001,346.8,122.96,389.20000000000005,267.76,122.88,268.48,,,,,,,,,,,,,,,,594,0.9834437086092715,true,,,163.04000000000002,123.44000000000001,346.8,122.96,389.20000000000005,267.76,122.88,268.48
1,sset_01/tracknet-stride-1,static_shuttleset_homography,46,16834,17420,586,[],,163.04000000000002,123.44000000000001,346.8,122.96,389.20000000000005,267.76,122.88,268.48,,,,,,,,,,,,,,,,94,0.16040955631399317,false,,,163.04000000000002,123.44000000000001,346.8,122.96,389.20000000000005,267.76,122.88,268.48
1,sset_01/tracknet-stride-1,static_shuttleset_homography,47,17420,17662,242,[],,163.04000000000002,123.44000000000001,346.8,122.96,389.20000000000005,267.76,122.88,268.48,,,,,,,,,,,,,,,,223,0.9214876033057852,true,,,163.04000000000002,123.44000000000001,346.8,122.96,389.20000000000005,267.76,122.88,268.48
1,sset_01/tracknet-stride-1,static_shuttleset_homography,48,17662,17757,95,[],,163.04000000000002,123.44000000000001,346.8,122.96,389.20000000000005,267.76,122.88,268.48,,,,,,,,,,,,,,,,3,0.031578947368421054,false,,,163.04000000000002,123.44000000000001,346.8,122.96,389.20000000000005,267.76,122.88,268.48
1,sset_01/tracknet-stride-1,static_shuttleset_homography,49,17757,17980,223,[],,163.04000000000002,123.44000000000001,346.8,122.96,389.20000000000005,267.76,122.88,268.48,,,,,,,,,,,,,,,,55,0.24663677130044842,false,,,163.04000000000002,123.44000000000001,346.8,122.96,389.20000000000005,267.76,122.88,268.48
1,sset_01/tracknet-stride-1,static_shuttleset_homography,50,17980,18133,153,[],,163.04000000000002,123.44000000000001,346.8,122.96,389.20000000000005,267.76,122.88,268.48,,,,,,,,,,,,,,,,153,1.0,true,,,163.04000000000002,123.44000000000001,346.8,122.96,389.20000000000005,267.76,122.88,268.48
1,sset_01/tracknet-stride-1,static_shuttleset_homography,51,18133,18166,33,[],,163.04000000000002,123.44000000000001,346.8,122.96,389.20000000000005,267.76,122.88,268.48,,,,,,,,,,,,,,,,0,0.0,false,,,163.04000000000002,123.44000000000001,346.8,122.96,389.20000000000005,267.76,122.88,268.48
1,sset_01/tracknet-stride-1,static_shuttleset_homography,52,18166,19134,968,[],,163.04000000000002,123.44000000000001,346.8,122.96,389.20000000000005,267.76,122.88,268.48,,,,,,,,,,,,,,,,955,0.9865702479338843,true,,,163.04000000000002,123.44000000000001,346.8,122.96,389.20000000000005,267.76,122.88,268.48
1,sset_01/tracknet-stride-1,static_shuttleset_homography,53,19134,19451,317,[],,163.04000000000002,123.44000000000001,346.8,122.96,389.20000000000005,267.76,122.88,268.48,,,,,,,,,,,,,,,,15,0.0473186119873817,false,,,163.04000000000002,123.44000000000001,346.8,122.96,389.20000000000005,267.76,122.88,268.48
1,sset_01/tracknet-stride-1,static_shuttleset_homography,54,19451,19573,122,[],,163.04000000000002,123.44000000000001,346.8,122.96,389.20000000000005,267.76,122.88,268.48,,,,,,,,,,,,,,,,0,0.0,false,,,163.04000000000002,123.44000000000001,346.8,122.96,389.20000000000005,267.76,122.88,268.48
1,sset_01/tracknet-stride-1,static_shuttleset_homography,55,19573,20542,969,[],,163.04000000000002,123.44000000000001,346.8,122.96,389.20000000000005,267.76,122.88,268.48,,,,,,,,,,,,,,,,950,0.9803921568627451,true,,,163.04000000000002,123.44000000000001,346.8,122.96,389.20000000000005,267.76,122.88,268.48
1,sset_01/tracknet-stride-1,static_shuttleset_homography,56,20542,20608,66,[],,163.04000000000002,123.44000000000001,346.8,122.96,389.20000000000005,267.76,122.88,268.48,,,,,,,,,,,,,,,,0,0.0,false,,,163.04000000000002,123.44000000000001,346.8,122.96,389.20000000000005,267.76,122.88,268.48
1,sset_01/tracknet-stride-1,static_shuttleset_homography,57,20608,20759,151,[],,163.04000000000002,123.44000000000001,346.8,122.96,389.20000000000005,267.76,122.88,268.48,,,,,,,,,,,,,,,,2,0.013245033112582781,false,,,163.04000000000002,123.44000000000001,346.8,122.96,389.20000000000005,267.76,122.88,268.48
1,sset_01/tracknet-stride-1,static_shuttleset_homography,58,20759,20950,191,[],,163.04000000000002,123.44000000000001,346.8,122.96,389.20000000000005,267.76,122.88,268.48,,,,,,,,,,,,,,,,2,0.010471204188481676,false,,,163.04000000000002,123.44000000000001,346.8,122.96,389.20000000000005,267.76,122.88,268.48
1,sset_01/tracknet-stride-1,static_shuttleset_homography,59,20950,21866,916,[],,163.04000000000002,123.44000000000001,346.8,122.96,389.20000000000005,267.76,122.88,268.48,,,,,,,,,,,,,,,,911,0.9945414847161572,true,,,163.04000000000002,123.44000000000001,346.8,122.96,389.20000000000005,267.76,122.88,268.48
1,sset_01/tracknet-stride-1,static_shuttleset_homography,60,21866,21913,47,[],,163.04000000000002,123.44000000000001,346.8,122.96,389.20000000000005,267.76,122.88,268.48,,,,,,,,,,,,,,,,0,0.0,false,,,163.04000000000002,123.44000000000001,346.8,122.96,389.20000000000005,267.76,122.88,268.48
1,sset_01/tracknet-stride-1,static_shuttleset_homography,61,21913,22147,234,[],,163.04000000000002,123.44000000000001,346.8,122.96,389.20000000000005,267.76,122.88,268.48,,,,,,,,,,,,,,,,231,0.9871794871794872,true,,,163.04000000000002,123.44000000000001,346.8,122.96,389.20000000000005,267.76,122.88,268.48
1,sset_01/tracknet-stride-1,static_shuttleset_homography,62,22147,22867,720,[],,163.04000000000002,123.44000000000001,346.8,122.96,389.20000000000005,267.76,122.88,268.48,,,,,,,,,,,,,,,,108,0.15,false,,,163.04000000000002,123.44000000000001,346.8,122.96,389.20000000000005,267.76,122.88,268.48
1,sset_01/tracknet-stride-1,static_shuttleset_homography,63,22867,23053,186,[],,163.04000000000002,123.44000000000001,346.8,122.96,389.20000000000005,267.76,122.88,268.48,,,,,,,,,,,,,,,,0,0.0,false,,,163.04000000000002,123.44000000000001,346.8,122.96,389.20000000000005,267.76,122.88,268.48
1,sset_01/tracknet-stride-1,static_shuttleset_homography,64,23053,23470,417,[],,163.04000000000002,123.44000000000001,346.8,122.96,389.20000000000005,267.76,122.88,268.48,,,,,,,,,,,,,,,,409,0.9808153477218226,true,,,163.04000000000002,123.44000000000001,346.8,122.96,389.20000000000005,267.76,122.88,268.48
1,sset_01/tracknet-stride-1,static_shuttleset_homography,65,23470,23508,38,[],,163.04000000000002,123.44000000000001,346.8,122.96,389.20000000000005,267.76,122.88,268.48,,,,,,,,,,,,,,,,1,0.02631578947368421,false,,,163.04000000000002,123.44000000000001,346.8,122.96,389.20000000000005,267.76,122.88,268.48
1,sset_01/tracknet-stride-1,static_shuttleset_homography,66,23508,23568,60,[],,163.04000000000002,123.44000000000001,346.8,122.96,389.20000000000005,267.76,122.88,268.48,,,,,,,,,,,,,,,,60,1.0,true,,,163.04000000000002,123.44000000000001,346.8,122.96,389.20000000000005,267.76,122.88,268.48
1,sset_01/tracknet-stride-1,static_shuttleset_homography,67,23568,23820,252,[],,163.04000000000002,123.44000000000001,346.8,122.96,389.20000000000005,267.76,122.88,268.48,,,,,,,,,,,,,,,,0,0.0,false,,,163.04000000000002,123.44000000000001,346.8,122.96,389.20000000000005,267.76,122.88,268.48
1,sset_01/tracknet-stride-1,static_shuttleset_homography,68,23820,24351,531,[],,163.04000000000002,123.44000000000001,346.8,122.96,389.20000000000005,267.76,122.88,268.48,,,,,,,,,,,,,,,,514,0.967984934086629,true,,,163.04000000000002,123.44000000000001,346.8,122.96,389.20000000000005,267.76,122.88,268.48
1,sset_01/tracknet-stride-1,static_shuttleset_homography,69,24351,24436,85,[],,163.04000000000002,123.44000000000001,346.8,122.96,389.20000000000005,267.76,122.88,268.48,,,,,,,,,,,,,,,,16,0.18823529411764706,false,,,163.04000000000002,123.44000000000001,346.8,122.96,389.20000000000005,267.76,122.88,268.48
1,sset_01/tracknet-stride-1,static_shuttleset_homography,70,24436,24760,324,[],,163.04000000000002,123.44000000000001,346.8,122.96,389.20000000000005,267.76,122.88,268.48,,,,,,,,,,,,,,,,61,0.1882716049382716,false,,,163.04000000000002,123.44000000000001,346.8,122.96,389.20000000000005,267.76,122.88,268.48
1,sset_01/tracknet-stride-1,static_shuttleset_homography,71,24760,24901,141,[],,163.04000000000002,123.44000000000001,346.8,122.96,389.20000000000005,267.76,122.88,268.48,,,,,,,,,,,,,,,,7,0.04964539007092199,false,,,163.04000000000002,123.44000000000001,346.8,122.96,389.20000000000005,267.76,122.88,268.48
1,sset_01/tracknet-stride-1,static_shuttleset_homography,72,24901,24975,74,[],,163.04000000000002,123.44000000000001,346.8,122.96,389.20000000000005,267.76,122.88,268.48,,,,,,,,,,,,,,,,0,0.0,false,,,163.04000000000002,123.44000000000001,346.8,122.96,389.20000000000005,267.76,122.88,268.48
1,sset_01/tracknet-stride-1,static_shuttleset_homography,73,24975,26095,1120,[],,163.04000000000002,123.44000000000001,346.8,122.96,389.20000000000005,267.76,122.88,268.48,,,,,,,,,,,,,,,,1106,0.9875,true,,,163.04000000000002,123.44000000000001,346.8,122.96,389.20000000000005,267.76,122.88,268.48
1,sset_01/tracknet-stride-1,static_shuttleset_homography,74,26095,27093,998,[],,163.04000000000002,123.44000000000001,346.8,122.96,389.20000000000005,267.76,122.88,268.48,,,,,,,,,,,,,,,,255,0.25551102204408815,false,,,163.04000000000002,123.44000000000001,346.8,122.96,389.20000000000005,267.76,122.88,268.48
1,sset_01/tracknet-stride-1,static_shuttleset_homography,75,27093,27392,299,[],,163.04000000000002,123.44000000000001,346.8,122.96,389.20000000000005,267.76,122.88,268.48,,,,,,,,,,,,,,,,2,0.006688963210702341,false,,,163.04000000000002,123.44000000000001,346.8,122.96,389.20000000000005,267.76,122.88,268.48
1,sset_01/tracknet-stride-1,static_shuttleset_homography,76,27392,27779,387,[],,163.04000000000002,123.44000000000001,346.8,122.96,389.20000000000005,267.76,122.88,268.48,,,,,,,,,,,,,,,,381,0.9844961240310077,true,,,163.04000000000002,123.44000000000001,346.8,122.96,389.20000000000005,267.76,122.88,268.48
1,sset_01/tracknet-stride-1,static_shuttleset_homography,77,27779,27954,175,[],,163.04000000000002,123.44000000000001,346.8,122.96,389.20000000000005,267.76,122.88,268.48,,,,,,,,,,,,,,,,7,0.04,false,,,163.04000000000002,123.44000000000001,346.8,122.96,389.20000000000005,267.76,122.88,268.48
1,sset_01/tracknet-stride-1,static_shuttleset_homography,78,27954,28231,277,[],,163.04000000000002,123.44000000000001,346.8,122.96,389.20000000000005,267.76,122.88,268.48,,,,,,,,,,,,,,,,0,0.0,false,,,163.04000000000002,123.44000000000001,346.8,122.96,389.20000000000005,267.76,122.88,268.48
1,sset_01/tracknet-stride-1,static_shuttleset_homography,79,28231,28747,516,[],,163.04000000000002,123.44000000000001,346.8,122.96,389.20000000000005,267.76,122.88,268.48,,,,,,,,,,,,,,,,512,0.9922480620155039,true,,,163.04000000000002,123.44000000000001,346.8,122.96,389.20000000000005,267.76,122.88,268.48
1,sset_01/tracknet-stride-1,static_shuttleset_homography,80,28747,29121,374,[],,163.04000000000002,123.44000000000001,346.8,122.96,389.20000000000005,267.76,122.88,268.48,,,,,,,,,,,,,,,,151,0.4037433155080214,false,,,163.04000000000002,123.44000000000001,346.8,122.96,389.20000000000005,267.76,122.88,268.48
1,sset_01/tracknet-stride-1,static_shuttleset_homography,81,29121,29375,254,[],,163.04000000000002,123.44000000000001,346.8,122.96,389.20000000000005,267.76,122.88,268.48,,,,,,,,,,,,,,,,253,0.9960629921259843,true,,,163.04000000000002,123.44000000000001,346.8,122.96,389.20000000000005,267.76,122.88,268.48
1,sset_01/tracknet-stride-1,static_shuttleset_homography,82,29375,29630,255,[],,163.04000000000002,123.44000000000001,346.8,122.96,389.20000000000005,267.76,122.88,268.48,,,,,,,,,,,,,,,,24,0.09411764705882353,false,,,163.04000000000002,123.44000000000001,346.8,122.96,389.20000000000005,267.76,122.88,268.48
1,sset_01/tracknet-stride-1,static_shuttleset_homography,83,29630,29729,99,[],,163.04000000000002,123.44000000000001,346.8,122.96,389.20000000000005,267.76,122.88,268.48,,,,,,,,,,,,,,,,34,0.3434343434343434,false,,,163.04000000000002,123.44000000000001,346.8,122.96,389.20000000000005,267.76,122.88,268.48
1,sset_01/tracknet-stride-1,static_shuttleset_homography,84,29729,31262,1533,[],,163.04000000000002,123.44000000000001,346.8,122.96,389.20000000000005,267.76,122.88,268.48,,,,,,,,,,,,,,,,332,0.21656881930854532,false,,,163.04000000000002,123.44000000000001,346.8,122.96,389.20000000000005,267.76,122.88,268.48
1,sset_01/tracknet-stride-1,static_shuttleset_homography,85,31262,31391,129,[],,163.04000000000002,123.44000000000001,346.8,122.96,389.20000000000005,267.76,122.88,268.48,,,,,,,,,,,,,,,,0,0.0,false,,,163.04000000000002,123.44000000000001,346.8,122.96,389.20000000000005,267.76,122.88,268.48
1,sset_01/tracknet-stride-1,static_shuttleset_homography,86,31391,31502,111,[],,163.04000000000002,123.44000000000001,346.8,122.96,389.20000000000005,267.76,122.88,268.48,,,,,,,,,,,,,,,,111,1.0,true,,,163.04000000000002,123.44000000000001,346.8,122.96,389.20000000000005,267.76,122.88,268.48
1,sset_01/tracknet-stride-1,static_shuttleset_homography,87,31502,31751,249,[],,163.04000000000002,123.44000000000001,346.8,122.96,389.20000000000005,267.76,122.88,268.48,,,,,,,,,,,,,,,,6,0.024096385542168676,false,,,163.04000000000002,123.44000000000001,346.8,122.96,389.20000000000005,267.76,122.88,268.48
1,sset_01/tracknet-stride-1,static_shuttleset_homography,88,31751,31889,138,[],,163.04000000000002,123.44000000000001,346.8,122.96,389.20000000000005,267.76,122.88,268.48,,,,,,,,,,,,,,,,138,1.0,true,,,163.04000000000002,123.44000000000001,346.8,122.96,389.20000000000005,267.76,122.88,268.48
1,sset_01/tracknet-stride-1,static_shuttleset_homography,89,31889,32340,451,[],,163.04000000000002,123.44000000000001,346.8,122.96,389.20000000000005,267.76,122.88,268.48,,,,,,,,,,,,,,,,2,0.004434589800443459,false,,,163.04000000000002,123.44000000000001,346.8,122.96,389.20000000000005,267.76,122.88,268.48
1,sset_01/tracknet-stride-1,static_shuttleset_homography,90,32340,32628,288,[],,163.04000000000002,123.44000000000001,346.8,122.96,389.20000000000005,267.76,122.88,268.48,,,,,,,,,,,,,,,,281,0.9756944444444444,true,,,163.04000000000002,123.44000000000001,346.8,122.96,389.20000000000005,267.76,122.88,268.48
1,sset_01/tracknet-stride-1,static_shuttleset_homography,91,32628,32719,91,[],,163.04000000000002,123.44000000000001,346.8,122.96,389.20000000000005,267.76,122.88,268.48,,,,,,,,,,,,,,,,0,0.0,false,,,163.04000000000002,123.44000000000001,346.8,122.96,389.20000000000005,267.76,122.88,268.48
1,sset_01/tracknet-stride-1,static_shuttleset_homography,92,32719,32908,189,[],,163.04000000000002,123.44000000000001,346.8,122.96,389.20000000000005,267.76,122.88,268.48,,,,,,,,,,,,,,,,1,0.005291005291005291,false,,,163.04000000000002,123.44000000000001,346.8,122.96,389.20000000000005,267.76,122.88,268.48
1,sset_01/tracknet-stride-1,static_shuttleset_homography,93,32908,33232,324,[],,163.04000000000002,123.44000000000001,346.8,122.96,389.20000000000005,267.76,122.88,268.48,,,,,,,,,,,,,,,,323,0.9969135802469136,true,,,163.04000000000002,123.44000000000001,346.8,122.96,389.20000000000005,267.76,122.88,268.48
1,sset_01/tracknet-stride-1,static_shuttleset_homography,94,33232,33606,374,[],,163.04000000000002,123.44000000000001,346.8,122.96,389.20000000000005,267.76,122.88,268.48,,,,,,,,,,,,,,,,89,0.23796791443850268,false,,,163.04000000000002,123.44000000000001,346.8,122.96,389.20000000000005,267.76,122.88,268.48
1,sset_01/tracknet-stride-1,static_shuttleset_homography,95,33606,34117,511,[],,163.04000000000002,123.44000000000001,346.8,122.96,389.20000000000005,267.76,122.88,268.48,,,,,,,,,,,,,,,,506,0.9902152641878669,true,,,163.04000000000002,123.44000000000001,346.8,122.96,389.20000000000005,267.76,122.88,268.48
1,sset_01/tracknet-stride-1,static_shuttleset_homography,96,34117,34165,48,[],,163.04000000000002,123.44000000000001,346.8,122.96,389.20000000000005,267.76,122.88,268.48,,,,,,,,,,,,,,,,25,0.5208333333333334,true,,,163.04000000000002,123.44000000000001,346.8,122.96,389.20000000000005,267.76,122.88,268.48
1,sset_01/tracknet-stride-1,static_shuttleset_homography,97,34165,34198,33,[],,163.04000000000002,123.44000000000001,346.8,122.96,389.20000000000005,267.76,122.88,268.48,,,,,,,,,,,,,,,,13,0.3939393939393939,false,,,163.04000000000002,123.44000000000001,346.8,122.96,389.20000000000005,267.76,122.88,268.48
1,sset_01/tracknet-stride-1,static_shuttleset_homography,98,34198,34702,504,[],,163.04000000000002,123.44000000000001,346.8,122.96,389.20000000000005,267.76,122.88,268.48,,,,,,,,,,,,,,,,85,0.16865079365079366,false,,,163.04000000000002,123.44000000000001,346.8,122.96,389.20000000000005,267.76,122.88,268.48
1,sset_01/tracknet-stride-1,static_shuttleset_homography,99,34702,34891,189,[],,163.04000000000002,123.44000000000001,346.8,122.96,389.20000000000005,267.76,122.88,268.48,,,,,,,,,,,,,,,,11,0.0582010582010582,false,,,163.04000000000002,123.44000000000001,346.8,122.96,389.20000000000005,267.76,122.88,268.48
1,sset_01/tracknet-stride-1,static_shuttleset_homography,100,34891,35097,206,[],,163.04000000000002,123.44000000000001,346.8,122.96,389.20000000000005,267.76,122.88,268.48,,,,,,,,,,,,,,,,206,1.0,true,,,163.04000000000002,123.44000000000001,346.8,122.96,389.20000000000005,267.76,122.88,268.48
1,sset_01/tracknet-stride-1,static_shuttleset_homography,101,35097,35111,14,[],,163.04000000000002,123.44000000000001,346.8,122.96,389.20000000000005,267.76,122.88,268.48,,,,,,,,,,,,,,,,0,0.0,false,,,163.04000000000002,123.44000000000001,346.8,122.96,389.20000000000005,267.76,122.88,268.48
1,sset_01/tracknet-stride-1,static_shuttleset_homography,102,35111,35142,31,[],,163.04000000000002,123.44000000000001,346.8,122.96,389.20000000000005,267.76,122.88,268.48,,,,,,,,,,,,,,,,0,0.0,false,,,163.04000000000002,123.44000000000001,346.8,122.96,389.20000000000005,267.76,122.88,268.48
1,sset_01/tracknet-stride-1,static_shuttleset_homography,103,35142,35309,167,[],,163.04000000000002,123.44000000000001,346.8,122.96,389.20000000000005,267.76,122.88,268.48,,,,,,,,,,,,,,,,166,0.9940119760479041,true,,,163.04000000000002,123.44000000000001,346.8,122.96,389.20000000000005,267.76,122.88,268.48
1,sset_01/tracknet-stride-1,static_shuttleset_homography,104,35309,35348,39,[],,163.04000000000002,123.44000000000001,346.8,122.96,389.20000000000005,267.76,122.88,268.48,,,,,,,,,,,,,,,,4,0.10256410256410256,false,,,163.04000000000002,123.44000000000001,346.8,122.96,389.20000000000005,267.76,122.88,268.48
1,sset_01/tracknet-stride-1,static_shuttleset_homography,105,35348,35410,62,[],,163.04000000000002,123.44000000000001,346.8,122.96,389.20000000000005,267.76,122.88,268.48,,,,,,,,,,,,,,,,62,1.0,true,,,163.04000000000002,123.44000000000001,346.8,122.96,389.20000000000005,267.76,122.88,268.48
1,sset_01/tracknet-stride-1,static_shuttleset_homography,106,35410,35757,347,[],,163.04000000000002,123.44000000000001,346.8,122.96,389.20000000000005,267.76,122.88,268.48,,,,,,,,,,,,,,,,8,0.023054755043227664,false,,,163.04000000000002,123.44000000000001,346.8,122.96,389.20000000000005,267.76,122.88,268.48
1,sset_01/tracknet-stride-1,static_shuttleset_homography,107,35757,36106,349,[],,163.04000000000002,123.44000000000001,346.8,122.96,389.20000000000005,267.76,122.88,268.48,,,,,,,,,,,,,,,,347,0.994269340974212,true,,,163.04000000000002,123.44000000000001,346.8,122.96,389.20000000000005,267.76,122.88,268.48
1,sset_01/tracknet-stride-1,static_shuttleset_homography,108,36106,36542,436,[],,163.04000000000002,123.44000000000001,346.8,122.96,389.20000000000005,267.76,122.88,268.48,,,,,,,,,,,,,,,,8,0.01834862385321101,false,,,163.04000000000002,123.44000000000001,346.8,122.96,389.20000000000005,267.76,122.88,268.48
1,sset_01/tracknet-stride-1,static_shuttleset_homography,109,36542,37783,1241,[],,163.04000000000002,123.44000000000001,346.8,122.96,389.20000000000005,267.76,122.88,268.48,,,,,,,,,,,,,,,,1219,0.9822723609991942,true,,,163.04000000000002,123.44000000000001,346.8,122.96,389.20000000000005,267.76,122.88,268.48
1,sset_01/tracknet-stride-1,static_shuttleset_homography,110,37783,38127,344,[],,163.04000000000002,123.44000000000001,346.8,122.96,389.20000000000005,267.76,122.88,268.48,,,,,,,,,,,,,,,,11,0.03197674418604651,false,,,163.04000000000002,123.44000000000001,346.8,122.96,389.20000000000005,267.76,122.88,268.48
1,sset_01/tracknet-stride-1,static_shuttleset_homography,111,38127,38366,239,[],,163.04000000000002,123.44000000000001,346.8,122.96,389.20000000000005,267.76,122.88,268.48,,,,,,,,,,,,,,,,12,0.0502092050209205,false,,,163.04000000000002,123.44000000000001,346.8,122.96,389.20000000000005,267.76,122.88,268.48
1,sset_01/tracknet-stride-1,static_shuttleset_homography,112,38366,38581,215,[],,163.04000000000002,123.44000000000001,346.8,122.96,389.20000000000005,267.76,122.88,268.48,,,,,,,,,,,,,,,,214,0.9953488372093023,true,,,163.04000000000002,123.44000000000001,346.8,122.96,389.20000000000005,267.76,122.88,268.48
1,sset_01/tracknet-stride-1,static_shuttleset_homography,113,38581,39037,456,[],,163.04000000000002,123.44000000000001,346.8,122.96,389.20000000000005,267.76,122.88,268.48,,,,,,,,,,,,,,,,104,0.22807017543859648,false,,,163.04000000000002,123.44000000000001,346.8,122.96,389.20000000000005,267.76,122.88,268.48
1,sset_01/tracknet-stride-1,static_shuttleset_homography,114,39037,39685,648,[],,163.04000000000002,123.44000000000001,346.8,122.96,389.20000000000005,267.76,122.88,268.48,,,,,,,,,,,,,,,,43,0.06635802469135803,false,,,163.04000000000002,123.44000000000001,346.8,122.96,389.20000000000005,267.76,122.88,268.48
1,sset_01/tracknet-stride-1,static_shuttleset_homography,115,39685,39803,118,[],,163.04000000000002,123.44000000000001,346.8,122.96,389.20000000000005,267.76,122.88,268.48,,,,,,,,,,,,,,,,0,0.0,false,,,163.04000000000002,123.44000000000001,346.8,122.96,389.20000000000005,267.76,122.88,268.48
1,sset_01/tracknet-stride-1,static_shuttleset_homography,116,39803,39928,125,[],,163.04000000000002,123.44000000000001,346.8,122.96,389.20000000000005,267.76,122.88,268.48,,,,,,,,,,,,,,,,118,0.944,true,,,163.04000000000002,123.44000000000001,346.8,122.96,389.20000000000005,267.76,122.88,268.48
1,sset_01/tracknet-stride-1,static_shuttleset_homography,117,39928,39953,25,[],,163.04000000000002,123.44000000000001,346.8,122.96,389.20000000000005,267.76,122.88,268.48,,,,,,,,,,,,,,,,0,0.0,false,,,163.04000000000002,123.44000000000001,346.8,122.96,389.20000000000005,267.76,122.88,268.48
1,sset_01/tracknet-stride-1,static_shuttleset_homography,118,39953,40202,249,[],,163.04000000000002,123.44000000000001,346.8,122.96,389.20000000000005,267.76,122.88,268.48,,,,,,,,,,,,,,,,247,0.9919678714859438,true,,,163.04000000000002,123.44000000000001,346.8,122.96,389.20000000000005,267.76,122.88,268.48
1,sset_01/tracknet-stride-1,static_shuttleset_homography,119,40202,40233,31,[],,163.04000000000002,123.44000000000001,346.8,122.96,389.20000000000005,267.76,122.88,268.48,,,,,,,,,,,,,,,,9,0.2903225806451613,false,,,163.04000000000002,123.44000000000001,346.8,122.96,389.20000000000005,267.76,122.88,268.48
1,sset_01/tracknet-stride-1,static_shuttleset_homography,120,40233,40482,249,[],,163.04000000000002,123.44000000000001,346.8,122.96,389.20000000000005,267.76,122.88,268.48,,,,,,,,,,,,,,,,72,0.2891566265060241,false,,,163.04000000000002,123.44000000000001,346.8,122.96,389.20000000000005,267.76,122.88,268.48
1,sset_01/tracknet-stride-1,static_shuttleset_homography,121,40482,40523,41,[],,163.04000000000002,123.44000000000001,346.8,122.96,389.20000000000005,267.76,122.88,268.48,,,,,,,,,,,,,,,,12,0.2926829268292683,false,,,163.04000000000002,123.44000000000001,346.8,122.96,389.20000000000005,267.76,122.88,268.48
1,sset_01/tracknet-stride-1,static_shuttleset_homography,122,40523,41248,725,[],,163.04000000000002,123.44000000000001,346.8,122.96,389.20000000000005,267.76,122.88,268.48,,,,,,,,,,,,,,,,655,0.903448275862069,true,,,163.04000000000002,123.44000000000001,346.8,122.96,389.20000000000005,267.76,122.88,268.48
1,sset_01/tracknet-stride-1,static_shuttleset_homography,123,41248,41867,619,[],,163.04000000000002,123.44000000000001,346.8,122.96,389.20000000000005,267.76,122.88,268.48,,,,,,,,,,,,,,,,276,0.4458804523424879,false,,,163.04000000000002,123.44000000000001,346.8,122.96,389.20000000000005,267.76,122.88,268.48
1,sset_01/tracknet-stride-1,static_shuttleset_homography,124,41867,41967,100,[],,163.04000000000002,123.44000000000001,346.8,122.96,389.20000000000005,267.76,122.88,268.48,,,,,,,,,,,,,,,,9,0.09,false,,,163.04000000000002,123.44000000000001,346.8,122.96,389.20000000000005,267.76,122.88,268.48
1,sset_01/tracknet-stride-1,static_shuttleset_homography,125,41967,42089,122,[],,163.04000000000002,123.44000000000001,346.8,122.96,389.20000000000005,267.76,122.88,268.48,,,,,,,,,,,,,,,,0,0.0,false,,,163.04000000000002,123.44000000000001,346.8,122.96,389.20000000000005,267.76,122.88,268.48
1,sset_01/tracknet-stride-1,static_shuttleset_homography,126,42089,42215,126,[],,163.04000000000002,123.44000000000001,346.8,122.96,389.20000000000005,267.76,122.88,268.48,,,,,,,,,,,,,,,,0,0.0,false,,,163.04000000000002,123.44000000000001,346.8,122.96,389.20000000000005,267.76,122.88,268.48
1,sset_01/tracknet-stride-1,static_shuttleset_homography,127,42215,42485,270,[],,163.04000000000002,123.44000000000001,346.8,122.96,389.20000000000005,267.76,122.88,268.48,,,,,,,,,,,,,,,,269,0.9962962962962963,true,,,163.04000000000002,123.44000000000001,346.8,122.96,389.20000000000005,267.76,122.88,268.48
1,sset_01/tracknet-stride-1,static_shuttleset_homography,128,42485,43118,633,[],,163.04000000000002,123.44000000000001,346.8,122.96,389.20000000000005,267.76,122.88,268.48,,,,,,,,,,,,,,,,422,0.6666666666666666,true,,,163.04000000000002,123.44000000000001,346.8,122.96,389.20000000000005,267.76,122.88,268.48
1,sset_01/tracknet-stride-1,static_shuttleset_homography,129,43118,43419,301,[],,163.04000000000002,123.44000000000001,346.8,122.96,389.20000000000005,267.76,122.88,268.48,,,,,,,,,,,,,,,,14,0.046511627906976744,false,,,163.04000000000002,123.44000000000001,346.8,122.96,389.20000000000005,267.76,122.88,268.48
1,sset_01/tracknet-stride-1,static_shuttleset_homography,130,43419,43585,166,[],,163.04000000000002,123.44000000000001,346.8,122.96,389.20000000000005,267.76,122.88,268.48,,,,,,,,,,,,,,,,15,0.09036144578313253,false,,,163.04000000000002,123.44000000000001,346.8,122.96,389.20000000000005,267.76,122.88,268.48
1,sset_01/tracknet-stride-1,static_shuttleset_homography,131,43585,43664,79,[],,163.04000000000002,123.44000000000001,346.8,122.96,389.20000000000005,267.76,122.88,268.48,,,,,,,,,,,,,,,,0,0.0,false,,,163.04000000000002,123.44000000000001,346.8,122.96,389.20000000000005,267.76,122.88,268.48
1,sset_01/tracknet-stride-1,static_shuttleset_homography,132,43664,43830,166,[],,163.04000000000002,123.44000000000001,346.8,122.96,389.20000000000005,267.76,122.88,268.48,,,,,,,,,,,,,,,,166,1.0,true,,,163.04000000000002,123.44000000000001,346.8,122.96,389.20000000000005,267.76,122.88,268.48
1,sset_01/tracknet-stride-1,static_shuttleset_homography,133,43830,44108,278,[],,163.04000000000002,123.44000000000001,346.8,122.96,389.20000000000005,267.76,122.88,268.48,,,,,,,,,,,,,,,,11,0.039568345323741004,false,,,163.04000000000002,123.44000000000001,346.8,122.96,389.20000000000005,267.76,122.88,268.48
1,sset_01/tracknet-stride-1,static_shuttleset_homography,134,44108,44248,140,[],,163.04000000000002,123.44000000000001,346.8,122.96,389.20000000000005,267.76,122.88,268.48,,,,,,,,,,,,,,,,139,0.9928571428571429,true,,,163.04000000000002,123.44000000000001,346.8,122.96,389.20000000000005,267.76,122.88,268.48
1,sset_01/tracknet-stride-1,static_shuttleset_homography,135,44248,44396,148,[],,163.04000000000002,123.44000000000001,346.8,122.96,389.20000000000005,267.76,122.88,268.48,,,,,,,,,,,,,,,,2,0.013513513513513514,false,,,163.04000000000002,123.44000000000001,346.8,122.96,389.20000000000005,267.76,122.88,268.48
1,sset_01/tracknet-stride-1,static_shuttleset_homography,136,44396,44854,458,[],,163.04000000000002,123.44000000000001,346.8,122.96,389.20000000000005,267.76,122.88,268.48,,,,,,,,,,,,,,,,438,0.9563318777292577,true,,,163.04000000000002,123.44000000000001,346.8,122.96,389.20000000000005,267.76,122.88,268.48
1,sset_01/tracknet-stride-1,static_shuttleset_homography,137,44854,45021,167,[],,163.04000000000002,123.44000000000001,346.8,122.96,389.20000000000005,267.76,122.88,268.48,,,,,,,,,,,,,,,,21,0.12574850299401197,false,,,163.04000000000002,123.44000000000001,346.8,122.96,389.20000000000005,267.76,122.88,268.48
1,sset_01/tracknet-stride-1,static_shuttleset_homography,138,45021,48267,3246,[],,163.04000000000002,123.44000000000001,346.8,122.96,389.20000000000005,267.76,122.88,268.48,,,,,,,,,,,,,,,,1100,0.33887861983980283,false,,,163.04000000000002,123.44000000000001,346.8,122.96,389.20000000000005,267.76,122.88,268.48
1,sset_01/tracknet-stride-1,static_shuttleset_homography,139,48267,48633,366,[],,163.04000000000002,123.44000000000001,346.8,122.96,389.20000000000005,267.76,122.88,268.48,,,,,,,,,,,,,,,,365,0.9972677595628415,true,,,163.04000000000002,123.44000000000001,346.8,122.96,389.20000000000005,267.76,122.88,268.48
1,sset_01/tracknet-stride-1,static_shuttleset_homography,140,48633,48955,322,[],,163.04000000000002,123.44000000000001,346.8,122.96,389.20000000000005,267.76,122.88,268.48,,,,,,,,,,,,,,,,63,0.1956521739130435,false,,,163.04000000000002,123.44000000000001,346.8,122.96,389.20000000000005,267.76,122.88,268.48
1,sset_01/tracknet-stride-1,static_shuttleset_homography,141,48955,49127,172,[],,163.04000000000002,123.44000000000001,346.8,122.96,389.20000000000005,267.76,122.88,268.48,,,,,,,,,,,,,,,,172,1.0,true,,,163.04000000000002,123.44000000000001,346.8,122.96,389.20000000000005,267.76,122.88,268.48
1,sset_01/tracknet-stride-1,static_shuttleset_homography,142,49127,49578,451,[],,163.04000000000002,123.44000000000001,346.8,122.96,389.20000000000005,267.76,122.88,268.48,,,,,,,,,,,,,,,,82,0.18181818181818182,false,,,163.04000000000002,123.44000000000001,346.8,122.96,389.20000000000005,267.76,122.88,268.48
1,sset_01/tracknet-stride-1,static_shuttleset_homography,143,49578,49744,166,[],,163.04000000000002,123.44000000000001,346.8,122.96,389.20000000000005,267.76,122.88,268.48,,,,,,,,,,,,,,,,166,1.0,true,,,163.04000000000002,123.44000000000001,346.8,122.96,389.20000000000005,267.76,122.88,268.48
1,sset_01/tracknet-stride-1,static_shuttleset_homography,144,49744,49782,38,[],,163.04000000000002,123.44000000000001,346.8,122.96,389.20000000000005,267.76,122.88,268.48,,,,,,,,,,,,,,,,0,0.0,false,,,163.04000000000002,123.44000000000001,346.8,122.96,389.20000000000005,267.76,122.88,268.48
1,sset_01/tracknet-stride-1,static_shuttleset_homography,145,49782,49851,69,[],,163.04000000000002,123.44000000000001,346.8,122.96,389.20000000000005,267.76,122.88,268.48,,,,,,,,,,,,,,,,2,0.028985507246376812,false,,,163.04000000000002,123.44000000000001,346.8,122.96,389.20000000000005,267.76,122.88,268.48
1,sset_01/tracknet-stride-1,static_shuttleset_homography,146,49851,49940,89,[],,163.04000000000002,123.44000000000001,346.8,122.96,389.20000000000005,267.76,122.88,268.48,,,,,,,,,,,,,,,,0,0.0,false,,,163.04000000000002,123.44000000000001,346.8,122.96,389.20000000000005,267.76,122.88,268.48
1,sset_01/tracknet-stride-1,static_shuttleset_homography,147,49940,50014,74,[],,163.04000000000002,123.44000000000001,346.8,122.96,389.20000000000005,267.76,122.88,268.48,,,,,,,,,,,,,,,,2,0.02702702702702703,false,,,163.04000000000002,123.44000000000001,346.8,122.96,389.20000000000005,267.76,122.88,268.48
1,sset_01/tracknet-stride-1,static_shuttleset_homography,148,50014,50116,102,[],,163.04000000000002,123.44000000000001,346.8,122.96,389.20000000000005,267.76,122.88,268.48,,,,,,,,,,,,,,,,102,1.0,true,,,163.04000000000002,123.44000000000001,346.8,122.96,389.20000000000005,267.76,122.88,268.48
1,sset_01/tracknet-stride-1,static_shuttleset_homography,149,50116,50294,178,[],,163.04000000000002,123.44000000000001,346.8,122.96,389.20000000000005,267.76,122.88,268.48,,,,,,,,,,,,,,,,4,0.02247191011235955,false,,,163.04000000000002,123.44000000000001,346.8,122.96,389.20000000000005,267.76,122.88,268.48
1,sset_01/tracknet-stride-1,static_shuttleset_homography,150,50294,50412,118,[],,163.04000000000002,123.44000000000001,346.8,122.96,389.20000000000005,267.76,122.88,268.48,,,,,,,,,,,,,,,,117,0.9915254237288136,true,,,163.04000000000002,123.44000000000001,346.8,122.96,389.20000000000005,267.76,122.88,268.48
1,sset_01/tracknet-stride-1,static_shuttleset_homography,151,50412,50683,271,[],,163.04000000000002,123.44000000000001,346.8,122.96,389.20000000000005,267.76,122.88,268.48,,,,,,,,,,,,,,,,15,0.055350553505535055,false,,,163.04000000000002,123.44000000000001,346.8,122.96,389.20000000000005,267.76,122.88,268.48
1,sset_01/tracknet-stride-1,static_shuttleset_homography,152,50683,50822,139,[],,163.04000000000002,123.44000000000001,346.8,122.96,389.20000000000005,267.76,122.88,268.48,,,,,,,,,,,,,,,,128,0.920863309352518,true,,,163.04000000000002,123.44000000000001,346.8,122.96,389.20000000000005,267.76,122.88,268.48
1,sset_01/tracknet-stride-1,static_shuttleset_homography,153,50822,50853,31,[],,163.04000000000002,123.44000000000001,346.8,122.96,389.20000000000005,267.76,122.88,268.48,,,,,,,,,,,,,,,,0,0.0,false,,,163.04000000000002,123.44000000000001,346.8,122.96,389.20000000000005,267.76,122.88,268.48
1,sset_01/tracknet-stride-1,static_shuttleset_homography,154,50853,50944,91,[],,163.04000000000002,123.44000000000001,346.8,122.96,389.20000000000005,267.76,122.88,268.48,,,,,,,,,,,,,,,,91,1.0,true,,,163.04000000000002,123.44000000000001,346.8,122.96,389.20000000000005,267.76,122.88,268.48
1,sset_01/tracknet-stride-1,static_shuttleset_homography,155,50944,51019,75,[],,163.04000000000002,123.44000000000001,346.8,122.96,389.20000000000005,267.76,122.88,268.48,,,,,,,,,,,,,,,,2,0.02666666666666667,false,,,163.04000000000002,123.44000000000001,346.8,122.96,389.20000000000005,267.76,122.88,268.48
1,sset_01/tracknet-stride-1,static_shuttleset_homography,156,51019,51248,229,[],,163.04000000000002,123.44000000000001,346.8,122.96,389.20000000000005,267.76,122.88,268.48,,,,,,,,,,,,,,,,24,0.10480349344978165,false,,,163.04000000000002,123.44000000000001,346.8,122.96,389.20000000000005,267.76,122.88,268.48
1,sset_01/tracknet-stride-1,static_shuttleset_homography,157,51248,51734,486,[],,163.04000000000002,123.44000000000001,346.8,122.96,389.20000000000005,267.76,122.88,268.48,,,,,,,,,,,,,,,,472,0.9711934156378601,true,,,163.04000000000002,123.44000000000001,346.8,122.96,389.20000000000005,267.76,122.88,268.48
1,sset_01/tracknet-stride-1,static_shuttleset_homography,158,51734,51799,65,[],,163.04000000000002,123.44000000000001,346.8,122.96,389.20000000000005,267.76,122.88,268.48,,,,,,,,,,,,,,,,0,0.0,false,,,163.04000000000002,123.44000000000001,346.8,122.96,389.20000000000005,267.76,122.88,268.48
1,sset_01/tracknet-stride-1,static_shuttleset_homography,159,51799,52397,598,[],,163.04000000000002,123.44000000000001,346.8,122.96,389.20000000000005,267.76,122.88,268.48,,,,,,,,,,,,,,,,87,0.1454849498327759,false,,,163.04000000000002,123.44000000000001,346.8,122.96,389.20000000000005,267.76,122.88,268.48
1,sset_01/tracknet-stride-1,static_shuttleset_homography,160,52397,52521,124,[],,163.04000000000002,123.44000000000001,346.8,122.96,389.20000000000005,267.76,122.88,268.48,,,,,,,,,,,,,,,,124,1.0,true,,,163.04000000000002,123.44000000000001,346.8,122.96,389.20000000000005,267.76,122.88,268.48
1,sset_01/tracknet-stride-1,static_shuttleset_homography,161,52521,52732,211,[],,163.04000000000002,123.44000000000001,346.8,122.96,389.20000000000005,267.76,122.88,268.48,,,,,,,,,,,,,,,,0,0.0,false,,,163.04000000000002,123.44000000000001,346.8,122.96,389.20000000000005,267.76,122.88,268.48
1,sset_01/tracknet-stride-1,static_shuttleset_homography,162,52732,53731,999,[],,163.04000000000002,123.44000000000001,346.8,122.96,389.20000000000005,267.76,122.88,268.48,,,,,,,,,,,,,,,,985,0.985985985985986,true,,,163.04000000000002,123.44000000000001,346.8,122.96,389.20000000000005,267.76,122.88,268.48
1,sset_01/tracknet-stride-1,static_shuttleset_homography,163,53731,54650,919,[],,163.04000000000002,123.44000000000001,346.8,122.96,389.20000000000005,267.76,122.88,268.48,,,,,,,,,,,,,,,,65,0.07072905331882481,false,,,163.04000000000002,123.44000000000001,346.8,122.96,389.20000000000005,267.76,122.88,268.48
1,sset_01/tracknet-stride-1,static_shuttleset_homography,164,54650,54984,334,[],,163.04000000000002,123.44000000000001,346.8,122.96,389.20000000000005,267.76,122.88,268.48,,,,,,,,,,,,,,,,1,0.0029940119760479044,false,,,163.04000000000002,123.44000000000001,346.8,122.96,389.20000000000005,267.76,122.88,268.48
1,sset_01/tracknet-stride-1,static_shuttleset_homography,165,54984,55065,81,[],,163.04000000000002,123.44000000000001,346.8,122.96,389.20000000000005,267.76,122.88,268.48,,,,,,,,,,,,,,,,0,0.0,false,,,163.04000000000002,123.44000000000001,346.8,122.96,389.20000000000005,267.76,122.88,268.48
1,sset_01/tracknet-stride-1,static_shuttleset_homography,166,55065,55463,398,[],,163.04000000000002,123.44000000000001,346.8,122.96,389.20000000000005,267.76,122.88,268.48,,,,,,,,,,,,,,,,389,0.9773869346733668,true,,,163.04000000000002,123.44000000000001,346.8,122.96,389.20000000000005,267.76,122.88,268.48
1,sset_01/tracknet-stride-1,static_shuttleset_homography,167,55463,55656,193,[],,163.04000000000002,123.44000000000001,346.8,122.96,389.20000000000005,267.76,122.88,268.48,,,,,,,,,,,,,,,,36,0.18652849740932642,false,,,163.04000000000002,123.44000000000001,346.8,122.96,389.20000000000005,267.76,122.88,268.48
1,sset_01/tracknet-stride-1,static_shuttleset_homography,168,55656,56431,775,[],,163.04000000000002,123.44000000000001,346.8,122.96,389.20000000000005,267.76,122.88,268.48,,,,,,,,,,,,,,,,573,0.7393548387096774,true,,,163.04000000000002,123.44000000000001,346.8,122.96,389.20000000000005,267.76,122.88,268.48
1,sset_01/tracknet-stride-1,static_shuttleset_homography,169,56431,56647,216,[],,163.04000000000002,123.44000000000001,346.8,122.96,389.20000000000005,267.76,122.88,268.48,,,,,,,,,,,,,,,,10,0.046296296296296294,false,,,163.04000000000002,123.44000000000001,346.8,122.96,389.20000000000005,267.76,122.88,268.48
1,sset_01/tracknet-stride-1,static_shuttleset_homography,170,56647,56784,137,[],,163.04000000000002,123.44000000000001,346.8,122.96,389.20000000000005,267.76,122.88,268.48,,,,,,,,,,,,,,,,0,0.0,false,,,163.04000000000002,123.44000000000001,346.8,122.96,389.20000000000005,267.76,122.88,268.48
1,sset_01/tracknet-stride-1,static_shuttleset_homography,171,56784,57065,281,[],,163.04000000000002,123.44000000000001,346.8,122.96,389.20000000000005,267.76,122.88,268.48,,,,,,,,,,,,,,,,260,0.9252669039145908,true,,,163.04000000000002,123.44000000000001,346.8,122.96,389.20000000000005,267.76,122.88,268.48
1,sset_01/tracknet-stride-1,static_shuttleset_homography,172,57065,57105,40,[],,163.04000000000002,123.44000000000001,346.8,122.96,389.20000000000005,267.76,122.88,268.48,,,,,,,,,,,,,,,,0,0.0,false,,,163.04000000000002,123.44000000000001,346.8,122.96,389.20000000000005,267.76,122.88,268.48
1,sset_01/tracknet-stride-1,static_shuttleset_homography,173,57105,57212,107,[],,163.04000000000002,123.44000000000001,346.8,122.96,389.20000000000005,267.76,122.88,268.48,,,,,,,,,,,,,,,,105,0.9813084112149533,true,,,163.04000000000002,123.44000000000001,346.8,122.96,389.20000000000005,267.76,122.88,268.48
1,sset_01/tracknet-stride-1,static_shuttleset_homography,174,57212,57266,54,[],,163.04000000000002,123.44000000000001,346.8,122.96,389.20000000000005,267.76,122.88,268.48,,,,,,,,,,,,,,,,53,0.9814814814814815,true,,,163.04000000000002,123.44000000000001,346.8,122.96,389.20000000000005,267.76,122.88,268.48
1,sset_01/tracknet-stride-1,static_shuttleset_homography,175,57266,57511,245,[],,163.04000000000002,123.44000000000001,346.8,122.96,389.20000000000005,267.76,122.88,268.48,,,,,,,,,,,,,,,,9,0.036734693877551024,false,,,163.04000000000002,123.44000000000001,346.8,122.96,389.20000000000005,267.76,122.88,268.48
1,sset_01/tracknet-stride-1,static_shuttleset_homography,176,57511,57878,367,[],,163.04000000000002,123.44000000000001,346.8,122.96,389.20000000000005,267.76,122.88,268.48,,,,,,,,,,,,,,,,0,0.0,false,,,163.04000000000002,123.44000000000001,346.8,122.96,389.20000000000005,267.76,122.88,268.48
1,sset_01/tracknet-stride-1,static_shuttleset_homography,177,57878,57943,65,[],,163.04000000000002,123.44000000000001,346.8,122.96,389.20000000000005,267.76,122.88,268.48,,,,,,,,,,,,,,,,0,0.0,false,,,163.04000000000002,123.44000000000001,346.8,122.96,389.20000000000005,267.76,122.88,268.48
1,sset_01/tracknet-stride-1,static_shuttleset_homography,178,57943,58146,203,[],,163.04000000000002,123.44000000000001,346.8,122.96,389.20000000000005,267.76,122.88,268.48,,,,,,,,,,,,,,,,197,0.9704433497536946,true,,,163.04000000000002,123.44000000000001,346.8,122.96,389.20000000000005,267.76,122.88,268.48
1,sset_01/tracknet-stride-1,static_shuttleset_homography,179,58146,58479,333,[],,163.04000000000002,123.44000000000001,346.8,122.96,389.20000000000005,267.76,122.88,268.48,,,,,,,,,,,,,,,,36,0.10810810810810811,false,,,163.04000000000002,123.44000000000001,346.8,122.96,389.20000000000005,267.76,122.88,268.48
1,sset_01/tracknet-stride-1,static_shuttleset_homography,180,58479,58783,304,[],,163.04000000000002,123.44000000000001,346.8,122.96,389.20000000000005,267.76,122.88,268.48,,,,,,,,,,,,,,,,8,0.02631578947368421,false,,,163.04000000000002,123.44000000000001,346.8,122.96,389.20000000000005,267.76,122.88,268.48
1,sset_01/tracknet-stride-1,static_shuttleset_homography,181,58783,59031,248,[],,163.04000000000002,123.44000000000001,346.8,122.96,389.20000000000005,267.76,122.88,268.48,,,,,,,,,,,,,,,,246,0.9919354838709677,true,,,163.04000000000002,123.44000000000001,346.8,122.96,389.20000000000005,267.76,122.88,268.48
1,sset_01/tracknet-stride-1,static_shuttleset_homography,182,59031,59264,233,[],,163.04000000000002,123.44000000000001,346.8,122.96,389.20000000000005,267.76,122.88,268.48,,,,,,,,,,,,,,,,47,0.2017167381974249,false,,,163.04000000000002,123.44000000000001,346.8,122.96,389.20000000000005,267.76,122.88,268.48
1,sset_01/tracknet-stride-1,static_shuttleset_homography,183,59264,59642,378,[],,163.04000000000002,123.44000000000001,346.8,122.96,389.20000000000005,267.76,122.88,268.48,,,,,,,,,,,,,,,,282,0.746031746031746,true,,,163.04000000000002,123.44000000000001,346.8,122.96,389.20000000000005,267.76,122.88,268.48
1,sset_01/tracknet-stride-1,static_shuttleset_homography,184,59642,59828,186,[],,163.04000000000002,123.44000000000001,346.8,122.96,389.20000000000005,267.76,122.88,268.48,,,,,,,,,,,,,,,,9,0.04838709677419355,false,,,163.04000000000002,123.44000000000001,346.8,122.96,389.20000000000005,267.76,122.88,268.48
1,sset_01/tracknet-stride-1,static_shuttleset_homography,185,59828,59957,129,[],,163.04000000000002,123.44000000000001,346.8,122.96,389.20000000000005,267.76,122.88,268.48,,,,,,,,,,,,,,,,0,0.0,false,,,163.04000000000002,123.44000000000001,346.8,122.96,389.20000000000005,267.76,122.88,268.48
1,sset_01/tracknet-stride-1,static_shuttleset_homography,186,59957,60294,337,[],,163.04000000000002,123.44000000000001,346.8,122.96,389.20000000000005,267.76,122.88,268.48,,,,,,,,,,,,,,,,332,0.9851632047477745,true,,,163.04000000000002,123.44000000000001,346.8,122.96,389.20000000000005,267.76,122.88,268.48
1,sset_01/tracknet-stride-1,static_shuttleset_homography,187,60294,60872,578,[],,163.04000000000002,123.44000000000001,346.8,122.96,389.20000000000005,267.76,122.88,268.48,,,,,,,,,,,,,,,,273,0.47231833910034604,false,,,163.04000000000002,123.44000000000001,346.8,122.96,389.20000000000005,267.76,122.88,268.48
1,sset_01/tracknet-stride-1,static_shuttleset_homography,188,60872,62706,1834,[],,163.04000000000002,123.44000000000001,346.8,122.96,389.20000000000005,267.76,122.88,268.48,,,,,,,,,,,,,,,,111,0.06052344601962922,false,,,163.04000000000002,123.44000000000001,346.8,122.96,389.20000000000005,267.76,122.88,268.48
1,sset_01/tracknet-stride-1,static_shuttleset_homography,189,62706,63116,410,[],,163.04000000000002,123.44000000000001,346.8,122.96,389.20000000000005,267.76,122.88,268.48,,,,,,,,,,,,,,,,406,0.9902439024390244,true,,,163.04000000000002,123.44000000000001,346.8,122.96,389.20000000000005,267.76,122.88,268.48
1,sset_01/tracknet-stride-1,static_shuttleset_homography,190,63116,63473,357,[],,163.04000000000002,123.44000000000001,346.8,122.96,389.20000000000005,267.76,122.88,268.48,,,,,,,,,,,,,,,,2,0.0056022408963585435,false,,,163.04000000000002,123.44000000000001,346.8,122.96,389.20000000000005,267.76,122.88,268.48
1,sset_01/tracknet-stride-1,static_shuttleset_homography,191,63473,63580,107,[],,163.04000000000002,123.44000000000001,346.8,122.96,389.20000000000005,267.76,122.88,268.48,,,,,,,,,,,,,,,,0,0.0,false,,,163.04000000000002,123.44000000000001,346.8,122.96,389.20000000000005,267.76,122.88,268.48
1,sset_01/tracknet-stride-1,static_shuttleset_homography,192,63580,63694,114,[],,163.04000000000002,123.44000000000001,346.8,122.96,389.20000000000005,267.76,122.88,268.48,,,,,,,,,,,,,,,,1,0.008771929824561403,false,,,163.04000000000002,123.44000000000001,346.8,122.96,389.20000000000005,267.76,122.88,268.48
1,sset_01/tracknet-stride-1,static_shuttleset_homography,193,63694,64269,575,[],,163.04000000000002,123.44000000000001,346.8,122.96,389.20000000000005,267.76,122.88,268.48,,,,,,,,,,,,,,,,575,1.0,true,,,163.04000000000002,123.44000000000001,346.8,122.96,389.20000000000005,267.76,122.88,268.48
1,sset_01/tracknet-stride-1,static_shuttleset_homography,194,64269,64483,214,[],,163.04000000000002,123.44000000000001,346.8,122.96,389.20000000000005,267.76,122.88,268.48,,,,,,,,,,,,,,,,62,0.2897196261682243,false,,,163.04000000000002,123.44000000000001,346.8,122.96,389.20000000000005,267.76,122.88,268.48
1,sset_01/tracknet-stride-1,static_shuttleset_homography,195,64483,64793,310,[],,163.04000000000002,123.44000000000001,346.8,122.96,389.20000000000005,267.76,122.88,268.48,,,,,,,,,,,,,,,,231,0.7451612903225806,true,,,163.04000000000002,123.44000000000001,346.8,122.96,389.20000000000005,267.76,122.88,268.48
1,sset_01/tracknet-stride-1,static_shuttleset_homography,196,64793,64828,35,[],,163.04000000000002,123.44000000000001,346.8,122.96,389.20000000000005,267.76,122.88,268.48,,,,,,,,,,,,,,,,7,0.2,false,,,163.04000000000002,123.44000000000001,346.8,122.96,389.20000000000005,267.76,122.88,268.48
1,sset_01/tracknet-stride-1,static_shuttleset_homography,197,64828,65519,691,[],,163.04000000000002,123.44000000000001,346.8,122.96,389.20000000000005,267.76,122.88,268.48,,,,,,,,,,,,,,,,541,0.7829232995658466,true,,,163.04000000000002,123.44000000000001,346.8,122.96,389.20000000000005,267.76,122.88,268.48
1,sset_01/tracknet-stride-1,static_shuttleset_homography,198,65519,65599,80,[],,163.04000000000002,123.44000000000001,346.8,122.96,389.20000000000005,267.76,122.88,268.48,,,,,,,,,,,,,,,,3,0.0375,false,,,163.04000000000002,123.44000000000001,346.8,122.96,389.20000000000005,267.76,122.88,268.48
1,sset_01/tracknet-stride-1,static_shuttleset_homography,199,65599,65969,370,[],,163.04000000000002,123.44000000000001,346.8,122.96,389.20000000000005,267.76,122.88,268.48,,,,,,,,,,,,,,,,138,0.372972972972973,false,,,163.04000000000002,123.44000000000001,346.8,122.96,389.20000000000005,267.76,122.88,268.48
1,sset_01/tracknet-stride-1,static_shuttleset_homography,200,65969,66211,242,[],,163.04000000000002,123.44000000000001,346.8,122.96,389.20000000000005,267.76,122.88,268.48,,,,,,,,,,,,,,,,242,1.0,true,,,163.04000000000002,123.44000000000001,346.8,122.96,389.20000000000005,267.76,122.88,268.48
1,sset_01/tracknet-stride-1,static_shuttleset_homography,201,66211,66242,31,[],,163.04000000000002,123.44000000000001,346.8,122.96,389.20000000000005,267.76,122.88,268.48,,,,,,,,,,,,,,,,0,0.0,false,,,163.04000000000002,123.44000000000001,346.8,122.96,389.20000000000005,267.76,122.88,268.48
1,sset_01/tracknet-stride-1,static_shuttleset_homography,202,66242,66309,67,[],,163.04000000000002,123.44000000000001,346.8,122.96,389.20000000000005,267.76,122.88,268.48,,,,,,,,,,,,,,,,67,1.0,true,,,163.04000000000002,123.44000000000001,346.8,122.96,389.20000000000005,267.76,122.88,268.48
1,sset_01/tracknet-stride-1,static_shuttleset_homography,203,66309,66430,121,[],,163.04000000000002,123.44000000000001,346.8,122.96,389.20000000000005,267.76,122.88,268.48,,,,,,,,,,,,,,,,1,0.008264462809917356,false,,,163.04000000000002,123.44000000000001,346.8,122.96,389.20000000000005,267.76,122.88,268.48
1,sset_01/tracknet-stride-1,static_shuttleset_homography,204,66430,66711,281,[],,163.04000000000002,123.44000000000001,346.8,122.96,389.20000000000005,267.76,122.88,268.48,,,,,,,,,,,,,,,,5,0.017793594306049824,false,,,163.04000000000002,123.44000000000001,346.8,122.96,389.20000000000005,267.76,122.88,268.48
1,sset_01/tracknet-stride-1,static_shuttleset_homography,205,66711,66954,243,[],,163.04000000000002,123.44000000000001,346.8,122.96,389.20000000000005,267.76,122.88,268.48,,,,,,,,,,,,,,,,233,0.9588477366255144,true,,,163.04000000000002,123.44000000000001,346.8,122.96,389.20000000000005,267.76,122.88,268.48
1,sset_01/tracknet-stride-1,static_shuttleset_homography,206,66954,66988,34,[],,163.04000000000002,123.44000000000001,346.8,122.96,389.20000000000005,267.76,122.88,268.48,,,,,,,,,,,,,,,,0,0.0,false,,,163.04000000000002,123.44000000000001,346.8,122.96,389.20000000000005,267.76,122.88,268.48
1,sset_01/tracknet-stride-1,static_shuttleset_homography,207,66988,67604,616,[],,163.04000000000002,123.44000000000001,346.8,122.96,389.20000000000005,267.76,122.88,268.48,,,,,,,,,,,,,,,,19,0.030844155844155844,false,,,163.04000000000002,123.44000000000001,346.8,122.96,389.20000000000005,267.76,122.88,268.48
1,sset_01/tracknet-stride-1,static_shuttleset_homography,208,67604,68722,1118,[],,163.04000000000002,123.44000000000001,346.8,122.96,389.20000000000005,267.76,122.88,268.48,,,,,,,,,,,,,,,,1096,0.9803220035778175,true,,,163.04000000000002,123.44000000000001,346.8,122.96,389.20000000000005,267.76,122.88,268.48
1,sset_01/tracknet-stride-1,static_shuttleset_homography,209,68722,69267,545,[],,163.04000000000002,123.44000000000001,346.8,122.96,389.20000000000005,267.76,122.88,268.48,,,,,,,,,,,,,,,,104,0.1908256880733945,false,,,163.04000000000002,123.44000000000001,346.8,122.96,389.20000000000005,267.76,122.88,268.48
1,sset_01/tracknet-stride-1,static_shuttleset_homography,210,69267,69833,566,[],,163.04000000000002,123.44000000000001,346.8,122.96,389.20000000000005,267.76,122.88,268.48,,,,,,,,,,,,,,,,102,0.18021201413427562,false,,,163.04000000000002,123.44000000000001,346.8,122.96,389.20000000000005,267.76,122.88,268.48
1,sset_01/tracknet-stride-1,static_shuttleset_homography,211,69833,70144,311,[],,163.04000000000002,123.44000000000001,346.8,122.96,389.20000000000005,267.76,122.88,268.48,,,,,,,,,,,,,,,,0,0.0,false,,,163.04000000000002,123.44000000000001,346.8,122.96,389.20000000000005,267.76,122.88,268.48
1,sset_01/tracknet-stride-1,static_shuttleset_homography,212,70144,70488,344,[],,163.04000000000002,123.44000000000001,346.8,122.96,389.20000000000005,267.76,122.88,268.48,,,,,,,,,,,,,,,,337,0.9796511627906976,true,,,163.04000000000002,123.44000000000001,346.8,122.96,389.20000000000005,267.76,122.88,268.48
1,sset_01/tracknet-stride-1,static_shuttleset_homography,213,70488,70511,23,[],,163.04000000000002,123.44000000000001,346.8,122.96,389.20000000000005,267.76,122.88,268.48,,,,,,,,,,,,,,,,1,0.043478260869565216,false,,,163.04000000000002,123.44000000000001,346.8,122.96,389.20000000000005,267.76,122.88,268.48
1,sset_01/tracknet-stride-1,static_shuttleset_homography,214,70511,71004,493,[],,163.04000000000002,123.44000000000001,346.8,122.96,389.20000000000005,267.76,122.88,268.48,,,,,,,,,,,,,,,,475,0.9634888438133874,true,,,163.04000000000002,123.44000000000001,346.8,122.96,389.20000000000005,267.76,122.88,268.48
1,sset_01/tracknet-stride-1,static_shuttleset_homography,215,71004,71064,60,[],,163.04000000000002,123.44000000000001,346.8,122.96,389.20000000000005,267.76,122.88,268.48,,,,,,,,,,,,,,,,1,0.016666666666666666,false,,,163.04000000000002,123.44000000000001,346.8,122.96,389.20000000000005,267.76,122.88,268.48
1,sset_01/tracknet-stride-1,static_shuttleset_homography,216,71064,71366,302,[],,163.04000000000002,123.44000000000001,346.8,122.96,389.20000000000005,267.76,122.88,268.48,,,,,,,,,,,,,,,,27,0.08940397350993377,false,,,163.04000000000002,123.44000000000001,346.8,122.96,389.20000000000005,267.76,122.88,268.48
1,sset_01/tracknet-stride-1,static_shuttleset_homography,217,71366,71534,168,[],,163.04000000000002,123.44000000000001,346.8,122.96,389.20000000000005,267.76,122.88,268.48,,,,,,,,,,,,,,,,54,0.32142857142857145,false,,,163.04000000000002,123.44000000000001,346.8,122.96,389.20000000000005,267.76,122.88,268.48
1,sset_01/tracknet-stride-1,static_shuttleset_homography,218,71534,71739,205,[],,163.04000000000002,123.44000000000001,346.8,122.96,389.20000000000005,267.76,122.88,268.48,,,,,,,,,,,,,,,,201,0.9804878048780488,true,,,163.04000000000002,123.44000000000001,346.8,122.96,389.20000000000005,267.76,122.88,268.48
1,sset_01/tracknet-stride-1,static_shuttleset_homography,219,71739,72014,275,[],,163.04000000000002,123.44000000000001,346.8,122.96,389.20000000000005,267.76,122.88,268.48,,,,,,,,,,,,,,,,4,0.014545454545454545,false,,,163.04000000000002,123.44000000000001,346.8,122.96,389.20000000000005,267.76,122.88,268.48
1,sset_01/tracknet-stride-1,static_shuttleset_homography,220,72014,72306,292,[],,163.04000000000002,123.44000000000001,346.8,122.96,389.20000000000005,267.76,122.88,268.48,,,,,,,,,,,,,,,,290,0.9931506849315068,true,,,163.04000000000002,123.44000000000001,346.8,122.96,389.20000000000005,267.76,122.88,268.48
1,sset_01/tracknet-stride-1,static_shuttleset_homography,221,72306,72448,142,[],,163.04000000000002,123.44000000000001,346.8,122.96,389.20000000000005,267.76,122.88,268.48,,,,,,,,,,,,,,,,1,0.007042253521126761,false,,,163.04000000000002,123.44000000000001,346.8,122.96,389.20000000000005,267.76,122.88,268.48
1,sset_01/tracknet-stride-1,static_shuttleset_homography,222,72448,72496,48,[],,163.04000000000002,123.44000000000001,346.8,122.96,389.20000000000005,267.76,122.88,268.48,,,,,,,,,,,,,,,,0,0.0,false,,,163.04000000000002,123.44000000000001,346.8,122.96,389.20000000000005,267.76,122.88,268.48
1,sset_01/tracknet-stride-1,static_shuttleset_homography,223,72496,72702,206,[],,163.04000000000002,123.44000000000001,346.8,122.96,389.20000000000005,267.76,122.88,268.48,,,,,,,,,,,,,,,,0,0.0,false,,,163.04000000000002,123.44000000000001,346.8,122.96,389.20000000000005,267.76,122.88,268.48
1,sset_01/tracknet-stride-1,static_shuttleset_homography,224,72702,72825,123,[],,163.04000000000002,123.44000000000001,346.8,122.96,389.20000000000005,267.76,122.88,268.48,,,,,,,,,,,,,,,,0,0.0,false,,,163.04000000000002,123.44000000000001,346.8,122.96,389.20000000000005,267.76,122.88,268.48
1,sset_01/tracknet-stride-1,static_shuttleset_homography,225,72825,73909,1084,[],,163.04000000000002,123.44000000000001,346.8,122.96,389.20000000000005,267.76,122.88,268.48,,,,,,,,,,,,,,,,1069,0.9861623616236163,true,,,163.04000000000002,123.44000000000001,346.8,122.96,389.20000000000005,267.76,122.88,268.48
1,sset_01/tracknet-stride-1,static_shuttleset_homography,226,73909,74275,366,[],,163.04000000000002,123.44000000000001,346.8,122.96,389.20000000000005,267.76,122.88,268.48,,,,,,,,,,,,,,,,1,0.00273224043715847,false,,,163.04000000000002,123.44000000000001,346.8,122.96,389.20000000000005,267.76,122.88,268.48
1,sset_01/tracknet-stride-1,static_shuttleset_homography,227,74275,74667,392,[],,163.04000000000002,123.44000000000001,346.8,122.96,389.20000000000005,267.76,122.88,268.48,,,,,,,,,,,,,,,,390,0.9948979591836735,true,,,163.04000000000002,123.44000000000001,346.8,122.96,389.20000000000005,267.76,122.88,268.48
1,sset_01/tracknet-stride-1,static_shuttleset_homography,228,74667,75051,384,[],,163.04000000000002,123.44000000000001,346.8,122.96,389.20000000000005,267.76,122.88,268.48,,,,,,,,,,,,,,,,29,0.07552083333333333,false,,,163.04000000000002,123.44000000000001,346.8,122.96,389.20000000000005,267.76,122.88,268.48
1,sset_01/tracknet-stride-1,static_shuttleset_homography,229,75051,75638,587,[],,163.04000000000002,123.44000000000001,346.8,122.96,389.20000000000005,267.76,122.88,268.48,,,,,,,,,,,,,,,,583,0.9931856899488927,true,,,163.04000000000002,123.44000000000001,346.8,122.96,389.20000000000005,267.76,122.88,268.48
1,sset_01/tracknet-stride-1,static_shuttleset_homography,230,75638,76565,927,[],,163.04000000000002,123.44000000000001,346.8,122.96,389.20000000000005,267.76,122.88,268.48,,,,,,,,,,,,,,,,191,0.20604099244875945,false,,,163.04000000000002,123.44000000000001,346.8,122.96,389.20000000000005,267.76,122.88,268.48
1,sset_01/tracknet-stride-1,static_shuttleset_homography,231,76565,76687,122,[],,163.04000000000002,123.44000000000001,346.8,122.96,389.20000000000005,267.76,122.88,268.48,,,,,,,,,,,,,,,,0,0.0,false,,,163.04000000000002,123.44000000000001,346.8,122.96,389.20000000000005,267.76,122.88,268.48
1,sset_01/tracknet-stride-1,static_shuttleset_homography,232,76687,76916,229,[],,163.04000000000002,123.44000000000001,346.8,122.96,389.20000000000005,267.76,122.88,268.48,,,,,,,,,,,,,,,,1,0.004366812227074236,false,,,163.04000000000002,123.44000000000001,346.8,122.96,389.20000000000005,267.76,122.88,268.48
1,sset_01/tracknet-stride-1,static_shuttleset_homography,233,76916,77151,235,[],,163.04000000000002,123.44000000000001,346.8,122.96,389.20000000000005,267.76,122.88,268.48,,,,,,,,,,,,,,,,226,0.9617021276595744,true,,,163.04000000000002,123.44000000000001,346.8,122.96,389.20000000000005,267.76,122.88,268.48
1,sset_01/tracknet-stride-1,static_shuttleset_homography,234,77151,77198,47,[],,163.04000000000002,123.44000000000001,346.8,122.96,389.20000000000005,267.76,122.88,268.48,,,,,,,,,,,,,,,,47,1.0,true,,,163.04000000000002,123.44000000000001,346.8,122.96,389.20000000000005,267.76,122.88,268.48
1,sset_01/tracknet-stride-1,static_shuttleset_homography,235,77198,77560,362,[],,163.04000000000002,123.44000000000001,346.8,122.96,389.20000000000005,267.76,122.88,268.48,,,,,,,,,,,,,,,,96,0.26519337016574585,false,,,163.04000000000002,123.44000000000001,346.8,122.96,389.20000000000005,267.76,122.88,268.48
1,sset_01/tracknet-stride-1,static_shuttleset_homography,236,77560,77653,93,[],,163.04000000000002,123.44000000000001,346.8,122.96,389.20000000000005,267.76,122.88,268.48,,,,,,,,,,,,,,,,0,0.0,false,,,163.04000000000002,123.44000000000001,346.8,122.96,389.20000000000005,267.76,122.88,268.48
1,sset_01/tracknet-stride-1,static_shuttleset_homography,237,77653,77745,92,[],,163.04000000000002,123.44000000000001,346.8,122.96,389.20000000000005,267.76,122.88,268.48,,,,,,,,,,,,,,,,0,0.0,false,,,163.04000000000002,123.44000000000001,346.8,122.96,389.20000000000005,267.76,122.88,268.48
1,sset_01/tracknet-stride-1,static_shuttleset_homography,238,77745,77933,188,[],,163.04000000000002,123.44000000000001,346.8,122.96,389.20000000000005,267.76,122.88,268.48,,,,,,,,,,,,,,,,184,0.9787234042553191,true,,,163.04000000000002,123.44000000000001,346.8,122.96,389.20000000000005,267.76,122.88,268.48
1,sset_01/tracknet-stride-1,static_shuttleset_homography,239,77933,78124,191,[],,163.04000000000002,123.44000000000001,346.8,122.96,389.20000000000005,267.76,122.88,268.48,,,,,,,,,,,,,,,,16,0.08376963350785341,false,,,163.04000000000002,123.44000000000001,346.8,122.96,389.20000000000005,267.76,122.88,268.48
1,sset_01/tracknet-stride-1,static_shuttleset_homography,240,78124,78221,97,[],,163.04000000000002,123.44000000000001,346.8,122.96,389.20000000000005,267.76,122.88,268.48,,,,,,,,,,,,,,,,0,0.0,false,,,163.04000000000002,123.44000000000001,346.8,122.96,389.20000000000005,267.76,122.88,268.48
1,sset_01/tracknet-stride-1,static_shuttleset_homography,241,78221,78783,562,[],,163.04000000000002,123.44000000000001,346.8,122.96,389.20000000000005,267.76,122.88,268.48,,,,,,,,,,,,,,,,554,0.9857651245551602,true,,,163.04000000000002,123.44000000000001,346.8,122.96,389.20000000000005,267.76,122.88,268.48
1,sset_01/tracknet-stride-1,static_shuttleset_homography,242,78783,79569,786,[],,163.04000000000002,123.44000000000001,346.8,122.96,389.20000000000005,267.76,122.88,268.48,,,,,,,,,,,,,,,,120,0.15267175572519084,false,,,163.04000000000002,123.44000000000001,346.8,122.96,389.20000000000005,267.76,122.88,268.48
1,sset_01/tracknet-stride-1,static_shuttleset_homography,243,79569,79771,202,[],,163.04000000000002,123.44000000000001,346.8,122.96,389.20000000000005,267.76,122.88,268.48,,,,,,,,,,,,,,,,0,0.0,false,,,163.04000000000002,123.44000000000001,346.8,122.96,389.20000000000005,267.76,122.88,268.48
1,sset_01/tracknet-stride-1,static_shuttleset_homography,244,79771,80612,841,[],,163.04000000000002,123.44000000000001,346.8,122.96,389.20000000000005,267.76,122.88,268.48,,,,,,,,,,,,,,,,830,0.9869203329369798,true,,,163.04000000000002,123.44000000000001,346.8,122.96,389.20000000000005,267.76,122.88,268.48
1,sset_01/tracknet-stride-1,static_shuttleset_homography,245,80612,80695,83,[],,163.04000000000002,123.44000000000001,346.8,122.96,389.20000000000005,267.76,122.88,268.48,,,,,,,,,,,,,,,,7,0.08433734939759036,false,,,163.04000000000002,123.44000000000001,346.8,122.96,389.20000000000005,267.76,122.88,268.48
1,sset_01/tracknet-stride-1,static_shuttleset_homography,246,80695,80811,116,[],,163.04000000000002,123.44000000000001,346.8,122.96,389.20000000000005,267.76,122.88,268.48,,,,,,,,,,,,,,,,0,0.0,false,,,163.04000000000002,123.44000000000001,346.8,122.96,389.20000000000005,267.76,122.88,268.48
1,sset_01/tracknet-stride-1,static_shuttleset_homography,247,80811,81860,1049,[],,163.04000000000002,123.44000000000001,346.8,122.96,389.20000000000005,267.76,122.88,268.48,,,,,,,,,,,,,,,,53,0.05052430886558627,false,,,163.04000000000002,123.44000000000001,346.8,122.96,389.20000000000005,267.76,122.88,268.48
1,sset_01/tracknet-stride-1,static_shuttleset_homography,248,81860,82374,514,[],,163.04000000000002,123.44000000000001,346.8,122.96,389.20000000000005,267.76,122.88,268.48,,,,,,,,,,,,,,,,25,0.048638132295719845,false,,,163.04000000000002,123.44000000000001,346.8,122.96,389.20000000000005,267.76,122.88,268.48
1,sset_01/tracknet-stride-1,static_shuttleset_homography,249,82374,82537,163,[],,163.04000000000002,123.44000000000001,346.8,122.96,389.20000000000005,267.76,122.88,268.48,,,,,,,,,,,,,,,,163,1.0,true,,,163.04000000000002,123.44000000000001,346.8,122.96,389.20000000000005,267.76,122.88,268.48
1,sset_01/tracknet-stride-1,static_shuttleset_homography,250,82537,83029,492,[],,163.04000000000002,123.44000000000001,346.8,122.96,389.20000000000005,267.76,122.88,268.48,,,,,,,,,,,,,,,,49,0.09959349593495935,false,,,163.04000000000002,123.44000000000001,346.8,122.96,389.20000000000005,267.76,122.88,268.48
1,sset_01/tracknet-stride-1,static_shuttleset_homography,251,83029,83392,363,[],,163.04000000000002,123.44000000000001,346.8,122.96,389.20000000000005,267.76,122.88,268.48,,,,,,,,,,,,,,,,6,0.01652892561983471,false,,,163.04000000000002,123.44000000000001,346.8,122.96,389.20000000000005,267.76,122.88,268.48
1,sset_01/tracknet-stride-1,static_shuttleset_homography,252,83392,83791,399,[],,163.04000000000002,123.44000000000001,346.8,122.96,389.20000000000005,267.76,122.88,268.48,,,,,,,,,,,,,,,,2,0.005012531328320802,false,,,163.04000000000002,123.44000000000001,346.8,122.96,389.20000000000005,267.76,122.88,268.48
1,sset_01/tracknet-stride-1,static_shuttleset_homography,253,83791,84717,926,[],,163.04000000000002,123.44000000000001,346.8,122.96,389.20000000000005,267.76,122.88,268.48,,,,,,,,,,,,,,,,907,0.9794816414686826,true,,,163.04000000000002,123.44000000000001,346.8,122.96,389.20000000000005,267.76,122.88,268.48
1,sset_01/tracknet-stride-1,static_shuttleset_homography,254,84717,84777,60,[],,163.04000000000002,123.44000000000001,346.8,122.96,389.20000000000005,267.76,122.88,268.48,,,,,,,,,,,,,,,,0,0.0,false,,,163.04000000000002,123.44000000000001,346.8,122.96,389.20000000000005,267.76,122.88,268.48
1,sset_01/tracknet-stride-1,static_shuttleset_homography,255,84777,85574,797,[],,163.04000000000002,123.44000000000001,346.8,122.96,389.20000000000005,267.76,122.88,268.48,,,,,,,,,,,,,,,,111,0.13927227101631118,false,,,163.04000000000002,123.44000000000001,346.8,122.96,389.20000000000005,267.76,122.88,268.48
1,sset_01/tracknet-stride-1,static_shuttleset_homography,256,85574,85799,225,[],,163.04000000000002,123.44000000000001,346.8,122.96,389.20000000000005,267.76,122.88,268.48,,,,,,,,,,,,,,,,0,0.0,false,,,163.04000000000002,123.44000000000001,346.8,122.96,389.20000000000005,267.76,122.88,268.48
1,sset_01/tracknet-stride-1,static_shuttleset_homography,257,85799,86214,415,[],,163.04000000000002,123.44000000000001,346.8,122.96,389.20000000000005,267.76,122.88,268.48,,,,,,,,,,,,,,,,410,0.9879518072289156,true,,,163.04000000000002,123.44000000000001,346.8,122.96,389.20000000000005,267.76,122.88,268.48
1,sset_01/tracknet-stride-1,static_shuttleset_homography,258,86214,87095,881,[],,163.04000000000002,123.44000000000001,346.8,122.96,389.20000000000005,267.76,122.88,268.48,,,,,,,,,,,,,,,,123,0.13961407491486946,false,,,163.04000000000002,123.44000000000001,346.8,122.96,389.20000000000005,267.76,122.88,268.48
1,sset_01/tracknet-stride-1,static_shuttleset_homography,259,87095,87558,463,[],,163.04000000000002,123.44000000000001,346.8,122.96,389.20000000000005,267.76,122.88,268.48,,,,,,,,,,,,,,,,434,0.937365010799136,true,,,163.04000000000002,123.44000000000001,346.8,122.96,389.20000000000005,267.76,122.88,268.48
1,sset_01/tracknet-stride-1,static_shuttleset_homography,260,87558,91066,3508,[],,163.04000000000002,123.44000000000001,346.8,122.96,389.20000000000005,267.76,122.88,268.48,,,,,,,,,,,,,,,,700,0.19954389965792474,false,,,163.04000000000002,123.44000000000001,346.8,122.96,389.20000000000005,267.76,122.88,268.48
1,sset_01/tracknet-stride-1,static_shuttleset_homography,261,91066,91156,90,[],,163.04000000000002,123.44000000000001,346.8,122.96,389.20000000000005,267.76,122.88,268.48,,,,,,,,,,,,,,,,0,0.0,false,,,163.04000000000002,123.44000000000001,346.8,122.96,389.20000000000005,267.76,122.88,268.48
1,sset_01/tracknet-stride-1,static_shuttleset_homography,262,91156,91305,149,[],,163.04000000000002,123.44000000000001,346.8,122.96,389.20000000000005,267.76,122.88,268.48,,,,,,,,,,,,,,,,145,0.9731543624161074,true,,,163.04000000000002,123.44000000000001,346.8,122.96,389.20000000000005,267.76,122.88,268.48
1,sset_01/tracknet-stride-1,static_shuttleset_homography,263,91305,91655,350,[],,163.04000000000002,123.44000000000001,346.8,122.96,389.20000000000005,267.76,122.88,268.48,,,,,,,,,,,,,,,,47,0.13428571428571429,false,,,163.04000000000002,123.44000000000001,346.8,122.96,389.20000000000005,267.76,122.88,268.48
1,sset_01/tracknet-stride-1,static_shuttleset_homography,264,91655,92012,357,[],,163.04000000000002,123.44000000000001,346.8,122.96,389.20000000000005,267.76,122.88,268.48,,,,,,,,,,,,,,,,355,0.9943977591036415,true,,,163.04000000000002,123.44000000000001,346.8,122.96,389.20000000000005,267.76,122.88,268.48
1,sset_01/tracknet-stride-1,static_shuttleset_homography,265,92012,92723,711,[],,163.04000000000002,123.44000000000001,346.8,122.96,389.20000000000005,267.76,122.88,268.48,,,,,,,,,,,,,,,,95,0.13361462728551335,false,,,163.04000000000002,123.44000000000001,346.8,122.96,389.20000000000005,267.76,122.88,268.48
1,sset_01/tracknet-stride-1,static_shuttleset_homography,266,92723,93151,428,[],,163.04000000000002,123.44000000000001,346.8,122.96,389.20000000000005,267.76,122.88,268.48,,,,,,,,,,,,,,,,419,0.9789719626168224,true,,,163.04000000000002,123.44000000000001,346.8,122.96,389.20000000000005,267.76,122.88,268.48
1,sset_01/tracknet-stride-1,static_shuttleset_homography,267,93151,93362,211,[],,163.04000000000002,123.44000000000001,346.8,122.96,389.20000000000005,267.76,122.88,268.48,,,,,,,,,,,,,,,,2,0.009478672985781991,false,,,163.04000000000002,123.44000000000001,346.8,122.96,389.20000000000005,267.76,122.88,268.48
1,sset_01/tracknet-stride-1,static_shuttleset_homography,268,93362,93543,181,[],,163.04000000000002,123.44000000000001,346.8,122.96,389.20000000000005,267.76,122.88,268.48,,,,,,,,,,,,,,,,3,0.016574585635359115,false,,,163.04000000000002,123.44000000000001,346.8,122.96,389.20000000000005,267.76,122.88,268.48
1,sset_01/tracknet-stride-1,static_shuttleset_homography,269,93543,93922,379,[],,163.04000000000002,123.44000000000001,346.8,122.96,389.20000000000005,267.76,122.88,268.48,,,,,,,,,,,,,,,,375,0.9894459102902374,true,,,163.04000000000002,123.44000000000001,346.8,122.96,389.20000000000005,267.76,122.88,268.48
1,sset_01/tracknet-stride-1,static_shuttleset_homography,270,93922,94814,892,[],,163.04000000000002,123.44000000000001,346.8,122.96,389.20000000000005,267.76,122.88,268.48,,,,,,,,,,,,,,,,83,0.0930493273542601,false,,,163.04000000000002,123.44000000000001,346.8,122.96,389.20000000000005,267.76,122.88,268.48
1,sset_01/tracknet-stride-1,static_shuttleset_homography,271,94814,95112,298,[],,163.04000000000002,123.44000000000001,346.8,122.96,389.20000000000005,267.76,122.88,268.48,,,,,,,,,,,,,,,,297,0.9966442953020134,true,,,163.04000000000002,123.44000000000001,346.8,122.96,389.20000000000005,267.76,122.88,268.48
1,sset_01/tracknet-stride-1,static_shuttleset_homography,272,95112,95442,330,[],,163.04000000000002,123.44000000000001,346.8,122.96,389.20000000000005,267.76,122.88,268.48,,,,,,,,,,,,,,,,66,0.2,false,,,163.04000000000002,123.44000000000001,346.8,122.96,389.20000000000005,267.76,122.88,268.48
1,sset_01/tracknet-stride-1,static_shuttleset_homography,273,95442,95598,156,[],,163.04000000000002,123.44000000000001,346.8,122.96,389.20000000000005,267.76,122.88,268.48,,,,,,,,,,,,,,,,20,0.1282051282051282,false,,,163.04000000000002,123.44000000000001,346.8,122.96,389.20000000000005,267.76,122.88,268.48
1,sset_01/tracknet-stride-1,static_shuttleset_homography,274,95598,95797,199,[],,163.04000000000002,123.44000000000001,346.8,122.96,389.20000000000005,267.76,122.88,268.48,,,,,,,,,,,,,,,,1,0.005025125628140704,false,,,163.04000000000002,123.44000000000001,346.8,122.96,389.20000000000005,267.76,122.88,268.48
1,sset_01/tracknet-stride-1,static_shuttleset_homography,275,95797,96643,846,[],,163.04000000000002,123.44000000000001,346.8,122.96,389.20000000000005,267.76,122.88,268.48,,,,,,,,,,,,,,,,838,0.9905437352245863,true,,,163.04000000000002,123.44000000000001,346.8,122.96,389.20000000000005,267.76,122.88,268.48
1,sset_01/tracknet-stride-1,static_shuttleset_homography,276,96643,96697,54,[],,163.04000000000002,123.44000000000001,346.8,122.96,389.20000000000005,267.76,122.88,268.48,,,,,,,,,,,,,,,,0,0.0,false,,,163.04000000000002,123.44000000000001,346.8,122.96,389.20000000000005,267.76,122.88,268.48
1,sset_01/tracknet-stride-1,static_shuttleset_homography,277,96697,96755,58,[],,163.04000000000002,123.44000000000001,346.8,122.96,389.20000000000005,267.76,122.88,268.48,,,,,,,,,,,,,,,,0,0.0,false,,,163.04000000000002,123.44000000000001,346.8,122.96,389.20000000000005,267.76,122.88,268.48
1,sset_01/tracknet-stride-1,static_shuttleset_homography,278,96755,96805,50,[],,163.04000000000002,123.44000000000001,346.8,122.96,389.20000000000005,267.76,122.88,268.48,,,,,,,,,,,,,,,,0,0.0,false,,,163.04000000000002,123.44000000000001,346.8,122.96,389.20000000000005,267.76,122.88,268.48
1,sset_01/tracknet-stride-1,static_shuttleset_homography,279,96805,97585,780,[],,163.04000000000002,123.44000000000001,346.8,122.96,389.20000000000005,267.76,122.88,268.48,,,,,,,,,,,,,,,,510,0.6538461538461539,true,,,163.04000000000002,123.44000000000001,346.8,122.96,389.20000000000005,267.76,122.88,268.48
1,sset_01/tracknet-stride-1,static_shuttleset_homography,280,97585,97926,341,[],,163.04000000000002,123.44000000000001,346.8,122.96,389.20000000000005,267.76,122.88,268.48,,,,,,,,,,,,,,,,52,0.15249266862170088,false,,,163.04000000000002,123.44000000000001,346.8,122.96,389.20000000000005,267.76,122.88,268.48
1,sset_01/tracknet-stride-1,static_shuttleset_homography,281,97926,98061,135,[],,163.04000000000002,123.44000000000001,346.8,122.96,389.20000000000005,267.76,122.88,268.48,,,,,,,,,,,,,,,,6,0.044444444444444446,false,,,163.04000000000002,123.44000000000001,346.8,122.96,389.20000000000005,267.76,122.88,268.48
1,sset_01/tracknet-stride-1,static_shuttleset_homography,282,98061,98485,424,[],,163.04000000000002,123.44000000000001,346.8,122.96,389.20000000000005,267.76,122.88,268.48,,,,,,,,,,,,,,,,420,0.9905660377358491,true,,,163.04000000000002,123.44000000000001,346.8,122.96,389.20000000000005,267.76,122.88,268.48
1,sset_01/tracknet-stride-1,static_shuttleset_homography,283,98485,98652,167,[],,163.04000000000002,123.44000000000001,346.8,122.96,389.20000000000005,267.76,122.88,268.48,,,,,,,,,,,,,,,,64,0.38323353293413176,false,,,163.04000000000002,123.44000000000001,346.8,122.96,389.20000000000005,267.76,122.88,268.48
1,sset_01/tracknet-stride-1,static_shuttleset_homography,284,98652,98715,63,[],,163.04000000000002,123.44000000000001,346.8,122.96,389.20000000000005,267.76,122.88,268.48,,,,,,,,,,,,,,,,0,0.0,false,,,163.04000000000002,123.44000000000001,346.8,122.96,389.20000000000005,267.76,122.88,268.48
1,sset_01/tracknet-stride-1,static_shuttleset_homography,285,98715,98917,202,[],,163.04000000000002,123.44000000000001,346.8,122.96,389.20000000000005,267.76,122.88,268.48,,,,,,,,,,,,,,,,27,0.13366336633663367,false,,,163.04000000000002,123.44000000000001,346.8,122.96,389.20000000000005,267.76,122.88,268.48
1,sset_01/tracknet-stride-1,static_shuttleset_homography,286,98917,99389,472,[],,163.04000000000002,123.44000000000001,346.8,122.96,389.20000000000005,267.76,122.88,268.48,,,,,,,,,,,,,,,,5,0.01059322033898305,false,,,163.04000000000002,123.44000000000001,346.8,122.96,389.20000000000005,267.76,122.88,268.48
1,sset_01/tracknet-stride-1,static_shuttleset_homography,287,99389,99607,218,[],,163.04000000000002,123.44000000000001,346.8,122.96,389.20000000000005,267.76,122.88,268.48,,,,,,,,,,,,,,,,9,0.04128440366972477,false,,,163.04000000000002,123.44000000000001,346.8,122.96,389.20000000000005,267.76,122.88,268.48
1,sset_01/tracknet-stride-1,static_shuttleset_homography,288,99607,99919,312,[],,163.04000000000002,123.44000000000001,346.8,122.96,389.20000000000005,267.76,122.88,268.48,,,,,,,,,,,,,,,,4,0.01282051282051282,false,,,163.04000000000002,123.44000000000001,346.8,122.96,389.20000000000005,267.76,122.88,268.48
1,sset_01/tracknet-stride-1,static_shuttleset_homography,289,99919,100368,449,[],,163.04000000000002,123.44000000000001,346.8,122.96,389.20000000000005,267.76,122.88,268.48,,,,,,,,,,,,,,,,442,0.9844097995545658,true,,,163.04000000000002,123.44000000000001,346.8,122.96,389.20000000000005,267.76,122.88,268.48
1,sset_01/tracknet-stride-1,static_shuttleset_homography,290,100368,100405,37,[],,163.04000000000002,123.44000000000001,346.8,122.96,389.20000000000005,267.76,122.88,268.48,,,,,,,,,,,,,,,,3,0.08108108108108109,false,,,163.04000000000002,123.44000000000001,346.8,122.96,389.20000000000005,267.76,122.88,268.48
1,sset_01/tracknet-stride-1,static_shuttleset_homography,291,100405,100516,111,[],,163.04000000000002,123.44000000000001,346.8,122.96,389.20000000000005,267.76,122.88,268.48,,,,,,,,,,,,,,,,104,0.9369369369369369,true,,,163.04000000000002,123.44000000000001,346.8,122.96,389.20000000000005,267.76,122.88,268.48
1,sset_01/tracknet-stride-1,static_shuttleset_homography,292,100516,100616,100,[],,163.04000000000002,123.44000000000001,346.8,122.96,389.20000000000005,267.76,122.88,268.48,,,,,,,,,,,,,,,,5,0.05,false,,,163.04000000000002,123.44000000000001,346.8,122.96,389.20000000000005,267.76,122.88,268.48
1,sset_01/tracknet-stride-1,static_shuttleset_homography,293,100616,100688,72,[],,163.04000000000002,123.44000000000001,346.8,122.96,389.20000000000005,267.76,122.88,268.48,,,,,,,,,,,,,,,,15,0.20833333333333334,false,,,163.04000000000002,123.44000000000001,346.8,122.96,389.20000000000005,267.76,122.88,268.48
1,sset_01/tracknet-stride-1,static_shuttleset_homography,294,100688,101132,444,[],,163.04000000000002,123.44000000000001,346.8,122.96,389.20000000000005,267.76,122.88,268.48,,,,,,,,,,,,,,,,38,0.08558558558558559,false,,,163.04000000000002,123.44000000000001,346.8,122.96,389.20000000000005,267.76,122.88,268.48
1,sset_01/tracknet-stride-1,static_shuttleset_homography,295,101132,101498,366,[],,163.04000000000002,123.44000000000001,346.8,122.96,389.20000000000005,267.76,122.88,268.48,,,,,,,,,,,,,,,,1,0.00273224043715847,false,,,163.04000000000002,123.44000000000001,346.8,122.96,389.20000000000005,267.76,122.88,268.48
1,sset_01/tracknet-stride-1,static_shuttleset_homography,296,101498,102120,622,[],,163.04000000000002,123.44000000000001,346.8,122.96,389.20000000000005,267.76,122.88,268.48,,,,,,,,,,,,,,,,620,0.9967845659163987,true,,,163.04000000000002,123.44000000000001,346.8,122.96,389.20000000000005,267.76,122.88,268.48
1,sset_01/tracknet-stride-1,static_shuttleset_homography,297,102120,102872,752,[],,163.04000000000002,123.44000000000001,346.8,122.96,389.20000000000005,267.76,122.88,268.48,,,,,,,,,,,,,,,,98,0.13031914893617022,false,,,163.04000000000002,123.44000000000001,346.8,122.96,389.20000000000005,267.76,122.88,268.48
1,sset_01/tracknet-stride-1,static_shuttleset_homography,298,102872,103029,157,[],,163.04000000000002,123.44000000000001,346.8,122.96,389.20000000000005,267.76,122.88,268.48,,,,,,,,,,,,,,,,0,0.0,false,,,163.04000000000002,123.44000000000001,346.8,122.96,389.20000000000005,267.76,122.88,268.48
1,sset_01/tracknet-stride-1,static_shuttleset_homography,299,103029,103417,388,[],,163.04000000000002,123.44000000000001,346.8,122.96,389.20000000000005,267.76,122.88,268.48,,,,,,,,,,,,,,,,386,0.9948453608247423,true,,,163.04000000000002,123.44000000000001,346.8,122.96,389.20000000000005,267.76,122.88,268.48
1,sset_01/tracknet-stride-1,static_shuttleset_homography,300,103417,103450,33,[],,163.04000000000002,123.44000000000001,346.8,122.96,389.20000000000005,267.76,122.88,268.48,,,,,,,,,,,,,,,,0,0.0,false,,,163.04000000000002,123.44000000000001,346.8,122.96,389.20000000000005,267.76,122.88,268.48
1,sset_01/tracknet-stride-1,static_shuttleset_homography,301,103450,103926,476,[],,163.04000000000002,123.44000000000001,346.8,122.96,389.20000000000005,267.76,122.88,268.48,,,,,,,,,,,,,,,,48,0.10084033613445378,false,,,163.04000000000002,123.44000000000001,346.8,122.96,389.20000000000005,267.76,122.88,268.48
1,sset_01/tracknet-stride-1,static_shuttleset_homography,302,103926,104099,173,[],,163.04000000000002,123.44000000000001,346.8,122.96,389.20000000000005,267.76,122.88,268.48,,,,,,,,,,,,,,,,172,0.9942196531791907,true,,,163.04000000000002,123.44000000000001,346.8,122.96,389.20000000000005,267.76,122.88,268.48
1,sset_01/tracknet-stride-1,static_shuttleset_homography,303,104099,104516,417,[],,163.04000000000002,123.44000000000001,346.8,122.96,389.20000000000005,267.76,122.88,268.48,,,,,,,,,,,,,,,,80,0.19184652278177458,false,,,163.04000000000002,123.44000000000001,346.8,122.96,389.20000000000005,267.76,122.88,268.48
1,sset_01/tracknet-stride-1,static_shuttleset_homography,304,104516,104685,169,[],,163.04000000000002,123.44000000000001,346.8,122.96,389.20000000000005,267.76,122.88,268.48,,,,,,,,,,,,,,,,167,0.9881656804733728,true,,,163.04000000000002,123.44000000000001,346.8,122.96,389.20000000000005,267.76,122.88,268.48
1,sset_01/tracknet-stride-1,static_shuttleset_homography,305,104685,104783,98,[],,163.04000000000002,123.44000000000001,346.8,122.96,389.20000000000005,267.76,122.88,268.48,,,,,,,,,,,,,,,,1,0.01020408163265306,false,,,163.04000000000002,123.44000000000001,346.8,122.96,389.20000000000005,267.76,122.88,268.48
1,sset_01/tracknet-stride-1,static_shuttleset_homography,306,104783,104887,104,[],,163.04000000000002,123.44000000000001,346.8,122.96,389.20000000000005,267.76,122.88,268.48,,,,,,,,,,,,,,,,0,0.0,false,,,163.04000000000002,123.44000000000001,346.8,122.96,389.20000000000005,267.76,122.88,268.48
1,sset_01/tracknet-stride-1,static_shuttleset_homography,307,104887,105158,271,[],,163.04000000000002,123.44000000000001,346.8,122.96,389.20000000000005,267.76,122.88,268.48,,,,,,,,,,,,,,,,0,0.0,false,,,163.04000000000002,123.44000000000001,346.8,122.96,389.20000000000005,267.76,122.88,268.48
1,sset_01/tracknet-stride-1,static_shuttleset_homography,308,105158,105291,133,[],,163.04000000000002,123.44000000000001,346.8,122.96,389.20000000000005,267.76,122.88,268.48,,,,,,,,,,,,,,,,0,0.0,false,,,163.04000000000002,123.44000000000001,346.8,122.96,389.20000000000005,267.76,122.88,268.48
1,sset_01/tracknet-stride-1,static_shuttleset_homography,309,105291,105479,188,[],,163.04000000000002,123.44000000000001,346.8,122.96,389.20000000000005,267.76,122.88,268.48,,,,,,,,,,,,,,,,187,0.9946808510638298,true,,,163.04000000000002,123.44000000000001,346.8,122.96,389.20000000000005,267.76,122.88,268.48
1,sset_01/tracknet-stride-1,static_shuttleset_homography,310,105479,105519,40,[],,163.04000000000002,123.44000000000001,346.8,122.96,389.20000000000005,267.76,122.88,268.48,,,,,,,,,,,,,,,,0,0.0,false,,,163.04000000000002,123.44000000000001,346.8,122.96,389.20000000000005,267.76,122.88,268.48
1,sset_01/tracknet-stride-1,static_shuttleset_homography,311,105519,105649,130,[],,163.04000000000002,123.44000000000001,346.8,122.96,389.20000000000005,267.76,122.88,268.48,,,,,,,,,,,,,,,,130,1.0,true,,,163.04000000000002,123.44000000000001,346.8,122.96,389.20000000000005,267.76,122.88,268.48
1,sset_01/tracknet-stride-1,static_shuttleset_homography,312,105649,105739,90,[],,163.04000000000002,123.44000000000001,346.8,122.96,389.20000000000005,267.76,122.88,268.48,,,,,,,,,,,,,,,,1,0.011111111111111112,false,,,163.04000000000002,123.44000000000001,346.8,122.96,389.20000000000005,267.76,122.88,268.48
1,sset_01/tracknet-stride-1,static_shuttleset_homography,313,105739,106165,426,[],,163.04000000000002,123.44000000000001,346.8,122.96,389.20000000000005,267.76,122.88,268.48,,,,,,,,,,,,,,,,58,0.13615023474178403,false,,,163.04000000000002,123.44000000000001,346.8,122.96,389.20000000000005,267.76,122.88,268.48
1,sset_01/tracknet-stride-1,static_shuttleset_homography,314,106165,106445,280,[],,163.04000000000002,123.44000000000001,346.8,122.96,389.20000000000005,267.76,122.88,268.48,,,,,,,,,,,,,,,,0,0.0,false,,,163.04000000000002,123.44000000000001,346.8,122.96,389.20000000000005,267.76,122.88,268.48
1,sset_01/tracknet-stride-1,static_shuttleset_homography,315,106445,106524,79,[],,163.04000000000002,123.44000000000001,346.8,122.96,389.20000000000005,267.76,122.88,268.48,,,,,,,,,,,,,,,,0,0.0,false,,,163.04000000000002,123.44000000000001,346.8,122.96,389.20000000000005,267.76,122.88,268.48
1,sset_01/tracknet-stride-1,static_shuttleset_homography,316,106524,106596,72,[],,163.04000000000002,123.44000000000001,346.8,122.96,389.20000000000005,267.76,122.88,268.48,,,,,,,,,,,,,,,,71,0.9861111111111112,true,,,163.04000000000002,123.44000000000001,346.8,122.96,389.20000000000005,267.76,122.88,268.48
1,sset_01/tracknet-stride-1,static_shuttleset_homography,317,106596,106731,135,[],,163.04000000000002,123.44000000000001,346.8,122.96,389.20000000000005,267.76,122.88,268.48,,,,,,,,,,,,,,,,27,0.2,false,,,163.04000000000002,123.44000000000001,346.8,122.96,389.20000000000005,267.76,122.88,268.48
1,sset_01/tracknet-stride-1,static_shuttleset_homography,318,106731,107166,435,[],,163.04000000000002,123.44000000000001,346.8,122.96,389.20000000000005,267.76,122.88,268.48,,,,,,,,,,,,,,,,362,0.832183908045977,true,,,163.04000000000002,123.44000000000001,346.8,122.96,389.20000000000005,267.76,122.88,268.48
1,sset_01/tracknet-stride-1,static_shuttleset_homography,319,107166,107583,417,[],,163.04000000000002,123.44000000000001,346.8,122.96,389.20000000000005,267.76,122.88,268.48,,,,,,,,,,,,,,,,1,0.002398081534772182,false,,,163.04000000000002,123.44000000000001,346.8,122.96,389.20000000000005,267.76,122.88,268.48
1,sset_01/tracknet-stride-1,static_shuttleset_homography,320,107583,107960,377,[],,163.04000000000002,123.44000000000001,346.8,122.96,389.20000000000005,267.76,122.88,268.48,,,,,,,,,,,,,,,,369,0.9787798408488063,true,,,163.04000000000002,123.44000000000001,346.8,122.96,389.20000000000005,267.76,122.88,268.48
1,sset_01/tracknet-stride-1,static_shuttleset_homography,321,107960,108307,347,[],,163.04000000000002,123.44000000000001,346.8,122.96,389.20000000000005,267.76,122.88,268.48,,,,,,,,,,,,,,,,0,0.0,false,,,163.04000000000002,123.44000000000001,346.8,122.96,389.20000000000005,267.76,122.88,268.48
1,sset_01/tracknet-stride-1,static_shuttleset_homography,322,108307,108391,84,[],,163.04000000000002,123.44000000000001,346.8,122.96,389.20000000000005,267.76,122.88,268.48,,,,,,,,,,,,,,,,84,1.0,true,,,163.04000000000002,123.44000000000001,346.8,122.96,389.20000000000005,267.76,122.88,268.48
1,sset_01/tracknet-stride-1,static_shuttleset_homography,323,108391,108832,441,[],,163.04000000000002,123.44000000000001,346.8,122.96,389.20000000000005,267.76,122.88,268.48,,,,,,,,,,,,,,,,3,0.006802721088435374,false,,,163.04000000000002,123.44000000000001,346.8,122.96,389.20000000000005,267.76,122.88,268.48
1,sset_01/tracknet-stride-1,static_shuttleset_homography,324,108832,109831,999,[],,163.04000000000002,123.44000000000001,346.8,122.96,389.20000000000005,267.76,122.88,268.48,,,,,,,,,,,,,,,,986,0.986986986986987,true,,,163.04000000000002,123.44000000000001,346.8,122.96,389.20000000000005,267.76,122.88,268.48
1,sset_01/tracknet-stride-1,static_shuttleset_homography,325,109831,109864,33,[],,163.04000000000002,123.44000000000001,346.8,122.96,389.20000000000005,267.76,122.88,268.48,,,,,,,,,,,,,,,,13,0.3939393939393939,false,,,163.04000000000002,123.44000000000001,346.8,122.96,389.20000000000005,267.76,122.88,268.48
1,sset_01/tracknet-stride-1,static_shuttleset_homography,326,109864,110478,614,[],,163.04000000000002,123.44000000000001,346.8,122.96,389.20000000000005,267.76,122.88,268.48,,,,,,,,,,,,,,,,76,0.1237785016286645,false,,,163.04000000000002,123.44000000000001,346.8,122.96,389.20000000000005,267.76,122.88,268.48
1,sset_01/tracknet-stride-1,static_shuttleset_homography,327,110478,110859,381,[],,163.04000000000002,123.44000000000001,346.8,122.96,389.20000000000005,267.76,122.88,268.48,,,,,,,,,,,,,,,,376,0.9868766404199475,true,,,163.04000000000002,123.44000000000001,346.8,122.96,389.20000000000005,267.76,122.88,268.48
1,sset_01/tracknet-stride-1,static_shuttleset_homography,328,110859,112838,1979,[],,163.04000000000002,123.44000000000001,346.8,122.96,389.20000000000005,267.76,122.88,268.48,,,,,,,,,,,,,,,,468,0.23648307225871654,false,,,163.04000000000002,123.44000000000001,346.8,122.96,389.20000000000005,267.76,122.88,268.48
1,sset_01/tracknet-stride-1,static_shuttleset_homography,329,112838,113445,607,[],,163.04000000000002,123.44000000000001,346.8,122.96,389.20000000000005,267.76,122.88,268.48,,,,,,,,,,,,,,,,601,0.9901153212520593,true,,,163.04000000000002,123.44000000000001,346.8,122.96,389.20000000000005,267.76,122.88,268.48
1,sset_01/tracknet-stride-1,static_shuttleset_homography,330,113445,113906,461,[],,163.04000000000002,123.44000000000001,346.8,122.96,389.20000000000005,267.76,122.88,268.48,,,,,,,,,,,,,,,,85,0.1843817787418655,false,,,163.04000000000002,123.44000000000001,346.8,122.96,389.20000000000005,267.76,122.88,268.48
1,sset_01/tracknet-stride-1,static_shuttleset_homography,331,113906,114454,548,[],,163.04000000000002,123.44000000000001,346.8,122.96,389.20000000000005,267.76,122.88,268.48,,,,,,,,,,,,,,,,542,0.9890510948905109,true,,,163.04000000000002,123.44000000000001,346.8,122.96,389.20000000000005,267.76,122.88,268.48
1,sset_01/tracknet-stride-1,static_shuttleset_homography,332,114454,114955,501,[],,163.04000000000002,123.44000000000001,346.8,122.96,389.20000000000005,267.76,122.88,268.48,,,,,,,,,,,,,,,,43,0.08582834331337326,false,,,163.04000000000002,123.44000000000001,346.8,122.96,389.20000000000005,267.76,122.88,268.48
1,sset_01/tracknet-stride-1,static_shuttleset_homography,333,114955,115542,587,[],,163.04000000000002,123.44000000000001,346.8,122.96,389.20000000000005,267.76,122.88,268.48,,,,,,,,,,,,,,,,576,0.9812606473594548,true,,,163.04000000000002,123.44000000000001,346.8,122.96,389.20000000000005,267.76,122.88,268.48
1,sset_01/tracknet-stride-1,static_shuttleset_homography,334,115542,115565,23,[],,163.04000000000002,123.44000000000001,346.8,122.96,389.20000000000005,267.76,122.88,268.48,,,,,,,,,,,,,,,,0,0.0,false,,,163.04000000000002,123.44000000000001,346.8,122.96,389.20000000000005,267.76,122.88,268.48
1,sset_01/tracknet-stride-1,static_shuttleset_homography,335,115565,115881,316,[],,163.04000000000002,123.44000000000001,346.8,122.96,389.20000000000005,267.76,122.88,268.48,,,,,,,,,,,,,,,,41,0.12974683544303797,false,,,163.04000000000002,123.44000000000001,346.8,122.96,389.20000000000005,267.76,122.88,268.48
1,sset_01/tracknet-stride-1,static_shuttleset_homography,336,115881,116194,313,[],,163.04000000000002,123.44000000000001,346.8,122.96,389.20000000000005,267.76,122.88,268.48,,,,,,,,,,,,,,,,19,0.06070287539936102,false,,,163.04000000000002,123.44000000000001,346.8,122.96,389.20000000000005,267.76,122.88,268.48
1,sset_01/tracknet-stride-1,static_shuttleset_homography,337,116194,116354,160,[],,163.04000000000002,123.44000000000001,346.8,122.96,389.20000000000005,267.76,122.88,268.48,,,,,,,,,,,,,,,,160,1.0,true,,,163.04000000000002,123.44000000000001,346.8,122.96,389.20000000000005,267.76,122.88,268.48
1,sset_01/tracknet-stride-1,static_shuttleset_homography,338,116354,116530,176,[],,163.04000000000002,123.44000000000001,346.8,122.96,389.20000000000005,267.76,122.88,268.48,,,,,,,,,,,,,,,,13,0.07386363636363637,false,,,163.04000000000002,123.44000000000001,346.8,122.96,389.20000000000005,267.76,122.88,268.48
1,sset_01/tracknet-stride-1,static_shuttleset_homography,339,116530,116765,235,[],,163.04000000000002,123.44000000000001,346.8,122.96,389.20000000000005,267.76,122.88,268.48,,,,,,,,,,,,,,,,6,0.02553191489361702,false,,,163.04000000000002,123.44000000000001,346.8,122.96,389.20000000000005,267.76,122.88,268.48
1,sset_01/tracknet-stride-1,static_shuttleset_homography,340,116765,117402,637,[],,163.04000000000002,123.44000000000001,346.8,122.96,389.20000000000005,267.76,122.88,268.48,,,,,,,,,,,,,,,,626,0.9827315541601256,true,,,163.04000000000002,123.44000000000001,346.8,122.96,389.20000000000005,267.76,122.88,268.48
1,sset_01/tracknet-stride-1,static_shuttleset_homography,341,117402,117814,412,[],,163.04000000000002,123.44000000000001,346.8,122.96,389.20000000000005,267.76,122.88,268.48,,,,,,,,,,,,,,,,129,0.3131067961165049,false,,,163.04000000000002,123.44000000000001,346.8,122.96,389.20000000000005,267.76,122.88,268.48
1,sset_01/tracknet-stride-1,static_shuttleset_homography,342,117814,118532,718,[],,163.04000000000002,123.44000000000001,346.8,122.96,389.20000000000005,267.76,122.88,268.48,,,,,,,,,,,,,,,,35,0.04874651810584958,false,,,163.04000000000002,123.44000000000001,346.8,122.96,389.20000000000005,267.76,122.88,268.48
1,sset_01/tracknet-stride-1,static_shuttleset_homography,343,118532,118871,339,[],,163.04000000000002,123.44000000000001,346.8,122.96,389.20000000000005,267.76,122.88,268.48,,,,,,,,,,,,,,,,6,0.017699115044247787,false,,,163.04000000000002,123.44000000000001,346.8,122.96,389.20000000000005,267.76,122.88,268.48
1,sset_01/tracknet-stride-1,static_shuttleset_homography,344,118871,119984,1113,[],,163.04000000000002,123.44000000000001,346.8,122.96,389.20000000000005,267.76,122.88,268.48,,,,,,,,,,,,,,,,1100,0.9883198562443846,true,,,163.04000000000002,123.44000000000001,346.8,122.96,389.20000000000005,267.76,122.88,268.48
1,sset_01/tracknet-stride-1,static_shuttleset_homography,345,119984,120020,36,[],,163.04000000000002,123.44000000000001,346.8,122.96,389.20000000000005,267.76,122.88,268.48,,,,,,,,,,,,,,,,18,0.5,true,,,163.04000000000002,123.44000000000001,346.8,122.96,389.20000000000005,267.76,122.88,268.48
1,sset_01/tracknet-stride-1,static_shuttleset_homography,346,120020,121220,1200,[],,163.04000000000002,123.44000000000001,346.8,122.96,389.20000000000005,267.76,122.88,268.48,,,,,,,,,,,,,,,,209,0.17416666666666666,false,,,163.04000000000002,123.44000000000001,346.8,122.96,389.20000000000005,267.76,122.88,268.48
1,sset_01/tracknet-stride-1,static_shuttleset_homography,347,121220,121328,108,[],,163.04000000000002,123.44000000000001,346.8,122.96,389.20000000000005,267.76,122.88,268.48,,,,,,,,,,,,,,,,0,0.0,false,,,163.04000000000002,123.44000000000001,346.8,122.96,389.20000000000005,267.76,122.88,268.48
1,sset_01/tracknet-stride-1,static_shuttleset_homography,348,121328,121512,184,[],,163.04000000000002,123.44000000000001,346.8,122.96,389.20000000000005,267.76,122.88,268.48,,,,,,,,,,,,,,,,0,0.0,false,,,163.04000000000002,123.44000000000001,346.8,122.96,389.20000000000005,267.76,122.88,268.48
1,sset_01/tracknet-stride-1,static_shuttleset_homography,349,121512,121815,303,[],,163.04000000000002,123.44000000000001,346.8,122.96,389.20000000000005,267.76,122.88,268.48,,,,,,,,,,,,,,,,303,1.0,true,,,163.04000000000002,123.44000000000001,346.8,122.96,389.20000000000005,267.76,122.88,268.48
1,sset_01/tracknet-stride-1,static_shuttleset_homography,350,121815,122310,495,[],,163.04000000000002,123.44000000000001,346.8,122.96,389.20000000000005,267.76,122.88,268.48,,,,,,,,,,,,,,,,5,0.010101010101010102,false,,,163.04000000000002,123.44000000000001,346.8,122.96,389.20000000000005,267.76,122.88,268.48
1,sset_01/tracknet-stride-1,static_shuttleset_homography,351,122310,122516,206,[],,163.04000000000002,123.44000000000001,346.8,122.96,389.20000000000005,267.76,122.88,268.48,,,,,,,,,,,,,,,,202,0.9805825242718447,true,,,163.04000000000002,123.44000000000001,346.8,122.96,389.20000000000005,267.76,122.88,268.48
1,sset_01/tracknet-stride-1,static_shuttleset_homography,352,122516,122564,48,[],,163.04000000000002,123.44000000000001,346.8,122.96,389.20000000000005,267.76,122.88,268.48,,,,,,,,,,,,,,,,0,0.0,false,,,163.04000000000002,123.44000000000001,346.8,122.96,389.20000000000005,267.76,122.88,268.48
1,sset_01/tracknet-stride-1,static_shuttleset_homography,353,122564,122817,253,[],,163.04000000000002,123.44000000000001,346.8,122.96,389.20000000000005,267.76,122.88,268.48,,,,,,,,,,,,,,,,40,0.15810276679841898,false,,,163.04000000000002,123.44000000000001,346.8,122.96,389.20000000000005,267.76,122.88,268.48
1,sset_01/tracknet-stride-1,static_shuttleset_homography,354,122817,122916,99,[],,163.04000000000002,123.44000000000001,346.8,122.96,389.20000000000005,267.76,122.88,268.48,,,,,,,,,,,,,,,,13,0.13131313131313133,false,,,163.04000000000002,123.44000000000001,346.8,122.96,389.20000000000005,267.76,122.88,268.48
1,sset_01/tracknet-stride-1,static_shuttleset_homography,355,122916,123205,289,[],,163.04000000000002,123.44000000000001,346.8,122.96,389.20000000000005,267.76,122.88,268.48,,,,,,,,,,,,,,,,286,0.9896193771626297,true,,,163.04000000000002,123.44000000000001,346.8,122.96,389.20000000000005,267.76,122.88,268.48
1,sset_01/tracknet-stride-1,static_shuttleset_homography,356,123205,123229,24,[],,163.04000000000002,123.44000000000001,346.8,122.96,389.20000000000005,267.76,122.88,268.48,,,,,,,,,,,,,,,,3,0.125,false,,,163.04000000000002,123.44000000000001,346.8,122.96,389.20000000000005,267.76,122.88,268.48
1,sset_01/tracknet-stride-1,static_shuttleset_homography,357,123229,123356,127,[],,163.04000000000002,123.44000000000001,346.8,122.96,389.20000000000005,267.76,122.88,268.48,,,,,,,,,,,,,,,,5,0.03937007874015748,false,,,163.04000000000002,123.44000000000001,346.8,122.96,389.20000000000005,267.76,122.88,268.48
1,sset_01/tracknet-stride-1,static_shuttleset_homography,358,123356,123421,65,[],,163.04000000000002,123.44000000000001,346.8,122.96,389.20000000000005,267.76,122.88,268.48,,,,,,,,,,,,,,,,0,0.0,false,,,163.04000000000002,123.44000000000001,346.8,122.96,389.20000000000005,267.76,122.88,268.48
1,sset_01/tracknet-stride-1,static_shuttleset_homography,359,123421,123770,349,[],,163.04000000000002,123.44000000000001,346.8,122.96,389.20000000000005,267.76,122.88,268.48,,,,,,,,,,,,,,,,14,0.04011461318051576,false,,,163.04000000000002,123.44000000000001,346.8,122.96,389.20000000000005,267.76,122.88,268.48
1,sset_01/tracknet-stride-1,static_shuttleset_homography,360,123770,123811,41,[],,163.04000000000002,123.44000000000001,346.8,122.96,389.20000000000005,267.76,122.88,268.48,,,,,,,,,,,,,,,,0,0.0,false,,,163.04000000000002,123.44000000000001,346.8,122.96,389.20000000000005,267.76,122.88,268.48
1,sset_01/tracknet-stride-1,static_shuttleset_homography,361,123811,124540,729,[],,163.04000000000002,123.44000000000001,346.8,122.96,389.20000000000005,267.76,122.88,268.48,,,,,,,,,,,,,,,,11,0.015089163237311385,false,,,163.04000000000002,123.44000000000001,346.8,122.96,389.20000000000005,267.76,122.88,268.48
1,sset_01/tracknet-stride-1,static_shuttleset_homography,362,124540,124685,145,[],,163.04000000000002,123.44000000000001,346.8,122.96,389.20000000000005,267.76,122.88,268.48,,,,,,,,,,,,,,,,8,0.05517241379310345,false,,,163.04000000000002,123.44000000000001,346.8,122.96,389.20000000000005,267.76,122.88,268.48
1,sset_01/tracknet-stride-1,static_shuttleset_homography,363,124685,125270,585,[],,163.04000000000002,123.44000000000001,346.8,122.96,389.20000000000005,267.76,122.88,268.48,,,,,,,,,,,,,,,,575,0.9829059829059829,true,,,163.04000000000002,123.44000000000001,346.8,122.96,389.20000000000005,267.76,122.88,268.48
1,sset_01/tracknet-stride-1,static_shuttleset_homography,364,125270,125539,269,[],,163.04000000000002,123.44000000000001,346.8,122.96,389.20000000000005,267.76,122.88,268.48,,,,,,,,,,,,,,,,61,0.22676579925650558,false,,,163.04000000000002,123.44000000000001,346.8,122.96,389.20000000000005,267.76,122.88,268.48
1,sset_01/tracknet-stride-1,static_shuttleset_homography,365,125539,125884,345,[],,163.04000000000002,123.44000000000001,346.8,122.96,389.20000000000005,267.76,122.88,268.48,,,,,,,,,,,,,,,,13,0.03768115942028986,false,,,163.04000000000002,123.44000000000001,346.8,122.96,389.20000000000005,267.76,122.88,268.48
1,sset_01/tracknet-stride-1,static_shuttleset_homography,366,125884,126876,992,[],,163.04000000000002,123.44000000000001,346.8,122.96,389.20000000000005,267.76,122.88,268.48,,,,,,,,,,,,,,,,984,0.9919354838709677,true,,,163.04000000000002,123.44000000000001,346.8,122.96,389.20000000000005,267.76,122.88,268.48
1,sset_01/tracknet-stride-1,static_shuttleset_homography,367,126876,126922,46,[],,163.04000000000002,123.44000000000001,346.8,122.96,389.20000000000005,267.76,122.88,268.48,,,,,,,,,,,,,,,,46,1.0,true,,,163.04000000000002,123.44000000000001,346.8,122.96,389.20000000000005,267.76,122.88,268.48
1,sset_01/tracknet-stride-1,static_shuttleset_homography,368,126922,127405,483,[],,163.04000000000002,123.44000000000001,346.8,122.96,389.20000000000005,267.76,122.88,268.48,,,,,,,,,,,,,,,,70,0.14492753623188406,false,,,163.04000000000002,123.44000000000001,346.8,122.96,389.20000000000005,267.76,122.88,268.48
1,sset_01/tracknet-stride-1,static_shuttleset_homography,369,127405,127545,140,[],,163.04000000000002,123.44000000000001,346.8,122.96,389.20000000000005,267.76,122.88,268.48,,,,,,,,,,,,,,,,0,0.0,false,,,163.04000000000002,123.44000000000001,346.8,122.96,389.20000000000005,267.76,122.88,268.48
1,sset_01/tracknet-stride-1,static_shuttleset_homography,370,127545,127770,225,[],,163.04000000000002,123.44000000000001,346.8,122.96,389.20000000000005,267.76,122.88,268.48,,,,,,,,,,,,,,,,0,0.0,false,,,163.04000000000002,123.44000000000001,346.8,122.96,389.20000000000005,267.76,122.88,268.48
1,sset_01/tracknet-stride-1,static_shuttleset_homography,371,127770,128176,406,[],,163.04000000000002,123.44000000000001,346.8,122.96,389.20000000000005,267.76,122.88,268.48,,,,,,,,,,,,,,,,397,0.9778325123152709,true,,,163.04000000000002,123.44000000000001,346.8,122.96,389.20000000000005,267.76,122.88,268.48
1,sset_01/tracknet-stride-1,static_shuttleset_homography,372,128176,128245,69,[],,163.04000000000002,123.44000000000001,346.8,122.96,389.20000000000005,267.76,122.88,268.48,,,,,,,,,,,,,,,,0,0.0,false,,,163.04000000000002,123.44000000000001,346.8,122.96,389.20000000000005,267.76,122.88,268.48
1,sset_01/tracknet-stride-1,static_shuttleset_homography,373,128245,128543,298,[],,163.04000000000002,123.44000000000001,346.8,122.96,389.20000000000005,267.76,122.88,268.48,,,,,,,,,,,,,,,,42,0.14093959731543623,false,,,163.04000000000002,123.44000000000001,346.8,122.96,389.20000000000005,267.76,122.88,268.48
1,sset_01/tracknet-stride-1,static_shuttleset_homography,374,128543,128958,415,[],,163.04000000000002,123.44000000000001,346.8,122.96,389.20000000000005,267.76,122.88,268.48,,,,,,,,,,,,,,,,398,0.9590361445783132,true,,,163.04000000000002,123.44000000000001,346.8,122.96,389.20000000000005,267.76,122.88,268.48
1,sset_01/tracknet-stride-1,static_shuttleset_homography,375,128958,129522,564,[],,163.04000000000002,123.44000000000001,346.8,122.96,389.20000000000005,267.76,122.88,268.48,,,,,,,,,,,,,,,,119,0.21099290780141844,false,,,163.04000000000002,123.44000000000001,346.8,122.96,389.20000000000005,267.76,122.88,268.48
1,sset_01/tracknet-stride-1,static_shuttleset_homography,376,129522,129745,223,[],,163.04000000000002,123.44000000000001,346.8,122.96,389.20000000000005,267.76,122.88,268.48,,,,,,,,,,,,,,,,223,1.0,true,,,163.04000000000002,123.44000000000001,346.8,122.96,389.20000000000005,267.76,122.88,268.48
1,sset_01/tracknet-stride-1,static_shuttleset_homography,377,129745,130559,814,[],,163.04000000000002,123.44000000000001,346.8,122.96,389.20000000000005,267.76,122.88,268.48,,,,,,,,,,,,,,,,38,0.04668304668304668,false,,,163.04000000000002,123.44000000000001,346.8,122.96,389.20000000000005,267.76,122.88,268.48
1,sset_01/tracknet-stride-1,static_shuttleset_homography,378,130559,130730,171,[],,163.04000000000002,123.44000000000001,346.8,122.96,389.20000000000005,267.76,122.88,268.48,,,,,,,,,,,,,,,,6,0.03508771929824561,false,,,163.04000000000002,123.44000000000001,346.8,122.96,389.20000000000005,267.76,122.88,268.48
1,sset_01/tracknet-stride-1,static_shuttleset_homography,379,130730,131034,304,[],,163.04000000000002,123.44000000000001,346.8,122.96,389.20000000000005,267.76,122.88,268.48,,,,,,,,,,,,,,,,1,0.003289473684210526,false,,,163.04000000000002,123.44000000000001,346.8,122.96,389.20000000000005,267.76,122.88,268.48
1,sset_01/tracknet-stride-1,static_shuttleset_homography,380,131034,131792,758,[],,163.04000000000002,123.44000000000001,346.8,122.96,389.20000000000005,267.76,122.88,268.48,,,,,,,,,,,,,,,,746,0.9841688654353562,true,,,163.04000000000002,123.44000000000001,346.8,122.96,389.20000000000005,267.76,122.88,268.48
1,sset_01/tracknet-stride-1,static_shuttleset_homography,381,131792,131937,145,[],,163.04000000000002,123.44000000000001,346.8,122.96,389.20000000000005,267.76,122.88,268.48,,,,,,,,,,,,,,,,14,0.09655172413793103,false,,,163.04000000000002,123.44000000000001,346.8,122.96,389.20000000000005,267.76,122.88,268.48
1,sset_01/tracknet-stride-1,static_shuttleset_homography,382,131937,131959,22,[],,163.04000000000002,123.44000000000001,346.8,122.96,389.20000000000005,267.76,122.88,268.48,,,,,,,,,,,,,,,,0,0.0,false,,,163.04000000000002,123.44000000000001,346.8,122.96,389.20000000000005,267.76,122.88,268.48
1,sset_01/tracknet-stride-1,static_shuttleset_homography,383,131959,132504,545,[],,163.04000000000002,123.44000000000001,346.8,122.96,389.20000000000005,267.76,122.88,268.48,,,,,,,,,,,,,,,,66,0.12110091743119267,false,,,163.04000000000002,123.44000000000001,346.8,122.96,389.20000000000005,267.76,122.88,268.48
1,sset_01/tracknet-stride-1,static_shuttleset_homography,384,132504,132673,169,[],,163.04000000000002,123.44000000000001,346.8,122.96,389.20000000000005,267.76,122.88,268.48,,,,,,,,,,,,,,,,150,0.8875739644970414,true,,,163.04000000000002,123.44000000000001,346.8,122.96,389.20000000000005,267.76,122.88,268.48
1,sset_01/tracknet-stride-1,static_shuttleset_homography,385,132673,132731,58,[],,163.04000000000002,123.44000000000001,346.8,122.96,389.20000000000005,267.76,122.88,268.48,,,,,,,,,,,,,,,,58,1.0,true,,,163.04000000000002,123.44000000000001,346.8,122.96,389.20000000000005,267.76,122.88,268.48
1,sset_01/tracknet-stride-1,static_shuttleset_homography,386,132731,133012,281,[],,163.04000000000002,123.44000000000001,346.8,122.96,389.20000000000005,267.76,122.88,268.48,,,,,,,,,,,,,,,,0,0.0,false,,,163.04000000000002,123.44000000000001,346.8,122.96,389.20000000000005,267.76,122.88,268.48
1,sset_01/tracknet-stride-1,static_shuttleset_homography,387,133012,133215,203,[],,163.04000000000002,123.44000000000001,346.8,122.96,389.20000000000005,267.76,122.88,268.48,,,,,,,,,,,,,,,,0,0.0,false,,,163.04000000000002,123.44000000000001,346.8,122.96,389.20000000000005,267.76,122.88,268.48
1,sset_01/tracknet-stride-1,static_shuttleset_homography,388,133215,133401,186,[],,163.04000000000002,123.44000000000001,346.8,122.96,389.20000000000005,267.76,122.88,268.48,,,,,,,,,,,,,,,,186,1.0,true,,,163.04000000000002,123.44000000000001,346.8,122.96,389.20000000000005,267.76,122.88,268.48
1,sset_01/tracknet-stride-1,static_shuttleset_homography,389,133401,133768,367,[],,163.04000000000002,123.44000000000001,346.8,122.96,389.20000000000005,267.76,122.88,268.48,,,,,,,,,,,,,,,,20,0.05449591280653951,false,,,163.04000000000002,123.44000000000001,346.8,122.96,389.20000000000005,267.76,122.88,268.48
1,sset_01/tracknet-stride-1,static_shuttleset_homography,390,133768,133922,154,[],,163.04000000000002,123.44000000000001,346.8,122.96,389.20000000000005,267.76,122.88,268.48,,,,,,,,,,,,,,,,0,0.0,false,,,163.04000000000002,123.44000000000001,346.8,122.96,389.20000000000005,267.76,122.88,268.48
1,sset_01/tracknet-stride-1,static_shuttleset_homography,391,133922,134583,661,[],,163.04000000000002,123.44000000000001,346.8,122.96,389.20000000000005,267.76,122.88,268.48,,,,,,,,,,,,,,,,648,0.9803328290468987,true,,,163.04000000000002,123.44000000000001,346.8,122.96,389.20000000000005,267.76,122.88,268.48
1,sset_01/tracknet-stride-1,static_shuttleset_homography,392,134583,135041,458,[],,163.04000000000002,123.44000000000001,346.8,122.96,389.20000000000005,267.76,122.88,268.48,,,,,,,,,,,,,,,,3,0.006550218340611353,false,,,163.04000000000002,123.44000000000001,346.8,122.96,389.20000000000005,267.76,122.88,268.48
1,sset_01/tracknet-stride-1,static_shuttleset_homography,393,135041,135630,589,[],,163.04000000000002,123.44000000000001,346.8,122.96,389.20000000000005,267.76,122.88,268.48,,,,,,,,,,,,,,,,579,0.9830220713073005,true,,,163.04000000000002,123.44000000000001,346.8,122.96,389.20000000000005,267.76,122.88,268.48
1,sset_01/tracknet-stride-1,static_shuttleset_homography,394,135630,135672,42,[],,163.04000000000002,123.44000000000001,346.8,122.96,389.20000000000005,267.76,122.88,268.48,,,,,,,,,,,,,,,,0,0.0,false,,,163.04000000000002,123.44000000000001,346.8,122.96,389.20000000000005,267.76,122.88,268.48
1,sset_01/tracknet-stride-1,static_shuttleset_homography,395,135672,135751,79,[],,163.04000000000002,123.44000000000001,346.8,122.96,389.20000000000005,267.76,122.88,268.48,,,,,,,,,,,,,,,,79,1.0,true,,,163.04000000000002,123.44000000000001,346.8,122.96,389.20000000000005,267.76,122.88,268.48
1,sset_01/tracknet-stride-1,static_shuttleset_homography,396,135751,135771,20,[],,163.04000000000002,123.44000000000001,346.8,122.96,389.20000000000005,267.76,122.88,268.48,,,,,,,,,,,,,,,,0,0.0,false,,,163.04000000000002,123.44000000000001,346.8,122.96,389.20000000000005,267.76,122.88,268.48
1,sset_01/tracknet-stride-1,static_shuttleset_homography,397,135771,135965,194,[],,163.04000000000002,123.44000000000001,346.8,122.96,389.20000000000005,267.76,122.88,268.48,,,,,,,,,,,,,,,,83,0.42783505154639173,false,,,163.04000000000002,123.44000000000001,346.8,122.96,389.20000000000005,267.76,122.88,268.48
1,sset_01/tracknet-stride-1,static_shuttleset_homography,398,135965,136052,87,[],,163.04000000000002,123.44000000000001,346.8,122.96,389.20000000000005,267.76,122.88,268.48,,,,,,,,,,,,,,,,43,0.4942528735632184,false,,,163.04000000000002,123.44000000000001,346.8,122.96,389.20000000000005,267.76,122.88,268.48
1,sset_01/tracknet-stride-1,static_shuttleset_homography,399,136052,137405,1353,[],,163.04000000000002,123.44000000000001,346.8,122.96,389.20000000000005,267.76,122.88,268.48,,,,,,,,,,,,,,,,260,0.19216555801921656,false,,,163.04000000000002,123.44000000000001,346.8,122.96,389.20000000000005,267.76,122.88,268.48
1,sset_01/tracknet-stride-1,static_shuttleset_homography,400,137405,137455,50,[],,163.04000000000002,123.44000000000001,346.8,122.96,389.20000000000005,267.76,122.88,268.48,,,,,,,,,,,,,,,,0,0.0,false,,,163.04000000000002,123.44000000000001,346.8,122.96,389.20000000000005,267.76,122.88,268.48
1,sset_01/tracknet-stride-1,static_shuttleset_homography,401,137455,137578,123,[],,163.04000000000002,123.44000000000001,346.8,122.96,389.20000000000005,267.76,122.88,268.48,,,,,,,,,,,,,,,,0,0.0,false,,,163.04000000000002,123.44000000000001,346.8,122.96,389.20000000000005,267.76,122.88,268.48
1,sset_01/tracknet-stride-1,static_shuttleset_homography,402,137578,137637,59,[],,163.04000000000002,123.44000000000001,346.8,122.96,389.20000000000005,267.76,122.88,268.48,,,,,,,,,,,,,,,,0,0.0,false,,,163.04000000000002,123.44000000000001,346.8,122.96,389.20000000000005,267.76,122.88,268.48
1,sset_01/tracknet-stride-1,static_shuttleset_homography,403,137637,138325,688,[],,163.04000000000002,123.44000000000001,346.8,122.96,389.20000000000005,267.76,122.88,268.48,,,,,,,,,,,,,,,,3,0.00436046511627907,false,,,163.04000000000002,123.44000000000001,346.8,122.96,389.20000000000005,267.76,122.88,268.48
1,sset_01/tracknet-stride-1,static_shuttleset_homography,404,138325,138343,18,[],,163.04000000000002,123.44000000000001,346.8,122.96,389.20000000000005,267.76,122.88,268.48,,,,,,,,,,,,,,,,0,0.0,false,,,163.04000000000002,123.44000000000001,346.8,122.96,389.20000000000005,267.76,122.88,268.48
1,sset_01/tracknet-stride-1,static_shuttleset_homography,405,138343,138370,27,[],,163.04000000000002,123.44000000000001,346.8,122.96,389.20000000000005,267.76,122.88,268.48,,,,,,,,,,,,,,,,0,0.0,false,,,163.04000000000002,123.44000000000001,346.8,122.96,389.20000000000005,267.76,122.88,268.48
1,sset_01/tracknet-stride-1,static_shuttleset_homography,406,138370,138579,209,[],,163.04000000000002,123.44000000000001,346.8,122.96,389.20000000000005,267.76,122.88,268.48,,,,,,,,,,,,,,,,0,0.0,false,,,163.04000000000002,123.44000000000001,346.8,122.96,389.20000000000005,267.76,122.88,268.48
1,sset_01/tracknet-stride-1,static_shuttleset_homography,407,138579,138832,253,[],,163.04000000000002,123.44000000000001,346.8,122.96,389.20000000000005,267.76,122.88,268.48,,,,,,,,,,,,,,,,2,0.007905138339920948,false,,,163.04000000000002,123.44000000000001,346.8,122.96,389.20000000000005,267.76,122.88,268.48
1,sset_01/tracknet-stride-1,static_shuttleset_homography,408,138832,138883,51,[],,163.04000000000002,123.44000000000001,346.8,122.96,389.20000000000005,267.76,122.88,268.48,,,,,,,,,,,,,,,,0,0.0,false,,,163.04000000000002,123.44000000000001,346.8,122.96,389.20000000000005,267.76,122.88,268.48
1,sset_01/tracknet-stride-1,static_shuttleset_homography,409,138883,146919,8036,[],,163.04000000000002,123.44000000000001,346.8,122.96,389.20000000000005,267.76,122.88,268.48,,,,,,,,,,,,,,,,1119,0.13924838227974118,false,,,163.04000000000002,123.44000000000001,346.8,122.96,389.20000000000005,267.76,122.88,268.48
1,sset_01/tracknet-stride-1,static_shuttleset_homography,410,146919,146984,65,[],,163.04000000000002,123.44000000000001,346.8,122.96,389.20000000000005,267.76,122.88,268.48,,,,,,,,,,,,,,,,5,0.07692307692307693,false,,,163.04000000000002,123.44000000000001,346.8,122.96,389.20000000000005,267.76,122.88,268.48
1,sset_01/tracknet-stride-1,static_shuttleset_homography,411,146984,147045,61,[],,163.04000000000002,123.44000000000001,346.8,122.96,389.20000000000005,267.76,122.88,268.48,,,,,,,,,,,,,,,,7,0.11475409836065574,false,,,163.04000000000002,123.44000000000001,346.8,122.96,389.20000000000005,267.76,122.88,268.48
1,sset_01/tracknet-stride-1,static_shuttleset_homography,412,147045,147103,58,[],,163.04000000000002,123.44000000000001,346.8,122.96,389.20000000000005,267.76,122.88,268.48,,,,,,,,,,,,,,,,46,0.7931034482758621,true,,,163.04000000000002,123.44000000000001,346.8,122.96,389.20000000000005,267.76,122.88,268.48
1,sset_01/tracknet-stride-1,static_shuttleset_homography,413,147103,147393,290,[],,163.04000000000002,123.44000000000001,346.8,122.96,389.20000000000005,267.76,122.88,268.48,,,,,,,,,,,,,,,,97,0.33448275862068966,false,,,163.04000000000002,123.44000000000001,346.8,122.96,389.20000000000005,267.76,122.88,268.48
1,sset_01/tracknet-stride-1,static_shuttleset_homography,414,147393,147422,29,[],,163.04000000000002,123.44000000000001,346.8,122.96,389.20000000000005,267.76,122.88,268.48,,,,,,,,,,,,,,,,3,0.10344827586206896,false,,,163.04000000000002,123.44000000000001,346.8,122.96,389.20000000000005,267.76,122.88,268.48
1,sset_01/tracknet-stride-1,static_shuttleset_homography,415,147422,148058,636,[],,163.04000000000002,123.44000000000001,346.8,122.96,389.20000000000005,267.76,122.88,268.48,,,,,,,,,,,,,,,,71,0.11163522012578617,false,,,163.04000000000002,123.44000000000001,346.8,122.96,389.20000000000005,267.76,122.88,268.48
1,sset_01/tracknet-stride-1,static_shuttleset_homography,416,148058,148458,400,[],,163.04000000000002,123.44000000000001,346.8,122.96,389.20000000000005,267.76,122.88,268.48,,,,,,,,,,,,,,,,70,0.175,false,,,163.04000000000002,123.44000000000001,346.8,122.96,389.20000000000005,267.76,122.88,268.48
1,sset_01/tracknet-stride-1,static_shuttleset_homography,417,148458,148796,338,[],,163.04000000000002,123.44000000000001,346.8,122.96,389.20000000000005,267.76,122.88,268.48,,,,,,,,,,,,,,,,5,0.014792899408284023,false,,,163.04000000000002,123.44000000000001,346.8,122.96,389.20000000000005,267.76,122.88,268.48
1,sset_01/tracknet-stride-1,static_shuttleset_homography,418,148796,154393,5597,[],,163.04000000000002,123.44000000000001,346.8,122.96,389.20000000000005,267.76,122.88,268.48,,,,,,,,,,,,,,,,78,0.013936037162765768,false,,,163.04000000000002,123.44000000000001,346.8,122.96,389.20000000000005,267.76,122.88,268.48
