rally_id,tolerance_base30,tolerance_frames,row_kind,gt_frame,candidate_frame,offset_frames
0,5,4,unmatched_gt,11496,,
0,5,4,unmatched_gt,11582,,
0,10,8,unmatched_gt,11496,,
0,10,8,unmatched_gt,11582,,
1,5,4,matched,11921,11919,-2
1,5,4,matched,11952,11950,-2
1,5,4,unmatched_gt,11881,,
1,5,4,unmatched_gt,11900,,
1,5,4,unmatched_gt,11934,,
1,5,4,unmatched_gt,11965,,
1,5,4,unmatched_candidate,,11894,
1,5,4,unmatched_candidate,,11983,
1,5,4,unmatched_candidate,,11995,
1,10,8,matched,11921,11919,-2
1,10,8,matched,11952,11950,-2
1,10,8,matched,11900,11894,-6
1,10,8,unmatched_gt,11881,,
1,10,8,unmatched_gt,11934,,
1,10,8,unmatched_gt,11965,,
1,10,8,unmatched_candidate,,11983,
1,10,8,unmatched_candidate,,11995,
2,5,4,matched,12331,12330,-1
2,5,4,matched,12655,12654,-1
2,5,4,matched,12847,12845,-2
2,5,4,matched,12875,12873,-2
2,5,4,matched,12362,12359,-3
2,5,4,matched,12446,12443,-3
2,5,4,matched,12492,12489,-3
2,5,4,matched,12577,12574,-3
2,5,4,matched,12766,12763,-3
2,5,4,matched,12810,12807,-3
2,5,4,matched,12913,12910,-3
2,5,4,matched,12516,12512,-4
2,5,4,matched,12560,12556,-4
2,5,4,matched,12602,12598,-4
2,5,4,matched,12670,12666,-4
2,5,4,matched,12702,12698,-4
2,5,4,matched,12735,12731,-4
2,5,4,unmatched_gt,12298,,
2,5,4,unmatched_gt,12313,,
2,5,4,unmatched_gt,12372,,
2,5,4,unmatched_gt,12400,,
2,5,4,unmatched_gt,12429,,
2,5,4,unmatched_gt,12465,,
2,5,4,unmatched_gt,12631,,
2,5,4,unmatched_gt,12783,,
2,5,4,unmatched_gt,12886,,
2,5,4,unmatched_gt,12942,,
2,5,4,unmatched_candidate,,12288,
2,5,4,unmatched_candidate,,12381,
2,5,4,unmatched_candidate,,12395,
2,5,4,unmatched_candidate,,12967,
2,10,8,matched,12331,12330,-1
2,10,8,matched,12655,12654,-1
2,10,8,matched,12847,12845,-2
2,10,8,matched,12875,12873,-2
2,10,8,matched,12362,12359,-3
2,10,8,matched,12446,12443,-3
2,10,8,matched,12492,12489,-3
2,10,8,matched,12577,12574,-3
2,10,8,matched,12766,12763,-3
2,10,8,matched,12810,12807,-3
2,10,8,matched,12913,12910,-3
2,10,8,matched,12516,12512,-4
2,10,8,matched,12560,12556,-4
2,10,8,matched,12602,12598,-4
2,10,8,matched,12670,12666,-4
2,10,8,matched,12702,12698,-4
2,10,8,matched,12735,12731,-4
2,10,8,matched,12400,12395,-5
2,10,8,unmatched_gt,12298,,
2,10,8,unmatched_gt,12313,,
2,10,8,unmatched_gt,12372,,
2,10,8,unmatched_gt,12429,,
2,10,8,unmatched_gt,12465,,
2,10,8,unmatched_gt,12631,,
2,10,8,unmatched_gt,12783,,
2,10,8,unmatched_gt,12886,,
2,10,8,unmatched_gt,12942,,
2,10,8,unmatched_candidate,,12288,
2,10,8,unmatched_candidate,,12381,
2,10,8,unmatched_candidate,,12967,
3,5,4,matched,13502,13500,-2
3,5,4,matched,13434,13431,-3
3,5,4,matched,13478,13475,-3
3,5,4,matched,13456,13452,-4
3,5,4,unmatched_gt,13516,,
3,5,4,unmatched_gt,13523,,
3,5,4,unmatched_candidate,,13579,
3,5,4,unmatched_candidate,,13624,
3,5,4,unmatched_candidate,,13725,
3,5,4,unmatched_candidate,,13757,
3,5,4,unmatched_candidate,,13791,
3,5,4,unmatched_candidate,,13810,
3,5,4,unmatched_candidate,,13917,
3,5,4,unmatched_candidate,,13942,
3,5,4,unmatched_candidate,,13976,
3,5,4,unmatched_candidate,,14012,
3,5,4,unmatched_candidate,,14042,
3,5,4,unmatched_candidate,,14067,
3,5,4,unmatched_candidate,,14103,
3,5,4,unmatched_candidate,,14132,
3,5,4,unmatched_candidate,,14186,
3,5,4,unmatched_candidate,,14242,
3,5,4,unmatched_candidate,,14262,
3,5,4,unmatched_candidate,,14272,
3,5,4,unmatched_candidate,,14287,
3,10,8,matched,13502,13500,-2
3,10,8,matched,13434,13431,-3
3,10,8,matched,13478,13475,-3
3,10,8,matched,13456,13452,-4
3,10,8,unmatched_gt,13516,,
3,10,8,unmatched_gt,13523,,
3,10,8,unmatched_candidate,,13579,
3,10,8,unmatched_candidate,,13624,
3,10,8,unmatched_candidate,,13725,
3,10,8,unmatched_candidate,,13757,
3,10,8,unmatched_candidate,,13791,
3,10,8,unmatched_candidate,,13810,
3,10,8,unmatched_candidate,,13917,
3,10,8,unmatched_candidate,,13942,
3,10,8,unmatched_candidate,,13976,
3,10,8,unmatched_candidate,,14012,
3,10,8,unmatched_candidate,,14042,
3,10,8,unmatched_candidate,,14067,
3,10,8,unmatched_candidate,,14103,
3,10,8,unmatched_candidate,,14132,
3,10,8,unmatched_candidate,,14186,
3,10,8,unmatched_candidate,,14242,
3,10,8,unmatched_candidate,,14262,
3,10,8,unmatched_candidate,,14272,
3,10,8,unmatched_candidate,,14287,
4,5,4,matched,14044,14042,-2
4,5,4,matched,14188,14186,-2
4,5,4,matched,13979,13976,-3
4,5,4,matched,14070,14067,-3
4,5,4,matched,14245,14242,-3
4,5,4,matched,14016,14012,-4
4,5,4,matched,14107,14103,-4
4,5,4,matched,14136,14132,-4
4,5,4,unmatched_gt,13923,,
4,5,4,unmatched_gt,13947,,
4,5,4,unmatched_gt,13970,,
4,5,4,unmatched_gt,14001,,
4,5,4,unmatched_gt,14083,,
4,5,4,unmatched_gt,14170,,
4,5,4,unmatched_gt,14208,,
4,5,4,unmatched_gt,14224,,
4,5,4,unmatched_candidate,,13431,
4,5,4,unmatched_candidate,,13452,
4,5,4,unmatched_candidate,,13475,
4,5,4,unmatched_candidate,,13500,
4,5,4,unmatched_candidate,,13579,
4,5,4,unmatched_candidate,,13624,
4,5,4,unmatched_candidate,,13725,
4,5,4,unmatched_candidate,,13757,
4,5,4,unmatched_candidate,,13791,
4,5,4,unmatched_candidate,,13810,
4,5,4,unmatched_candidate,,13917,
4,5,4,unmatched_candidate,,13942,
4,5,4,unmatched_candidate,,14262,
4,5,4,unmatched_candidate,,14272,
4,5,4,unmatched_candidate,,14287,
4,10,8,matched,14044,14042,-2
4,10,8,matched,14188,14186,-2
4,10,8,matched,13979,13976,-3
4,10,8,matched,14070,14067,-3
4,10,8,matched,14245,14242,-3
4,10,8,matched,14016,14012,-4
4,10,8,matched,14107,14103,-4
4,10,8,matched,14136,14132,-4
4,10,8,matched,13947,13942,-5
4,10,8,matched,13923,13917,-6
4,10,8,unmatched_gt,13970,,
4,10,8,unmatched_gt,14001,,
4,10,8,unmatched_gt,14083,,
4,10,8,unmatched_gt,14170,,
4,10,8,unmatched_gt,14208,,
4,10,8,unmatched_gt,14224,,
4,10,8,unmatched_candidate,,13431,
4,10,8,unmatched_candidate,,13452,
4,10,8,unmatched_candidate,,13475,
4,10,8,unmatched_candidate,,13500,
4,10,8,unmatched_candidate,,13579,
4,10,8,unmatched_candidate,,13624,
4,10,8,unmatched_candidate,,13725,
4,10,8,unmatched_candidate,,13757,
4,10,8,unmatched_candidate,,13791,
4,10,8,unmatched_candidate,,13810,
4,10,8,unmatched_candidate,,14262,
4,10,8,unmatched_candidate,,14272,
4,10,8,unmatched_candidate,,14287,
5,5,4,matched,14943,14939,-4
5,5,4,unmatched_gt,14969,,
5,5,4,unmatched_gt,14982,,
5,5,4,unmatched_gt,15015,,
5,5,4,unmatched_gt,15035,,
5,10,8,matched,14943,14939,-4
5,10,8,unmatched_gt,14969,,
5,10,8,unmatched_gt,14982,,
5,10,8,unmatched_gt,15015,,
5,10,8,unmatched_gt,15035,,
6,5,4,matched,15433,15431,-2
6,5,4,unmatched_gt,15374,,
6,5,4,unmatched_gt,15387,,
6,5,4,unmatched_gt,15416,,
6,5,4,unmatched_candidate,,15466,
6,5,4,unmatched_candidate,,15498,
6,10,8,matched,15433,15431,-2
6,10,8,unmatched_gt,15374,,
6,10,8,unmatched_gt,15387,,
6,10,8,unmatched_gt,15416,,
6,10,8,unmatched_candidate,,15466,
6,10,8,unmatched_candidate,,15498,
7,5,4,unmatched_gt,15804,,
7,5,4,unmatched_gt,15827,,
7,5,4,unmatched_gt,15840,,
7,5,4,unmatched_gt,15850,,
7,5,4,unmatched_gt,15861,,
7,5,4,unmatched_gt,15881,,
7,5,4,unmatched_candidate,,15835,
7,5,4,unmatched_candidate,,15875,
7,10,8,matched,15840,15835,-5
7,10,8,matched,15881,15875,-6
7,10,8,unmatched_gt,15804,,
7,10,8,unmatched_gt,15827,,
7,10,8,unmatched_gt,15850,,
7,10,8,unmatched_gt,15861,,
8,5,4,unmatched_gt,16253,,
8,5,4,unmatched_gt,16270,,
8,5,4,unmatched_gt,16292,,
8,5,4,unmatched_gt,16313,,
8,5,4,unmatched_gt,16359,,
8,5,4,unmatched_gt,16373,,
8,5,4,unmatched_gt,16394,,
8,5,4,unmatched_gt,16427,,
8,5,4,unmatched_gt,16461,,
8,5,4,unmatched_gt,16477,,
8,5,4,unmatched_gt,16500,,
8,5,4,unmatched_gt,16535,,
8,5,4,unmatched_gt,16571,,
8,5,4,unmatched_gt,16588,,
8,5,4,unmatched_gt,16616,,
8,5,4,unmatched_gt,16637,,
8,5,4,unmatched_gt,16657,,
8,5,4,unmatched_gt,16690,,
8,5,4,unmatched_gt,16726,,
8,5,4,unmatched_gt,16744,,
8,5,4,unmatched_gt,16772,,
8,5,4,unmatched_gt,16799,,
8,10,8,unmatched_gt,16253,,
8,10,8,unmatched_gt,16270,,
8,10,8,unmatched_gt,16292,,
8,10,8,unmatched_gt,16313,,
8,10,8,unmatched_gt,16359,,
8,10,8,unmatched_gt,16373,,
8,10,8,unmatched_gt,16394,,
8,10,8,unmatched_gt,16427,,
8,10,8,unmatched_gt,16461,,
8,10,8,unmatched_gt,16477,,
8,10,8,unmatched_gt,16500,,
8,10,8,unmatched_gt,16535,,
8,10,8,unmatched_gt,16571,,
8,10,8,unmatched_gt,16588,,
8,10,8,unmatched_gt,16616,,
8,10,8,unmatched_gt,16637,,
8,10,8,unmatched_gt,16657,,
8,10,8,unmatched_gt,16690,,
8,10,8,unmatched_gt,16726,,
8,10,8,unmatched_gt,16744,,
8,10,8,unmatched_gt,16772,,
8,10,8,unmatched_gt,16799,,
9,5,4,matched,17518,17516,-2
9,5,4,matched,17447,17444,-3
9,5,4,matched,17477,17474,-3
9,5,4,matched,17497,17493,-4
9,5,4,matched,17548,17544,-4
9,5,4,unmatched_gt,17423,,
9,5,4,unmatched_gt,17558,,
9,5,4,unmatched_gt,17573,,
9,5,4,unmatched_gt,17596,,
9,10,8,matched,17518,17516,-2
9,10,8,matched,17447,17444,-3
9,10,8,matched,17477,17474,-3
9,10,8,matched,17497,17493,-4
9,10,8,matched,17548,17544,-4
9,10,8,unmatched_gt,17423,,
9,10,8,unmatched_gt,17558,,
9,10,8,unmatched_gt,17573,,
9,10,8,unmatched_gt,17596,,
10,5,4,matched,18442,18442,0
10,5,4,matched,18468,18468,0
10,5,4,matched,18048,18047,-1
10,5,4,matched,18075,18074,-1
10,5,4,matched,18990,18989,-1
10,5,4,matched,18121,18119,-2
10,5,4,matched,18560,18558,-2
10,5,4,matched,18777,18775,-2
10,5,4,matched,18001,17998,-3
10,5,4,matched,18100,18097,-3
10,5,4,matched,18213,18210,-3
10,5,4,matched,18382,18379,-3
10,5,4,matched,18415,18412,-3
10,5,4,matched,18508,18505,-3
10,5,4,matched,18592,18589,-3
10,5,4,matched,18716,18713,-3
10,5,4,matched,18746,18743,-3
10,5,4,matched,18854,18851,-3
10,5,4,matched,18925,18922,-3
10,5,4,matched,18308,18304,-4
10,5,4,matched,18364,18360,-4
10,5,4,matched,18486,18482,-4
10,5,4,matched,18676,18672,-4
10,5,4,matched,18823,18819,-4
10,5,4,matched,18888,18884,-4
10,5,4,matched,18962,18958,-4
10,5,4,matched,19025,19021,-4
10,5,4,unmatched_gt,17990,,
10,5,4,unmatched_gt,18032,,
10,5,4,unmatched_gt,18160,,
10,5,4,unmatched_gt,18197,,
10,5,4,unmatched_gt,18246,,
10,5,4,unmatched_gt,18266,,
10,5,4,unmatched_gt,18286,,
10,5,4,unmatched_gt,18331,,
10,5,4,unmatched_gt,18350,,
10,5,4,unmatched_gt,18528,,
10,5,4,unmatched_gt,18629,,
10,5,4,unmatched_gt,18651,,
10,5,4,unmatched_gt,18797,,
10,5,4,unmatched_gt,19062,,
10,5,4,unmatched_candidate,,18188,
10,5,4,unmatched_candidate,,18522,
10,5,4,unmatched_candidate,,18792,
10,10,8,matched,18442,18442,0
10,10,8,matched,18468,18468,0
10,10,8,matched,18048,18047,-1
10,10,8,matched,18075,18074,-1
10,10,8,matched,18990,18989,-1
10,10,8,matched,18121,18119,-2
10,10,8,matched,18560,18558,-2
10,10,8,matched,18777,18775,-2
10,10,8,matched,18001,17998,-3
10,10,8,matched,18100,18097,-3
10,10,8,matched,18213,18210,-3
10,10,8,matched,18382,18379,-3
10,10,8,matched,18415,18412,-3
10,10,8,matched,18508,18505,-3
10,10,8,matched,18592,18589,-3
10,10,8,matched,18716,18713,-3
10,10,8,matched,18746,18743,-3
10,10,8,matched,18854,18851,-3
10,10,8,matched,18925,18922,-3
10,10,8,matched,18308,18304,-4
10,10,8,matched,18364,18360,-4
10,10,8,matched,18486,18482,-4
10,10,8,matched,18676,18672,-4
10,10,8,matched,18823,18819,-4
10,10,8,matched,18888,18884,-4
10,10,8,matched,18962,18958,-4
10,10,8,matched,19025,19021,-4
10,10,8,matched,18797,18792,-5
10,10,8,matched,18528,18522,-6
10,10,8,unmatched_gt,17990,,
10,10,8,unmatched_gt,18032,,
10,10,8,unmatched_gt,18160,,
10,10,8,unmatched_gt,18197,,
10,10,8,unmatched_gt,18246,,
10,10,8,unmatched_gt,18266,,
10,10,8,unmatched_gt,18286,,
10,10,8,unmatched_gt,18331,,
10,10,8,unmatched_gt,18350,,
10,10,8,unmatched_gt,18629,,
10,10,8,unmatched_gt,18651,,
10,10,8,unmatched_gt,19062,,
10,10,8,unmatched_candidate,,18188,
11,5,4,matched,19619,19619,0
11,5,4,matched,20212,20212,0
11,5,4,matched,19692,19691,-1
11,5,4,matched,19800,19799,-1
11,5,4,matched,19834,19833,-1
11,5,4,matched,20169,20168,-1
11,5,4,matched,20271,20270,-1
11,5,4,matched,20373,20372,-1
11,5,4,matched,19589,19587,-2
11,5,4,matched,19724,19722,-2
11,5,4,matched,19751,19749,-2
11,5,4,matched,19999,19997,-2
11,5,4,matched,20069,20067,-2
11,5,4,matched,20131,20129,-2
11,5,4,matched,20320,20318,-2
11,5,4,matched,20427,20425,-2
11,5,4,matched,19654,19651,-3
11,5,4,matched,19858,19855,-3
11,5,4,matched,19885,19882,-3
11,5,4,matched,19930,19927,-3
11,5,4,matched,20016,20013,-3
11,5,4,matched,20042,20039,-3
11,5,4,matched,20100,20097,-3
11,5,4,matched,19969,19965,-4
11,5,4,matched,20187,20191,4
11,5,4,unmatched_gt,19583,,
11,5,4,unmatched_gt,19668,,
11,5,4,unmatched_gt,19768,,
11,5,4,unmatched_gt,19780,,
11,5,4,unmatched_gt,20248,,
11,5,4,unmatched_gt,20298,,
11,5,4,unmatched_gt,20349,,
11,5,4,unmatched_gt,20406,,
11,5,4,unmatched_gt,20460,,
11,5,4,unmatched_candidate,,20447,
11,5,4,unmatched_candidate,,20490,
11,10,8,matched,19619,19619,0
11,10,8,matched,20212,20212,0
11,10,8,matched,19692,19691,-1
11,10,8,matched,19800,19799,-1
11,10,8,matched,19834,19833,-1
11,10,8,matched,20169,20168,-1
11,10,8,matched,20271,20270,-1
11,10,8,matched,20373,20372,-1
11,10,8,matched,19589,19587,-2
11,10,8,matched,19724,19722,-2
11,10,8,matched,19751,19749,-2
11,10,8,matched,19999,19997,-2
11,10,8,matched,20069,20067,-2
11,10,8,matched,20131,20129,-2
11,10,8,matched,20320,20318,-2
11,10,8,matched,20427,20425,-2
11,10,8,matched,19654,19651,-3
11,10,8,matched,19858,19855,-3
11,10,8,matched,19885,19882,-3
11,10,8,matched,19930,19927,-3
11,10,8,matched,20016,20013,-3
11,10,8,matched,20042,20039,-3
11,10,8,matched,20100,20097,-3
11,10,8,matched,19969,19965,-4
11,10,8,matched,20187,20191,4
11,10,8,unmatched_gt,19583,,
11,10,8,unmatched_gt,19668,,
11,10,8,unmatched_gt,19768,,
11,10,8,unmatched_gt,19780,,
11,10,8,unmatched_gt,20248,,
11,10,8,unmatched_gt,20298,,
11,10,8,unmatched_gt,20349,,
11,10,8,unmatched_gt,20406,,
11,10,8,unmatched_gt,20460,,
11,10,8,unmatched_candidate,,20447,
11,10,8,unmatched_candidate,,20490,
12,5,4,matched,21241,21241,0
12,5,4,matched,21427,21427,0
12,5,4,matched,21454,21454,0
12,5,4,matched,21585,21585,0
12,5,4,matched,21926,21926,0
12,5,4,matched,21084,21083,-1
12,5,4,matched,21202,21201,-1
12,5,4,matched,21515,21514,-1
12,5,4,matched,21724,21723,-1
12,5,4,matched,21951,21950,-1
12,5,4,matched,22017,22016,-1
12,5,4,matched,22080,22079,-1
12,5,4,matched,21054,21052,-2
12,5,4,matched,21108,21106,-2
12,5,4,matched,21169,21167,-2
12,5,4,matched,21316,21314,-2
12,5,4,matched,21484,21482,-2
12,5,4,matched,21550,21548,-2
12,5,4,matched,21622,21620,-2
12,5,4,matched,21784,21782,-2
12,5,4,matched,21809,21807,-2
12,5,4,matched,21833,21831,-2
12,5,4,matched,21983,21981,-2
12,5,4,matched,22048,22046,-2
12,5,4,matched,21258,21255,-3
12,5,4,matched,21368,21365,-3
12,5,4,matched,21394,21391,-3
12,5,4,matched,21672,21669,-3
12,5,4,matched,21752,21749,-3
12,5,4,matched,21024,21020,-4
12,5,4,matched,21859,21855,-4
12,5,4,unmatched_gt,21006,,
12,5,4,unmatched_gt,21135,,
12,5,4,unmatched_gt,21145,,
12,5,4,unmatched_gt,21290,,
12,5,4,unmatched_gt,21344,,
12,5,4,unmatched_gt,21647,,
12,5,4,unmatched_gt,21700,,
12,5,4,unmatched_gt,21912,,
12,5,4,unmatched_candidate,,20992,
12,5,4,unmatched_candidate,,21281,
12,5,4,unmatched_candidate,,21690,
12,5,4,unmatched_candidate,,22097,
12,10,8,matched,21241,21241,0
12,10,8,matched,21427,21427,0
12,10,8,matched,21454,21454,0
12,10,8,matched,21585,21585,0
12,10,8,matched,21926,21926,0
12,10,8,matched,21084,21083,-1
12,10,8,matched,21202,21201,-1
12,10,8,matched,21515,21514,-1
12,10,8,matched,21724,21723,-1
12,10,8,matched,21951,21950,-1
12,10,8,matched,22017,22016,-1
12,10,8,matched,22080,22079,-1
12,10,8,matched,21054,21052,-2
12,10,8,matched,21108,21106,-2
12,10,8,matched,21169,21167,-2
12,10,8,matched,21316,21314,-2
12,10,8,matched,21484,21482,-2
12,10,8,matched,21550,21548,-2
12,10,8,matched,21622,21620,-2
12,10,8,matched,21784,21782,-2
12,10,8,matched,21809,21807,-2
12,10,8,matched,21833,21831,-2
12,10,8,matched,21983,21981,-2
12,10,8,matched,22048,22046,-2
12,10,8,matched,21258,21255,-3
12,10,8,matched,21368,21365,-3
12,10,8,matched,21394,21391,-3
12,10,8,matched,21672,21669,-3
12,10,8,matched,21752,21749,-3
12,10,8,matched,21024,21020,-4
12,10,8,matched,21859,21855,-4
12,10,8,unmatched_gt,21006,,
12,10,8,unmatched_gt,21135,,
12,10,8,unmatched_gt,21145,,
12,10,8,unmatched_gt,21290,,
12,10,8,unmatched_gt,21344,,
12,10,8,unmatched_gt,21647,,
12,10,8,unmatched_gt,21700,,
12,10,8,unmatched_gt,21912,,
12,10,8,unmatched_candidate,,20992,
12,10,8,unmatched_candidate,,21281,
12,10,8,unmatched_candidate,,21690,
12,10,8,unmatched_candidate,,22097,
13,5,4,matched,23337,23337,0
13,5,4,matched,23412,23412,0
13,5,4,matched,23254,23253,-1
13,5,4,matched,23224,23222,-2
13,5,4,matched,23095,23092,-3
13,5,4,matched,23118,23115,-3
13,5,4,matched,23206,23203,-3
13,5,4,matched,23314,23311,-3
13,5,4,matched,23378,23375,-3
13,5,4,unmatched_gt,23058,,
13,5,4,unmatched_gt,23071,,
13,5,4,unmatched_gt,23166,,
13,5,4,unmatched_gt,23178,,
13,5,4,unmatched_gt,23288,,
13,10,8,matched,23337,23337,0
13,10,8,matched,23412,23412,0
13,10,8,matched,23254,23253,-1
13,10,8,matched,23224,23222,-2
13,10,8,matched,23095,23092,-3
13,10,8,matched,23118,23115,-3
13,10,8,matched,23206,23203,-3
13,10,8,matched,23314,23311,-3
13,10,8,matched,23378,23375,-3
13,10,8,unmatched_gt,23058,,
13,10,8,unmatched_gt,23071,,
13,10,8,unmatched_gt,23166,,
13,10,8,unmatched_gt,23178,,
13,10,8,unmatched_gt,23288,,
14,5,4,unmatched_gt,23852,,
14,5,4,unmatched_gt,23864,,
14,5,4,unmatched_gt,23890,,
14,5,4,unmatched_gt,23917,,
14,5,4,unmatched_gt,23955,,
14,5,4,unmatched_gt,23977,,
14,5,4,unmatched_gt,24005,,
14,5,4,unmatched_gt,24043,,
14,5,4,unmatched_gt,24071,,
14,5,4,unmatched_gt,24089,,
14,5,4,unmatched_gt,24112,,
14,5,4,unmatched_gt,24137,,
14,5,4,unmatched_gt,24160,,
14,5,4,unmatched_gt,24197,,
14,5,4,unmatched_gt,24210,,
14,5,4,unmatched_gt,24235,,
14,5,4,unmatched_gt,24257,,
14,5,4,unmatched_gt,24312,,
14,10,8,unmatched_gt,23852,,
14,10,8,unmatched_gt,23864,,
14,10,8,unmatched_gt,23890,,
14,10,8,unmatched_gt,23917,,
14,10,8,unmatched_gt,23955,,
14,10,8,unmatched_gt,23977,,
14,10,8,unmatched_gt,24005,,
14,10,8,unmatched_gt,24043,,
14,10,8,unmatched_gt,24071,,
14,10,8,unmatched_gt,24089,,
14,10,8,unmatched_gt,24112,,
14,10,8,unmatched_gt,24137,,
14,10,8,unmatched_gt,24160,,
14,10,8,unmatched_gt,24197,,
14,10,8,unmatched_gt,24210,,
14,10,8,unmatched_gt,24235,,
14,10,8,unmatched_gt,24257,,
14,10,8,unmatched_gt,24312,,
15,5,4,matched,25449,25449,0
15,5,4,matched,25490,25490,0
15,5,4,matched,25804,25804,0
15,5,4,matched,25280,25279,-1
15,5,4,matched,25352,25351,-1
15,5,4,matched,25467,25466,-1
15,5,4,matched,25860,25859,-1
15,5,4,matched,25928,25927,-1
15,5,4,matched,24990,24988,-2
15,5,4,matched,25017,25015,-2
15,5,4,matched,25042,25040,-2
15,5,4,matched,25093,25091,-2
15,5,4,matched,25116,25114,-2
15,5,4,matched,25154,25152,-2
15,5,4,matched,25424,25422,-2
15,5,4,matched,25668,25666,-2
15,5,4,matched,25695,25693,-2
15,5,4,matched,25737,25735,-2
15,5,4,matched,25763,25761,-2
15,5,4,matched,25949,25947,-2
15,5,4,matched,25969,25967,-2
15,5,4,matched,26031,26029,-2
15,5,4,matched,25213,25210,-3
15,5,4,matched,25320,25317,-3
15,5,4,matched,25643,25640,-3
15,5,4,matched,25889,25886,-3
15,5,4,matched,25070,25066,-4
15,5,4,matched,25239,25235,-4
15,5,4,matched,25512,25508,-4
15,5,4,unmatched_gt,24978,,
15,5,4,unmatched_gt,25187,,
15,5,4,unmatched_gt,25382,,
15,5,4,unmatched_gt,25403,,
15,5,4,unmatched_gt,25570,,
15,5,4,unmatched_gt,25581,,
15,5,4,unmatched_gt,25599,,
15,5,4,unmatched_gt,25620,,
15,5,4,unmatched_gt,25712,,
15,5,4,unmatched_gt,25836,,
15,5,4,unmatched_gt,26007,,
15,5,4,unmatched_candidate,,25612,
15,5,4,unmatched_candidate,,26068,
15,5,4,unmatched_candidate,,26086,
15,10,8,matched,25449,25449,0
15,10,8,matched,25490,25490,0
15,10,8,matched,25804,25804,0
15,10,8,matched,25280,25279,-1
15,10,8,matched,25352,25351,-1
15,10,8,matched,25467,25466,-1
15,10,8,matched,25860,25859,-1
15,10,8,matched,25928,25927,-1
15,10,8,matched,24990,24988,-2
15,10,8,matched,25017,25015,-2
15,10,8,matched,25042,25040,-2
15,10,8,matched,25093,25091,-2
15,10,8,matched,25116,25114,-2
15,10,8,matched,25154,25152,-2
15,10,8,matched,25424,25422,-2
15,10,8,matched,25668,25666,-2
15,10,8,matched,25695,25693,-2
15,10,8,matched,25737,25735,-2
15,10,8,matched,25763,25761,-2
15,10,8,matched,25949,25947,-2
15,10,8,matched,25969,25967,-2
15,10,8,matched,26031,26029,-2
15,10,8,matched,25213,25210,-3
15,10,8,matched,25320,25317,-3
15,10,8,matched,25643,25640,-3
15,10,8,matched,25889,25886,-3
15,10,8,matched,25070,25066,-4
15,10,8,matched,25239,25235,-4
15,10,8,matched,25512,25508,-4
15,10,8,matched,25620,25612,-8
15,10,8,unmatched_gt,24978,,
15,10,8,unmatched_gt,25187,,
15,10,8,unmatched_gt,25382,,
15,10,8,unmatched_gt,25403,,
15,10,8,unmatched_gt,25570,,
15,10,8,unmatched_gt,25581,,
15,10,8,unmatched_gt,25599,,
15,10,8,unmatched_gt,25712,,
15,10,8,unmatched_gt,25836,,
15,10,8,unmatched_gt,26007,,
15,10,8,unmatched_candidate,,26068,
15,10,8,unmatched_candidate,,26086,
16,5,4,matched,27505,27504,-1
16,5,4,matched,27465,27463,-2
16,5,4,matched,27560,27558,-2
16,5,4,matched,27701,27699,-2
16,5,4,matched,27415,27412,-3
16,5,4,matched,27526,27522,-4
16,5,4,unmatched_gt,27399,,
16,5,4,unmatched_gt,27440,,
16,5,4,unmatched_gt,27482,,
16,5,4,unmatched_gt,27589,,
16,5,4,unmatched_gt,27601,,
16,5,4,unmatched_gt,27630,,
16,5,4,unmatched_gt,27660,,
16,5,4,unmatched_gt,27678,,
16,5,4,unmatched_gt,27728,,
16,5,4,unmatched_candidate,,27625,
16,10,8,matched,27505,27504,-1
16,10,8,matched,27465,27463,-2
16,10,8,matched,27560,27558,-2
16,10,8,matched,27701,27699,-2
16,10,8,matched,27415,27412,-3
16,10,8,matched,27526,27522,-4
16,10,8,matched,27630,27625,-5
16,10,8,unmatched_gt,27399,,
16,10,8,unmatched_gt,27440,,
16,10,8,unmatched_gt,27482,,
16,10,8,unmatched_gt,27589,,
16,10,8,unmatched_gt,27601,,
16,10,8,unmatched_gt,27660,,
16,10,8,unmatched_gt,27678,,
16,10,8,unmatched_gt,27728,,
17,5,4,matched,28355,28355,0
17,5,4,matched,28677,28677,0
17,5,4,matched,28621,28620,-1
17,5,4,matched,28235,28233,-2
17,5,4,matched,28446,28444,-2
17,5,4,matched,28498,28496,-2
17,5,4,matched,28549,28547,-2
17,5,4,matched,28259,28256,-3
17,5,4,matched,28375,28372,-3
17,5,4,matched,28471,28468,-3
17,5,4,matched,28577,28574,-3
17,5,4,matched,28417,28413,-4
17,5,4,unmatched_gt,28288,,
17,5,4,unmatched_gt,28314,,
17,5,4,unmatched_gt,28335,,
17,5,4,unmatched_gt,28392,,
17,5,4,unmatched_gt,28402,,
17,5,4,unmatched_gt,28525,,
17,5,4,unmatched_gt,28659,,
17,5,4,unmatched_candidate,,28327,
17,5,4,unmatched_candidate,,28397,
17,5,4,unmatched_candidate,,28698,
17,10,8,matched,28355,28355,0
17,10,8,matched,28677,28677,0
17,10,8,matched,28621,28620,-1
17,10,8,matched,28235,28233,-2
17,10,8,matched,28446,28444,-2
17,10,8,matched,28498,28496,-2
17,10,8,matched,28549,28547,-2
17,10,8,matched,28259,28256,-3
17,10,8,matched,28375,28372,-3
17,10,8,matched,28471,28468,-3
17,10,8,matched,28577,28574,-3
17,10,8,matched,28417,28413,-4
17,10,8,matched,28392,28397,5
17,10,8,matched,28335,28327,-8
17,10,8,unmatched_gt,28288,,
17,10,8,unmatched_gt,28314,,
17,10,8,unmatched_gt,28402,,
17,10,8,unmatched_gt,28525,,
17,10,8,unmatched_gt,28659,,
17,10,8,unmatched_candidate,,28698,
18,5,4,matched,29208,29207,-1
18,5,4,matched,29296,29295,-1
18,5,4,matched,29239,29237,-2
18,5,4,matched,29266,29264,-2
18,5,4,unmatched_gt,29123,,
18,5,4,unmatched_gt,29167,,
18,5,4,unmatched_gt,29180,,
18,5,4,unmatched_candidate,,29175,
18,10,8,matched,29208,29207,-1
18,10,8,matched,29296,29295,-1
18,10,8,matched,29239,29237,-2
18,10,8,matched,29266,29264,-2
18,10,8,matched,29180,29175,-5
18,10,8,unmatched_gt,29123,,
18,10,8,unmatched_gt,29167,,
19,5,4,matched,31420,31418,-2
19,5,4,unmatched_gt,31396,,
19,5,4,unmatched_gt,31450,,
19,5,4,unmatched_candidate,,31488,
19,10,8,matched,31420,31418,-2
19,10,8,unmatched_gt,31396,,
19,10,8,unmatched_gt,31450,,
19,10,8,unmatched_candidate,,31488,
20,5,4,matched,31759,31758,-1
20,5,4,matched,31828,31827,-1
20,5,4,matched,31789,31787,-2
20,5,4,matched,31808,31805,-3
20,5,4,unmatched_gt,31753,,
20,5,4,unmatched_candidate,,31842,
20,5,4,unmatched_candidate,,31873,
20,5,4,unmatched_candidate,,31885,
20,10,8,matched,31759,31758,-1
20,10,8,matched,31828,31827,-1
20,10,8,matched,31789,31787,-2
20,10,8,matched,31808,31805,-3
20,10,8,unmatched_gt,31753,,
20,10,8,unmatched_candidate,,31842,
20,10,8,unmatched_candidate,,31873,
20,10,8,unmatched_candidate,,31885,
21,5,4,matched,32389,32389,0
21,5,4,matched,32416,32415,-1
21,5,4,matched,32533,32532,-1
21,5,4,matched,32407,32405,-2
21,5,4,matched,32461,32459,-2
21,5,4,matched,32480,32478,-2
21,5,4,matched,32446,32443,-3
21,5,4,matched,32503,32500,-3
21,5,4,unmatched_gt,32365,,
21,5,4,unmatched_gt,32379,,
21,5,4,unmatched_gt,32556,,
21,5,4,unmatched_gt,32568,,
21,5,4,unmatched_candidate,,32596,
21,10,8,matched,32389,32389,0
21,10,8,matched,32416,32415,-1
21,10,8,matched,32533,32532,-1
21,10,8,matched,32407,32405,-2
21,10,8,matched,32461,32459,-2
21,10,8,matched,32480,32478,-2
21,10,8,matched,32446,32443,-3
21,10,8,matched,32503,32500,-3
21,10,8,unmatched_gt,32365,,
21,10,8,unmatched_gt,32379,,
21,10,8,unmatched_gt,32556,,
21,10,8,unmatched_gt,32568,,
21,10,8,unmatched_candidate,,32596,
22,5,4,unmatched_gt,33026,,
22,5,4,unmatched_gt,33036,,
22,5,4,unmatched_gt,33047,,
22,5,4,unmatched_gt,33074,,
22,5,4,unmatched_gt,33113,,
22,5,4,unmatched_gt,33127,,
22,5,4,unmatched_gt,33154,,
22,5,4,unmatched_gt,33176,,
22,10,8,unmatched_gt,33026,,
22,10,8,unmatched_gt,33036,,
22,10,8,unmatched_gt,33047,,
22,10,8,unmatched_gt,33074,,
22,10,8,unmatched_gt,33113,,
22,10,8,unmatched_gt,33127,,
22,10,8,unmatched_gt,33154,,
22,10,8,unmatched_gt,33176,,
23,5,4,unmatched_gt,33608,,
23,5,4,unmatched_gt,33622,,
23,5,4,unmatched_gt,33646,,
23,5,4,unmatched_gt,33672,,
23,5,4,unmatched_gt,33685,,
23,5,4,unmatched_gt,33712,,
23,5,4,unmatched_gt,33737,,
23,5,4,unmatched_gt,33760,,
23,5,4,unmatched_gt,33776,,
23,5,4,unmatched_gt,33804,,
23,5,4,unmatched_gt,33831,,
23,5,4,unmatched_gt,33861,,
23,5,4,unmatched_gt,33887,,
23,5,4,unmatched_gt,33919,,
23,5,4,unmatched_gt,33948,,
23,5,4,unmatched_gt,33970,,
23,5,4,unmatched_gt,33998,,
23,5,4,unmatched_gt,34026,,
23,5,4,unmatched_gt,34053,,
23,10,8,unmatched_gt,33608,,
23,10,8,unmatched_gt,33622,,
23,10,8,unmatched_gt,33646,,
23,10,8,unmatched_gt,33672,,
23,10,8,unmatched_gt,33685,,
23,10,8,unmatched_gt,33712,,
23,10,8,unmatched_gt,33737,,
23,10,8,unmatched_gt,33760,,
23,10,8,unmatched_gt,33776,,
23,10,8,unmatched_gt,33804,,
23,10,8,unmatched_gt,33831,,
23,10,8,unmatched_gt,33861,,
23,10,8,unmatched_gt,33887,,
23,10,8,unmatched_gt,33919,,
23,10,8,unmatched_gt,33948,,
23,10,8,unmatched_gt,33970,,
23,10,8,unmatched_gt,33998,,
23,10,8,unmatched_gt,34026,,
23,10,8,unmatched_gt,34053,,
24,5,4,matched,35019,35018,-1
24,5,4,matched,34970,34968,-2
24,5,4,matched,35145,35143,-2
24,5,4,matched,35231,35229,-2
24,5,4,matched,35045,35042,-3
24,5,4,matched,35068,35065,-3
24,5,4,matched,35182,35179,-3
24,5,4,matched,35204,35201,-3
24,5,4,matched,35242,35239,-3
24,5,4,matched,34953,34949,-4
24,5,4,matched,35091,35087,-4
24,5,4,matched,35219,35215,-4
24,5,4,unmatched_gt,34896,,
24,5,4,unmatched_gt,34924,,
24,5,4,unmatched_gt,34939,,
24,5,4,unmatched_gt,34999,,
24,5,4,unmatched_gt,35156,,
24,10,8,matched,35019,35018,-1
24,10,8,matched,34970,34968,-2
24,10,8,matched,35145,35143,-2
24,10,8,matched,35231,35229,-2
24,10,8,matched,35045,35042,-3
24,10,8,matched,35068,35065,-3
24,10,8,matched,35182,35179,-3
24,10,8,matched,35204,35201,-3
24,10,8,matched,35242,35239,-3
24,10,8,matched,34953,34949,-4
24,10,8,matched,35091,35087,-4
24,10,8,matched,35219,35215,-4
24,10,8,unmatched_gt,34896,,
24,10,8,unmatched_gt,34924,,
24,10,8,unmatched_gt,34939,,
24,10,8,unmatched_gt,34999,,
24,10,8,unmatched_gt,35156,,
25,5,4,matched,36009,36008,-1
25,5,4,matched,35859,35857,-2
25,5,4,matched,35882,35879,-3
25,5,4,matched,35933,35930,-3
25,5,4,unmatched_gt,35812,,
25,5,4,unmatched_gt,35829,,
25,5,4,unmatched_gt,35911,,
25,5,4,unmatched_gt,35966,,
25,5,4,unmatched_gt,35988,,
25,5,4,unmatched_gt,36048,,
25,5,4,unmatched_candidate,,35817,
25,5,4,unmatched_candidate,,35973,
25,5,4,unmatched_candidate,,36041,
25,5,4,unmatched_candidate,,36062,
25,5,4,unmatched_candidate,,36082,
25,5,4,unmatched_candidate,,36103,
25,10,8,matched,36009,36008,-1
25,10,8,matched,35859,35857,-2
25,10,8,matched,35882,35879,-3
25,10,8,matched,35933,35930,-3
25,10,8,matched,35812,35817,5
25,10,8,matched,35966,35973,7
25,10,8,matched,36048,36041,-7
25,10,8,unmatched_gt,35829,,
25,10,8,unmatched_gt,35911,,
25,10,8,unmatched_gt,35988,,
25,10,8,unmatched_candidate,,36062,
25,10,8,unmatched_candidate,,36082,
25,10,8,unmatched_candidate,,36103,
26,5,4,unmatched_gt,36562,,
26,5,4,unmatched_gt,36577,,
26,5,4,unmatched_gt,36599,,
26,5,4,unmatched_gt,36623,,
26,5,4,unmatched_gt,36666,,
26,5,4,unmatched_gt,36677,,
26,5,4,unmatched_gt,36701,,
26,5,4,unmatched_gt,36714,,
26,5,4,unmatched_gt,36735,,
26,5,4,unmatched_gt,36764,,
26,5,4,unmatched_gt,36789,,
26,5,4,unmatched_gt,36811,,
26,5,4,unmatched_gt,36838,,
26,5,4,unmatched_gt,36872,,
26,5,4,unmatched_gt,36899,,
26,5,4,unmatched_gt,36933,,
26,5,4,unmatched_gt,36960,,
26,5,4,unmatched_gt,36980,,
26,5,4,unmatched_gt,37014,,
26,5,4,unmatched_gt,37037,,
26,5,4,unmatched_gt,37070,,
26,5,4,unmatched_gt,37107,,
26,5,4,unmatched_gt,37126,,
26,5,4,unmatched_gt,37151,,
26,5,4,unmatched_gt,37175,,
26,5,4,unmatched_gt,37222,,
26,5,4,unmatched_gt,37246,,
26,5,4,unmatched_gt,37271,,
26,5,4,unmatched_gt,37294,,
26,5,4,unmatched_gt,37345,,
26,5,4,unmatched_gt,37379,,
26,5,4,unmatched_gt,37403,,
26,5,4,unmatched_gt,37429,,
26,5,4,unmatched_gt,37462,,
26,5,4,unmatched_gt,37489,,
26,5,4,unmatched_gt,37520,,
26,5,4,unmatched_gt,37546,,
26,5,4,unmatched_gt,37568,,
26,5,4,unmatched_gt,37585,,
26,5,4,unmatched_gt,37615,,
26,5,4,unmatched_gt,37632,,
26,5,4,unmatched_gt,37660,,
26,5,4,unmatched_gt,37688,,
26,5,4,unmatched_gt,37723,,
26,10,8,unmatched_gt,36562,,
26,10,8,unmatched_gt,36577,,
26,10,8,unmatched_gt,36599,,
26,10,8,unmatched_gt,36623,,
26,10,8,unmatched_gt,36666,,
26,10,8,unmatched_gt,36677,,
26,10,8,unmatched_gt,36701,,
26,10,8,unmatched_gt,36714,,
26,10,8,unmatched_gt,36735,,
26,10,8,unmatched_gt,36764,,
26,10,8,unmatched_gt,36789,,
26,10,8,unmatched_gt,36811,,
26,10,8,unmatched_gt,36838,,
26,10,8,unmatched_gt,36872,,
26,10,8,unmatched_gt,36899,,
26,10,8,unmatched_gt,36933,,
26,10,8,unmatched_gt,36960,,
26,10,8,unmatched_gt,36980,,
26,10,8,unmatched_gt,37014,,
26,10,8,unmatched_gt,37037,,
26,10,8,unmatched_gt,37070,,
26,10,8,unmatched_gt,37107,,
26,10,8,unmatched_gt,37126,,
26,10,8,unmatched_gt,37151,,
26,10,8,unmatched_gt,37175,,
26,10,8,unmatched_gt,37222,,
26,10,8,unmatched_gt,37246,,
26,10,8,unmatched_gt,37271,,
26,10,8,unmatched_gt,37294,,
26,10,8,unmatched_gt,37345,,
26,10,8,unmatched_gt,37379,,
26,10,8,unmatched_gt,37403,,
26,10,8,unmatched_gt,37429,,
26,10,8,unmatched_gt,37462,,
26,10,8,unmatched_gt,37489,,
26,10,8,unmatched_gt,37520,,
26,10,8,unmatched_gt,37546,,
26,10,8,unmatched_gt,37568,,
26,10,8,unmatched_gt,37585,,
26,10,8,unmatched_gt,37615,,
26,10,8,unmatched_gt,37632,,
26,10,8,unmatched_gt,37660,,
26,10,8,unmatched_gt,37688,,
26,10,8,unmatched_gt,37723,,
27,5,4,matched,38465,38463,-2
27,5,4,matched,38428,38425,-3
27,5,4,matched,38511,38507,-4
27,5,4,unmatched_gt,38386,,
27,5,4,unmatched_gt,38406,,
27,5,4,unmatched_gt,38494,,
27,5,4,unmatched_candidate,,38538,
27,10,8,matched,38465,38463,-2
27,10,8,matched,38428,38425,-3
27,10,8,matched,38511,38507,-4
27,10,8,unmatched_gt,38386,,
27,10,8,unmatched_gt,38406,,
27,10,8,unmatched_gt,38494,,
27,10,8,unmatched_candidate,,38538,
28,5,4,matched,39888,39888,0
28,5,4,matched,40097,40096,-1
28,5,4,matched,40151,40150,-1
28,5,4,matched,39966,39964,-2
28,5,4,matched,39986,39984,-2
28,5,4,matched,40023,40021,-2
28,5,4,matched,39915,39912,-3
28,5,4,matched,40075,40072,-3
28,5,4,matched,40126,40123,-3
28,5,4,matched,39838,39834,-4
28,5,4,matched,40004,40000,-4
28,5,4,unmatched_gt,39814,,
28,5,4,unmatched_gt,39828,,
28,5,4,unmatched_gt,39869,,
28,5,4,unmatched_gt,39946,,
28,5,4,unmatched_gt,40054,,
28,5,4,unmatched_candidate,,39804,
28,5,4,unmatched_candidate,,40083,
28,5,4,unmatched_candidate,,40201,
28,10,8,matched,39888,39888,0
28,10,8,matched,40097,40096,-1
28,10,8,matched,40151,40150,-1
28,10,8,matched,39966,39964,-2
28,10,8,matched,39986,39984,-2
28,10,8,matched,40023,40021,-2
28,10,8,matched,39915,39912,-3
28,10,8,matched,40075,40072,-3
28,10,8,matched,40126,40123,-3
28,10,8,matched,39838,39834,-4
28,10,8,matched,40004,40000,-4
28,10,8,unmatched_gt,39814,,
28,10,8,unmatched_gt,39828,,
28,10,8,unmatched_gt,39869,,
28,10,8,unmatched_gt,39946,,
28,10,8,unmatched_gt,40054,,
28,10,8,unmatched_candidate,,39804,
28,10,8,unmatched_candidate,,40083,
28,10,8,unmatched_candidate,,40201,
29,5,4,matched,41190,41190,0
29,5,4,matched,40638,40637,-1
29,5,4,matched,40814,40813,-1
29,5,4,matched,40840,40839,-1
29,5,4,matched,40903,40902,-1
29,5,4,matched,41045,41044,-1
29,5,4,matched,41063,41062,-1
29,5,4,matched,41123,41122,-1
29,5,4,matched,41214,41213,-1
29,5,4,matched,40714,40712,-2
29,5,4,matched,40950,40948,-2
29,5,4,matched,40984,40982,-2
29,5,4,matched,41091,41089,-2
29,5,4,matched,41162,41160,-2
29,5,4,matched,41016,41013,-3
29,5,4,matched,40613,40609,-4
29,5,4,matched,40764,40760,-4
29,5,4,matched,40879,40875,-4
29,5,4,unmatched_gt,40621,,
29,5,4,unmatched_gt,40674,,
29,5,4,unmatched_gt,40692,,
29,5,4,unmatched_gt,40739,,
29,5,4,unmatched_gt,40789,,
29,5,4,unmatched_gt,40929,,
29,5,4,unmatched_candidate,,40686,
29,5,4,unmatched_candidate,,40796,
29,10,8,matched,41190,41190,0
29,10,8,matched,40638,40637,-1
29,10,8,matched,40814,40813,-1
29,10,8,matched,40840,40839,-1
29,10,8,matched,40903,40902,-1
29,10,8,matched,41045,41044,-1
29,10,8,matched,41063,41062,-1
29,10,8,matched,41123,41122,-1
29,10,8,matched,41214,41213,-1
29,10,8,matched,40714,40712,-2
29,10,8,matched,40950,40948,-2
29,10,8,matched,40984,40982,-2
29,10,8,matched,41091,41089,-2
29,10,8,matched,41162,41160,-2
29,10,8,matched,41016,41013,-3
29,10,8,matched,40613,40609,-4
29,10,8,matched,40764,40760,-4
29,10,8,matched,40879,40875,-4
29,10,8,matched,40692,40686,-6
29,10,8,matched,40789,40796,7
29,10,8,unmatched_gt,40621,,
29,10,8,unmatched_gt,40674,,
29,10,8,unmatched_gt,40739,,
29,10,8,unmatched_gt,40929,,
30,5,4,unmatched_gt,41738,,
30,5,4,unmatched_gt,41775,,
30,5,4,unmatched_gt,41788,,
30,10,8,unmatched_gt,41738,,
30,10,8,unmatched_gt,41775,,
30,10,8,unmatched_gt,41788,,
31,5,4,matched,42381,42380,-1
31,5,4,matched,42240,42238,-2
31,5,4,matched,42267,42265,-2
31,5,4,matched,42412,42410,-2
31,5,4,matched,42346,42343,-3
31,5,4,matched,42221,42217,-4
31,5,4,unmatched_gt,42303,,
31,5,4,unmatched_gt,42319,,
31,5,4,unmatched_gt,42423,,
31,10,8,matched,42381,42380,-1
31,10,8,matched,42240,42238,-2
31,10,8,matched,42267,42265,-2
31,10,8,matched,42412,42410,-2
31,10,8,matched,42346,42343,-3
31,10,8,matched,42221,42217,-4
31,10,8,unmatched_gt,42303,,
31,10,8,unmatched_gt,42319,,
31,10,8,unmatched_gt,42423,,
32,5,4,matched,42868,42868,0
32,5,4,matched,42813,42812,-1
32,5,4,matched,43022,43021,-1
32,5,4,matched,43079,43078,-1
32,5,4,matched,42915,42913,-2
32,5,4,matched,42997,42995,-2
32,5,4,matched,42797,42794,-3
32,5,4,matched,42841,42838,-3
32,5,4,matched,42976,42973,-3
32,5,4,unmatched_gt,42887,,
32,5,4,unmatched_gt,42941,,
32,5,4,unmatched_gt,42960,,
32,5,4,unmatched_candidate,,42623,
32,5,4,unmatched_candidate,,42635,
32,5,4,unmatched_candidate,,42648,
32,5,4,unmatched_candidate,,42666,
32,5,4,unmatched_candidate,,42715,
32,10,8,matched,42868,42868,0
32,10,8,matched,42813,42812,-1
32,10,8,matched,43022,43021,-1
32,10,8,matched,43079,43078,-1
32,10,8,matched,42915,42913,-2
32,10,8,matched,42997,42995,-2
32,10,8,matched,42797,42794,-3
32,10,8,matched,42841,42838,-3
32,10,8,matched,42976,42973,-3
32,10,8,unmatched_gt,42887,,
32,10,8,unmatched_gt,42941,,
32,10,8,unmatched_gt,42960,,
32,10,8,unmatched_candidate,,42623,
32,10,8,unmatched_candidate,,42635,
32,10,8,unmatched_candidate,,42648,
32,10,8,unmatched_candidate,,42666,
32,10,8,unmatched_candidate,,42715,
33,5,4,matched,43753,43751,-2
33,5,4,matched,43783,43781,-2
33,5,4,matched,43722,43719,-3
33,5,4,unmatched_gt,43701,,
33,5,4,unmatched_candidate,,43692,
33,10,8,matched,43753,43751,-2
33,10,8,matched,43783,43781,-2
33,10,8,matched,43722,43719,-3
33,10,8,unmatched_gt,43701,,
33,10,8,unmatched_candidate,,43692,
34,5,4,matched,44111,44109,-2
34,5,4,matched,44137,44135,-2
34,5,4,unmatched_candidate,,44177,
34,5,4,unmatched_candidate,,44217,
34,10,8,matched,44111,44109,-2
34,10,8,matched,44137,44135,-2
34,10,8,unmatched_candidate,,44177,
34,10,8,unmatched_candidate,,44217,
35,5,4,matched,44726,44726,0
35,5,4,matched,44640,44639,-1
35,5,4,matched,44694,44693,-1
35,5,4,matched,44774,44773,-1
35,5,4,matched,44411,44409,-2
35,5,4,matched,44507,44505,-2
35,5,4,matched,44534,44532,-2
35,5,4,matched,44582,44580,-2
35,5,4,matched,44662,44660,-2
35,5,4,matched,44440,44437,-3
35,5,4,matched,44612,44609,-3
35,5,4,matched,44623,44620,-3
35,5,4,matched,44458,44454,-4
35,5,4,unmatched_gt,44489,,
35,5,4,unmatched_gt,44561,,
35,5,4,unmatched_gt,44597,,
35,5,4,unmatched_gt,44745,,
35,10,8,matched,44726,44726,0
35,10,8,matched,44640,44639,-1
35,10,8,matched,44694,44693,-1
35,10,8,matched,44774,44773,-1
35,10,8,matched,44411,44409,-2
35,10,8,matched,44507,44505,-2
35,10,8,matched,44534,44532,-2
35,10,8,matched,44582,44580,-2
35,10,8,matched,44662,44660,-2
35,10,8,matched,44440,44437,-3
35,10,8,matched,44612,44609,-3
35,10,8,matched,44623,44620,-3
35,10,8,matched,44458,44454,-4
35,10,8,unmatched_gt,44489,,
35,10,8,unmatched_gt,44561,,
35,10,8,unmatched_gt,44597,,
35,10,8,unmatched_gt,44745,,
36,5,4,matched,48529,48527,-2
36,5,4,matched,48555,48551,-4
36,5,4,matched,48587,48583,-4
36,5,4,unmatched_gt,48521,,
36,5,4,unmatched_candidate,,48456,
36,5,4,unmatched_candidate,,48471,
36,5,4,unmatched_candidate,,48499,
36,10,8,matched,48529,48527,-2
36,10,8,matched,48555,48551,-4
36,10,8,matched,48587,48583,-4
36,10,8,unmatched_gt,48521,,
36,10,8,unmatched_candidate,,48456,
36,10,8,unmatched_candidate,,48471,
36,10,8,unmatched_candidate,,48499,
37,5,4,unmatched_gt,48966,,
37,5,4,unmatched_gt,49013,,
37,5,4,unmatched_gt,49032,,
37,5,4,unmatched_gt,49083,,
37,10,8,unmatched_gt,48966,,
37,10,8,unmatched_gt,49013,,
37,10,8,unmatched_gt,49032,,
37,10,8,unmatched_gt,49083,,
38,5,4,matched,49643,49641,-2
38,5,4,matched,49676,49674,-2
38,5,4,matched,49623,49619,-4
38,5,4,unmatched_gt,49590,,
38,5,4,unmatched_gt,49605,,
38,5,4,unmatched_candidate,,49585,
38,5,4,unmatched_candidate,,49700,
38,5,4,unmatched_candidate,,49716,
38,10,8,matched,49643,49641,-2
38,10,8,matched,49676,49674,-2
38,10,8,matched,49623,49619,-4
38,10,8,matched,49590,49585,-5
38,10,8,unmatched_gt,49605,,
38,10,8,unmatched_candidate,,49700,
38,10,8,unmatched_candidate,,49716,
39,5,4,unmatched_gt,50030,,
39,5,4,unmatched_gt,50046,,
39,5,4,unmatched_candidate,,50071,
39,5,4,unmatched_candidate,,50110,
39,10,8,unmatched_gt,50030,,
39,10,8,unmatched_gt,50046,,
39,10,8,unmatched_candidate,,50071,
39,10,8,unmatched_candidate,,50110,
40,5,4,matched,50322,50321,-1
40,5,4,matched,50338,50337,-1
40,5,4,unmatched_gt,50362,,
40,5,4,unmatched_candidate,,50388,
40,10,8,matched,50322,50321,-1
40,10,8,matched,50338,50337,-1
40,10,8,unmatched_gt,50362,,
40,10,8,unmatched_candidate,,50388,
41,5,4,unmatched_gt,50752,,
41,5,4,unmatched_gt,50767,,
41,5,4,unmatched_gt,50786,,
41,5,4,unmatched_gt,50809,,
41,5,4,unmatched_gt,50845,,
41,5,4,unmatched_gt,50867,,
41,5,4,unmatched_gt,50883,,
41,10,8,unmatched_gt,50752,,
41,10,8,unmatched_gt,50767,,
41,10,8,unmatched_gt,50786,,
41,10,8,unmatched_gt,50809,,
41,10,8,unmatched_gt,50845,,
41,10,8,unmatched_gt,50867,,
41,10,8,unmatched_gt,50883,,
42,5,4,matched,51298,51297,-1
42,5,4,matched,51471,51470,-1
42,5,4,matched,51579,51578,-1
42,5,4,matched,51604,51603,-1
42,5,4,matched,51392,51390,-2
42,5,4,matched,51630,51628,-2
42,5,4,matched,51652,51650,-2
42,5,4,matched,51341,51338,-3
42,5,4,matched,51429,51426,-3
42,5,4,matched,51381,51377,-4
42,5,4,matched,51453,51449,-4
42,5,4,matched,51498,51494,-4
42,5,4,unmatched_gt,51285,,
42,5,4,unmatched_gt,51320,,
42,5,4,unmatched_gt,51406,,
42,5,4,unmatched_gt,51543,,
42,5,4,unmatched_gt,51557,,
42,5,4,unmatched_gt,51690,,
42,5,4,unmatched_candidate,,51251,
42,5,4,unmatched_candidate,,51266,
42,10,8,matched,51298,51297,-1
42,10,8,matched,51471,51470,-1
42,10,8,matched,51579,51578,-1
42,10,8,matched,51604,51603,-1
42,10,8,matched,51392,51390,-2
42,10,8,matched,51630,51628,-2
42,10,8,matched,51652,51650,-2
42,10,8,matched,51341,51338,-3
42,10,8,matched,51429,51426,-3
42,10,8,matched,51381,51377,-4
42,10,8,matched,51453,51449,-4
42,10,8,matched,51498,51494,-4
42,10,8,unmatched_gt,51285,,
42,10,8,unmatched_gt,51320,,
42,10,8,unmatched_gt,51406,,
42,10,8,unmatched_gt,51543,,
42,10,8,unmatched_gt,51557,,
42,10,8,unmatched_gt,51690,,
42,10,8,unmatched_candidate,,51251,
42,10,8,unmatched_candidate,,51266,
43,5,4,unmatched_gt,52449,,
43,10,8,unmatched_gt,52449,,
44,5,4,matched,52875,52874,-1
44,5,4,matched,52943,52942,-1
44,5,4,matched,52958,52957,-1
44,5,4,matched,53091,53090,-1
44,5,4,matched,53350,53349,-1
44,5,4,matched,53559,53558,-1
44,5,4,matched,52999,52997,-2
44,5,4,matched,53172,53170,-2
44,5,4,matched,52987,52984,-3
44,5,4,matched,53034,53031,-3
44,5,4,matched,53150,53147,-3
44,5,4,matched,53207,53204,-3
44,5,4,matched,53236,53233,-3
44,5,4,matched,53256,53253,-3
44,5,4,matched,53293,53290,-3
44,5,4,matched,53317,53314,-3
44,5,4,matched,53377,53374,-3
44,5,4,matched,53423,53420,-3
44,5,4,matched,53448,53445,-3
44,5,4,matched,53475,53472,-3
44,5,4,matched,53518,53515,-3
44,5,4,matched,53057,53053,-4
44,5,4,matched,53648,53644,-4
44,5,4,unmatched_gt,52842,,
44,5,4,unmatched_gt,52852,,
44,5,4,unmatched_gt,52912,,
44,5,4,unmatched_gt,53012,,
44,5,4,unmatched_gt,53124,,
44,5,4,unmatched_gt,53274,,
44,5,4,unmatched_gt,53391,,
44,5,4,unmatched_gt,53574,,
44,5,4,unmatched_gt,53599,,
44,5,4,unmatched_gt,53618,,
44,5,4,unmatched_gt,53674,,
44,5,4,unmatched_candidate,,52830,
44,10,8,matched,52875,52874,-1
44,10,8,matched,52943,52942,-1
44,10,8,matched,52958,52957,-1
44,10,8,matched,53091,53090,-1
44,10,8,matched,53350,53349,-1
44,10,8,matched,53559,53558,-1
44,10,8,matched,52999,52997,-2
44,10,8,matched,53172,53170,-2
44,10,8,matched,52987,52984,-3
44,10,8,matched,53034,53031,-3
44,10,8,matched,53150,53147,-3
44,10,8,matched,53207,53204,-3
44,10,8,matched,53236,53233,-3
44,10,8,matched,53256,53253,-3
44,10,8,matched,53293,53290,-3
44,10,8,matched,53317,53314,-3
44,10,8,matched,53377,53374,-3
44,10,8,matched,53423,53420,-3
44,10,8,matched,53448,53445,-3
44,10,8,matched,53475,53472,-3
44,10,8,matched,53518,53515,-3
44,10,8,matched,53057,53053,-4
44,10,8,matched,53648,53644,-4
44,10,8,unmatched_gt,52842,,
44,10,8,unmatched_gt,52852,,
44,10,8,unmatched_gt,52912,,
44,10,8,unmatched_gt,53012,,
44,10,8,unmatched_gt,53124,,
44,10,8,unmatched_gt,53274,,
44,10,8,unmatched_gt,53391,,
44,10,8,unmatched_gt,53574,,
44,10,8,unmatched_gt,53599,,
44,10,8,unmatched_gt,53618,,
44,10,8,unmatched_gt,53674,,
44,10,8,unmatched_candidate,,52830,
45,5,4,matched,55146,55144,-2
45,5,4,matched,55287,55285,-2
45,5,4,matched,55179,55176,-3
45,5,4,matched,55384,55387,3
45,5,4,matched,55216,55212,-4
45,5,4,matched,55321,55317,-4
45,5,4,unmatched_gt,55100,,
45,5,4,unmatched_gt,55118,,
45,5,4,unmatched_gt,55134,,
45,5,4,unmatched_gt,55160,,
45,5,4,unmatched_gt,55249,,
45,5,4,unmatched_gt,55268,,
45,5,4,unmatched_gt,55349,,
45,5,4,unmatched_gt,55361,,
45,5,4,unmatched_gt,55391,,
45,5,4,unmatched_candidate,,55067,
45,5,4,unmatched_candidate,,55091,
45,10,8,matched,55146,55144,-2
45,10,8,matched,55287,55285,-2
45,10,8,matched,55179,55176,-3
45,10,8,matched,55384,55387,3
45,10,8,matched,55216,55212,-4
45,10,8,matched,55321,55317,-4
45,10,8,unmatched_gt,55100,,
45,10,8,unmatched_gt,55118,,
45,10,8,unmatched_gt,55134,,
45,10,8,unmatched_gt,55160,,
45,10,8,unmatched_gt,55249,,
45,10,8,unmatched_gt,55268,,
45,10,8,unmatched_gt,55349,,
45,10,8,unmatched_gt,55361,,
45,10,8,unmatched_gt,55391,,
45,10,8,unmatched_candidate,,55067,
45,10,8,unmatched_candidate,,55091,
46,5,4,unmatched_gt,55912,,
46,5,4,unmatched_gt,55940,,
46,5,4,unmatched_gt,55955,,
46,5,4,unmatched_gt,55974,,
46,5,4,unmatched_gt,55995,,
46,5,4,unmatched_gt,56015,,
46,5,4,unmatched_gt,56051,,
46,5,4,unmatched_gt,56076,,
46,5,4,unmatched_gt,56099,,
46,5,4,unmatched_gt,56122,,
46,5,4,unmatched_gt,56159,,
46,5,4,unmatched_gt,56176,,
46,5,4,unmatched_gt,56201,,
46,5,4,unmatched_gt,56224,,
46,5,4,unmatched_gt,56233,,
46,5,4,unmatched_gt,56249,,
46,5,4,unmatched_gt,56272,,
46,5,4,unmatched_gt,56299,,
46,5,4,unmatched_gt,56333,,
46,5,4,unmatched_gt,56351,,
46,10,8,unmatched_gt,55912,,
46,10,8,unmatched_gt,55940,,
46,10,8,unmatched_gt,55955,,
46,10,8,unmatched_gt,55974,,
46,10,8,unmatched_gt,55995,,
46,10,8,unmatched_gt,56015,,
46,10,8,unmatched_gt,56051,,
46,10,8,unmatched_gt,56076,,
46,10,8,unmatched_gt,56099,,
46,10,8,unmatched_gt,56122,,
46,10,8,unmatched_gt,56159,,
46,10,8,unmatched_gt,56176,,
46,10,8,unmatched_gt,56201,,
46,10,8,unmatched_gt,56224,,
46,10,8,unmatched_gt,56233,,
46,10,8,unmatched_gt,56249,,
46,10,8,unmatched_gt,56272,,
46,10,8,unmatched_gt,56299,,
46,10,8,unmatched_gt,56333,,
46,10,8,unmatched_gt,56351,,
47,5,4,matched,56882,56882,0
47,5,4,matched,56808,56809,1
47,5,4,matched,56840,56839,-1
47,5,4,matched,57029,57028,-1
47,5,4,matched,57107,57106,-1
47,5,4,matched,57129,57128,-1
47,5,4,matched,56935,56933,-2
47,5,4,matched,57054,57052,-2
47,5,4,unmatched_gt,56790,,
47,5,4,unmatched_gt,56855,,
47,5,4,unmatched_gt,56916,,
47,5,4,unmatched_gt,56948,,
47,5,4,unmatched_gt,56983,,
47,5,4,unmatched_gt,57006,,
47,5,4,unmatched_gt,57155,,
47,5,4,unmatched_candidate,,56785,
47,5,4,unmatched_candidate,,56922,
47,5,4,unmatched_candidate,,57150,
47,5,4,unmatched_candidate,,57176,
47,10,8,matched,56882,56882,0
47,10,8,matched,56808,56809,1
47,10,8,matched,56840,56839,-1
47,10,8,matched,57029,57028,-1
47,10,8,matched,57107,57106,-1
47,10,8,matched,57129,57128,-1
47,10,8,matched,56935,56933,-2
47,10,8,matched,57054,57052,-2
47,10,8,matched,56790,56785,-5
47,10,8,matched,57155,57150,-5
47,10,8,matched,56916,56922,6
47,10,8,unmatched_gt,56855,,
47,10,8,unmatched_gt,56948,,
47,10,8,unmatched_gt,56983,,
47,10,8,unmatched_gt,57006,,
47,10,8,unmatched_candidate,,57176,
48,5,4,matched,58008,58006,-2
48,5,4,matched,58052,58050,-2
48,5,4,matched,58032,58029,-3
48,5,4,unmatched_gt,57990,,
48,5,4,unmatched_gt,58107,,
48,5,4,unmatched_candidate,,57982,
48,5,4,unmatched_candidate,,58132,
48,10,8,matched,58008,58006,-2
48,10,8,matched,58052,58050,-2
48,10,8,matched,58032,58029,-3
48,10,8,matched,57990,57982,-8
48,10,8,unmatched_gt,58107,,
48,10,8,unmatched_candidate,,58132,
49,5,4,matched,58831,58830,-1
49,5,4,matched,58930,58929,-1
49,5,4,matched,58855,58853,-2
49,5,4,matched,58886,58884,-2
49,5,4,matched,58976,58974,-2
49,5,4,matched,58908,58905,-3
49,5,4,unmatched_gt,58820,,
49,5,4,unmatched_gt,58960,,
49,5,4,unmatched_candidate,,58785,
49,5,4,unmatched_candidate,,58804,
49,10,8,matched,58831,58830,-1
49,10,8,matched,58930,58929,-1
49,10,8,matched,58855,58853,-2
49,10,8,matched,58886,58884,-2
49,10,8,matched,58976,58974,-2
49,10,8,matched,58908,58905,-3
49,10,8,unmatched_gt,58820,,
49,10,8,unmatched_gt,58960,,
49,10,8,unmatched_candidate,,58785,
49,10,8,unmatched_candidate,,58804,
50,5,4,matched,59541,59540,-1
50,5,4,matched,59451,59449,-2
50,5,4,matched,59522,59520,-2
50,5,4,matched,59565,59563,-2
50,5,4,matched,59482,59479,-3
50,5,4,matched,59495,59492,-3
50,5,4,unmatched_gt,59395,,
50,5,4,unmatched_gt,59410,,
50,5,4,unmatched_gt,59427,,
50,5,4,unmatched_candidate,,59377,
50,5,4,unmatched_candidate,,59592,
50,10,8,matched,59541,59540,-1
50,10,8,matched,59451,59449,-2
50,10,8,matched,59522,59520,-2
50,10,8,matched,59565,59563,-2
50,10,8,matched,59482,59479,-3
50,10,8,matched,59495,59492,-3
50,10,8,unmatched_gt,59395,,
50,10,8,unmatched_gt,59410,,
50,10,8,unmatched_gt,59427,,
50,10,8,unmatched_candidate,,59377,
50,10,8,unmatched_candidate,,59592,
51,5,4,matched,60009,60009,0
51,5,4,matched,59988,59987,-1
51,5,4,matched,60033,60032,-1
51,5,4,matched,60069,60068,-1
51,5,4,matched,60164,60163,-1
51,5,4,matched,60200,60199,-1
51,5,4,matched,60104,60102,-2
51,5,4,matched,60140,60138,-2
51,5,4,matched,59963,59959,-4
51,5,4,unmatched_gt,60118,,
51,5,4,unmatched_gt,60235,,
51,10,8,matched,60009,60009,0
51,10,8,matched,59988,59987,-1
51,10,8,matched,60033,60032,-1
51,10,8,matched,60069,60068,-1
51,10,8,matched,60164,60163,-1
51,10,8,matched,60200,60199,-1
51,10,8,matched,60104,60102,-2
51,10,8,matched,60140,60138,-2
51,10,8,matched,59963,59959,-4
51,10,8,unmatched_gt,60118,,
51,10,8,unmatched_gt,60235,,
52,5,4,unmatched_gt,60652,,
52,5,4,unmatched_gt,60663,,
52,5,4,unmatched_gt,60683,,
52,5,4,unmatched_gt,60715,,
52,5,4,unmatched_gt,60727,,
52,5,4,unmatched_gt,60752,,
52,5,4,unmatched_gt,60773,,
52,5,4,unmatched_gt,60803,,
52,10,8,unmatched_gt,60652,,
52,10,8,unmatched_gt,60663,,
52,10,8,unmatched_gt,60683,,
52,10,8,unmatched_gt,60715,,
52,10,8,unmatched_gt,60727,,
52,10,8,unmatched_gt,60752,,
52,10,8,unmatched_gt,60773,,
52,10,8,unmatched_gt,60803,,
53,5,4,matched,62885,62885,0
53,5,4,matched,62828,62827,-1
53,5,4,matched,62790,62788,-2
53,5,4,matched,62851,62849,-2
53,5,4,matched,62923,62925,2
53,5,4,matched,62949,62947,-2
53,5,4,matched,63027,63025,-2
53,5,4,matched,62818,62815,-3
53,5,4,unmatched_gt,62748,,
53,5,4,unmatched_gt,62768,,
53,5,4,unmatched_gt,62904,,
53,5,4,unmatched_gt,62987,,
53,5,4,unmatched_gt,63007,,
53,10,8,matched,62885,62885,0
53,10,8,matched,62828,62827,-1
53,10,8,matched,62790,62788,-2
53,10,8,matched,62851,62849,-2
53,10,8,matched,62923,62925,2
53,10,8,matched,62949,62947,-2
53,10,8,matched,63027,63025,-2
53,10,8,matched,62818,62815,-3
53,10,8,unmatched_gt,62748,,
53,10,8,unmatched_gt,62768,,
53,10,8,unmatched_gt,62904,,
53,10,8,unmatched_gt,62987,,
53,10,8,unmatched_gt,63007,,
54,5,4,matched,64030,64030,0
54,5,4,matched,63770,63769,-1
54,5,4,matched,63861,63860,-1
54,5,4,matched,63895,63894,-1
54,5,4,matched,64002,64001,-1
54,5,4,matched,64062,64061,-1
54,5,4,matched,64174,64173,-1
54,5,4,matched,63802,63800,-2
54,5,4,matched,63927,63925,-2
54,5,4,matched,64098,64096,-2
54,5,4,matched,63830,63834,4
54,5,4,unmatched_gt,63753,,
54,5,4,unmatched_gt,63839,,
54,5,4,unmatched_gt,63874,,
54,5,4,unmatched_gt,63956,,
54,5,4,unmatched_gt,63979,,
54,5,4,unmatched_gt,64133,,
54,5,4,unmatched_gt,64154,,
54,5,4,unmatched_gt,64207,,
54,5,4,unmatched_gt,64221,,
54,5,4,unmatched_candidate,,63962,
54,10,8,matched,64030,64030,0
54,10,8,matched,63770,63769,-1
54,10,8,matched,63861,63860,-1
54,10,8,matched,63895,63894,-1
54,10,8,matched,64002,64001,-1
54,10,8,matched,64062,64061,-1
54,10,8,matched,64174,64173,-1
54,10,8,matched,63802,63800,-2
54,10,8,matched,63927,63925,-2
54,10,8,matched,64098,64096,-2
54,10,8,matched,63830,63834,4
54,10,8,matched,63956,63962,6
54,10,8,unmatched_gt,63753,,
54,10,8,unmatched_gt,63839,,
54,10,8,unmatched_gt,63874,,
54,10,8,unmatched_gt,63979,,
54,10,8,unmatched_gt,64133,,
54,10,8,unmatched_gt,64154,,
54,10,8,unmatched_gt,64207,,
54,10,8,unmatched_gt,64221,,
55,5,4,matched,64759,64759,0
55,5,4,unmatched_gt,64711,,
55,5,4,unmatched_gt,64745,,
55,5,4,unmatched_candidate,,64668,
55,5,4,unmatched_candidate,,64676,
55,5,4,unmatched_candidate,,64688,
55,5,4,unmatched_candidate,,64706,
55,5,4,unmatched_candidate,,64829,
55,10,8,matched,64759,64759,0
55,10,8,matched,64711,64706,-5
55,10,8,unmatched_gt,64745,,
55,10,8,unmatched_candidate,,64668,
55,10,8,unmatched_candidate,,64676,
55,10,8,unmatched_candidate,,64688,
55,10,8,unmatched_candidate,,64829,
56,5,4,matched,65311,65311,0
56,5,4,matched,65431,65430,-1
56,5,4,matched,65256,65254,-2
56,5,4,matched,65284,65282,-2
56,5,4,matched,65389,65387,-2
56,5,4,matched,65410,65408,-2
56,5,4,matched,65342,65339,-3
56,5,4,matched,65456,65453,-3
56,5,4,unmatched_gt,65242,,
56,5,4,unmatched_gt,65363,,
56,5,4,unmatched_gt,65464,,
56,5,4,unmatched_candidate,,65229,
56,5,4,unmatched_candidate,,65358,
56,10,8,matched,65311,65311,0
56,10,8,matched,65431,65430,-1
56,10,8,matched,65256,65254,-2
56,10,8,matched,65284,65282,-2
56,10,8,matched,65389,65387,-2
56,10,8,matched,65410,65408,-2
56,10,8,matched,65342,65339,-3
56,10,8,matched,65456,65453,-3
56,10,8,matched,65363,65358,-5
56,10,8,unmatched_gt,65242,,
56,10,8,unmatched_gt,65464,,
56,10,8,unmatched_candidate,,65229,
57,5,4,matched,66035,66033,-2
57,5,4,matched,66065,66063,-2
57,5,4,matched,66106,66103,-3
57,5,4,matched,66199,66196,-3
57,5,4,matched,66178,66174,-4
57,5,4,unmatched_gt,66019,,
57,5,4,unmatched_gt,66083,,
57,5,4,unmatched_gt,66137,,
57,5,4,unmatched_gt,66160,,
57,5,4,unmatched_gt,66237,,
57,5,4,unmatched_gt,66256,,
57,5,4,unmatched_candidate,,65971,
57,5,4,unmatched_candidate,,65984,
57,5,4,unmatched_candidate,,65996,
57,5,4,unmatched_candidate,,66008,
57,5,4,unmatched_candidate,,66091,
57,5,4,unmatched_candidate,,66243,
57,10,8,matched,66035,66033,-2
57,10,8,matched,66065,66063,-2
57,10,8,matched,66106,66103,-3
57,10,8,matched,66199,66196,-3
57,10,8,matched,66178,66174,-4
57,10,8,matched,66237,66243,6
57,10,8,matched,66083,66091,8
57,10,8,unmatched_gt,66019,,
57,10,8,unmatched_gt,66137,,
57,10,8,unmatched_gt,66160,,
57,10,8,unmatched_gt,66256,,
57,10,8,unmatched_candidate,,65971,
57,10,8,unmatched_candidate,,65984,
57,10,8,unmatched_candidate,,65996,
57,10,8,unmatched_candidate,,66008,
58,5,4,unmatched_gt,66724,,
58,5,4,unmatched_gt,66740,,
58,5,4,unmatched_gt,66758,,
58,5,4,unmatched_gt,66779,,
58,5,4,unmatched_gt,66820,,
58,5,4,unmatched_gt,66837,,
58,5,4,unmatched_gt,66857,,
58,5,4,unmatched_gt,66880,,
58,5,4,unmatched_gt,66917,,
58,10,8,unmatched_gt,66724,,
58,10,8,unmatched_gt,66740,,
58,10,8,unmatched_gt,66758,,
58,10,8,unmatched_gt,66779,,
58,10,8,unmatched_gt,66820,,
58,10,8,unmatched_gt,66837,,
58,10,8,unmatched_gt,66857,,
58,10,8,unmatched_gt,66880,,
58,10,8,unmatched_gt,66917,,
59,5,4,matched,68391,68391,0
59,5,4,matched,67696,67695,-1
59,5,4,matched,67717,67716,-1
59,5,4,matched,67909,67908,-1
59,5,4,matched,68094,68093,-1
59,5,4,matched,68426,68425,-1
59,5,4,matched,68513,68512,-1
59,5,4,matched,68638,68639,1
59,5,4,matched,67778,67776,-2
59,5,4,matched,67884,67882,-2
59,5,4,matched,68138,68136,-2
59,5,4,matched,68163,68161,-2
59,5,4,matched,68189,68187,-2
59,5,4,matched,68261,68259,-2
59,5,4,matched,68330,68328,-2
59,5,4,matched,68536,68534,-2
59,5,4,matched,68580,68578,-2
59,5,4,matched,68619,68617,-2
59,5,4,matched,67803,67800,-3
59,5,4,matched,67968,67965,-3
59,5,4,matched,67654,67650,-4
59,5,4,matched,67747,67743,-4
59,5,4,matched,68045,68041,-4
59,5,4,matched,68460,68456,-4
59,5,4,matched,68558,68554,-4
59,5,4,unmatched_gt,67619,,
59,5,4,unmatched_gt,67634,,
59,5,4,unmatched_gt,67682,,
59,5,4,unmatched_gt,67759,,
59,5,4,unmatched_gt,67835,,
59,5,4,unmatched_gt,67866,,
59,5,4,unmatched_gt,67949,,
59,5,4,unmatched_gt,68000,,
59,5,4,unmatched_gt,68021,,
59,5,4,unmatched_gt,68069,,
59,5,4,unmatched_gt,68223,,
59,5,4,unmatched_gt,68240,,
59,5,4,unmatched_gt,68295,,
59,5,4,unmatched_gt,68305,,
59,5,4,unmatched_gt,68366,,
59,5,4,unmatched_gt,68492,,
59,5,4,unmatched_gt,68667,,
59,5,4,unmatched_candidate,,67861,
59,5,4,unmatched_candidate,,68718,
59,10,8,matched,68391,68391,0
59,10,8,matched,67696,67695,-1
59,10,8,matched,67717,67716,-1
59,10,8,matched,67909,67908,-1
59,10,8,matched,68094,68093,-1
59,10,8,matched,68426,68425,-1
59,10,8,matched,68513,68512,-1
59,10,8,matched,68638,68639,1
59,10,8,matched,67778,67776,-2
59,10,8,matched,67884,67882,-2
59,10,8,matched,68138,68136,-2
59,10,8,matched,68163,68161,-2
59,10,8,matched,68189,68187,-2
59,10,8,matched,68261,68259,-2
59,10,8,matched,68330,68328,-2
59,10,8,matched,68536,68534,-2
59,10,8,matched,68580,68578,-2
59,10,8,matched,68619,68617,-2
59,10,8,matched,67803,67800,-3
59,10,8,matched,67968,67965,-3
59,10,8,matched,67654,67650,-4
59,10,8,matched,67747,67743,-4
59,10,8,matched,68045,68041,-4
59,10,8,matched,68460,68456,-4
59,10,8,matched,68558,68554,-4
59,10,8,matched,67866,67861,-5
59,10,8,unmatched_gt,67619,,
59,10,8,unmatched_gt,67634,,
59,10,8,unmatched_gt,67682,,
59,10,8,unmatched_gt,67759,,
59,10,8,unmatched_gt,67835,,
59,10,8,unmatched_gt,67949,,
59,10,8,unmatched_gt,68000,,
59,10,8,unmatched_gt,68021,,
59,10,8,unmatched_gt,68069,,
59,10,8,unmatched_gt,68223,,
59,10,8,unmatched_gt,68240,,
59,10,8,unmatched_gt,68295,,
59,10,8,unmatched_gt,68305,,
59,10,8,unmatched_gt,68366,,
59,10,8,unmatched_gt,68492,,
59,10,8,unmatched_gt,68667,,
59,10,8,unmatched_candidate,,68718,
60,5,4,unmatched_gt,70177,,
60,5,4,unmatched_gt,70244,,
60,5,4,unmatched_gt,70266,,
60,5,4,unmatched_gt,70288,,
60,5,4,unmatched_gt,70306,,
60,5,4,unmatched_gt,70341,,
60,5,4,unmatched_gt,70359,,
60,5,4,unmatched_gt,70377,,
60,5,4,unmatched_gt,70400,,
60,5,4,unmatched_gt,70435,,
60,5,4,unmatched_gt,70456,,
60,5,4,unmatched_gt,70478,,
60,5,4,unmatched_gt,70499,,
60,5,4,unmatched_gt,70511,,
60,5,4,unmatched_gt,70527,,
60,5,4,unmatched_gt,70548,,
60,5,4,unmatched_gt,70573,,
60,5,4,unmatched_gt,70606,,
60,5,4,unmatched_gt,70642,,
60,5,4,unmatched_gt,70668,,
60,5,4,unmatched_gt,70713,,
60,5,4,unmatched_gt,70730,,
60,5,4,unmatched_gt,70754,,
60,5,4,unmatched_gt,70773,,
60,5,4,unmatched_gt,70803,,
60,5,4,unmatched_gt,70828,,
60,5,4,unmatched_gt,70854,,
60,5,4,unmatched_gt,70877,,
60,5,4,unmatched_gt,70892,,
60,5,4,unmatched_gt,70901,,
60,5,4,unmatched_gt,70935,,
60,5,4,unmatched_gt,70951,,
60,10,8,unmatched_gt,70177,,
60,10,8,unmatched_gt,70244,,
60,10,8,unmatched_gt,70266,,
60,10,8,unmatched_gt,70288,,
60,10,8,unmatched_gt,70306,,
60,10,8,unmatched_gt,70341,,
60,10,8,unmatched_gt,70359,,
60,10,8,unmatched_gt,70377,,
60,10,8,unmatched_gt,70400,,
60,10,8,unmatched_gt,70435,,
60,10,8,unmatched_gt,70456,,
60,10,8,unmatched_gt,70478,,
60,10,8,unmatched_gt,70499,,
60,10,8,unmatched_gt,70511,,
60,10,8,unmatched_gt,70527,,
60,10,8,unmatched_gt,70548,,
60,10,8,unmatched_gt,70573,,
60,10,8,unmatched_gt,70606,,
60,10,8,unmatched_gt,70642,,
60,10,8,unmatched_gt,70668,,
60,10,8,unmatched_gt,70713,,
60,10,8,unmatched_gt,70730,,
60,10,8,unmatched_gt,70754,,
60,10,8,unmatched_gt,70773,,
60,10,8,unmatched_gt,70803,,
60,10,8,unmatched_gt,70828,,
60,10,8,unmatched_gt,70854,,
60,10,8,unmatched_gt,70877,,
60,10,8,unmatched_gt,70892,,
60,10,8,unmatched_gt,70901,,
60,10,8,unmatched_gt,70935,,
60,10,8,unmatched_gt,70951,,
61,5,4,matched,71622,71621,-1
61,5,4,matched,71649,71648,-1
61,5,4,unmatched_gt,71547,,
61,5,4,unmatched_gt,71575,,
61,5,4,unmatched_gt,71593,,
61,5,4,unmatched_candidate,,71540,
61,5,4,unmatched_candidate,,71567,
61,5,4,unmatched_candidate,,71679,
61,10,8,matched,71622,71621,-1
61,10,8,matched,71649,71648,-1
61,10,8,matched,71547,71540,-7
61,10,8,matched,71575,71567,-8
61,10,8,unmatched_gt,71593,,
61,10,8,unmatched_candidate,,71679,
62,5,4,matched,72206,72206,0
62,5,4,matched,72123,72121,-2
62,5,4,matched,72183,72181,-2
62,5,4,matched,72094,72091,-3
62,5,4,matched,72066,72062,-4
62,5,4,unmatched_gt,72144,,
62,5,4,unmatched_gt,72159,,
62,5,4,unmatched_candidate,,72258,
62,10,8,matched,72206,72206,0
62,10,8,matched,72123,72121,-2
62,10,8,matched,72183,72181,-2
62,10,8,matched,72094,72091,-3
62,10,8,matched,72066,72062,-4
62,10,8,unmatched_gt,72144,,
62,10,8,unmatched_gt,72159,,
62,10,8,unmatched_candidate,,72258,
63,5,4,matched,73062,73062,0
63,5,4,matched,72930,72929,-1
63,5,4,matched,72988,72987,-1
63,5,4,matched,73036,73035,-1
63,5,4,matched,73267,73266,-1
63,5,4,matched,73317,73316,-1
63,5,4,matched,73477,73476,-1
63,5,4,matched,72945,72943,-2
63,5,4,matched,73165,73163,-2
63,5,4,matched,73293,73291,-2
63,5,4,matched,73349,73347,-2
63,5,4,matched,73502,73500,-2
63,5,4,matched,73573,73571,-2
63,5,4,matched,73729,73727,-2
63,5,4,matched,73796,73794,-2
63,5,4,matched,72904,72901,-3
63,5,4,matched,73078,73075,-3
63,5,4,matched,73194,73191,-3
63,5,4,matched,73406,73403,-3
63,5,4,matched,73545,73542,-3
63,5,4,matched,73632,73629,-3
63,5,4,matched,73663,73660,-3
63,5,4,matched,73758,73755,-3
63,5,4,unmatched_gt,72885,,
63,5,4,unmatched_gt,72969,,
63,5,4,unmatched_gt,73021,,
63,5,4,unmatched_gt,73093,,
63,5,4,unmatched_gt,73114,,
63,5,4,unmatched_gt,73145,,
63,5,4,unmatched_gt,73224,,
63,5,4,unmatched_gt,73252,,
63,5,4,unmatched_gt,73375,,
63,5,4,unmatched_gt,73434,,
63,5,4,unmatched_gt,73454,,
63,5,4,unmatched_gt,73585,,
63,5,4,unmatched_gt,73609,,
63,5,4,unmatched_gt,73697,,
63,5,4,unmatched_gt,73832,,
63,5,4,unmatched_candidate,,72843,
63,5,4,unmatched_candidate,,72857,
63,5,4,unmatched_candidate,,72871,
63,5,4,unmatched_candidate,,73016,
63,5,4,unmatched_candidate,,73244,
63,5,4,unmatched_candidate,,73370,
63,5,4,unmatched_candidate,,73823,
63,5,4,unmatched_candidate,,73868,
63,10,8,matched,73062,73062,0
63,10,8,matched,72930,72929,-1
63,10,8,matched,72988,72987,-1
63,10,8,matched,73036,73035,-1
63,10,8,matched,73267,73266,-1
63,10,8,matched,73317,73316,-1
63,10,8,matched,73477,73476,-1
63,10,8,matched,72945,72943,-2
63,10,8,matched,73165,73163,-2
63,10,8,matched,73293,73291,-2
63,10,8,matched,73349,73347,-2
63,10,8,matched,73502,73500,-2
63,10,8,matched,73573,73571,-2
63,10,8,matched,73729,73727,-2
63,10,8,matched,73796,73794,-2
63,10,8,matched,72904,72901,-3
63,10,8,matched,73078,73075,-3
63,10,8,matched,73194,73191,-3
63,10,8,matched,73406,73403,-3
63,10,8,matched,73545,73542,-3
63,10,8,matched,73632,73629,-3
63,10,8,matched,73663,73660,-3
63,10,8,matched,73758,73755,-3
63,10,8,matched,73021,73016,-5
63,10,8,matched,73375,73370,-5
63,10,8,matched,73252,73244,-8
63,10,8,unmatched_gt,72885,,
63,10,8,unmatched_gt,72969,,
63,10,8,unmatched_gt,73093,,
63,10,8,unmatched_gt,73114,,
63,10,8,unmatched_gt,73145,,
63,10,8,unmatched_gt,73224,,
63,10,8,unmatched_gt,73434,,
63,10,8,unmatched_gt,73454,,
63,10,8,unmatched_gt,73585,,
63,10,8,unmatched_gt,73609,,
63,10,8,unmatched_gt,73697,,
63,10,8,unmatched_gt,73832,,
63,10,8,unmatched_candidate,,72843,
63,10,8,unmatched_candidate,,72857,
63,10,8,unmatched_candidate,,72871,
63,10,8,unmatched_candidate,,73823,
63,10,8,unmatched_candidate,,73868,
64,5,4,matched,74536,74535,-1
64,5,4,matched,74569,74567,-2
64,5,4,matched,74599,74596,-3
64,5,4,unmatched_gt,74519,,
64,5,4,unmatched_candidate,,74506,
64,5,4,unmatched_candidate,,74636,
64,5,4,unmatched_candidate,,74657,
64,10,8,matched,74536,74535,-1
64,10,8,matched,74569,74567,-2
64,10,8,matched,74599,74596,-3
64,10,8,unmatched_gt,74519,,
64,10,8,unmatched_candidate,,74506,
64,10,8,unmatched_candidate,,74636,
64,10,8,unmatched_candidate,,74657,
65,5,4,matched,75057,75057,0
65,5,4,matched,75139,75139,0
65,5,4,matched,75445,75445,0
65,5,4,matched,75080,75079,-1
65,5,4,matched,75353,75352,-1
65,5,4,matched,75537,75536,-1
65,5,4,matched,75185,75183,-2
65,5,4,matched,75214,75212,-2
65,5,4,matched,75327,75325,-2
65,5,4,matched,75117,75114,-3
65,5,4,matched,75504,75501,-3
65,5,4,matched,75264,75260,-4
65,5,4,matched,75473,75469,-4
65,5,4,matched,75587,75583,-4
65,5,4,unmatched_gt,75094,,
65,5,4,unmatched_gt,75160,,
65,5,4,unmatched_gt,75235,,
65,5,4,unmatched_gt,75292,,
65,5,4,unmatched_gt,75304,,
65,5,4,unmatched_gt,75389,,
65,5,4,unmatched_gt,75420,,
65,5,4,unmatched_gt,75568,,
65,5,4,unmatched_candidate,,75230,
65,10,8,matched,75057,75057,0
65,10,8,matched,75139,75139,0
65,10,8,matched,75445,75445,0
65,10,8,matched,75080,75079,-1
65,10,8,matched,75353,75352,-1
65,10,8,matched,75537,75536,-1
65,10,8,matched,75185,75183,-2
65,10,8,matched,75214,75212,-2
65,10,8,matched,75327,75325,-2
65,10,8,matched,75117,75114,-3
65,10,8,matched,75504,75501,-3
65,10,8,matched,75264,75260,-4
65,10,8,matched,75473,75469,-4
65,10,8,matched,75587,75583,-4
65,10,8,matched,75235,75230,-5
65,10,8,unmatched_gt,75094,,
65,10,8,unmatched_gt,75160,,
65,10,8,unmatched_gt,75292,,
65,10,8,unmatched_gt,75304,,
65,10,8,unmatched_gt,75389,,
65,10,8,unmatched_gt,75420,,
65,10,8,unmatched_gt,75568,,
66,5,4,matched,77002,77002,0
66,5,4,matched,76989,76988,-1
66,5,4,matched,76966,76964,-2
66,5,4,matched,77026,77023,-3
66,5,4,matched,76938,76934,-4
66,5,4,unmatched_gt,76925,,
66,5,4,unmatched_gt,77057,,
66,5,4,unmatched_gt,77075,,
66,5,4,unmatched_candidate,,76918,
66,5,4,unmatched_candidate,,77088,
66,10,8,matched,77002,77002,0
66,10,8,matched,76989,76988,-1
66,10,8,matched,76966,76964,-2
66,10,8,matched,77026,77023,-3
66,10,8,matched,76938,76934,-4
66,10,8,matched,76925,76918,-7
66,10,8,unmatched_gt,77057,,
66,10,8,unmatched_gt,77075,,
66,10,8,unmatched_candidate,,77088,
67,5,4,matched,77803,77804,1
67,5,4,matched,77827,77824,-3
67,5,4,unmatched_gt,77788,,
67,5,4,unmatched_gt,77859,,
67,5,4,unmatched_gt,77874,,
67,5,4,unmatched_candidate,,77747,
67,5,4,unmatched_candidate,,77757,
67,5,4,unmatched_candidate,,77780,
67,5,4,unmatched_candidate,,77909,
67,5,4,unmatched_candidate,,77922,
67,10,8,matched,77803,77804,1
67,10,8,matched,77827,77824,-3
67,10,8,matched,77788,77780,-8
67,10,8,unmatched_gt,77859,,
67,10,8,unmatched_gt,77874,,
67,10,8,unmatched_candidate,,77747,
67,10,8,unmatched_candidate,,77757,
67,10,8,unmatched_candidate,,77909,
67,10,8,unmatched_candidate,,77922,
68,5,4,matched,78277,78276,-1
68,5,4,matched,78614,78613,-1
68,5,4,matched,78433,78431,-2
68,5,4,matched,78534,78532,-2
68,5,4,matched,78654,78652,-2
68,5,4,matched,78404,78401,-3
68,5,4,matched,78589,78586,-3
68,5,4,matched,78485,78481,-4
68,5,4,unmatched_gt,78226,,
68,5,4,unmatched_gt,78247,,
68,5,4,unmatched_gt,78295,,
68,5,4,unmatched_gt,78325,,
68,5,4,unmatched_gt,78358,,
68,5,4,unmatched_gt,78375,,
68,5,4,unmatched_gt,78471,,
68,5,4,unmatched_gt,78513,,
68,5,4,unmatched_gt,78567,,
68,5,4,unmatched_gt,78689,,
68,5,4,unmatched_gt,78703,,
68,5,4,unmatched_candidate,,78290,
68,10,8,matched,78277,78276,-1
68,10,8,matched,78614,78613,-1
68,10,8,matched,78433,78431,-2
68,10,8,matched,78534,78532,-2
68,10,8,matched,78654,78652,-2
68,10,8,matched,78404,78401,-3
68,10,8,matched,78589,78586,-3
68,10,8,matched,78485,78481,-4
68,10,8,matched,78295,78290,-5
68,10,8,unmatched_gt,78226,,
68,10,8,unmatched_gt,78247,,
68,10,8,unmatched_gt,78325,,
68,10,8,unmatched_gt,78358,,
68,10,8,unmatched_gt,78375,,
68,10,8,unmatched_gt,78471,,
68,10,8,unmatched_gt,78513,,
68,10,8,unmatched_gt,78567,,
68,10,8,unmatched_gt,78689,,
68,10,8,unmatched_gt,78703,,
69,5,4,matched,79872,79872,0
69,5,4,matched,79921,79921,0
69,5,4,matched,80423,80423,0
69,5,4,matched,79847,79848,1
69,5,4,matched,80217,80216,-1
69,5,4,matched,80382,80381,-1
69,5,4,matched,80396,80395,-1
69,5,4,matched,80458,80457,-1
69,5,4,matched,80504,80505,1
69,5,4,matched,80536,80535,-1
69,5,4,matched,80002,80000,-2
69,5,4,matched,80024,80022,-2
69,5,4,matched,80140,80138,-2
69,5,4,matched,80249,80247,-2
69,5,4,matched,80334,80332,-2
69,5,4,matched,80096,80093,-3
69,5,4,matched,80169,80166,-3
69,5,4,matched,80282,80279,-3
69,5,4,matched,80486,80483,-3
69,5,4,matched,79982,79978,-4
69,5,4,unmatched_gt,79832,,
69,5,4,unmatched_gt,79902,,
69,5,4,unmatched_gt,79959,,
69,5,4,unmatched_gt,80055,,
69,5,4,unmatched_gt,80073,,
69,5,4,unmatched_gt,80121,,
69,5,4,unmatched_gt,80187,,
69,5,4,unmatched_gt,80315,,
69,5,4,unmatched_gt,80354,,
69,5,4,unmatched_candidate,,80564,
69,10,8,matched,79872,79872,0
69,10,8,matched,79921,79921,0
69,10,8,matched,80423,80423,0
69,10,8,matched,79847,79848,1
69,10,8,matched,80217,80216,-1
69,10,8,matched,80382,80381,-1
69,10,8,matched,80396,80395,-1
69,10,8,matched,80458,80457,-1
69,10,8,matched,80504,80505,1
69,10,8,matched,80536,80535,-1
69,10,8,matched,80002,80000,-2
69,10,8,matched,80024,80022,-2
69,10,8,matched,80140,80138,-2
69,10,8,matched,80249,80247,-2
69,10,8,matched,80334,80332,-2
69,10,8,matched,80096,80093,-3
69,10,8,matched,80169,80166,-3
69,10,8,matched,80282,80279,-3
69,10,8,matched,80486,80483,-3
69,10,8,matched,79982,79978,-4
69,10,8,unmatched_gt,79832,,
69,10,8,unmatched_gt,79902,,
69,10,8,unmatched_gt,79959,,
69,10,8,unmatched_gt,80055,,
69,10,8,unmatched_gt,80073,,
69,10,8,unmatched_gt,80121,,
69,10,8,unmatched_gt,80187,,
69,10,8,unmatched_gt,80315,,
69,10,8,unmatched_gt,80354,,
69,10,8,unmatched_candidate,,80564,
70,5,4,matched,82490,82488,-2
70,5,4,matched,82455,82452,-3
70,5,4,matched,82474,82471,-3
70,5,4,matched,82436,82432,-4
70,5,4,unmatched_gt,82419,,
70,5,4,unmatched_candidate,,82376,
70,5,4,unmatched_candidate,,82399,
70,5,4,unmatched_candidate,,82499,
70,10,8,matched,82490,82488,-2
70,10,8,matched,82455,82452,-3
70,10,8,matched,82474,82471,-3
70,10,8,matched,82436,82432,-4
70,10,8,unmatched_gt,82419,,
70,10,8,unmatched_candidate,,82376,
70,10,8,unmatched_candidate,,82399,
70,10,8,unmatched_candidate,,82499,
71,5,4,matched,84625,84625,0
71,5,4,matched,84076,84075,-1
71,5,4,matched,84488,84487,-1
71,5,4,matched,84516,84515,-1
71,5,4,matched,84015,84013,-2
71,5,4,matched,84256,84254,-2
71,5,4,matched,84434,84432,-2
71,5,4,matched,84660,84658,-2
71,5,4,matched,83873,83870,-3
71,5,4,matched,84144,84141,-3
71,5,4,matched,84230,84227,-3
71,5,4,matched,84600,84597,-3
71,5,4,matched,83893,83889,-4
71,5,4,matched,84273,84269,-4
71,5,4,matched,84317,84313,-4
71,5,4,matched,84369,84365,-4
71,5,4,matched,84397,84393,-4
71,5,4,matched,84541,84537,-4
71,5,4,unmatched_gt,83857,,
71,5,4,unmatched_gt,83921,,
71,5,4,unmatched_gt,83936,,
71,5,4,unmatched_gt,83958,,
71,5,4,unmatched_gt,83980,,
71,5,4,unmatched_gt,83997,,
71,5,4,unmatched_gt,84042,,
71,5,4,unmatched_gt,84052,,
71,5,4,unmatched_gt,84102,,
71,5,4,unmatched_gt,84125,,
71,5,4,unmatched_gt,84190,,
71,5,4,unmatched_gt,84205,,
71,5,4,unmatched_gt,84294,,
71,5,4,unmatched_gt,84347,,
71,5,4,unmatched_gt,84467,,
71,5,4,unmatched_gt,84579,,
71,5,4,unmatched_candidate,,83846,
71,5,4,unmatched_candidate,,84120,
71,5,4,unmatched_candidate,,84279,
71,5,4,unmatched_candidate,,84569,
71,10,8,matched,84625,84625,0
71,10,8,matched,84076,84075,-1
71,10,8,matched,84488,84487,-1
71,10,8,matched,84516,84515,-1
71,10,8,matched,84015,84013,-2
71,10,8,matched,84256,84254,-2
71,10,8,matched,84434,84432,-2
71,10,8,matched,84660,84658,-2
71,10,8,matched,83873,83870,-3
71,10,8,matched,84144,84141,-3
71,10,8,matched,84230,84227,-3
71,10,8,matched,84600,84597,-3
71,10,8,matched,83893,83889,-4
71,10,8,matched,84273,84269,-4
71,10,8,matched,84317,84313,-4
71,10,8,matched,84369,84365,-4
71,10,8,matched,84397,84393,-4
71,10,8,matched,84541,84537,-4
71,10,8,matched,84125,84120,-5
71,10,8,unmatched_gt,83857,,
71,10,8,unmatched_gt,83921,,
71,10,8,unmatched_gt,83936,,
71,10,8,unmatched_gt,83958,,
71,10,8,unmatched_gt,83980,,
71,10,8,unmatched_gt,83997,,
71,10,8,unmatched_gt,84042,,
71,10,8,unmatched_gt,84052,,
71,10,8,unmatched_gt,84102,,
71,10,8,unmatched_gt,84190,,
71,10,8,unmatched_gt,84205,,
71,10,8,unmatched_gt,84294,,
71,10,8,unmatched_gt,84347,,
71,10,8,unmatched_gt,84467,,
71,10,8,unmatched_gt,84579,,
71,10,8,unmatched_candidate,,83846,
71,10,8,unmatched_candidate,,84279,
71,10,8,unmatched_candidate,,84569,
72,5,4,unmatched_gt,85859,,
72,5,4,unmatched_gt,85885,,
72,5,4,unmatched_gt,85902,,
72,5,4,unmatched_gt,85916,,
72,5,4,unmatched_gt,85934,,
72,5,4,unmatched_gt,85954,,
72,5,4,unmatched_gt,85971,,
72,5,4,unmatched_gt,85999,,
72,5,4,unmatched_gt,86013,,
72,5,4,unmatched_gt,86033,,
72,5,4,unmatched_gt,86065,,
72,5,4,unmatched_gt,86083,,
72,5,4,unmatched_gt,86093,,
72,5,4,unmatched_gt,86115,,
72,5,4,unmatched_gt,86123,,
72,5,4,unmatched_gt,86141,,
72,5,4,unmatched_gt,86152,,
72,5,4,unmatched_gt,86167,,
72,10,8,unmatched_gt,85859,,
72,10,8,unmatched_gt,85885,,
72,10,8,unmatched_gt,85902,,
72,10,8,unmatched_gt,85916,,
72,10,8,unmatched_gt,85934,,
72,10,8,unmatched_gt,85954,,
72,10,8,unmatched_gt,85971,,
72,10,8,unmatched_gt,85999,,
72,10,8,unmatched_gt,86013,,
72,10,8,unmatched_gt,86033,,
72,10,8,unmatched_gt,86065,,
72,10,8,unmatched_gt,86083,,
72,10,8,unmatched_gt,86093,,
72,10,8,unmatched_gt,86115,,
72,10,8,unmatched_gt,86123,,
72,10,8,unmatched_gt,86141,,
72,10,8,unmatched_gt,86152,,
72,10,8,unmatched_gt,86167,,
73,5,4,matched,87396,87396,0
73,5,4,matched,87356,87355,-1
73,5,4,matched,87466,87465,-1
73,5,4,matched,87304,87302,-2
73,5,4,matched,87242,87239,-3
73,5,4,matched,87258,87255,-3
73,5,4,matched,87281,87278,-3
73,5,4,matched,87328,87325,-3
73,5,4,matched,87435,87432,-3
73,5,4,matched,87493,87490,-3
73,5,4,matched,87424,87420,-4
73,5,4,unmatched_gt,87211,,
73,5,4,unmatched_gt,87370,,
73,5,4,unmatched_gt,87454,,
73,5,4,unmatched_gt,87481,,
73,5,4,unmatched_gt,87507,,
73,10,8,matched,87396,87396,0
73,10,8,matched,87356,87355,-1
73,10,8,matched,87466,87465,-1
73,10,8,matched,87304,87302,-2
73,10,8,matched,87242,87239,-3
73,10,8,matched,87258,87255,-3
73,10,8,matched,87281,87278,-3
73,10,8,matched,87328,87325,-3
73,10,8,matched,87435,87432,-3
73,10,8,matched,87493,87490,-3
73,10,8,matched,87424,87420,-4
73,10,8,unmatched_gt,87211,,
73,10,8,unmatched_gt,87370,,
73,10,8,unmatched_gt,87454,,
73,10,8,unmatched_gt,87481,,
73,10,8,unmatched_gt,87507,,
74,5,4,matched,91205,91203,-2
74,5,4,unmatched_gt,91191,,
74,5,4,unmatched_gt,91226,,
74,5,4,unmatched_gt,91251,,
74,5,4,unmatched_gt,91270,,
74,10,8,matched,91205,91203,-2
74,10,8,unmatched_gt,91191,,
74,10,8,unmatched_gt,91226,,
74,10,8,unmatched_gt,91251,,
74,10,8,unmatched_gt,91270,,
75,5,4,matched,91669,91668,-1
75,5,4,matched,91733,91732,-1
75,5,4,matched,91754,91753,-1
75,5,4,matched,91849,91847,-2
75,5,4,matched,91778,91775,-3
75,5,4,matched,91813,91810,-3
75,5,4,matched,91903,91900,-3
75,5,4,matched,91960,91957,-3
75,5,4,unmatched_gt,91658,,
75,5,4,unmatched_gt,91697,,
75,5,4,unmatched_gt,91716,,
75,5,4,unmatched_gt,91830,,
75,5,4,unmatched_gt,91881,,
75,5,4,unmatched_gt,91933,,
75,5,4,unmatched_candidate,,91740,
75,5,4,unmatched_candidate,,91976,
75,5,4,unmatched_candidate,,91989,
75,10,8,matched,91669,91668,-1
75,10,8,matched,91733,91732,-1
75,10,8,matched,91754,91753,-1
75,10,8,matched,91849,91847,-2
75,10,8,matched,91778,91775,-3
75,10,8,matched,91813,91810,-3
75,10,8,matched,91903,91900,-3
75,10,8,matched,91960,91957,-3
75,10,8,unmatched_gt,91658,,
75,10,8,unmatched_gt,91697,,
75,10,8,unmatched_gt,91716,,
75,10,8,unmatched_gt,91830,,
75,10,8,unmatched_gt,91881,,
75,10,8,unmatched_gt,91933,,
75,10,8,unmatched_candidate,,91740,
75,10,8,unmatched_candidate,,91976,
75,10,8,unmatched_candidate,,91989,
76,5,4,matched,93011,93011,0
76,5,4,matched,92836,92835,-1
76,5,4,matched,92887,92886,-1
76,5,4,matched,92859,92857,-2
76,5,4,matched,92939,92937,-2
76,5,4,matched,92966,92964,-2
76,5,4,matched,92987,92985,-2
76,5,4,matched,93083,93081,-2
76,5,4,matched,92916,92913,-3
76,5,4,matched,92790,92786,-4
76,5,4,matched,92904,92900,-4
76,5,4,matched,93046,93042,-4
76,5,4,unmatched_gt,92752,,
76,5,4,unmatched_gt,92769,,
76,5,4,unmatched_gt,92820,,
76,5,4,unmatched_gt,93058,,
76,5,4,unmatched_candidate,,92743,
76,5,4,unmatched_candidate,,93144,
76,10,8,matched,93011,93011,0
76,10,8,matched,92836,92835,-1
76,10,8,matched,92887,92886,-1
76,10,8,matched,92859,92857,-2
76,10,8,matched,92939,92937,-2
76,10,8,matched,92966,92964,-2
76,10,8,matched,92987,92985,-2
76,10,8,matched,93083,93081,-2
76,10,8,matched,92916,92913,-3
76,10,8,matched,92790,92786,-4
76,10,8,matched,92904,92900,-4
76,10,8,matched,93046,93042,-4
76,10,8,unmatched_gt,92752,,
76,10,8,unmatched_gt,92769,,
76,10,8,unmatched_gt,92820,,
76,10,8,unmatched_gt,93058,,
76,10,8,unmatched_candidate,,92743,
76,10,8,unmatched_candidate,,93144,
77,5,4,matched,93680,93680,0
77,5,4,matched,93716,93717,1
77,5,4,matched,93648,93645,-3
77,5,4,matched,93808,93805,-3
77,5,4,matched,93748,93744,-4
77,5,4,matched,93849,93845,-4
77,5,4,unmatched_gt,93607,,
77,5,4,unmatched_gt,93627,,
77,5,4,unmatched_gt,93658,,
77,5,4,unmatched_gt,93700,,
77,5,4,unmatched_gt,93759,,
77,5,4,unmatched_gt,93789,,
77,5,4,unmatched_gt,93874,,
77,5,4,unmatched_gt,93887,,
77,5,4,unmatched_candidate,,93598,
77,5,4,unmatched_candidate,,93621,
77,5,4,unmatched_candidate,,93784,
77,5,4,unmatched_candidate,,93918,
77,10,8,matched,93680,93680,0
77,10,8,matched,93716,93717,1
77,10,8,matched,93648,93645,-3
77,10,8,matched,93808,93805,-3
77,10,8,matched,93748,93744,-4
77,10,8,matched,93849,93845,-4
77,10,8,matched,93789,93784,-5
77,10,8,matched,93627,93621,-6
77,10,8,unmatched_gt,93607,,
77,10,8,unmatched_gt,93658,,
77,10,8,unmatched_gt,93700,,
77,10,8,unmatched_gt,93759,,
77,10,8,unmatched_gt,93874,,
77,10,8,unmatched_gt,93887,,
77,10,8,unmatched_candidate,,93598,
77,10,8,unmatched_candidate,,93918,
78,5,4,unmatched_gt,94855,,
78,5,4,unmatched_gt,94870,,
78,5,4,unmatched_gt,94906,,
78,5,4,unmatched_gt,94926,,
78,5,4,unmatched_gt,94945,,
78,5,4,unmatched_gt,94979,,
78,5,4,unmatched_gt,94994,,
78,5,4,unmatched_gt,95015,,
78,5,4,unmatched_gt,95045,,
78,5,4,unmatched_gt,95062,,
78,10,8,unmatched_gt,94855,,
78,10,8,unmatched_gt,94870,,
78,10,8,unmatched_gt,94906,,
78,10,8,unmatched_gt,94926,,
78,10,8,unmatched_gt,94945,,
78,10,8,unmatched_gt,94979,,
78,10,8,unmatched_gt,94994,,
78,10,8,unmatched_gt,95015,,
78,10,8,unmatched_gt,95045,,
78,10,8,unmatched_gt,95062,,
79,5,4,matched,96192,96192,0
79,5,4,matched,95822,95821,-1
79,5,4,matched,95977,95976,-1
79,5,4,matched,96108,96109,1
79,5,4,matched,96525,96524,-1
79,5,4,matched,96123,96121,-2
79,5,4,matched,96235,96233,-2
79,5,4,matched,96424,96422,-2
79,5,4,matched,96454,96452,-2
79,5,4,matched,96493,96491,-2
79,5,4,matched,96549,96547,-2
79,5,4,matched,95845,95842,-3
79,5,4,matched,95918,95915,-3
79,5,4,matched,96001,95998,-3
79,5,4,matched,96212,96209,-3
79,5,4,matched,95876,95872,-4
79,5,4,matched,96023,96019,-4
79,5,4,matched,96174,96170,-4
79,5,4,matched,96362,96358,-4
79,5,4,matched,96574,96570,-4
79,5,4,unmatched_gt,95807,,
79,5,4,unmatched_gt,95858,,
79,5,4,unmatched_gt,95896,,
79,5,4,unmatched_gt,95953,,
79,5,4,unmatched_gt,96059,,
79,5,4,unmatched_gt,96070,,
79,5,4,unmatched_gt,96090,,
79,5,4,unmatched_gt,96154,,
79,5,4,unmatched_gt,96293,,
79,5,4,unmatched_gt,96305,,
79,5,4,unmatched_gt,96333,,
79,5,4,unmatched_gt,96392,,
79,5,4,unmatched_candidate,,96327,
79,10,8,matched,96192,96192,0
79,10,8,matched,95822,95821,-1
79,10,8,matched,95977,95976,-1
79,10,8,matched,96108,96109,1
79,10,8,matched,96525,96524,-1
79,10,8,matched,96123,96121,-2
79,10,8,matched,96235,96233,-2
79,10,8,matched,96424,96422,-2
79,10,8,matched,96454,96452,-2
79,10,8,matched,96493,96491,-2
79,10,8,matched,96549,96547,-2
79,10,8,matched,95845,95842,-3
79,10,8,matched,95918,95915,-3
79,10,8,matched,96001,95998,-3
79,10,8,matched,96212,96209,-3
79,10,8,matched,95876,95872,-4
79,10,8,matched,96023,96019,-4
79,10,8,matched,96174,96170,-4
79,10,8,matched,96362,96358,-4
79,10,8,matched,96574,96570,-4
79,10,8,matched,96333,96327,-6
79,10,8,unmatched_gt,95807,,
79,10,8,unmatched_gt,95858,,
79,10,8,unmatched_gt,95896,,
79,10,8,unmatched_gt,95953,,
79,10,8,unmatched_gt,96059,,
79,10,8,unmatched_gt,96070,,
79,10,8,unmatched_gt,96090,,
79,10,8,unmatched_gt,96154,,
79,10,8,unmatched_gt,96293,,
79,10,8,unmatched_gt,96305,,
79,10,8,unmatched_gt,96392,,
80,5,4,matched,97215,97214,-1
80,5,4,matched,97318,97317,-1
80,5,4,matched,97395,97394,-1
80,5,4,matched,97283,97281,-2
80,5,4,matched,97375,97378,3
80,5,4,matched,97422,97419,-3
80,5,4,matched,97478,97475,-3
80,5,4,matched,97250,97246,-4
80,5,4,matched,97443,97439,-4
80,5,4,unmatched_gt,97194,,
80,5,4,unmatched_gt,97298,,
80,5,4,unmatched_gt,97347,,
80,5,4,unmatched_gt,97511,,
80,5,4,unmatched_gt,97530,,
80,5,4,unmatched_candidate,,97177,
80,5,4,unmatched_candidate,,97293,
80,5,4,unmatched_candidate,,97555,
80,10,8,matched,97215,97214,-1
80,10,8,matched,97318,97317,-1
80,10,8,matched,97395,97394,-1
80,10,8,matched,97283,97281,-2
80,10,8,matched,97375,97378,3
80,10,8,matched,97422,97419,-3
80,10,8,matched,97478,97475,-3
80,10,8,matched,97250,97246,-4
80,10,8,matched,97443,97439,-4
80,10,8,matched,97298,97293,-5
80,10,8,unmatched_gt,97194,,
80,10,8,unmatched_gt,97347,,
80,10,8,unmatched_gt,97511,,
80,10,8,unmatched_gt,97530,,
80,10,8,unmatched_candidate,,97177,
80,10,8,unmatched_candidate,,97555,
81,5,4,matched,98158,98158,0
81,5,4,matched,98394,98394,0
81,5,4,matched,98093,98091,-2
81,5,4,matched,98214,98212,-2
81,5,4,matched,98366,98364,-2
81,5,4,matched,98184,98181,-3
81,5,4,matched,98288,98285,-3
81,5,4,matched,98340,98337,-3
81,5,4,matched,98125,98121,-4
81,5,4,unmatched_gt,98066,,
81,5,4,unmatched_gt,98104,,
81,5,4,unmatched_gt,98254,,
81,5,4,unmatched_gt,98324,,
81,10,8,matched,98158,98158,0
81,10,8,matched,98394,98394,0
81,10,8,matched,98093,98091,-2
81,10,8,matched,98214,98212,-2
81,10,8,matched,98366,98364,-2
81,10,8,matched,98184,98181,-3
81,10,8,matched,98288,98285,-3
81,10,8,matched,98340,98337,-3
81,10,8,matched,98125,98121,-4
81,10,8,unmatched_gt,98066,,
81,10,8,unmatched_gt,98104,,
81,10,8,unmatched_gt,98254,,
81,10,8,unmatched_gt,98324,,
82,5,4,matched,100030,100030,0
82,5,4,matched,100113,100113,0
82,5,4,matched,100301,100301,0
82,5,4,matched,100050,100049,-1
82,5,4,matched,100077,100076,-1
82,5,4,matched,100199,100198,-1
82,5,4,matched,100276,100275,-1
82,5,4,matched,99960,99958,-2
82,5,4,matched,100137,100135,-2
82,5,4,matched,100160,100158,-2
82,5,4,matched,100245,100243,-2
82,5,4,matched,99981,99978,-3
82,5,4,matched,100017,100014,-3
82,5,4,matched,100089,100086,-3
82,5,4,matched,99942,99938,-4
82,5,4,unmatched_gt,99927,,
82,5,4,unmatched_gt,100209,,
82,5,4,unmatched_gt,100232,,
82,5,4,unmatched_gt,100258,,
82,5,4,unmatched_gt,100321,,
82,10,8,matched,100030,100030,0
82,10,8,matched,100113,100113,0
82,10,8,matched,100301,100301,0
82,10,8,matched,100050,100049,-1
82,10,8,matched,100077,100076,-1
82,10,8,matched,100199,100198,-1
82,10,8,matched,100276,100275,-1
82,10,8,matched,99960,99958,-2
82,10,8,matched,100137,100135,-2
82,10,8,matched,100160,100158,-2
82,10,8,matched,100245,100243,-2
82,10,8,matched,99981,99978,-3
82,10,8,matched,100017,100014,-3
82,10,8,matched,100089,100086,-3
82,10,8,matched,99942,99938,-4
82,10,8,unmatched_gt,99927,,
82,10,8,unmatched_gt,100209,,
82,10,8,unmatched_gt,100232,,
82,10,8,unmatched_gt,100258,,
82,10,8,unmatched_gt,100321,,
83,5,4,matched,101867,101867,0
83,5,4,matched,101947,101947,0
83,5,4,matched,102016,102016,0
83,5,4,matched,101556,101555,-1
83,5,4,matched,101625,101624,-1
83,5,4,matched,101740,101739,-1
83,5,4,matched,101816,101815,-1
83,5,4,matched,101975,101974,-1
83,5,4,matched,102001,102002,1
83,5,4,matched,102045,102044,-1
83,5,4,matched,101650,101648,-2
83,5,4,matched,101929,101927,-2
83,5,4,matched,101576,101573,-3
83,5,4,matched,101677,101674,-3
83,5,4,matched,101898,101895,-3
83,5,4,matched,101796,101792,-4
83,5,4,unmatched_gt,101606,,
83,5,4,unmatched_gt,101693,,
83,5,4,unmatched_gt,101719,,
83,5,4,unmatched_gt,101774,,
83,5,4,unmatched_gt,101856,,
83,5,4,unmatched_gt,102070,,
83,5,4,unmatched_candidate,,101758,
83,5,4,unmatched_candidate,,102089,
83,5,4,unmatched_candidate,,102109,
83,10,8,matched,101867,101867,0
83,10,8,matched,101947,101947,0
83,10,8,matched,102016,102016,0
83,10,8,matched,101556,101555,-1
83,10,8,matched,101625,101624,-1
83,10,8,matched,101740,101739,-1
83,10,8,matched,101816,101815,-1
83,10,8,matched,101975,101974,-1
83,10,8,matched,102001,102002,1
83,10,8,matched,102045,102044,-1
83,10,8,matched,101650,101648,-2
83,10,8,matched,101929,101927,-2
83,10,8,matched,101576,101573,-3
83,10,8,matched,101677,101674,-3
83,10,8,matched,101898,101895,-3
83,10,8,matched,101796,101792,-4
83,10,8,unmatched_gt,101606,,
83,10,8,unmatched_gt,101693,,
83,10,8,unmatched_gt,101719,,
83,10,8,unmatched_gt,101774,,
83,10,8,unmatched_gt,101856,,
83,10,8,unmatched_gt,102070,,
83,10,8,unmatched_candidate,,101758,
83,10,8,unmatched_candidate,,102089,
83,10,8,unmatched_candidate,,102109,
84,5,4,matched,103335,103335,0
84,5,4,matched,103366,103365,-1
84,5,4,matched,103216,103214,-2
84,5,4,matched,103248,103246,-2
84,5,4,matched,103272,103270,-2
84,5,4,matched,103087,103084,-3
84,5,4,matched,103163,103160,-3
84,5,4,unmatched_gt,103066,,
84,5,4,unmatched_gt,103115,,
84,5,4,unmatched_gt,103137,,
84,5,4,unmatched_gt,103193,,
84,5,4,unmatched_gt,103229,,
84,5,4,unmatched_gt,103299,,
84,5,4,unmatched_gt,103316,,
84,5,4,unmatched_candidate,,103383,
84,5,4,unmatched_candidate,,103414,
84,10,8,matched,103335,103335,0
84,10,8,matched,103366,103365,-1
84,10,8,matched,103216,103214,-2
84,10,8,matched,103248,103246,-2
84,10,8,matched,103272,103270,-2
84,10,8,matched,103087,103084,-3
84,10,8,matched,103163,103160,-3
84,10,8,unmatched_gt,103066,,
84,10,8,unmatched_gt,103115,,
84,10,8,unmatched_gt,103137,,
84,10,8,unmatched_gt,103193,,
84,10,8,unmatched_gt,103229,,
84,10,8,unmatched_gt,103299,,
84,10,8,unmatched_gt,103316,,
84,10,8,unmatched_candidate,,103383,
84,10,8,unmatched_candidate,,103414,
85,5,4,matched,103982,103981,-1
85,5,4,matched,104023,104022,-1
85,5,4,matched,103951,103949,-2
85,5,4,matched,104050,104047,-3
85,5,4,unmatched_gt,103933,,
85,5,4,unmatched_gt,103999,,
85,5,4,unmatched_candidate,,104065,
85,10,8,matched,103982,103981,-1
85,10,8,matched,104023,104022,-1
85,10,8,matched,103951,103949,-2
85,10,8,matched,104050,104047,-3
85,10,8,unmatched_gt,103933,,
85,10,8,unmatched_gt,103999,,
85,10,8,unmatched_candidate,,104065,
86,5,4,matched,104605,104606,1
86,5,4,matched,104543,104540,-3
86,5,4,unmatched_gt,104518,,
86,5,4,unmatched_gt,104566,,
86,5,4,unmatched_gt,104581,,
86,5,4,unmatched_candidate,,104639,
86,10,8,matched,104605,104606,1
86,10,8,matched,104543,104540,-3
86,10,8,unmatched_gt,104518,,
86,10,8,unmatched_gt,104566,,
86,10,8,unmatched_gt,104581,,
86,10,8,unmatched_candidate,,104639,
87,5,4,matched,105447,105446,-1
87,5,4,matched,105470,105469,-1
87,5,4,matched,105407,105405,-2
87,5,4,matched,105428,105426,-2
87,5,4,matched,105371,105368,-3
87,5,4,unmatched_gt,105331,,
87,5,4,unmatched_gt,105348,,
87,5,4,unmatched_gt,105383,,
87,5,4,unmatched_gt,105515,,
87,5,4,unmatched_gt,105530,,
87,5,4,unmatched_gt,105546,,
87,5,4,unmatched_gt,105563,,
87,5,4,unmatched_gt,105583,,
87,5,4,unmatched_gt,105594,,
87,5,4,unmatched_candidate,,105321,
87,5,4,unmatched_candidate,,105520,
87,5,4,unmatched_candidate,,105614,
87,10,8,matched,105447,105446,-1
87,10,8,matched,105470,105469,-1
87,10,8,matched,105407,105405,-2
87,10,8,matched,105428,105426,-2
87,10,8,matched,105371,105368,-3
87,10,8,matched,105515,105520,5
87,10,8,unmatched_gt,105331,,
87,10,8,unmatched_gt,105348,,
87,10,8,unmatched_gt,105383,,
87,10,8,unmatched_gt,105530,,
87,10,8,unmatched_gt,105546,,
87,10,8,unmatched_gt,105563,,
87,10,8,unmatched_gt,105583,,
87,10,8,unmatched_gt,105594,,
87,10,8,unmatched_candidate,,105321,
87,10,8,unmatched_candidate,,105614,
88,5,4,matched,106526,106525,-1
88,5,4,matched,106548,106545,-3
88,10,8,matched,106526,106525,-1
88,10,8,matched,106548,106545,-3
89,5,4,matched,107114,107114,0
89,5,4,matched,107017,107016,-1
89,5,4,matched,106950,106948,-2
89,5,4,matched,106971,106969,-2
89,5,4,matched,107079,107077,-2
89,5,4,matched,107134,107136,2
89,5,4,matched,106995,106992,-3
89,5,4,matched,106902,106898,-4
89,5,4,unmatched_gt,106936,,
89,5,4,unmatched_gt,107044,,
89,5,4,unmatched_gt,107093,,
89,5,4,unmatched_gt,107158,,
89,5,4,unmatched_candidate,,106737,
89,5,4,unmatched_candidate,,106929,
89,5,4,unmatched_candidate,,107039,
89,5,4,unmatched_candidate,,107153,
89,10,8,matched,107114,107114,0
89,10,8,matched,107017,107016,-1
89,10,8,matched,106950,106948,-2
89,10,8,matched,106971,106969,-2
89,10,8,matched,107079,107077,-2
89,10,8,matched,107134,107136,2
89,10,8,matched,106995,106992,-3
89,10,8,matched,106902,106898,-4
89,10,8,matched,107044,107039,-5
89,10,8,matched,107158,107153,-5
89,10,8,matched,106936,106929,-7
89,10,8,unmatched_gt,107093,,
89,10,8,unmatched_candidate,,106737,
90,5,4,matched,107804,107804,0
90,5,4,matched,107716,107715,-1
90,5,4,matched,107754,107753,-1
90,5,4,matched,107785,107784,-1
90,5,4,matched,107587,107584,-3
90,5,4,matched,107695,107692,-3
90,5,4,matched,107831,107828,-3
90,5,4,matched,107852,107849,-3
90,5,4,unmatched_gt,107609,,
90,5,4,unmatched_gt,107622,,
90,5,4,unmatched_gt,107644,,
90,5,4,unmatched_gt,107654,,
90,5,4,unmatched_gt,107664,,
90,5,4,unmatched_gt,107676,,
90,5,4,unmatched_candidate,,107639,
90,5,4,unmatched_candidate,,107906,
90,5,4,unmatched_candidate,,107929,
90,10,8,matched,107804,107804,0
90,10,8,matched,107716,107715,-1
90,10,8,matched,107754,107753,-1
90,10,8,matched,107785,107784,-1
90,10,8,matched,107587,107584,-3
90,10,8,matched,107695,107692,-3
90,10,8,matched,107831,107828,-3
90,10,8,matched,107852,107849,-3
90,10,8,matched,107644,107639,-5
90,10,8,unmatched_gt,107609,,
90,10,8,unmatched_gt,107622,,
90,10,8,unmatched_gt,107654,,
90,10,8,unmatched_gt,107664,,
90,10,8,unmatched_gt,107676,,
90,10,8,unmatched_candidate,,107906,
90,10,8,unmatched_candidate,,107929,
91,5,4,unmatched_gt,108317,,
91,5,4,unmatched_gt,108337,,
91,5,4,unmatched_candidate,,108308,
91,10,8,unmatched_gt,108317,,
91,10,8,unmatched_gt,108337,,
91,10,8,unmatched_candidate,,108308,
92,5,4,unmatched_gt,108888,,
92,5,4,unmatched_gt,108907,,
92,5,4,unmatched_gt,108925,,
92,5,4,unmatched_gt,108944,,
92,5,4,unmatched_gt,108990,,
92,5,4,unmatched_gt,109006,,
92,5,4,unmatched_gt,109027,,
92,5,4,unmatched_gt,109048,,
92,5,4,unmatched_gt,109072,,
92,5,4,unmatched_gt,109105,,
92,5,4,unmatched_gt,109126,,
92,5,4,unmatched_gt,109147,,
92,5,4,unmatched_gt,109172,,
92,5,4,unmatched_gt,109195,,
92,5,4,unmatched_gt,109216,,
92,5,4,unmatched_gt,109251,,
92,5,4,unmatched_gt,109263,,
92,5,4,unmatched_gt,109286,,
92,5,4,unmatched_gt,109306,,
92,5,4,unmatched_gt,109329,,
92,5,4,unmatched_gt,109366,,
92,5,4,unmatched_gt,109378,,
92,5,4,unmatched_gt,109395,,
92,5,4,unmatched_gt,109414,,
92,5,4,unmatched_gt,109432,,
92,5,4,unmatched_gt,109457,,
92,5,4,unmatched_gt,109490,,
92,5,4,unmatched_gt,109512,,
92,5,4,unmatched_gt,109538,,
92,5,4,unmatched_gt,109564,,
92,5,4,unmatched_gt,109599,,
92,5,4,unmatched_gt,109619,,
92,5,4,unmatched_gt,109644,,
92,5,4,unmatched_gt,109689,,
92,5,4,unmatched_gt,109709,,
92,5,4,unmatched_gt,109730,,
92,5,4,unmatched_gt,109752,,
92,5,4,unmatched_gt,109792,,
92,10,8,unmatched_gt,108888,,
92,10,8,unmatched_gt,108907,,
92,10,8,unmatched_gt,108925,,
92,10,8,unmatched_gt,108944,,
92,10,8,unmatched_gt,108990,,
92,10,8,unmatched_gt,109006,,
92,10,8,unmatched_gt,109027,,
92,10,8,unmatched_gt,109048,,
92,10,8,unmatched_gt,109072,,
92,10,8,unmatched_gt,109105,,
92,10,8,unmatched_gt,109126,,
92,10,8,unmatched_gt,109147,,
92,10,8,unmatched_gt,109172,,
92,10,8,unmatched_gt,109195,,
92,10,8,unmatched_gt,109216,,
92,10,8,unmatched_gt,109251,,
92,10,8,unmatched_gt,109263,,
92,10,8,unmatched_gt,109286,,
92,10,8,unmatched_gt,109306,,
92,10,8,unmatched_gt,109329,,
92,10,8,unmatched_gt,109366,,
92,10,8,unmatched_gt,109378,,
92,10,8,unmatched_gt,109395,,
92,10,8,unmatched_gt,109414,,
92,10,8,unmatched_gt,109432,,
92,10,8,unmatched_gt,109457,,
92,10,8,unmatched_gt,109490,,
92,10,8,unmatched_gt,109512,,
92,10,8,unmatched_gt,109538,,
92,10,8,unmatched_gt,109564,,
92,10,8,unmatched_gt,109599,,
92,10,8,unmatched_gt,109619,,
92,10,8,unmatched_gt,109644,,
92,10,8,unmatched_gt,109689,,
92,10,8,unmatched_gt,109709,,
92,10,8,unmatched_gt,109730,,
92,10,8,unmatched_gt,109752,,
92,10,8,unmatched_gt,109792,,
93,5,4,matched,110657,110657,0
93,5,4,matched,110554,110553,-1
93,5,4,matched,110506,110504,-2
93,5,4,matched,110606,110604,-2
93,5,4,matched,110720,110718,-2
93,5,4,matched,110756,110754,-2
93,5,4,matched,110578,110575,-3
93,5,4,matched,110790,110794,4
93,5,4,unmatched_gt,110483,,
93,5,4,unmatched_gt,110542,,
93,5,4,unmatched_gt,110620,,
93,5,4,unmatched_gt,110639,,
93,5,4,unmatched_gt,110683,,
93,5,4,unmatched_gt,110695,,
93,5,4,unmatched_candidate,,110632,
93,10,8,matched,110657,110657,0
93,10,8,matched,110554,110553,-1
93,10,8,matched,110506,110504,-2
93,10,8,matched,110606,110604,-2
93,10,8,matched,110720,110718,-2
93,10,8,matched,110756,110754,-2
93,10,8,matched,110578,110575,-3
93,10,8,matched,110790,110794,4
93,10,8,matched,110639,110632,-7
93,10,8,unmatched_gt,110483,,
93,10,8,unmatched_gt,110542,,
93,10,8,unmatched_gt,110620,,
93,10,8,unmatched_gt,110683,,
93,10,8,unmatched_gt,110695,,
94,5,4,matched,113192,113191,-1
94,5,4,matched,113384,113383,-1
94,5,4,matched,113170,113168,-2
94,5,4,matched,113272,113270,-2
94,5,4,matched,113328,113326,-2
94,5,4,matched,113342,113340,-2
94,5,4,matched,113365,113367,2
94,5,4,matched,113108,113105,-3
94,5,4,matched,113089,113085,-4
94,5,4,unmatched_gt,113075,,
94,5,4,unmatched_gt,113136,,
94,5,4,unmatched_gt,113152,,
94,5,4,unmatched_gt,113239,,
94,5,4,unmatched_gt,113249,,
94,5,4,unmatched_gt,113296,,
94,5,4,unmatched_gt,113397,,
94,5,4,unmatched_candidate,,113062,
94,5,4,unmatched_candidate,,113291,
94,10,8,matched,113192,113191,-1
94,10,8,matched,113384,113383,-1
94,10,8,matched,113170,113168,-2
94,10,8,matched,113272,113270,-2
94,10,8,matched,113328,113326,-2
94,10,8,matched,113342,113340,-2
94,10,8,matched,113365,113367,2
94,10,8,matched,113108,113105,-3
94,10,8,matched,113089,113085,-4
94,10,8,matched,113296,113291,-5
94,10,8,unmatched_gt,113075,,
94,10,8,unmatched_gt,113136,,
94,10,8,unmatched_gt,113152,,
94,10,8,unmatched_gt,113239,,
94,10,8,unmatched_gt,113249,,
94,10,8,unmatched_gt,113397,,
94,10,8,unmatched_candidate,,113062,
95,5,4,matched,113958,113957,-1
95,5,4,matched,114244,114243,-1
95,5,4,matched,113988,113986,-2
95,5,4,matched,114023,114021,-2
95,5,4,matched,114112,114110,-2
95,5,4,matched,114210,114208,-2
95,5,4,matched,114305,114303,-2
95,5,4,matched,114389,114387,-2
95,5,4,matched,114049,114046,-3
95,5,4,matched,114061,114058,-3
95,5,4,matched,114175,114172,-3
95,5,4,matched,114331,114328,-3
95,5,4,matched,114091,114087,-4
95,5,4,matched,114140,114136,-4
95,5,4,matched,114367,114363,-4
95,5,4,unmatched_gt,113940,,
95,5,4,unmatched_gt,114281,,
95,5,4,unmatched_gt,114408,,
95,5,4,unmatched_candidate,,113908,
95,5,4,unmatched_candidate,,113920,
95,5,4,unmatched_candidate,,114401,
95,10,8,matched,113958,113957,-1
95,10,8,matched,114244,114243,-1
95,10,8,matched,113988,113986,-2
95,10,8,matched,114023,114021,-2
95,10,8,matched,114112,114110,-2
95,10,8,matched,114210,114208,-2
95,10,8,matched,114305,114303,-2
95,10,8,matched,114389,114387,-2
95,10,8,matched,114049,114046,-3
95,10,8,matched,114061,114058,-3
95,10,8,matched,114175,114172,-3
95,10,8,matched,114331,114328,-3
95,10,8,matched,114091,114087,-4
95,10,8,matched,114140,114136,-4
95,10,8,matched,114367,114363,-4
95,10,8,matched,114408,114401,-7
95,10,8,unmatched_gt,113940,,
95,10,8,unmatched_gt,114281,,
95,10,8,unmatched_candidate,,113908,
95,10,8,unmatched_candidate,,113920,
96,5,4,matched,115153,115153,0
96,5,4,matched,115064,115065,1
96,5,4,matched,115105,115104,-1
96,5,4,matched,115215,115214,-1
96,5,4,matched,115031,115029,-2
96,5,4,matched,115133,115131,-2
96,5,4,matched,115318,115316,-2
96,5,4,matched,115407,115405,-2
96,5,4,matched,115009,115006,-3
96,5,4,matched,115247,115244,-3
96,5,4,matched,115293,115290,-3
96,5,4,matched,115382,115379,-3
96,5,4,matched,115432,115429,-3
96,5,4,matched,115462,115459,-3
96,5,4,matched,115183,115179,-4
96,5,4,matched,115344,115340,-4
96,5,4,unmatched_gt,114993,,
96,5,4,unmatched_gt,115084,,
96,5,4,unmatched_gt,115265,,
96,5,4,unmatched_gt,115491,,
96,5,4,unmatched_candidate,,114980,
96,10,8,matched,115153,115153,0
96,10,8,matched,115064,115065,1
96,10,8,matched,115105,115104,-1
96,10,8,matched,115215,115214,-1
96,10,8,matched,115031,115029,-2
96,10,8,matched,115133,115131,-2
96,10,8,matched,115318,115316,-2
96,10,8,matched,115407,115405,-2
96,10,8,matched,115009,115006,-3
96,10,8,matched,115247,115244,-3
96,10,8,matched,115293,115290,-3
96,10,8,matched,115382,115379,-3
96,10,8,matched,115432,115429,-3
96,10,8,matched,115462,115459,-3
96,10,8,matched,115183,115179,-4
96,10,8,matched,115344,115340,-4
96,10,8,unmatched_gt,114993,,
96,10,8,unmatched_gt,115084,,
96,10,8,unmatched_gt,115265,,
96,10,8,unmatched_gt,115491,,
96,10,8,unmatched_candidate,,114980,
97,5,4,unmatched_gt,116220,,
97,5,4,unmatched_gt,116245,,
97,5,4,unmatched_gt,116273,,
97,5,4,unmatched_gt,116302,,
97,10,8,unmatched_gt,116220,,
97,10,8,unmatched_gt,116245,,
97,10,8,unmatched_gt,116273,,
97,10,8,unmatched_gt,116302,,
98,5,4,unmatched_gt,116775,,
98,5,4,unmatched_gt,116790,,
98,5,4,unmatched_gt,116813,,
98,5,4,unmatched_gt,116835,,
98,5,4,unmatched_gt,116875,,
98,5,4,unmatched_gt,116887,,
98,5,4,unmatched_gt,116909,,
98,5,4,unmatched_gt,116930,,
98,5,4,unmatched_gt,116951,,
98,5,4,unmatched_gt,116977,,
98,5,4,unmatched_gt,117000,,
98,5,4,unmatched_gt,117023,,
98,5,4,unmatched_gt,117044,,
98,5,4,unmatched_gt,117066,,
98,5,4,unmatched_gt,117094,,
98,5,4,unmatched_gt,117109,,
98,5,4,unmatched_gt,117127,,
98,5,4,unmatched_gt,117160,,
98,5,4,unmatched_gt,117174,,
98,5,4,unmatched_gt,117202,,
98,5,4,unmatched_gt,117224,,
98,5,4,unmatched_gt,117251,,
98,5,4,unmatched_gt,117287,,
98,5,4,unmatched_gt,117308,,
98,5,4,unmatched_gt,117327,,
98,10,8,unmatched_gt,116775,,
98,10,8,unmatched_gt,116790,,
98,10,8,unmatched_gt,116813,,
98,10,8,unmatched_gt,116835,,
98,10,8,unmatched_gt,116875,,
98,10,8,unmatched_gt,116887,,
98,10,8,unmatched_gt,116909,,
98,10,8,unmatched_gt,116930,,
98,10,8,unmatched_gt,116951,,
98,10,8,unmatched_gt,116977,,
98,10,8,unmatched_gt,117000,,
98,10,8,unmatched_gt,117023,,
98,10,8,unmatched_gt,117044,,
98,10,8,unmatched_gt,117066,,
98,10,8,unmatched_gt,117094,,
98,10,8,unmatched_gt,117109,,
98,10,8,unmatched_gt,117127,,
98,10,8,unmatched_gt,117160,,
98,10,8,unmatched_gt,117174,,
98,10,8,unmatched_gt,117202,,
98,10,8,unmatched_gt,117224,,
98,10,8,unmatched_gt,117251,,
98,10,8,unmatched_gt,117287,,
98,10,8,unmatched_gt,117308,,
98,10,8,unmatched_gt,117327,,
99,5,4,matched,119672,119672,0
99,5,4,matched,118938,118937,-1
99,5,4,matched,119014,119013,-1
99,5,4,matched,119316,119315,-1
99,5,4,matched,119582,119581,-1
99,5,4,matched,119953,119954,1
99,5,4,matched,118918,118916,-2
99,5,4,matched,118972,118970,-2
99,5,4,matched,119135,119133,-2
99,5,4,matched,119204,119202,-2
99,5,4,matched,119237,119235,-2
99,5,4,matched,119351,119349,-2
99,5,4,matched,119378,119376,-2
99,5,4,matched,119420,119418,-2
99,5,4,matched,119638,119636,-2
99,5,4,matched,119746,119748,2
99,5,4,matched,119775,119773,-2
99,5,4,matched,119815,119813,-2
99,5,4,matched,119042,119039,-3
99,5,4,matched,119099,119096,-3
99,5,4,matched,119484,119481,-3
99,5,4,matched,119531,119528,-3
99,5,4,matched,119891,119888,-3
99,5,4,matched,119062,119058,-4
99,5,4,matched,119278,119274,-4
99,5,4,unmatched_gt,118904,,
99,5,4,unmatched_gt,118987,,
99,5,4,unmatched_gt,119111,,
99,5,4,unmatched_gt,119170,,
99,5,4,unmatched_gt,119184,,
99,5,4,unmatched_gt,119252,,
99,5,4,unmatched_gt,119297,,
99,5,4,unmatched_gt,119396,,
99,5,4,unmatched_gt,119457,,
99,5,4,unmatched_gt,119515,,
99,5,4,unmatched_gt,119558,,
99,5,4,unmatched_gt,119618,,
99,5,4,unmatched_gt,119649,,
99,5,4,unmatched_gt,119684,,
99,5,4,unmatched_gt,119712,,
99,5,4,unmatched_gt,119796,,
99,5,4,unmatched_gt,119863,,
99,5,4,unmatched_gt,119934,,
99,5,4,unmatched_candidate,,118873,
99,5,4,unmatched_candidate,,118896,
99,5,4,unmatched_candidate,,119510,
99,5,4,unmatched_candidate,,119707,
99,5,4,unmatched_candidate,,119801,
99,5,4,unmatched_candidate,,119858,
99,10,8,matched,119672,119672,0
99,10,8,matched,118938,118937,-1
99,10,8,matched,119014,119013,-1
99,10,8,matched,119316,119315,-1
99,10,8,matched,119582,119581,-1
99,10,8,matched,119953,119954,1
99,10,8,matched,118918,118916,-2
99,10,8,matched,118972,118970,-2
99,10,8,matched,119135,119133,-2
99,10,8,matched,119204,119202,-2
99,10,8,matched,119237,119235,-2
99,10,8,matched,119351,119349,-2
99,10,8,matched,119378,119376,-2
99,10,8,matched,119420,119418,-2
99,10,8,matched,119638,119636,-2
99,10,8,matched,119746,119748,2
99,10,8,matched,119775,119773,-2
99,10,8,matched,119815,119813,-2
99,10,8,matched,119042,119039,-3
99,10,8,matched,119099,119096,-3
99,10,8,matched,119484,119481,-3
99,10,8,matched,119531,119528,-3
99,10,8,matched,119891,119888,-3
99,10,8,matched,119062,119058,-4
99,10,8,matched,119278,119274,-4
99,10,8,matched,119515,119510,-5
99,10,8,matched,119712,119707,-5
99,10,8,matched,119796,119801,5
99,10,8,matched,119863,119858,-5
99,10,8,matched,118904,118896,-8
99,10,8,unmatched_gt,118987,,
99,10,8,unmatched_gt,119111,,
99,10,8,unmatched_gt,119170,,
99,10,8,unmatched_gt,119184,,
99,10,8,unmatched_gt,119252,,
99,10,8,unmatched_gt,119297,,
99,10,8,unmatched_gt,119396,,
99,10,8,unmatched_gt,119457,,
99,10,8,unmatched_gt,119558,,
99,10,8,unmatched_gt,119618,,
99,10,8,unmatched_gt,119649,,
99,10,8,unmatched_gt,119684,,
99,10,8,unmatched_gt,119934,,
99,10,8,unmatched_candidate,,118873,
100,5,4,unmatched_gt,121539,,
100,5,4,unmatched_gt,121566,,
100,5,4,unmatched_gt,121592,,
100,5,4,unmatched_gt,121646,,
100,5,4,unmatched_gt,121660,,
100,5,4,unmatched_gt,121679,,
100,5,4,unmatched_gt,121698,,
100,5,4,unmatched_gt,121717,,
100,5,4,unmatched_gt,121742,,
100,10,8,unmatched_gt,121539,,
100,10,8,unmatched_gt,121566,,
100,10,8,unmatched_gt,121592,,
100,10,8,unmatched_gt,121646,,
100,10,8,unmatched_gt,121660,,
100,10,8,unmatched_gt,121679,,
100,10,8,unmatched_gt,121698,,
100,10,8,unmatched_gt,121717,,
100,10,8,unmatched_gt,121742,,
101,5,4,matched,122339,122338,-1
101,5,4,matched,122375,122374,-1
101,5,4,matched,122422,122419,-3
101,5,4,unmatched_gt,122326,,
101,5,4,unmatched_gt,122350,,
101,5,4,unmatched_gt,122389,,
101,5,4,unmatched_gt,122403,,
101,5,4,unmatched_gt,122437,,
101,5,4,unmatched_gt,122447,,
101,5,4,unmatched_gt,122461,,
101,5,4,unmatched_candidate,,122312,
101,10,8,matched,122339,122338,-1
101,10,8,matched,122375,122374,-1
101,10,8,matched,122422,122419,-3
101,10,8,unmatched_gt,122326,,
101,10,8,unmatched_gt,122350,,
101,10,8,unmatched_gt,122389,,
101,10,8,unmatched_gt,122403,,
101,10,8,unmatched_gt,122437,,
101,10,8,unmatched_gt,122447,,
101,10,8,unmatched_gt,122461,,
101,10,8,unmatched_candidate,,122312,
102,5,4,matched,123137,123137,0
102,5,4,matched,122926,122925,-1
102,5,4,matched,122976,122975,-1
102,5,4,matched,123043,123044,1
102,5,4,matched,123112,123110,-2
102,5,4,matched,122950,122947,-3
102,5,4,matched,123085,123082,-3
102,5,4,matched,123012,123008,-4
102,5,4,matched,123064,123060,-4
102,10,8,matched,123137,123137,0
102,10,8,matched,122926,122925,-1
102,10,8,matched,122976,122975,-1
102,10,8,matched,123043,123044,1
102,10,8,matched,123112,123110,-2
102,10,8,matched,122950,122947,-3
102,10,8,matched,123085,123082,-3
102,10,8,matched,123012,123008,-4
102,10,8,matched,123064,123060,-4
103,5,4,matched,124755,124755,0
103,5,4,matched,124855,124855,0
103,5,4,matched,124992,124991,-1
103,5,4,matched,124936,124934,-2
103,5,4,matched,125036,125034,-2
103,5,4,matched,125145,125143,-2
103,5,4,matched,124779,124776,-3
103,5,4,matched,124794,124791,-3
103,5,4,matched,124835,124832,-3
103,5,4,matched,125017,125014,-3
103,5,4,matched,125173,125170,-3
103,5,4,matched,125060,125056,-4
103,5,4,unmatched_gt,124819,,
103,5,4,unmatched_gt,124889,,
103,5,4,unmatched_gt,124911,,
103,5,4,unmatched_gt,124967,,
103,5,4,unmatched_gt,125113,,
103,5,4,unmatched_gt,125127,,
103,5,4,unmatched_gt,125197,,
103,5,4,unmatched_candidate,,124904,
103,5,4,unmatched_candidate,,125106,
103,10,8,matched,124755,124755,0
103,10,8,matched,124855,124855,0
103,10,8,matched,124992,124991,-1
103,10,8,matched,124936,124934,-2
103,10,8,matched,125036,125034,-2
103,10,8,matched,125145,125143,-2
103,10,8,matched,124779,124776,-3
103,10,8,matched,124794,124791,-3
103,10,8,matched,124835,124832,-3
103,10,8,matched,125017,125014,-3
103,10,8,matched,125173,125170,-3
103,10,8,matched,125060,125056,-4
103,10,8,matched,124911,124904,-7
103,10,8,matched,125113,125106,-7
103,10,8,unmatched_gt,124819,,
103,10,8,unmatched_gt,124889,,
103,10,8,unmatched_gt,124967,,
103,10,8,unmatched_gt,125127,,
103,10,8,unmatched_gt,125197,,
104,5,4,matched,125913,125913,0
104,5,4,matched,126716,126716,0
104,5,4,matched,125956,125955,-1
104,5,4,matched,126789,126788,-1
104,5,4,matched,126029,126027,-2
104,5,4,matched,126090,126088,-2
104,5,4,matched,126148,126146,-2
104,5,4,matched,126226,126224,-2
104,5,4,matched,126266,126264,-2
104,5,4,matched,126410,126408,-2
104,5,4,matched,126486,126484,-2
104,5,4,matched,126523,126521,-2
104,5,4,matched,126607,126605,-2
104,5,4,matched,126742,126740,-2
104,5,4,matched,126071,126068,-3
104,5,4,matched,126685,126682,-3
104,5,4,matched,126767,126764,-3
104,5,4,matched,125942,125938,-4
104,5,4,matched,125980,125976,-4
104,5,4,matched,126007,126003,-4
104,5,4,matched,126320,126316,-4
104,5,4,matched,126342,126338,-4
104,5,4,matched,126459,126455,-4
104,5,4,matched,126583,126579,-4
104,5,4,matched,126816,126812,-4
104,5,4,unmatched_gt,126047,,
104,5,4,unmatched_gt,126103,,
104,5,4,unmatched_gt,126128,,
104,5,4,unmatched_gt,126183,,
104,5,4,unmatched_gt,126203,,
104,5,4,unmatched_gt,126282,,
104,5,4,unmatched_gt,126300,,
104,5,4,unmatched_gt,126371,,
104,5,4,unmatched_gt,126387,,
104,5,4,unmatched_gt,126440,,
104,5,4,unmatched_gt,126561,,
104,5,4,unmatched_gt,126654,,
104,5,4,unmatched_gt,126665,,
104,5,4,unmatched_gt,126806,,
104,5,4,unmatched_candidate,,126042,
104,5,4,unmatched_candidate,,126649,
104,5,4,unmatched_candidate,,126850,
104,10,8,matched,125913,125913,0
104,10,8,matched,126716,126716,0
104,10,8,matched,125956,125955,-1
104,10,8,matched,126789,126788,-1
104,10,8,matched,126029,126027,-2
104,10,8,matched,126090,126088,-2
104,10,8,matched,126148,126146,-2
104,10,8,matched,126226,126224,-2
104,10,8,matched,126266,126264,-2
104,10,8,matched,126410,126408,-2
104,10,8,matched,126486,126484,-2
104,10,8,matched,126523,126521,-2
104,10,8,matched,126607,126605,-2
104,10,8,matched,126742,126740,-2
104,10,8,matched,126071,126068,-3
104,10,8,matched,126685,126682,-3
104,10,8,matched,126767,126764,-3
104,10,8,matched,125942,125938,-4
104,10,8,matched,125980,125976,-4
104,10,8,matched,126007,126003,-4
104,10,8,matched,126320,126316,-4
104,10,8,matched,126342,126338,-4
104,10,8,matched,126459,126455,-4
104,10,8,matched,126583,126579,-4
104,10,8,matched,126816,126812,-4
104,10,8,matched,126047,126042,-5
104,10,8,matched,126654,126649,-5
104,10,8,unmatched_gt,126103,,
104,10,8,unmatched_gt,126128,,
104,10,8,unmatched_gt,126183,,
104,10,8,unmatched_gt,126203,,
104,10,8,unmatched_gt,126282,,
104,10,8,unmatched_gt,126300,,
104,10,8,unmatched_gt,126371,,
104,10,8,unmatched_gt,126387,,
104,10,8,unmatched_gt,126440,,
104,10,8,unmatched_gt,126561,,
104,10,8,unmatched_gt,126665,,
104,10,8,unmatched_gt,126806,,
104,10,8,unmatched_candidate,,126850,
105,5,4,matched,127904,127903,-1
105,5,4,matched,127979,127980,1
105,5,4,matched,128003,128000,-3
105,5,4,matched,128026,128023,-3
105,5,4,unmatched_gt,127853,,
105,5,4,unmatched_gt,127868,,
105,5,4,unmatched_gt,127886,,
105,5,4,unmatched_gt,127944,,
105,5,4,unmatched_gt,127956,,
105,5,4,unmatched_gt,128066,,
105,5,4,unmatched_gt,128083,,
105,5,4,unmatched_candidate,,127777,
105,5,4,unmatched_candidate,,127837,
105,5,4,unmatched_candidate,,127863,
105,5,4,unmatched_candidate,,128110,
105,5,4,unmatched_candidate,,128152,
105,5,4,unmatched_candidate,,128173,
105,10,8,matched,127904,127903,-1
105,10,8,matched,127979,127980,1
105,10,8,matched,128003,128000,-3
105,10,8,matched,128026,128023,-3
105,10,8,matched,127868,127863,-5
105,10,8,unmatched_gt,127853,,
105,10,8,unmatched_gt,127886,,
105,10,8,unmatched_gt,127944,,
105,10,8,unmatched_gt,127956,,
105,10,8,unmatched_gt,128066,,
105,10,8,unmatched_gt,128083,,
105,10,8,unmatched_candidate,,127777,
105,10,8,unmatched_candidate,,127837,
105,10,8,unmatched_candidate,,128110,
105,10,8,unmatched_candidate,,128152,
105,10,8,unmatched_candidate,,128173,
106,5,4,matched,128771,128772,1
106,5,4,matched,128840,128839,-1
106,5,4,matched,128910,128909,-1
106,5,4,matched,128800,128798,-2
106,5,4,matched,128819,128815,-4
106,5,4,matched,128888,128884,-4
106,5,4,unmatched_gt,128866,,
106,5,4,unmatched_candidate,,128861,
106,5,4,unmatched_candidate,,128926,
106,5,4,unmatched_candidate,,128948,
106,10,8,matched,128771,128772,1
106,10,8,matched,128840,128839,-1
106,10,8,matched,128910,128909,-1
106,10,8,matched,128800,128798,-2
106,10,8,matched,128819,128815,-4
106,10,8,matched,128888,128884,-4
106,10,8,matched,128866,128861,-5
106,10,8,unmatched_candidate,,128926,
106,10,8,unmatched_candidate,,128948,
107,5,4,matched,129590,129589,-1
107,5,4,matched,129631,129629,-2
107,5,4,matched,129616,129613,-3
107,5,4,matched,129654,129650,-4
107,5,4,unmatched_gt,129575,,
107,5,4,unmatched_gt,129672,,
107,5,4,unmatched_gt,129683,,
107,5,4,unmatched_candidate,,129563,
107,5,4,unmatched_candidate,,129667,
107,10,8,matched,129590,129589,-1
107,10,8,matched,129631,129629,-2
107,10,8,matched,129616,129613,-3
107,10,8,matched,129654,129650,-4
107,10,8,matched,129672,129667,-5
107,10,8,unmatched_gt,129575,,
107,10,8,unmatched_gt,129683,,
107,10,8,unmatched_candidate,,129563,
108,5,4,matched,131681,131681,0
108,5,4,matched,131473,131472,-1
108,5,4,matched,131247,131245,-2
108,5,4,matched,131329,131327,-2
108,5,4,matched,131496,131494,-2
108,5,4,matched,131532,131530,-2
108,5,4,matched,131277,131274,-3
108,5,4,matched,131292,131289,-3
108,5,4,matched,131362,131359,-3
108,5,4,matched,131451,131448,-3
108,5,4,matched,131581,131578,-3
108,5,4,matched,131737,131734,-3
108,5,4,matched,131645,131641,-4
108,5,4,unmatched_gt,131311,,
108,5,4,unmatched_gt,131340,,
108,5,4,unmatched_gt,131385,,
108,5,4,unmatched_gt,131416,,
108,5,4,unmatched_gt,131432,,
108,5,4,unmatched_gt,131555,,
108,5,4,unmatched_gt,131617,,
108,5,4,unmatched_gt,131659,,
108,5,4,unmatched_gt,131719,,
108,5,4,unmatched_gt,131750,,
108,5,4,unmatched_gt,131758,,
108,5,4,unmatched_candidate,,131302,
108,5,4,unmatched_candidate,,131380,
108,5,4,unmatched_candidate,,131549,
108,5,4,unmatched_candidate,,131654,
108,10,8,matched,131681,131681,0
108,10,8,matched,131473,131472,-1
108,10,8,matched,131247,131245,-2
108,10,8,matched,131329,131327,-2
108,10,8,matched,131496,131494,-2
108,10,8,matched,131532,131530,-2
108,10,8,matched,131277,131274,-3
108,10,8,matched,131292,131289,-3
108,10,8,matched,131362,131359,-3
108,10,8,matched,131451,131448,-3
108,10,8,matched,131581,131578,-3
108,10,8,matched,131737,131734,-3
108,10,8,matched,131645,131641,-4
108,10,8,matched,131385,131380,-5
108,10,8,matched,131659,131654,-5
108,10,8,matched,131555,131549,-6
108,10,8,unmatched_gt,131311,,
108,10,8,unmatched_gt,131340,,
108,10,8,unmatched_gt,131416,,
108,10,8,unmatched_gt,131432,,
108,10,8,unmatched_gt,131617,,
108,10,8,unmatched_gt,131719,,
108,10,8,unmatched_gt,131750,,
108,10,8,unmatched_gt,131758,,
108,10,8,unmatched_candidate,,131302,
109,5,4,matched,132590,132587,-3
109,5,4,unmatched_gt,132577,,
109,5,4,unmatched_candidate,,132511,
109,5,4,unmatched_candidate,,132524,
109,5,4,unmatched_candidate,,132540,
109,5,4,unmatched_candidate,,132626,
109,10,8,matched,132590,132587,-3
109,10,8,unmatched_gt,132577,,
109,10,8,unmatched_candidate,,132511,
109,10,8,unmatched_candidate,,132524,
109,10,8,unmatched_candidate,,132540,
109,10,8,unmatched_candidate,,132626,
110,5,4,matched,133276,133275,-1
110,5,4,matched,133295,133293,-2
110,5,4,matched,133316,133312,-4
110,5,4,unmatched_gt,133265,,
110,5,4,unmatched_gt,133346,,
110,5,4,unmatched_gt,133358,,
110,5,4,unmatched_candidate,,133252,
110,5,4,unmatched_candidate,,133367,
110,10,8,matched,133276,133275,-1
110,10,8,matched,133295,133293,-2
110,10,8,matched,133316,133312,-4
110,10,8,unmatched_gt,133265,,
110,10,8,unmatched_gt,133346,,
110,10,8,unmatched_gt,133358,,
110,10,8,unmatched_candidate,,133252,
110,10,8,unmatched_candidate,,133367,
111,5,4,matched,134235,134233,-2
111,5,4,matched,134215,134212,-3
111,5,4,matched,134447,134444,-3
111,5,4,matched,134296,134292,-4
111,5,4,unmatched_gt,134201,,
111,5,4,unmatched_gt,134262,,
111,5,4,unmatched_gt,134279,,
111,5,4,unmatched_gt,134317,,
111,5,4,unmatched_gt,134338,,
111,5,4,unmatched_gt,134354,,
111,5,4,unmatched_gt,134375,,
111,5,4,unmatched_gt,134394,,
111,5,4,unmatched_gt,134429,,
111,5,4,unmatched_gt,134466,,
111,5,4,unmatched_gt,134478,,
111,5,4,unmatched_gt,134489,,
111,5,4,unmatched_gt,134498,,
111,5,4,unmatched_candidate,,134026,
111,5,4,unmatched_candidate,,134060,
111,5,4,unmatched_candidate,,134075,
111,5,4,unmatched_candidate,,134129,
111,5,4,unmatched_candidate,,134144,
111,5,4,unmatched_candidate,,134166,
111,5,4,unmatched_candidate,,134193,
111,5,4,unmatched_candidate,,134312,
111,5,4,unmatched_candidate,,134333,
111,5,4,unmatched_candidate,,134389,
111,5,4,unmatched_candidate,,134483,
111,5,4,unmatched_candidate,,134526,
111,5,4,unmatched_candidate,,134561,
111,10,8,matched,134235,134233,-2
111,10,8,matched,134215,134212,-3
111,10,8,matched,134447,134444,-3
111,10,8,matched,134296,134292,-4
111,10,8,matched,134317,134312,-5
111,10,8,matched,134338,134333,-5
111,10,8,matched,134394,134389,-5
111,10,8,matched,134478,134483,5
111,10,8,matched,134201,134193,-8
111,10,8,unmatched_gt,134262,,
111,10,8,unmatched_gt,134279,,
111,10,8,unmatched_gt,134354,,
111,10,8,unmatched_gt,134375,,
111,10,8,unmatched_gt,134429,,
111,10,8,unmatched_gt,134466,,
111,10,8,unmatched_gt,134489,,
111,10,8,unmatched_gt,134498,,
111,10,8,unmatched_candidate,,134026,
111,10,8,unmatched_candidate,,134060,
111,10,8,unmatched_candidate,,134075,
111,10,8,unmatched_candidate,,134129,
111,10,8,unmatched_candidate,,134144,
111,10,8,unmatched_candidate,,134166,
111,10,8,unmatched_candidate,,134526,
111,10,8,unmatched_candidate,,134561,
112,5,4,unmatched_gt,135374,,
112,5,4,unmatched_gt,135393,,
112,5,4,unmatched_gt,135416,,
112,5,4,unmatched_gt,135432,,
112,5,4,unmatched_gt,135450,,
112,5,4,unmatched_gt,135461,,
112,5,4,unmatched_gt,135479,,
112,5,4,unmatched_gt,135500,,
112,5,4,unmatched_gt,135511,,
112,5,4,unmatched_gt,135521,,
112,5,4,unmatched_gt,135537,,
112,5,4,unmatched_gt,135557,,
112,5,4,unmatched_gt,135576,,
112,10,8,unmatched_gt,135374,,
112,10,8,unmatched_gt,135393,,
112,10,8,unmatched_gt,135416,,
112,10,8,unmatched_gt,135432,,
112,10,8,unmatched_gt,135450,,
112,10,8,unmatched_gt,135461,,
112,10,8,unmatched_gt,135479,,
112,10,8,unmatched_gt,135500,,
112,10,8,unmatched_gt,135511,,
112,10,8,unmatched_gt,135521,,
112,10,8,unmatched_gt,135537,,
112,10,8,unmatched_gt,135557,,
112,10,8,unmatched_gt,135576,,
