video_id,case_id,court_parent,scene_index,start_frame,end_frame,n_frames,sampled_frame_indices,quad_source,raw_tl_x,raw_tl_y,raw_tr_x,raw_tr_y,raw_br_x,raw_br_y,raw_bl_x,raw_bl_y,peak_tl,peak_tr,peak_br,peak_bl,corner_source_tl,corner_source_tr,corner_source_br,corner_source_bl,fallback_reproj_line_px,fallback_reproj_anchor_px,fallback_gate_line_frac,fallback_gate_anchor_frac,fallback_n_lines_used,fallback_n_correspondences,fallback_max_sagitta_px,exactly_two_frame_count,exactly_two_frame_fraction,scene_valid,consensus_distance_px,consensus_flagged,active_tl_x,active_tl_y,active_tr_x,active_tr_y,active_br_x,active_br_y,active_bl_x,active_bl_y
21,sset_21/tracknet-stride-8,static_shuttleset_homography,0,0,3267,3267,[],,165.28,121.36,345.36,120.88,394.72,262.88000000000005,115.75999999999999,263.6,,,,,,,,,,,,,,,,23,0.007040097949188858,false,,,165.28,121.36,345.36,120.88,394.72,262.88000000000005,115.75999999999999,263.6
21,sset_21/tracknet-stride-8,static_shuttleset_homography,1,3267,3695,428,[],,165.28,121.36,345.36,120.88,394.72,262.88000000000005,115.75999999999999,263.6,,,,,,,,,,,,,,,,70,0.16355140186915887,false,,,165.28,121.36,345.36,120.88,394.72,262.88000000000005,115.75999999999999,263.6
21,sset_21/tracknet-stride-8,static_shuttleset_homography,2,3695,4091,396,[],,165.28,121.36,345.36,120.88,394.72,262.88000000000005,115.75999999999999,263.6,,,,,,,,,,,,,,,,124,0.31313131313131315,false,,,165.28,121.36,345.36,120.88,394.72,262.88000000000005,115.75999999999999,263.6
21,sset_21/tracknet-stride-8,static_shuttleset_homography,3,4091,4227,136,[],,165.28,121.36,345.36,120.88,394.72,262.88000000000005,115.75999999999999,263.6,,,,,,,,,,,,,,,,3,0.022058823529411766,false,,,165.28,121.36,345.36,120.88,394.72,262.88000000000005,115.75999999999999,263.6
21,sset_21/tracknet-stride-8,static_shuttleset_homography,4,4227,6353,2126,[],,165.28,121.36,345.36,120.88,394.72,262.88000000000005,115.75999999999999,263.6,,,,,,,,,,,,,,,,570,0.2681091251175917,false,,,165.28,121.36,345.36,120.88,394.72,262.88000000000005,115.75999999999999,263.6
21,sset_21/tracknet-stride-8,static_shuttleset_homography,5,6353,6618,265,[],,165.28,121.36,345.36,120.88,394.72,262.88000000000005,115.75999999999999,263.6,,,,,,,,,,,,,,,,216,0.8150943396226416,true,,,165.28,121.36,345.36,120.88,394.72,262.88000000000005,115.75999999999999,263.6
21,sset_21/tracknet-stride-8,static_shuttleset_homography,6,6618,7695,1077,[],,165.28,121.36,345.36,120.88,394.72,262.88000000000005,115.75999999999999,263.6,,,,,,,,,,,,,,,,9,0.008356545961002786,false,,,165.28,121.36,345.36,120.88,394.72,262.88000000000005,115.75999999999999,263.6
21,sset_21/tracknet-stride-8,static_shuttleset_homography,7,7695,7775,80,[],,165.28,121.36,345.36,120.88,394.72,262.88000000000005,115.75999999999999,263.6,,,,,,,,,,,,,,,,0,0.0,false,,,165.28,121.36,345.36,120.88,394.72,262.88000000000005,115.75999999999999,263.6
21,sset_21/tracknet-stride-8,static_shuttleset_homography,8,7775,9463,1688,[],,165.28,121.36,345.36,120.88,394.72,262.88000000000005,115.75999999999999,263.6,,,,,,,,,,,,,,,,163,0.09656398104265403,false,,,165.28,121.36,345.36,120.88,394.72,262.88000000000005,115.75999999999999,263.6
21,sset_21/tracknet-stride-8,static_shuttleset_homography,9,9463,10177,714,[],,165.28,121.36,345.36,120.88,394.72,262.88000000000005,115.75999999999999,263.6,,,,,,,,,,,,,,,,23,0.03221288515406162,false,,,165.28,121.36,345.36,120.88,394.72,262.88000000000005,115.75999999999999,263.6
21,sset_21/tracknet-stride-8,static_shuttleset_homography,10,10177,11335,1158,[],,165.28,121.36,345.36,120.88,394.72,262.88000000000005,115.75999999999999,263.6,,,,,,,,,,,,,,,,92,0.07944732297063903,false,,,165.28,121.36,345.36,120.88,394.72,262.88000000000005,115.75999999999999,263.6
21,sset_21/tracknet-stride-8,static_shuttleset_homography,11,11335,11688,353,[],,165.28,121.36,345.36,120.88,394.72,262.88000000000005,115.75999999999999,263.6,,,,,,,,,,,,,,,,0,0.0,false,,,165.28,121.36,345.36,120.88,394.72,262.88000000000005,115.75999999999999,263.6
21,sset_21/tracknet-stride-8,static_shuttleset_homography,12,11688,11914,226,[],,165.28,121.36,345.36,120.88,394.72,262.88000000000005,115.75999999999999,263.6,,,,,,,,,,,,,,,,226,1.0,true,,,165.28,121.36,345.36,120.88,394.72,262.88000000000005,115.75999999999999,263.6
21,sset_21/tracknet-stride-8,static_shuttleset_homography,13,11914,12053,139,[],,165.28,121.36,345.36,120.88,394.72,262.88000000000005,115.75999999999999,263.6,,,,,,,,,,,,,,,,0,0.0,false,,,165.28,121.36,345.36,120.88,394.72,262.88000000000005,115.75999999999999,263.6
21,sset_21/tracknet-stride-8,static_shuttleset_homography,14,12053,12389,336,[],,165.28,121.36,345.36,120.88,394.72,262.88000000000005,115.75999999999999,263.6,,,,,,,,,,,,,,,,336,1.0,true,,,165.28,121.36,345.36,120.88,394.72,262.88000000000005,115.75999999999999,263.6
21,sset_21/tracknet-stride-8,static_shuttleset_homography,15,12389,12478,89,[],,165.28,121.36,345.36,120.88,394.72,262.88000000000005,115.75999999999999,263.6,,,,,,,,,,,,,,,,0,0.0,false,,,165.28,121.36,345.36,120.88,394.72,262.88000000000005,115.75999999999999,263.6
21,sset_21/tracknet-stride-8,static_shuttleset_homography,16,12478,13293,815,[],,165.28,121.36,345.36,120.88,394.72,262.88000000000005,115.75999999999999,263.6,,,,,,,,,,,,,,,,752,0.9226993865030675,true,,,165.28,121.36,345.36,120.88,394.72,262.88000000000005,115.75999999999999,263.6
21,sset_21/tracknet-stride-8,static_shuttleset_homography,17,13293,13457,164,[],,165.28,121.36,345.36,120.88,394.72,262.88000000000005,115.75999999999999,263.6,,,,,,,,,,,,,,,,0,0.0,false,,,165.28,121.36,345.36,120.88,394.72,262.88000000000005,115.75999999999999,263.6
21,sset_21/tracknet-stride-8,static_shuttleset_homography,18,13457,13558,101,[],,165.28,121.36,345.36,120.88,394.72,262.88000000000005,115.75999999999999,263.6,,,,,,,,,,,,,,,,0,0.0,false,,,165.28,121.36,345.36,120.88,394.72,262.88000000000005,115.75999999999999,263.6
21,sset_21/tracknet-stride-8,static_shuttleset_homography,19,13558,14128,570,[],,165.28,121.36,345.36,120.88,394.72,262.88000000000005,115.75999999999999,263.6,,,,,,,,,,,,,,,,561,0.9842105263157894,true,,,165.28,121.36,345.36,120.88,394.72,262.88000000000005,115.75999999999999,263.6
21,sset_21/tracknet-stride-8,static_shuttleset_homography,20,14128,14313,185,[],,165.28,121.36,345.36,120.88,394.72,262.88000000000005,115.75999999999999,263.6,,,,,,,,,,,,,,,,29,0.15675675675675677,false,,,165.28,121.36,345.36,120.88,394.72,262.88000000000005,115.75999999999999,263.6
21,sset_21/tracknet-stride-8,static_shuttleset_homography,21,14313,14448,135,[],,165.28,121.36,345.36,120.88,394.72,262.88000000000005,115.75999999999999,263.6,,,,,,,,,,,,,,,,0,0.0,false,,,165.28,121.36,345.36,120.88,394.72,262.88000000000005,115.75999999999999,263.6
21,sset_21/tracknet-stride-8,static_shuttleset_homography,22,14448,14549,101,[],,165.28,121.36,345.36,120.88,394.72,262.88000000000005,115.75999999999999,263.6,,,,,,,,,,,,,,,,4,0.039603960396039604,false,,,165.28,121.36,345.36,120.88,394.72,262.88000000000005,115.75999999999999,263.6
21,sset_21/tracknet-stride-8,static_shuttleset_homography,23,14549,14782,233,[],,165.28,121.36,345.36,120.88,394.72,262.88000000000005,115.75999999999999,263.6,,,,,,,,,,,,,,,,231,0.9914163090128756,true,,,165.28,121.36,345.36,120.88,394.72,262.88000000000005,115.75999999999999,263.6
21,sset_21/tracknet-stride-8,static_shuttleset_homography,24,14782,14862,80,[],,165.28,121.36,345.36,120.88,394.72,262.88000000000005,115.75999999999999,263.6,,,,,,,,,,,,,,,,0,0.0,false,,,165.28,121.36,345.36,120.88,394.72,262.88000000000005,115.75999999999999,263.6
21,sset_21/tracknet-stride-8,static_shuttleset_homography,25,14862,15095,233,[],,165.28,121.36,345.36,120.88,394.72,262.88000000000005,115.75999999999999,263.6,,,,,,,,,,,,,,,,10,0.04291845493562232,false,,,165.28,121.36,345.36,120.88,394.72,262.88000000000005,115.75999999999999,263.6
21,sset_21/tracknet-stride-8,static_shuttleset_homography,26,15095,15187,92,[],,165.28,121.36,345.36,120.88,394.72,262.88000000000005,115.75999999999999,263.6,,,,,,,,,,,,,,,,0,0.0,false,,,165.28,121.36,345.36,120.88,394.72,262.88000000000005,115.75999999999999,263.6
21,sset_21/tracknet-stride-8,static_shuttleset_homography,27,15187,15323,136,[],,165.28,121.36,345.36,120.88,394.72,262.88000000000005,115.75999999999999,263.6,,,,,,,,,,,,,,,,136,1.0,true,,,165.28,121.36,345.36,120.88,394.72,262.88000000000005,115.75999999999999,263.6
21,sset_21/tracknet-stride-8,static_shuttleset_homography,28,15323,15358,35,[],,165.28,121.36,345.36,120.88,394.72,262.88000000000005,115.75999999999999,263.6,,,,,,,,,,,,,,,,0,0.0,false,,,165.28,121.36,345.36,120.88,394.72,262.88000000000005,115.75999999999999,263.6
21,sset_21/tracknet-stride-8,static_shuttleset_homography,29,15358,15557,199,[],,165.28,121.36,345.36,120.88,394.72,262.88000000000005,115.75999999999999,263.6,,,,,,,,,,,,,,,,14,0.07035175879396985,false,,,165.28,121.36,345.36,120.88,394.72,262.88000000000005,115.75999999999999,263.6
21,sset_21/tracknet-stride-8,static_shuttleset_homography,30,15557,15718,161,[],,165.28,121.36,345.36,120.88,394.72,262.88000000000005,115.75999999999999,263.6,,,,,,,,,,,,,,,,0,0.0,false,,,165.28,121.36,345.36,120.88,394.72,262.88000000000005,115.75999999999999,263.6
21,sset_21/tracknet-stride-8,static_shuttleset_homography,31,15718,16132,414,[],,165.28,121.36,345.36,120.88,394.72,262.88000000000005,115.75999999999999,263.6,,,,,,,,,,,,,,,,412,0.9951690821256038,true,,,165.28,121.36,345.36,120.88,394.72,262.88000000000005,115.75999999999999,263.6
21,sset_21/tracknet-stride-8,static_shuttleset_homography,32,16132,16419,287,[],,165.28,121.36,345.36,120.88,394.72,262.88000000000005,115.75999999999999,263.6,,,,,,,,,,,,,,,,0,0.0,false,,,165.28,121.36,345.36,120.88,394.72,262.88000000000005,115.75999999999999,263.6
21,sset_21/tracknet-stride-8,static_shuttleset_homography,33,16419,16908,489,[],,165.28,121.36,345.36,120.88,394.72,262.88000000000005,115.75999999999999,263.6,,,,,,,,,,,,,,,,462,0.9447852760736196,true,,,165.28,121.36,345.36,120.88,394.72,262.88000000000005,115.75999999999999,263.6
21,sset_21/tracknet-stride-8,static_shuttleset_homography,34,16908,16936,28,[],,165.28,121.36,345.36,120.88,394.72,262.88000000000005,115.75999999999999,263.6,,,,,,,,,,,,,,,,26,0.9285714285714286,true,,,165.28,121.36,345.36,120.88,394.72,262.88000000000005,115.75999999999999,263.6
21,sset_21/tracknet-stride-8,static_shuttleset_homography,35,16936,16968,32,[],,165.28,121.36,345.36,120.88,394.72,262.88000000000005,115.75999999999999,263.6,,,,,,,,,,,,,,,,15,0.46875,false,,,165.28,121.36,345.36,120.88,394.72,262.88000000000005,115.75999999999999,263.6
21,sset_21/tracknet-stride-8,static_shuttleset_homography,36,16968,17039,71,[],,165.28,121.36,345.36,120.88,394.72,262.88000000000005,115.75999999999999,263.6,,,,,,,,,,,,,,,,5,0.07042253521126761,false,,,165.28,121.36,345.36,120.88,394.72,262.88000000000005,115.75999999999999,263.6
21,sset_21/tracknet-stride-8,static_shuttleset_homography,37,17039,17195,156,[],,165.28,121.36,345.36,120.88,394.72,262.88000000000005,115.75999999999999,263.6,,,,,,,,,,,,,,,,0,0.0,false,,,165.28,121.36,345.36,120.88,394.72,262.88000000000005,115.75999999999999,263.6
21,sset_21/tracknet-stride-8,static_shuttleset_homography,38,17195,17592,397,[],,165.28,121.36,345.36,120.88,394.72,262.88000000000005,115.75999999999999,263.6,,,,,,,,,,,,,,,,392,0.9874055415617129,true,,,165.28,121.36,345.36,120.88,394.72,262.88000000000005,115.75999999999999,263.6
21,sset_21/tracknet-stride-8,static_shuttleset_homography,39,17592,17680,88,[],,165.28,121.36,345.36,120.88,394.72,262.88000000000005,115.75999999999999,263.6,,,,,,,,,,,,,,,,0,0.0,false,,,165.28,121.36,345.36,120.88,394.72,262.88000000000005,115.75999999999999,263.6
21,sset_21/tracknet-stride-8,static_shuttleset_homography,40,17680,18229,549,[],,165.28,121.36,345.36,120.88,394.72,262.88000000000005,115.75999999999999,263.6,,,,,,,,,,,,,,,,172,0.3132969034608379,false,,,165.28,121.36,345.36,120.88,394.72,262.88000000000005,115.75999999999999,263.6
21,sset_21/tracknet-stride-8,static_shuttleset_homography,41,18229,18330,101,[],,165.28,121.36,345.36,120.88,394.72,262.88000000000005,115.75999999999999,263.6,,,,,,,,,,,,,,,,0,0.0,false,,,165.28,121.36,345.36,120.88,394.72,262.88000000000005,115.75999999999999,263.6
21,sset_21/tracknet-stride-8,static_shuttleset_homography,42,18330,18637,307,[],,165.28,121.36,345.36,120.88,394.72,262.88000000000005,115.75999999999999,263.6,,,,,,,,,,,,,,,,295,0.9609120521172638,true,,,165.28,121.36,345.36,120.88,394.72,262.88000000000005,115.75999999999999,263.6
21,sset_21/tracknet-stride-8,static_shuttleset_homography,43,18637,18822,185,[],,165.28,121.36,345.36,120.88,394.72,262.88000000000005,115.75999999999999,263.6,,,,,,,,,,,,,,,,55,0.2972972972972973,false,,,165.28,121.36,345.36,120.88,394.72,262.88000000000005,115.75999999999999,263.6
21,sset_21/tracknet-stride-8,static_shuttleset_homography,44,18822,18952,130,[],,165.28,121.36,345.36,120.88,394.72,262.88000000000005,115.75999999999999,263.6,,,,,,,,,,,,,,,,0,0.0,false,,,165.28,121.36,345.36,120.88,394.72,262.88000000000005,115.75999999999999,263.6
21,sset_21/tracknet-stride-8,static_shuttleset_homography,45,18952,19155,203,[],,165.28,121.36,345.36,120.88,394.72,262.88000000000005,115.75999999999999,263.6,,,,,,,,,,,,,,,,203,1.0,true,,,165.28,121.36,345.36,120.88,394.72,262.88000000000005,115.75999999999999,263.6
21,sset_21/tracknet-stride-8,static_shuttleset_homography,46,19155,19301,146,[],,165.28,121.36,345.36,120.88,394.72,262.88000000000005,115.75999999999999,263.6,,,,,,,,,,,,,,,,6,0.0410958904109589,false,,,165.28,121.36,345.36,120.88,394.72,262.88000000000005,115.75999999999999,263.6
21,sset_21/tracknet-stride-8,static_shuttleset_homography,47,19301,19511,210,[],,165.28,121.36,345.36,120.88,394.72,262.88000000000005,115.75999999999999,263.6,,,,,,,,,,,,,,,,28,0.13333333333333333,false,,,165.28,121.36,345.36,120.88,394.72,262.88000000000005,115.75999999999999,263.6
21,sset_21/tracknet-stride-8,static_shuttleset_homography,48,19511,20083,572,[],,165.28,121.36,345.36,120.88,394.72,262.88000000000005,115.75999999999999,263.6,,,,,,,,,,,,,,,,529,0.9248251748251748,true,,,165.28,121.36,345.36,120.88,394.72,262.88000000000005,115.75999999999999,263.6
21,sset_21/tracknet-stride-8,static_shuttleset_homography,49,20083,20244,161,[],,165.28,121.36,345.36,120.88,394.72,262.88000000000005,115.75999999999999,263.6,,,,,,,,,,,,,,,,1,0.006211180124223602,false,,,165.28,121.36,345.36,120.88,394.72,262.88000000000005,115.75999999999999,263.6
21,sset_21/tracknet-stride-8,static_shuttleset_homography,50,20244,20722,478,[],,165.28,121.36,345.36,120.88,394.72,262.88000000000005,115.75999999999999,263.6,,,,,,,,,,,,,,,,1,0.0020920502092050207,false,,,165.28,121.36,345.36,120.88,394.72,262.88000000000005,115.75999999999999,263.6
21,sset_21/tracknet-stride-8,static_shuttleset_homography,51,20722,20935,213,[],,165.28,121.36,345.36,120.88,394.72,262.88000000000005,115.75999999999999,263.6,,,,,,,,,,,,,,,,29,0.13615023474178403,false,,,165.28,121.36,345.36,120.88,394.72,262.88000000000005,115.75999999999999,263.6
21,sset_21/tracknet-stride-8,static_shuttleset_homography,52,20935,21155,220,[],,165.28,121.36,345.36,120.88,394.72,262.88000000000005,115.75999999999999,263.6,,,,,,,,,,,,,,,,0,0.0,false,,,165.28,121.36,345.36,120.88,394.72,262.88000000000005,115.75999999999999,263.6
21,sset_21/tracknet-stride-8,static_shuttleset_homography,53,21155,21441,286,[],,165.28,121.36,345.36,120.88,394.72,262.88000000000005,115.75999999999999,263.6,,,,,,,,,,,,,,,,286,1.0,true,,,165.28,121.36,345.36,120.88,394.72,262.88000000000005,115.75999999999999,263.6
21,sset_21/tracknet-stride-8,static_shuttleset_homography,54,21441,21506,65,[],,165.28,121.36,345.36,120.88,394.72,262.88000000000005,115.75999999999999,263.6,,,,,,,,,,,,,,,,4,0.06153846153846154,false,,,165.28,121.36,345.36,120.88,394.72,262.88000000000005,115.75999999999999,263.6
21,sset_21/tracknet-stride-8,static_shuttleset_homography,55,21506,21889,383,[],,165.28,121.36,345.36,120.88,394.72,262.88000000000005,115.75999999999999,263.6,,,,,,,,,,,,,,,,26,0.06788511749347259,false,,,165.28,121.36,345.36,120.88,394.72,262.88000000000005,115.75999999999999,263.6
21,sset_21/tracknet-stride-8,static_shuttleset_homography,56,21889,21999,110,[],,165.28,121.36,345.36,120.88,394.72,262.88000000000005,115.75999999999999,263.6,,,,,,,,,,,,,,,,6,0.05454545454545454,false,,,165.28,121.36,345.36,120.88,394.72,262.88000000000005,115.75999999999999,263.6
21,sset_21/tracknet-stride-8,static_shuttleset_homography,57,21999,22659,660,[],,165.28,121.36,345.36,120.88,394.72,262.88000000000005,115.75999999999999,263.6,,,,,,,,,,,,,,,,653,0.9893939393939394,true,,,165.28,121.36,345.36,120.88,394.72,262.88000000000005,115.75999999999999,263.6
21,sset_21/tracknet-stride-8,static_shuttleset_homography,58,22659,22726,67,[],,165.28,121.36,345.36,120.88,394.72,262.88000000000005,115.75999999999999,263.6,,,,,,,,,,,,,,,,2,0.029850746268656716,false,,,165.28,121.36,345.36,120.88,394.72,262.88000000000005,115.75999999999999,263.6
21,sset_21/tracknet-stride-8,static_shuttleset_homography,59,22726,22751,25,[],,165.28,121.36,345.36,120.88,394.72,262.88000000000005,115.75999999999999,263.6,,,,,,,,,,,,,,,,3,0.12,false,,,165.28,121.36,345.36,120.88,394.72,262.88000000000005,115.75999999999999,263.6
21,sset_21/tracknet-stride-8,static_shuttleset_homography,60,22751,22842,91,[],,165.28,121.36,345.36,120.88,394.72,262.88000000000005,115.75999999999999,263.6,,,,,,,,,,,,,,,,4,0.04395604395604396,false,,,165.28,121.36,345.36,120.88,394.72,262.88000000000005,115.75999999999999,263.6
21,sset_21/tracknet-stride-8,static_shuttleset_homography,61,22842,23071,229,[],,165.28,121.36,345.36,120.88,394.72,262.88000000000005,115.75999999999999,263.6,,,,,,,,,,,,,,,,20,0.08733624454148471,false,,,165.28,121.36,345.36,120.88,394.72,262.88000000000005,115.75999999999999,263.6
21,sset_21/tracknet-stride-8,static_shuttleset_homography,62,23071,23159,88,[],,165.28,121.36,345.36,120.88,394.72,262.88000000000005,115.75999999999999,263.6,,,,,,,,,,,,,,,,32,0.36363636363636365,false,,,165.28,121.36,345.36,120.88,394.72,262.88000000000005,115.75999999999999,263.6
21,sset_21/tracknet-stride-8,static_shuttleset_homography,63,23159,23617,458,[],,165.28,121.36,345.36,120.88,394.72,262.88000000000005,115.75999999999999,263.6,,,,,,,,,,,,,,,,437,0.9541484716157205,true,,,165.28,121.36,345.36,120.88,394.72,262.88000000000005,115.75999999999999,263.6
21,sset_21/tracknet-stride-8,static_shuttleset_homography,64,23617,23641,24,[],,165.28,121.36,345.36,120.88,394.72,262.88000000000005,115.75999999999999,263.6,,,,,,,,,,,,,,,,10,0.4166666666666667,false,,,165.28,121.36,345.36,120.88,394.72,262.88000000000005,115.75999999999999,263.6
21,sset_21/tracknet-stride-8,static_shuttleset_homography,65,23641,23746,105,[],,165.28,121.36,345.36,120.88,394.72,262.88000000000005,115.75999999999999,263.6,,,,,,,,,,,,,,,,98,0.9333333333333333,true,,,165.28,121.36,345.36,120.88,394.72,262.88000000000005,115.75999999999999,263.6
21,sset_21/tracknet-stride-8,static_shuttleset_homography,66,23746,23818,72,[],,165.28,121.36,345.36,120.88,394.72,262.88000000000005,115.75999999999999,263.6,,,,,,,,,,,,,,,,16,0.2222222222222222,false,,,165.28,121.36,345.36,120.88,394.72,262.88000000000005,115.75999999999999,263.6
21,sset_21/tracknet-stride-8,static_shuttleset_homography,67,23818,23833,15,[],,165.28,121.36,345.36,120.88,394.72,262.88000000000005,115.75999999999999,263.6,,,,,,,,,,,,,,,,0,0.0,false,,,165.28,121.36,345.36,120.88,394.72,262.88000000000005,115.75999999999999,263.6
21,sset_21/tracknet-stride-8,static_shuttleset_homography,68,23833,23921,88,[],,165.28,121.36,345.36,120.88,394.72,262.88000000000005,115.75999999999999,263.6,,,,,,,,,,,,,,,,4,0.045454545454545456,false,,,165.28,121.36,345.36,120.88,394.72,262.88000000000005,115.75999999999999,263.6
21,sset_21/tracknet-stride-8,static_shuttleset_homography,69,23921,23986,65,[],,165.28,121.36,345.36,120.88,394.72,262.88000000000005,115.75999999999999,263.6,,,,,,,,,,,,,,,,7,0.1076923076923077,false,,,165.28,121.36,345.36,120.88,394.72,262.88000000000005,115.75999999999999,263.6
21,sset_21/tracknet-stride-8,static_shuttleset_homography,70,23986,24042,56,[],,165.28,121.36,345.36,120.88,394.72,262.88000000000005,115.75999999999999,263.6,,,,,,,,,,,,,,,,0,0.0,false,,,165.28,121.36,345.36,120.88,394.72,262.88000000000005,115.75999999999999,263.6
21,sset_21/tracknet-stride-8,static_shuttleset_homography,71,24042,24171,129,[],,165.28,121.36,345.36,120.88,394.72,262.88000000000005,115.75999999999999,263.6,,,,,,,,,,,,,,,,20,0.15503875968992248,false,,,165.28,121.36,345.36,120.88,394.72,262.88000000000005,115.75999999999999,263.6
21,sset_21/tracknet-stride-8,static_shuttleset_homography,72,24171,24253,82,[],,165.28,121.36,345.36,120.88,394.72,262.88000000000005,115.75999999999999,263.6,,,,,,,,,,,,,,,,1,0.012195121951219513,false,,,165.28,121.36,345.36,120.88,394.72,262.88000000000005,115.75999999999999,263.6
21,sset_21/tracknet-stride-8,static_shuttleset_homography,73,24253,24317,64,[],,165.28,121.36,345.36,120.88,394.72,262.88000000000005,115.75999999999999,263.6,,,,,,,,,,,,,,,,2,0.03125,false,,,165.28,121.36,345.36,120.88,394.72,262.88000000000005,115.75999999999999,263.6
21,sset_21/tracknet-stride-8,static_shuttleset_homography,74,24317,24521,204,[],,165.28,121.36,345.36,120.88,394.72,262.88000000000005,115.75999999999999,263.6,,,,,,,,,,,,,,,,204,1.0,true,,,165.28,121.36,345.36,120.88,394.72,262.88000000000005,115.75999999999999,263.6
21,sset_21/tracknet-stride-8,static_shuttleset_homography,75,24521,24711,190,[],,165.28,121.36,345.36,120.88,394.72,262.88000000000005,115.75999999999999,263.6,,,,,,,,,,,,,,,,0,0.0,false,,,165.28,121.36,345.36,120.88,394.72,262.88000000000005,115.75999999999999,263.6
21,sset_21/tracknet-stride-8,static_shuttleset_homography,76,24711,24828,117,[],,165.28,121.36,345.36,120.88,394.72,262.88000000000005,115.75999999999999,263.6,,,,,,,,,,,,,,,,63,0.5384615384615384,true,,,165.28,121.36,345.36,120.88,394.72,262.88000000000005,115.75999999999999,263.6
21,sset_21/tracknet-stride-8,static_shuttleset_homography,77,24828,24884,56,[],,165.28,121.36,345.36,120.88,394.72,262.88000000000005,115.75999999999999,263.6,,,,,,,,,,,,,,,,3,0.05357142857142857,false,,,165.28,121.36,345.36,120.88,394.72,262.88000000000005,115.75999999999999,263.6
21,sset_21/tracknet-stride-8,static_shuttleset_homography,78,24884,25047,163,[],,165.28,121.36,345.36,120.88,394.72,262.88000000000005,115.75999999999999,263.6,,,,,,,,,,,,,,,,163,1.0,true,,,165.28,121.36,345.36,120.88,394.72,262.88000000000005,115.75999999999999,263.6
21,sset_21/tracknet-stride-8,static_shuttleset_homography,79,25047,25132,85,[],,165.28,121.36,345.36,120.88,394.72,262.88000000000005,115.75999999999999,263.6,,,,,,,,,,,,,,,,30,0.35294117647058826,false,,,165.28,121.36,345.36,120.88,394.72,262.88000000000005,115.75999999999999,263.6
21,sset_21/tracknet-stride-8,static_shuttleset_homography,80,25132,25762,630,[],,165.28,121.36,345.36,120.88,394.72,262.88000000000005,115.75999999999999,263.6,,,,,,,,,,,,,,,,406,0.6444444444444445,true,,,165.28,121.36,345.36,120.88,394.72,262.88000000000005,115.75999999999999,263.6
21,sset_21/tracknet-stride-8,static_shuttleset_homography,81,25762,25822,60,[],,165.28,121.36,345.36,120.88,394.72,262.88000000000005,115.75999999999999,263.6,,,,,,,,,,,,,,,,3,0.05,false,,,165.28,121.36,345.36,120.88,394.72,262.88000000000005,115.75999999999999,263.6
21,sset_21/tracknet-stride-8,static_shuttleset_homography,82,25822,25914,92,[],,165.28,121.36,345.36,120.88,394.72,262.88000000000005,115.75999999999999,263.6,,,,,,,,,,,,,,,,0,0.0,false,,,165.28,121.36,345.36,120.88,394.72,262.88000000000005,115.75999999999999,263.6
21,sset_21/tracknet-stride-8,static_shuttleset_homography,83,25914,26639,725,[],,165.28,121.36,345.36,120.88,394.72,262.88000000000005,115.75999999999999,263.6,,,,,,,,,,,,,,,,251,0.34620689655172415,false,,,165.28,121.36,345.36,120.88,394.72,262.88000000000005,115.75999999999999,263.6
21,sset_21/tracknet-stride-8,static_shuttleset_homography,84,26639,27006,367,[],,165.28,121.36,345.36,120.88,394.72,262.88000000000005,115.75999999999999,263.6,,,,,,,,,,,,,,,,363,0.989100817438692,true,,,165.28,121.36,345.36,120.88,394.72,262.88000000000005,115.75999999999999,263.6
21,sset_21/tracknet-stride-8,static_shuttleset_homography,85,27006,27030,24,[],,165.28,121.36,345.36,120.88,394.72,262.88000000000005,115.75999999999999,263.6,,,,,,,,,,,,,,,,0,0.0,false,,,165.28,121.36,345.36,120.88,394.72,262.88000000000005,115.75999999999999,263.6
21,sset_21/tracknet-stride-8,static_shuttleset_homography,86,27030,27103,73,[],,165.28,121.36,345.36,120.88,394.72,262.88000000000005,115.75999999999999,263.6,,,,,,,,,,,,,,,,10,0.136986301369863,false,,,165.28,121.36,345.36,120.88,394.72,262.88000000000005,115.75999999999999,263.6
21,sset_21/tracknet-stride-8,static_shuttleset_homography,87,27103,27465,362,[],,165.28,121.36,345.36,120.88,394.72,262.88000000000005,115.75999999999999,263.6,,,,,,,,,,,,,,,,0,0.0,false,,,165.28,121.36,345.36,120.88,394.72,262.88000000000005,115.75999999999999,263.6
21,sset_21/tracknet-stride-8,static_shuttleset_homography,88,27465,27959,494,[],,165.28,121.36,345.36,120.88,394.72,262.88000000000005,115.75999999999999,263.6,,,,,,,,,,,,,,,,493,0.9979757085020243,true,,,165.28,121.36,345.36,120.88,394.72,262.88000000000005,115.75999999999999,263.6
21,sset_21/tracknet-stride-8,static_shuttleset_homography,89,27959,27981,22,[],,165.28,121.36,345.36,120.88,394.72,262.88000000000005,115.75999999999999,263.6,,,,,,,,,,,,,,,,0,0.0,false,,,165.28,121.36,345.36,120.88,394.72,262.88000000000005,115.75999999999999,263.6
21,sset_21/tracknet-stride-8,static_shuttleset_homography,90,27981,28109,128,[],,165.28,121.36,345.36,120.88,394.72,262.88000000000005,115.75999999999999,263.6,,,,,,,,,,,,,,,,2,0.015625,false,,,165.28,121.36,345.36,120.88,394.72,262.88000000000005,115.75999999999999,263.6
21,sset_21/tracknet-stride-8,static_shuttleset_homography,91,28109,28638,529,[],,165.28,121.36,345.36,120.88,394.72,262.88000000000005,115.75999999999999,263.6,,,,,,,,,,,,,,,,134,0.2533081285444234,false,,,165.28,121.36,345.36,120.88,394.72,262.88000000000005,115.75999999999999,263.6
21,sset_21/tracknet-stride-8,static_shuttleset_homography,92,28638,29970,1332,[],,165.28,121.36,345.36,120.88,394.72,262.88000000000005,115.75999999999999,263.6,,,,,,,,,,,,,,,,191,0.14339339339339338,false,,,165.28,121.36,345.36,120.88,394.72,262.88000000000005,115.75999999999999,263.6
21,sset_21/tracknet-stride-8,static_shuttleset_homography,93,29970,30751,781,[],,165.28,121.36,345.36,120.88,394.72,262.88000000000005,115.75999999999999,263.6,,,,,,,,,,,,,,,,779,0.9974391805377721,true,,,165.28,121.36,345.36,120.88,394.72,262.88000000000005,115.75999999999999,263.6
21,sset_21/tracknet-stride-8,static_shuttleset_homography,94,30751,30861,110,[],,165.28,121.36,345.36,120.88,394.72,262.88000000000005,115.75999999999999,263.6,,,,,,,,,,,,,,,,0,0.0,false,,,165.28,121.36,345.36,120.88,394.72,262.88000000000005,115.75999999999999,263.6
21,sset_21/tracknet-stride-8,static_shuttleset_homography,95,30861,31127,266,[],,165.28,121.36,345.36,120.88,394.72,262.88000000000005,115.75999999999999,263.6,,,,,,,,,,,,,,,,35,0.13157894736842105,false,,,165.28,121.36,345.36,120.88,394.72,262.88000000000005,115.75999999999999,263.6
21,sset_21/tracknet-stride-8,static_shuttleset_homography,96,31127,31176,49,[],,165.28,121.36,345.36,120.88,394.72,262.88000000000005,115.75999999999999,263.6,,,,,,,,,,,,,,,,8,0.16326530612244897,false,,,165.28,121.36,345.36,120.88,394.72,262.88000000000005,115.75999999999999,263.6
21,sset_21/tracknet-stride-8,static_shuttleset_homography,97,31176,31200,24,[],,165.28,121.36,345.36,120.88,394.72,262.88000000000005,115.75999999999999,263.6,,,,,,,,,,,,,,,,6,0.25,false,,,165.28,121.36,345.36,120.88,394.72,262.88000000000005,115.75999999999999,263.6
21,sset_21/tracknet-stride-8,static_shuttleset_homography,98,31200,31229,29,[],,165.28,121.36,345.36,120.88,394.72,262.88000000000005,115.75999999999999,263.6,,,,,,,,,,,,,,,,0,0.0,false,,,165.28,121.36,345.36,120.88,394.72,262.88000000000005,115.75999999999999,263.6
21,sset_21/tracknet-stride-8,static_shuttleset_homography,99,31229,31249,20,[],,165.28,121.36,345.36,120.88,394.72,262.88000000000005,115.75999999999999,263.6,,,,,,,,,,,,,,,,15,0.75,true,,,165.28,121.36,345.36,120.88,394.72,262.88000000000005,115.75999999999999,263.6
21,sset_21/tracknet-stride-8,static_shuttleset_homography,100,31249,31352,103,[],,165.28,121.36,345.36,120.88,394.72,262.88000000000005,115.75999999999999,263.6,,,,,,,,,,,,,,,,13,0.1262135922330097,false,,,165.28,121.36,345.36,120.88,394.72,262.88000000000005,115.75999999999999,263.6
21,sset_21/tracknet-stride-8,static_shuttleset_homography,101,31352,31456,104,[],,165.28,121.36,345.36,120.88,394.72,262.88000000000005,115.75999999999999,263.6,,,,,,,,,,,,,,,,0,0.0,false,,,165.28,121.36,345.36,120.88,394.72,262.88000000000005,115.75999999999999,263.6
21,sset_21/tracknet-stride-8,static_shuttleset_homography,102,31456,31583,127,[],,165.28,121.36,345.36,120.88,394.72,262.88000000000005,115.75999999999999,263.6,,,,,,,,,,,,,,,,127,1.0,true,,,165.28,121.36,345.36,120.88,394.72,262.88000000000005,115.75999999999999,263.6
21,sset_21/tracknet-stride-8,static_shuttleset_homography,103,31583,31797,214,[],,165.28,121.36,345.36,120.88,394.72,262.88000000000005,115.75999999999999,263.6,,,,,,,,,,,,,,,,0,0.0,false,,,165.28,121.36,345.36,120.88,394.72,262.88000000000005,115.75999999999999,263.6
21,sset_21/tracknet-stride-8,static_shuttleset_homography,104,31797,31904,107,[],,165.28,121.36,345.36,120.88,394.72,262.88000000000005,115.75999999999999,263.6,,,,,,,,,,,,,,,,2,0.018691588785046728,false,,,165.28,121.36,345.36,120.88,394.72,262.88000000000005,115.75999999999999,263.6
21,sset_21/tracknet-stride-8,static_shuttleset_homography,105,31904,32269,365,[],,165.28,121.36,345.36,120.88,394.72,262.88000000000005,115.75999999999999,263.6,,,,,,,,,,,,,,,,361,0.989041095890411,true,,,165.28,121.36,345.36,120.88,394.72,262.88000000000005,115.75999999999999,263.6
21,sset_21/tracknet-stride-8,static_shuttleset_homography,106,32269,32331,62,[],,165.28,121.36,345.36,120.88,394.72,262.88000000000005,115.75999999999999,263.6,,,,,,,,,,,,,,,,0,0.0,false,,,165.28,121.36,345.36,120.88,394.72,262.88000000000005,115.75999999999999,263.6
21,sset_21/tracknet-stride-8,static_shuttleset_homography,107,32331,32425,94,[],,165.28,121.36,345.36,120.88,394.72,262.88000000000005,115.75999999999999,263.6,,,,,,,,,,,,,,,,0,0.0,false,,,165.28,121.36,345.36,120.88,394.72,262.88000000000005,115.75999999999999,263.6
21,sset_21/tracknet-stride-8,static_shuttleset_homography,108,32425,32800,375,[],,165.28,121.36,345.36,120.88,394.72,262.88000000000005,115.75999999999999,263.6,,,,,,,,,,,,,,,,138,0.368,false,,,165.28,121.36,345.36,120.88,394.72,262.88000000000005,115.75999999999999,263.6
21,sset_21/tracknet-stride-8,static_shuttleset_homography,109,32800,33946,1146,[],,165.28,121.36,345.36,120.88,394.72,262.88000000000005,115.75999999999999,263.6,,,,,,,,,,,,,,,,1137,0.9921465968586387,true,,,165.28,121.36,345.36,120.88,394.72,262.88000000000005,115.75999999999999,263.6
21,sset_21/tracknet-stride-8,static_shuttleset_homography,110,33946,34158,212,[],,165.28,121.36,345.36,120.88,394.72,262.88000000000005,115.75999999999999,263.6,,,,,,,,,,,,,,,,20,0.09433962264150944,false,,,165.28,121.36,345.36,120.88,394.72,262.88000000000005,115.75999999999999,263.6
21,sset_21/tracknet-stride-8,static_shuttleset_homography,111,34158,34439,281,[],,165.28,121.36,345.36,120.88,394.72,262.88000000000005,115.75999999999999,263.6,,,,,,,,,,,,,,,,94,0.33451957295373663,false,,,165.28,121.36,345.36,120.88,394.72,262.88000000000005,115.75999999999999,263.6
21,sset_21/tracknet-stride-8,static_shuttleset_homography,112,34439,35273,834,[],,165.28,121.36,345.36,120.88,394.72,262.88000000000005,115.75999999999999,263.6,,,,,,,,,,,,,,,,834,1.0,true,,,165.28,121.36,345.36,120.88,394.72,262.88000000000005,115.75999999999999,263.6
21,sset_21/tracknet-stride-8,static_shuttleset_homography,113,35273,35383,110,[],,165.28,121.36,345.36,120.88,394.72,262.88000000000005,115.75999999999999,263.6,,,,,,,,,,,,,,,,18,0.16363636363636364,false,,,165.28,121.36,345.36,120.88,394.72,262.88000000000005,115.75999999999999,263.6
21,sset_21/tracknet-stride-8,static_shuttleset_homography,114,35383,35518,135,[],,165.28,121.36,345.36,120.88,394.72,262.88000000000005,115.75999999999999,263.6,,,,,,,,,,,,,,,,17,0.1259259259259259,false,,,165.28,121.36,345.36,120.88,394.72,262.88000000000005,115.75999999999999,263.6
21,sset_21/tracknet-stride-8,static_shuttleset_homography,115,35518,35590,72,[],,165.28,121.36,345.36,120.88,394.72,262.88000000000005,115.75999999999999,263.6,,,,,,,,,,,,,,,,0,0.0,false,,,165.28,121.36,345.36,120.88,394.72,262.88000000000005,115.75999999999999,263.6
21,sset_21/tracknet-stride-8,static_shuttleset_homography,116,35590,35897,307,[],,165.28,121.36,345.36,120.88,394.72,262.88000000000005,115.75999999999999,263.6,,,,,,,,,,,,,,,,0,0.0,false,,,165.28,121.36,345.36,120.88,394.72,262.88000000000005,115.75999999999999,263.6
21,sset_21/tracknet-stride-8,static_shuttleset_homography,117,35897,36214,317,[],,165.28,121.36,345.36,120.88,394.72,262.88000000000005,115.75999999999999,263.6,,,,,,,,,,,,,,,,38,0.11987381703470032,false,,,165.28,121.36,345.36,120.88,394.72,262.88000000000005,115.75999999999999,263.6
21,sset_21/tracknet-stride-8,static_shuttleset_homography,118,36214,36701,487,[],,165.28,121.36,345.36,120.88,394.72,262.88000000000005,115.75999999999999,263.6,,,,,,,,,,,,,,,,46,0.0944558521560575,false,,,165.28,121.36,345.36,120.88,394.72,262.88000000000005,115.75999999999999,263.6
21,sset_21/tracknet-stride-8,static_shuttleset_homography,119,36701,36865,164,[],,165.28,121.36,345.36,120.88,394.72,262.88000000000005,115.75999999999999,263.6,,,,,,,,,,,,,,,,0,0.0,false,,,165.28,121.36,345.36,120.88,394.72,262.88000000000005,115.75999999999999,263.6
21,sset_21/tracknet-stride-8,static_shuttleset_homography,120,36865,36973,108,[],,165.28,121.36,345.36,120.88,394.72,262.88000000000005,115.75999999999999,263.6,,,,,,,,,,,,,,,,0,0.0,false,,,165.28,121.36,345.36,120.88,394.72,262.88000000000005,115.75999999999999,263.6
21,sset_21/tracknet-stride-8,static_shuttleset_homography,121,36973,37331,358,[],,165.28,121.36,345.36,120.88,394.72,262.88000000000005,115.75999999999999,263.6,,,,,,,,,,,,,,,,0,0.0,false,,,165.28,121.36,345.36,120.88,394.72,262.88000000000005,115.75999999999999,263.6
21,sset_21/tracknet-stride-8,static_shuttleset_homography,122,37331,37932,601,[],,165.28,121.36,345.36,120.88,394.72,262.88000000000005,115.75999999999999,263.6,,,,,,,,,,,,,,,,564,0.9384359400998337,true,,,165.28,121.36,345.36,120.88,394.72,262.88000000000005,115.75999999999999,263.6
21,sset_21/tracknet-stride-8,static_shuttleset_homography,123,37932,38136,204,[],,165.28,121.36,345.36,120.88,394.72,262.88000000000005,115.75999999999999,263.6,,,,,,,,,,,,,,,,41,0.20098039215686275,false,,,165.28,121.36,345.36,120.88,394.72,262.88000000000005,115.75999999999999,263.6
21,sset_21/tracknet-stride-8,static_shuttleset_homography,124,38136,38317,181,[],,165.28,121.36,345.36,120.88,394.72,262.88000000000005,115.75999999999999,263.6,,,,,,,,,,,,,,,,0,0.0,false,,,165.28,121.36,345.36,120.88,394.72,262.88000000000005,115.75999999999999,263.6
21,sset_21/tracknet-stride-8,static_shuttleset_homography,125,38317,38385,68,[],,165.28,121.36,345.36,120.88,394.72,262.88000000000005,115.75999999999999,263.6,,,,,,,,,,,,,,,,0,0.0,false,,,165.28,121.36,345.36,120.88,394.72,262.88000000000005,115.75999999999999,263.6
21,sset_21/tracknet-stride-8,static_shuttleset_homography,126,38385,38710,325,[],,165.28,121.36,345.36,120.88,394.72,262.88000000000005,115.75999999999999,263.6,,,,,,,,,,,,,,,,319,0.9815384615384616,true,,,165.28,121.36,345.36,120.88,394.72,262.88000000000005,115.75999999999999,263.6
21,sset_21/tracknet-stride-8,static_shuttleset_homography,127,38710,38734,24,[],,165.28,121.36,345.36,120.88,394.72,262.88000000000005,115.75999999999999,263.6,,,,,,,,,,,,,,,,0,0.0,false,,,165.28,121.36,345.36,120.88,394.72,262.88000000000005,115.75999999999999,263.6
21,sset_21/tracknet-stride-8,static_shuttleset_homography,128,38734,38771,37,[],,165.28,121.36,345.36,120.88,394.72,262.88000000000005,115.75999999999999,263.6,,,,,,,,,,,,,,,,3,0.08108108108108109,false,,,165.28,121.36,345.36,120.88,394.72,262.88000000000005,115.75999999999999,263.6
21,sset_21/tracknet-stride-8,static_shuttleset_homography,129,38771,38802,31,[],,165.28,121.36,345.36,120.88,394.72,262.88000000000005,115.75999999999999,263.6,,,,,,,,,,,,,,,,0,0.0,false,,,165.28,121.36,345.36,120.88,394.72,262.88000000000005,115.75999999999999,263.6
21,sset_21/tracknet-stride-8,static_shuttleset_homography,130,38802,38825,23,[],,165.28,121.36,345.36,120.88,394.72,262.88000000000005,115.75999999999999,263.6,,,,,,,,,,,,,,,,4,0.17391304347826086,false,,,165.28,121.36,345.36,120.88,394.72,262.88000000000005,115.75999999999999,263.6
21,sset_21/tracknet-stride-8,static_shuttleset_homography,131,38825,38955,130,[],,165.28,121.36,345.36,120.88,394.72,262.88000000000005,115.75999999999999,263.6,,,,,,,,,,,,,,,,0,0.0,false,,,165.28,121.36,345.36,120.88,394.72,262.88000000000005,115.75999999999999,263.6
21,sset_21/tracknet-stride-8,static_shuttleset_homography,132,38955,39239,284,[],,165.28,121.36,345.36,120.88,394.72,262.88000000000005,115.75999999999999,263.6,,,,,,,,,,,,,,,,23,0.08098591549295775,false,,,165.28,121.36,345.36,120.88,394.72,262.88000000000005,115.75999999999999,263.6
21,sset_21/tracknet-stride-8,static_shuttleset_homography,133,39239,39382,143,[],,165.28,121.36,345.36,120.88,394.72,262.88000000000005,115.75999999999999,263.6,,,,,,,,,,,,,,,,0,0.0,false,,,165.28,121.36,345.36,120.88,394.72,262.88000000000005,115.75999999999999,263.6
21,sset_21/tracknet-stride-8,static_shuttleset_homography,134,39382,39790,408,[],,165.28,121.36,345.36,120.88,394.72,262.88000000000005,115.75999999999999,263.6,,,,,,,,,,,,,,,,408,1.0,true,,,165.28,121.36,345.36,120.88,394.72,262.88000000000005,115.75999999999999,263.6
21,sset_21/tracknet-stride-8,static_shuttleset_homography,135,39790,39898,108,[],,165.28,121.36,345.36,120.88,394.72,262.88000000000005,115.75999999999999,263.6,,,,,,,,,,,,,,,,20,0.18518518518518517,false,,,165.28,121.36,345.36,120.88,394.72,262.88000000000005,115.75999999999999,263.6
21,sset_21/tracknet-stride-8,static_shuttleset_homography,136,39898,40145,247,[],,165.28,121.36,345.36,120.88,394.72,262.88000000000005,115.75999999999999,263.6,,,,,,,,,,,,,,,,17,0.06882591093117409,false,,,165.28,121.36,345.36,120.88,394.72,262.88000000000005,115.75999999999999,263.6
21,sset_21/tracknet-stride-8,static_shuttleset_homography,137,40145,40285,140,[],,165.28,121.36,345.36,120.88,394.72,262.88000000000005,115.75999999999999,263.6,,,,,,,,,,,,,,,,0,0.0,false,,,165.28,121.36,345.36,120.88,394.72,262.88000000000005,115.75999999999999,263.6
21,sset_21/tracknet-stride-8,static_shuttleset_homography,138,40285,40465,180,[],,165.28,121.36,345.36,120.88,394.72,262.88000000000005,115.75999999999999,263.6,,,,,,,,,,,,,,,,177,0.9833333333333333,true,,,165.28,121.36,345.36,120.88,394.72,262.88000000000005,115.75999999999999,263.6
21,sset_21/tracknet-stride-8,static_shuttleset_homography,139,40465,40528,63,[],,165.28,121.36,345.36,120.88,394.72,262.88000000000005,115.75999999999999,263.6,,,,,,,,,,,,,,,,0,0.0,false,,,165.28,121.36,345.36,120.88,394.72,262.88000000000005,115.75999999999999,263.6
21,sset_21/tracknet-stride-8,static_shuttleset_homography,140,40528,40566,38,[],,165.28,121.36,345.36,120.88,394.72,262.88000000000005,115.75999999999999,263.6,,,,,,,,,,,,,,,,0,0.0,false,,,165.28,121.36,345.36,120.88,394.72,262.88000000000005,115.75999999999999,263.6
21,sset_21/tracknet-stride-8,static_shuttleset_homography,141,40566,40638,72,[],,165.28,121.36,345.36,120.88,394.72,262.88000000000005,115.75999999999999,263.6,,,,,,,,,,,,,,,,0,0.0,false,,,165.28,121.36,345.36,120.88,394.72,262.88000000000005,115.75999999999999,263.6
21,sset_21/tracknet-stride-8,static_shuttleset_homography,142,40638,40818,180,[],,165.28,121.36,345.36,120.88,394.72,262.88000000000005,115.75999999999999,263.6,,,,,,,,,,,,,,,,0,0.0,false,,,165.28,121.36,345.36,120.88,394.72,262.88000000000005,115.75999999999999,263.6
21,sset_21/tracknet-stride-8,static_shuttleset_homography,143,40818,40979,161,[],,165.28,121.36,345.36,120.88,394.72,262.88000000000005,115.75999999999999,263.6,,,,,,,,,,,,,,,,0,0.0,false,,,165.28,121.36,345.36,120.88,394.72,262.88000000000005,115.75999999999999,263.6
21,sset_21/tracknet-stride-8,static_shuttleset_homography,144,40979,41290,311,[],,165.28,121.36,345.36,120.88,394.72,262.88000000000005,115.75999999999999,263.6,,,,,,,,,,,,,,,,307,0.9871382636655949,true,,,165.28,121.36,345.36,120.88,394.72,262.88000000000005,115.75999999999999,263.6
21,sset_21/tracknet-stride-8,static_shuttleset_homography,145,41290,41399,109,[],,165.28,121.36,345.36,120.88,394.72,262.88000000000005,115.75999999999999,263.6,,,,,,,,,,,,,,,,13,0.11926605504587157,false,,,165.28,121.36,345.36,120.88,394.72,262.88000000000005,115.75999999999999,263.6
21,sset_21/tracknet-stride-8,static_shuttleset_homography,146,41399,41416,17,[],,165.28,121.36,345.36,120.88,394.72,262.88000000000005,115.75999999999999,263.6,,,,,,,,,,,,,,,,0,0.0,false,,,165.28,121.36,345.36,120.88,394.72,262.88000000000005,115.75999999999999,263.6
21,sset_21/tracknet-stride-8,static_shuttleset_homography,147,41416,42423,1007,[],,165.28,121.36,345.36,120.88,394.72,262.88000000000005,115.75999999999999,263.6,,,,,,,,,,,,,,,,681,0.676266137040715,true,,,165.28,121.36,345.36,120.88,394.72,262.88000000000005,115.75999999999999,263.6
21,sset_21/tracknet-stride-8,static_shuttleset_homography,148,42423,42484,61,[],,165.28,121.36,345.36,120.88,394.72,262.88000000000005,115.75999999999999,263.6,,,,,,,,,,,,,,,,33,0.5409836065573771,true,,,165.28,121.36,345.36,120.88,394.72,262.88000000000005,115.75999999999999,263.6
21,sset_21/tracknet-stride-8,static_shuttleset_homography,149,42484,42508,24,[],,165.28,121.36,345.36,120.88,394.72,262.88000000000005,115.75999999999999,263.6,,,,,,,,,,,,,,,,3,0.125,false,,,165.28,121.36,345.36,120.88,394.72,262.88000000000005,115.75999999999999,263.6
21,sset_21/tracknet-stride-8,static_shuttleset_homography,150,42508,42787,279,[],,165.28,121.36,345.36,120.88,394.72,262.88000000000005,115.75999999999999,263.6,,,,,,,,,,,,,,,,8,0.02867383512544803,false,,,165.28,121.36,345.36,120.88,394.72,262.88000000000005,115.75999999999999,263.6
21,sset_21/tracknet-stride-8,static_shuttleset_homography,151,42787,42882,95,[],,165.28,121.36,345.36,120.88,394.72,262.88000000000005,115.75999999999999,263.6,,,,,,,,,,,,,,,,28,0.29473684210526313,false,,,165.28,121.36,345.36,120.88,394.72,262.88000000000005,115.75999999999999,263.6
21,sset_21/tracknet-stride-8,static_shuttleset_homography,152,42882,42988,106,[],,165.28,121.36,345.36,120.88,394.72,262.88000000000005,115.75999999999999,263.6,,,,,,,,,,,,,,,,49,0.46226415094339623,false,,,165.28,121.36,345.36,120.88,394.72,262.88000000000005,115.75999999999999,263.6
21,sset_21/tracknet-stride-8,static_shuttleset_homography,153,42988,43307,319,[],,165.28,121.36,345.36,120.88,394.72,262.88000000000005,115.75999999999999,263.6,,,,,,,,,,,,,,,,316,0.9905956112852664,true,,,165.28,121.36,345.36,120.88,394.72,262.88000000000005,115.75999999999999,263.6
21,sset_21/tracknet-stride-8,static_shuttleset_homography,154,43307,43383,76,[],,165.28,121.36,345.36,120.88,394.72,262.88000000000005,115.75999999999999,263.6,,,,,,,,,,,,,,,,3,0.039473684210526314,false,,,165.28,121.36,345.36,120.88,394.72,262.88000000000005,115.75999999999999,263.6
21,sset_21/tracknet-stride-8,static_shuttleset_homography,155,43383,43419,36,[],,165.28,121.36,345.36,120.88,394.72,262.88000000000005,115.75999999999999,263.6,,,,,,,,,,,,,,,,2,0.05555555555555555,false,,,165.28,121.36,345.36,120.88,394.72,262.88000000000005,115.75999999999999,263.6
21,sset_21/tracknet-stride-8,static_shuttleset_homography,156,43419,43440,21,[],,165.28,121.36,345.36,120.88,394.72,262.88000000000005,115.75999999999999,263.6,,,,,,,,,,,,,,,,12,0.5714285714285714,true,,,165.28,121.36,345.36,120.88,394.72,262.88000000000005,115.75999999999999,263.6
21,sset_21/tracknet-stride-8,static_shuttleset_homography,157,43440,43477,37,[],,165.28,121.36,345.36,120.88,394.72,262.88000000000005,115.75999999999999,263.6,,,,,,,,,,,,,,,,0,0.0,false,,,165.28,121.36,345.36,120.88,394.72,262.88000000000005,115.75999999999999,263.6
21,sset_21/tracknet-stride-8,static_shuttleset_homography,158,43477,43944,467,[],,165.28,121.36,345.36,120.88,394.72,262.88000000000005,115.75999999999999,263.6,,,,,,,,,,,,,,,,26,0.055674518201284794,false,,,165.28,121.36,345.36,120.88,394.72,262.88000000000005,115.75999999999999,263.6
21,sset_21/tracknet-stride-8,static_shuttleset_homography,159,43944,44214,270,[],,165.28,121.36,345.36,120.88,394.72,262.88000000000005,115.75999999999999,263.6,,,,,,,,,,,,,,,,2,0.007407407407407408,false,,,165.28,121.36,345.36,120.88,394.72,262.88000000000005,115.75999999999999,263.6
21,sset_21/tracknet-stride-8,static_shuttleset_homography,160,44214,44610,396,[],,165.28,121.36,345.36,120.88,394.72,262.88000000000005,115.75999999999999,263.6,,,,,,,,,,,,,,,,0,0.0,false,,,165.28,121.36,345.36,120.88,394.72,262.88000000000005,115.75999999999999,263.6
21,sset_21/tracknet-stride-8,static_shuttleset_homography,161,44610,44825,215,[],,165.28,121.36,345.36,120.88,394.72,262.88000000000005,115.75999999999999,263.6,,,,,,,,,,,,,,,,215,1.0,true,,,165.28,121.36,345.36,120.88,394.72,262.88000000000005,115.75999999999999,263.6
21,sset_21/tracknet-stride-8,static_shuttleset_homography,162,44825,44927,102,[],,165.28,121.36,345.36,120.88,394.72,262.88000000000005,115.75999999999999,263.6,,,,,,,,,,,,,,,,2,0.0196078431372549,false,,,165.28,121.36,345.36,120.88,394.72,262.88000000000005,115.75999999999999,263.6
21,sset_21/tracknet-stride-8,static_shuttleset_homography,163,44927,44950,23,[],,165.28,121.36,345.36,120.88,394.72,262.88000000000005,115.75999999999999,263.6,,,,,,,,,,,,,,,,0,0.0,false,,,165.28,121.36,345.36,120.88,394.72,262.88000000000005,115.75999999999999,263.6
21,sset_21/tracknet-stride-8,static_shuttleset_homography,164,44950,45780,830,[],,165.28,121.36,345.36,120.88,394.72,262.88000000000005,115.75999999999999,263.6,,,,,,,,,,,,,,,,643,0.7746987951807229,true,,,165.28,121.36,345.36,120.88,394.72,262.88000000000005,115.75999999999999,263.6
21,sset_21/tracknet-stride-8,static_shuttleset_homography,165,45780,45859,79,[],,165.28,121.36,345.36,120.88,394.72,262.88000000000005,115.75999999999999,263.6,,,,,,,,,,,,,,,,3,0.0379746835443038,false,,,165.28,121.36,345.36,120.88,394.72,262.88000000000005,115.75999999999999,263.6
21,sset_21/tracknet-stride-8,static_shuttleset_homography,166,45859,45939,80,[],,165.28,121.36,345.36,120.88,394.72,262.88000000000005,115.75999999999999,263.6,,,,,,,,,,,,,,,,7,0.0875,false,,,165.28,121.36,345.36,120.88,394.72,262.88000000000005,115.75999999999999,263.6
21,sset_21/tracknet-stride-8,static_shuttleset_homography,167,45939,45983,44,[],,165.28,121.36,345.36,120.88,394.72,262.88000000000005,115.75999999999999,263.6,,,,,,,,,,,,,,,,24,0.5454545454545454,true,,,165.28,121.36,345.36,120.88,394.72,262.88000000000005,115.75999999999999,263.6
21,sset_21/tracknet-stride-8,static_shuttleset_homography,168,45983,46005,22,[],,165.28,121.36,345.36,120.88,394.72,262.88000000000005,115.75999999999999,263.6,,,,,,,,,,,,,,,,0,0.0,false,,,165.28,121.36,345.36,120.88,394.72,262.88000000000005,115.75999999999999,263.6
21,sset_21/tracknet-stride-8,static_shuttleset_homography,169,46005,46021,16,[],,165.28,121.36,345.36,120.88,394.72,262.88000000000005,115.75999999999999,263.6,,,,,,,,,,,,,,,,4,0.25,false,,,165.28,121.36,345.36,120.88,394.72,262.88000000000005,115.75999999999999,263.6
21,sset_21/tracknet-stride-8,static_shuttleset_homography,170,46021,46084,63,[],,165.28,121.36,345.36,120.88,394.72,262.88000000000005,115.75999999999999,263.6,,,,,,,,,,,,,,,,33,0.5238095238095238,true,,,165.28,121.36,345.36,120.88,394.72,262.88000000000005,115.75999999999999,263.6
21,sset_21/tracknet-stride-8,static_shuttleset_homography,171,46084,46104,20,[],,165.28,121.36,345.36,120.88,394.72,262.88000000000005,115.75999999999999,263.6,,,,,,,,,,,,,,,,10,0.5,true,,,165.28,121.36,345.36,120.88,394.72,262.88000000000005,115.75999999999999,263.6
21,sset_21/tracknet-stride-8,static_shuttleset_homography,172,46104,46228,124,[],,165.28,121.36,345.36,120.88,394.72,262.88000000000005,115.75999999999999,263.6,,,,,,,,,,,,,,,,2,0.016129032258064516,false,,,165.28,121.36,345.36,120.88,394.72,262.88000000000005,115.75999999999999,263.6
21,sset_21/tracknet-stride-8,static_shuttleset_homography,173,46228,46403,175,[],,165.28,121.36,345.36,120.88,394.72,262.88000000000005,115.75999999999999,263.6,,,,,,,,,,,,,,,,0,0.0,false,,,165.28,121.36,345.36,120.88,394.72,262.88000000000005,115.75999999999999,263.6
21,sset_21/tracknet-stride-8,static_shuttleset_homography,174,46403,46719,316,[],,165.28,121.36,345.36,120.88,394.72,262.88000000000005,115.75999999999999,263.6,,,,,,,,,,,,,,,,315,0.9968354430379747,true,,,165.28,121.36,345.36,120.88,394.72,262.88000000000005,115.75999999999999,263.6
21,sset_21/tracknet-stride-8,static_shuttleset_homography,175,46719,46843,124,[],,165.28,121.36,345.36,120.88,394.72,262.88000000000005,115.75999999999999,263.6,,,,,,,,,,,,,,,,0,0.0,false,,,165.28,121.36,345.36,120.88,394.72,262.88000000000005,115.75999999999999,263.6
21,sset_21/tracknet-stride-8,static_shuttleset_homography,176,46843,46877,34,[],,165.28,121.36,345.36,120.88,394.72,262.88000000000005,115.75999999999999,263.6,,,,,,,,,,,,,,,,2,0.058823529411764705,false,,,165.28,121.36,345.36,120.88,394.72,262.88000000000005,115.75999999999999,263.6
21,sset_21/tracknet-stride-8,static_shuttleset_homography,177,46877,46900,23,[],,165.28,121.36,345.36,120.88,394.72,262.88000000000005,115.75999999999999,263.6,,,,,,,,,,,,,,,,1,0.043478260869565216,false,,,165.28,121.36,345.36,120.88,394.72,262.88000000000005,115.75999999999999,263.6
21,sset_21/tracknet-stride-8,static_shuttleset_homography,178,46900,46967,67,[],,165.28,121.36,345.36,120.88,394.72,262.88000000000005,115.75999999999999,263.6,,,,,,,,,,,,,,,,0,0.0,false,,,165.28,121.36,345.36,120.88,394.72,262.88000000000005,115.75999999999999,263.6
21,sset_21/tracknet-stride-8,static_shuttleset_homography,179,46967,47238,271,[],,165.28,121.36,345.36,120.88,394.72,262.88000000000005,115.75999999999999,263.6,,,,,,,,,,,,,,,,79,0.2915129151291513,false,,,165.28,121.36,345.36,120.88,394.72,262.88000000000005,115.75999999999999,263.6
21,sset_21/tracknet-stride-8,static_shuttleset_homography,180,47238,47628,390,[],,165.28,121.36,345.36,120.88,394.72,262.88000000000005,115.75999999999999,263.6,,,,,,,,,,,,,,,,336,0.8615384615384616,true,,,165.28,121.36,345.36,120.88,394.72,262.88000000000005,115.75999999999999,263.6
21,sset_21/tracknet-stride-8,static_shuttleset_homography,181,47628,47772,144,[],,165.28,121.36,345.36,120.88,394.72,262.88000000000005,115.75999999999999,263.6,,,,,,,,,,,,,,,,13,0.09027777777777778,false,,,165.28,121.36,345.36,120.88,394.72,262.88000000000005,115.75999999999999,263.6
21,sset_21/tracknet-stride-8,static_shuttleset_homography,182,47772,48004,232,[],,165.28,121.36,345.36,120.88,394.72,262.88000000000005,115.75999999999999,263.6,,,,,,,,,,,,,,,,4,0.017241379310344827,false,,,165.28,121.36,345.36,120.88,394.72,262.88000000000005,115.75999999999999,263.6
21,sset_21/tracknet-stride-8,static_shuttleset_homography,183,48004,48186,182,[],,165.28,121.36,345.36,120.88,394.72,262.88000000000005,115.75999999999999,263.6,,,,,,,,,,,,,,,,0,0.0,false,,,165.28,121.36,345.36,120.88,394.72,262.88000000000005,115.75999999999999,263.6
21,sset_21/tracknet-stride-8,static_shuttleset_homography,184,48186,48671,485,[],,165.28,121.36,345.36,120.88,394.72,262.88000000000005,115.75999999999999,263.6,,,,,,,,,,,,,,,,345,0.711340206185567,true,,,165.28,121.36,345.36,120.88,394.72,262.88000000000005,115.75999999999999,263.6
21,sset_21/tracknet-stride-8,static_shuttleset_homography,185,48671,48761,90,[],,165.28,121.36,345.36,120.88,394.72,262.88000000000005,115.75999999999999,263.6,,,,,,,,,,,,,,,,0,0.0,false,,,165.28,121.36,345.36,120.88,394.72,262.88000000000005,115.75999999999999,263.6
21,sset_21/tracknet-stride-8,static_shuttleset_homography,186,48761,48822,61,[],,165.28,121.36,345.36,120.88,394.72,262.88000000000005,115.75999999999999,263.6,,,,,,,,,,,,,,,,0,0.0,false,,,165.28,121.36,345.36,120.88,394.72,262.88000000000005,115.75999999999999,263.6
21,sset_21/tracknet-stride-8,static_shuttleset_homography,187,48822,49149,327,[],,165.28,121.36,345.36,120.88,394.72,262.88000000000005,115.75999999999999,263.6,,,,,,,,,,,,,,,,4,0.012232415902140673,false,,,165.28,121.36,345.36,120.88,394.72,262.88000000000005,115.75999999999999,263.6
21,sset_21/tracknet-stride-8,static_shuttleset_homography,188,49149,49183,34,[],,165.28,121.36,345.36,120.88,394.72,262.88000000000005,115.75999999999999,263.6,,,,,,,,,,,,,,,,4,0.11764705882352941,false,,,165.28,121.36,345.36,120.88,394.72,262.88000000000005,115.75999999999999,263.6
21,sset_21/tracknet-stride-8,static_shuttleset_homography,189,49183,49261,78,[],,165.28,121.36,345.36,120.88,394.72,262.88000000000005,115.75999999999999,263.6,,,,,,,,,,,,,,,,14,0.1794871794871795,false,,,165.28,121.36,345.36,120.88,394.72,262.88000000000005,115.75999999999999,263.6
21,sset_21/tracknet-stride-8,static_shuttleset_homography,190,49261,49296,35,[],,165.28,121.36,345.36,120.88,394.72,262.88000000000005,115.75999999999999,263.6,,,,,,,,,,,,,,,,19,0.5428571428571428,true,,,165.28,121.36,345.36,120.88,394.72,262.88000000000005,115.75999999999999,263.6
21,sset_21/tracknet-stride-8,static_shuttleset_homography,191,49296,49631,335,[],,165.28,121.36,345.36,120.88,394.72,262.88000000000005,115.75999999999999,263.6,,,,,,,,,,,,,,,,323,0.9641791044776119,true,,,165.28,121.36,345.36,120.88,394.72,262.88000000000005,115.75999999999999,263.6
21,sset_21/tracknet-stride-8,static_shuttleset_homography,192,49631,49809,178,[],,165.28,121.36,345.36,120.88,394.72,262.88000000000005,115.75999999999999,263.6,,,,,,,,,,,,,,,,11,0.06179775280898876,false,,,165.28,121.36,345.36,120.88,394.72,262.88000000000005,115.75999999999999,263.6
21,sset_21/tracknet-stride-8,static_shuttleset_homography,193,49809,50061,252,[],,165.28,121.36,345.36,120.88,394.72,262.88000000000005,115.75999999999999,263.6,,,,,,,,,,,,,,,,251,0.996031746031746,true,,,165.28,121.36,345.36,120.88,394.72,262.88000000000005,115.75999999999999,263.6
21,sset_21/tracknet-stride-8,static_shuttleset_homography,194,50061,50172,111,[],,165.28,121.36,345.36,120.88,394.72,262.88000000000005,115.75999999999999,263.6,,,,,,,,,,,,,,,,0,0.0,false,,,165.28,121.36,345.36,120.88,394.72,262.88000000000005,115.75999999999999,263.6
21,sset_21/tracknet-stride-8,static_shuttleset_homography,195,50172,50256,84,[],,165.28,121.36,345.36,120.88,394.72,262.88000000000005,115.75999999999999,263.6,,,,,,,,,,,,,,,,0,0.0,false,,,165.28,121.36,345.36,120.88,394.72,262.88000000000005,115.75999999999999,263.6
21,sset_21/tracknet-stride-8,static_shuttleset_homography,196,50256,50280,24,[],,165.28,121.36,345.36,120.88,394.72,262.88000000000005,115.75999999999999,263.6,,,,,,,,,,,,,,,,0,0.0,false,,,165.28,121.36,345.36,120.88,394.72,262.88000000000005,115.75999999999999,263.6
21,sset_21/tracknet-stride-8,static_shuttleset_homography,197,50280,50460,180,[],,165.28,121.36,345.36,120.88,394.72,262.88000000000005,115.75999999999999,263.6,,,,,,,,,,,,,,,,52,0.28888888888888886,false,,,165.28,121.36,345.36,120.88,394.72,262.88000000000005,115.75999999999999,263.6
21,sset_21/tracknet-stride-8,static_shuttleset_homography,198,50460,50529,69,[],,165.28,121.36,345.36,120.88,394.72,262.88000000000005,115.75999999999999,263.6,,,,,,,,,,,,,,,,0,0.0,false,,,165.28,121.36,345.36,120.88,394.72,262.88000000000005,115.75999999999999,263.6
21,sset_21/tracknet-stride-8,static_shuttleset_homography,199,50529,50909,380,[],,165.28,121.36,345.36,120.88,394.72,262.88000000000005,115.75999999999999,263.6,,,,,,,,,,,,,,,,337,0.8868421052631579,true,,,165.28,121.36,345.36,120.88,394.72,262.88000000000005,115.75999999999999,263.6
21,sset_21/tracknet-stride-8,static_shuttleset_homography,200,50909,50995,86,[],,165.28,121.36,345.36,120.88,394.72,262.88000000000005,115.75999999999999,263.6,,,,,,,,,,,,,,,,17,0.19767441860465115,false,,,165.28,121.36,345.36,120.88,394.72,262.88000000000005,115.75999999999999,263.6
21,sset_21/tracknet-stride-8,static_shuttleset_homography,201,50995,51077,82,[],,165.28,121.36,345.36,120.88,394.72,262.88000000000005,115.75999999999999,263.6,,,,,,,,,,,,,,,,1,0.012195121951219513,false,,,165.28,121.36,345.36,120.88,394.72,262.88000000000005,115.75999999999999,263.6
21,sset_21/tracknet-stride-8,static_shuttleset_homography,202,51077,51335,258,[],,165.28,121.36,345.36,120.88,394.72,262.88000000000005,115.75999999999999,263.6,,,,,,,,,,,,,,,,44,0.17054263565891473,false,,,165.28,121.36,345.36,120.88,394.72,262.88000000000005,115.75999999999999,263.6
21,sset_21/tracknet-stride-8,static_shuttleset_homography,203,51335,51678,343,[],,165.28,121.36,345.36,120.88,394.72,262.88000000000005,115.75999999999999,263.6,,,,,,,,,,,,,,,,266,0.7755102040816326,true,,,165.28,121.36,345.36,120.88,394.72,262.88000000000005,115.75999999999999,263.6
21,sset_21/tracknet-stride-8,static_shuttleset_homography,204,51678,51859,181,[],,165.28,121.36,345.36,120.88,394.72,262.88000000000005,115.75999999999999,263.6,,,,,,,,,,,,,,,,0,0.0,false,,,165.28,121.36,345.36,120.88,394.72,262.88000000000005,115.75999999999999,263.6
21,sset_21/tracknet-stride-8,static_shuttleset_homography,205,51859,52138,279,[],,165.28,121.36,345.36,120.88,394.72,262.88000000000005,115.75999999999999,263.6,,,,,,,,,,,,,,,,0,0.0,false,,,165.28,121.36,345.36,120.88,394.72,262.88000000000005,115.75999999999999,263.6
21,sset_21/tracknet-stride-8,static_shuttleset_homography,206,52138,52368,230,[],,165.28,121.36,345.36,120.88,394.72,262.88000000000005,115.75999999999999,263.6,,,,,,,,,,,,,,,,228,0.991304347826087,true,,,165.28,121.36,345.36,120.88,394.72,262.88000000000005,115.75999999999999,263.6
21,sset_21/tracknet-stride-8,static_shuttleset_homography,207,52368,52433,65,[],,165.28,121.36,345.36,120.88,394.72,262.88000000000005,115.75999999999999,263.6,,,,,,,,,,,,,,,,0,0.0,false,,,165.28,121.36,345.36,120.88,394.72,262.88000000000005,115.75999999999999,263.6
21,sset_21/tracknet-stride-8,static_shuttleset_homography,208,52433,52504,71,[],,165.28,121.36,345.36,120.88,394.72,262.88000000000005,115.75999999999999,263.6,,,,,,,,,,,,,,,,9,0.1267605633802817,false,,,165.28,121.36,345.36,120.88,394.72,262.88000000000005,115.75999999999999,263.6
21,sset_21/tracknet-stride-8,static_shuttleset_homography,209,52504,52527,23,[],,165.28,121.36,345.36,120.88,394.72,262.88000000000005,115.75999999999999,263.6,,,,,,,,,,,,,,,,4,0.17391304347826086,false,,,165.28,121.36,345.36,120.88,394.72,262.88000000000005,115.75999999999999,263.6
21,sset_21/tracknet-stride-8,static_shuttleset_homography,210,52527,52644,117,[],,165.28,121.36,345.36,120.88,394.72,262.88000000000005,115.75999999999999,263.6,,,,,,,,,,,,,,,,61,0.5213675213675214,true,,,165.28,121.36,345.36,120.88,394.72,262.88000000000005,115.75999999999999,263.6
21,sset_21/tracknet-stride-8,static_shuttleset_homography,211,52644,52997,353,[],,165.28,121.36,345.36,120.88,394.72,262.88000000000005,115.75999999999999,263.6,,,,,,,,,,,,,,,,51,0.14447592067988668,false,,,165.28,121.36,345.36,120.88,394.72,262.88000000000005,115.75999999999999,263.6
21,sset_21/tracknet-stride-8,static_shuttleset_homography,212,52997,53254,257,[],,165.28,121.36,345.36,120.88,394.72,262.88000000000005,115.75999999999999,263.6,,,,,,,,,,,,,,,,0,0.0,false,,,165.28,121.36,345.36,120.88,394.72,262.88000000000005,115.75999999999999,263.6
21,sset_21/tracknet-stride-8,static_shuttleset_homography,213,53254,53832,578,[],,165.28,121.36,345.36,120.88,394.72,262.88000000000005,115.75999999999999,263.6,,,,,,,,,,,,,,,,575,0.9948096885813149,true,,,165.28,121.36,345.36,120.88,394.72,262.88000000000005,115.75999999999999,263.6
21,sset_21/tracknet-stride-8,static_shuttleset_homography,214,53832,53863,31,[],,165.28,121.36,345.36,120.88,394.72,262.88000000000005,115.75999999999999,263.6,,,,,,,,,,,,,,,,0,0.0,false,,,165.28,121.36,345.36,120.88,394.72,262.88000000000005,115.75999999999999,263.6
21,sset_21/tracknet-stride-8,static_shuttleset_homography,215,53863,53989,126,[],,165.28,121.36,345.36,120.88,394.72,262.88000000000005,115.75999999999999,263.6,,,,,,,,,,,,,,,,2,0.015873015873015872,false,,,165.28,121.36,345.36,120.88,394.72,262.88000000000005,115.75999999999999,263.6
21,sset_21/tracknet-stride-8,static_shuttleset_homography,216,53989,54006,17,[],,165.28,121.36,345.36,120.88,394.72,262.88000000000005,115.75999999999999,263.6,,,,,,,,,,,,,,,,0,0.0,false,,,165.28,121.36,345.36,120.88,394.72,262.88000000000005,115.75999999999999,263.6
21,sset_21/tracknet-stride-8,static_shuttleset_homography,217,54006,54423,417,[],,165.28,121.36,345.36,120.88,394.72,262.88000000000005,115.75999999999999,263.6,,,,,,,,,,,,,,,,203,0.486810551558753,false,,,165.28,121.36,345.36,120.88,394.72,262.88000000000005,115.75999999999999,263.6
21,sset_21/tracknet-stride-8,static_shuttleset_homography,218,54423,55798,1375,[],,165.28,121.36,345.36,120.88,394.72,262.88000000000005,115.75999999999999,263.6,,,,,,,,,,,,,,,,1315,0.9563636363636364,true,,,165.28,121.36,345.36,120.88,394.72,262.88000000000005,115.75999999999999,263.6
21,sset_21/tracknet-stride-8,static_shuttleset_homography,219,55798,55936,138,[],,165.28,121.36,345.36,120.88,394.72,262.88000000000005,115.75999999999999,263.6,,,,,,,,,,,,,,,,8,0.057971014492753624,false,,,165.28,121.36,345.36,120.88,394.72,262.88000000000005,115.75999999999999,263.6
21,sset_21/tracknet-stride-8,static_shuttleset_homography,220,55936,56022,86,[],,165.28,121.36,345.36,120.88,394.72,262.88000000000005,115.75999999999999,263.6,,,,,,,,,,,,,,,,0,0.0,false,,,165.28,121.36,345.36,120.88,394.72,262.88000000000005,115.75999999999999,263.6
21,sset_21/tracknet-stride-8,static_shuttleset_homography,221,56022,56181,159,[],,165.28,121.36,345.36,120.88,394.72,262.88000000000005,115.75999999999999,263.6,,,,,,,,,,,,,,,,25,0.15723270440251572,false,,,165.28,121.36,345.36,120.88,394.72,262.88000000000005,115.75999999999999,263.6
21,sset_21/tracknet-stride-8,static_shuttleset_homography,222,56181,56719,538,[],,165.28,121.36,345.36,120.88,394.72,262.88000000000005,115.75999999999999,263.6,,,,,,,,,,,,,,,,127,0.23605947955390336,false,,,165.28,121.36,345.36,120.88,394.72,262.88000000000005,115.75999999999999,263.6
21,sset_21/tracknet-stride-8,static_shuttleset_homography,223,56719,58345,1626,[],,165.28,121.36,345.36,120.88,394.72,262.88000000000005,115.75999999999999,263.6,,,,,,,,,,,,,,,,167,0.1027060270602706,false,,,165.28,121.36,345.36,120.88,394.72,262.88000000000005,115.75999999999999,263.6
21,sset_21/tracknet-stride-8,static_shuttleset_homography,224,58345,58432,87,[],,165.28,121.36,345.36,120.88,394.72,262.88000000000005,115.75999999999999,263.6,,,,,,,,,,,,,,,,0,0.0,false,,,165.28,121.36,345.36,120.88,394.72,262.88000000000005,115.75999999999999,263.6
21,sset_21/tracknet-stride-8,static_shuttleset_homography,225,58432,59764,1332,[],,165.28,121.36,345.36,120.88,394.72,262.88000000000005,115.75999999999999,263.6,,,,,,,,,,,,,,,,651,0.48873873873873874,false,,,165.28,121.36,345.36,120.88,394.72,262.88000000000005,115.75999999999999,263.6
21,sset_21/tracknet-stride-8,static_shuttleset_homography,226,59764,59958,194,[],,165.28,121.36,345.36,120.88,394.72,262.88000000000005,115.75999999999999,263.6,,,,,,,,,,,,,,,,30,0.15463917525773196,false,,,165.28,121.36,345.36,120.88,394.72,262.88000000000005,115.75999999999999,263.6
21,sset_21/tracknet-stride-8,static_shuttleset_homography,227,59958,60063,105,[],,165.28,121.36,345.36,120.88,394.72,262.88000000000005,115.75999999999999,263.6,,,,,,,,,,,,,,,,0,0.0,false,,,165.28,121.36,345.36,120.88,394.72,262.88000000000005,115.75999999999999,263.6
21,sset_21/tracknet-stride-8,static_shuttleset_homography,228,60063,60718,655,[],,165.28,121.36,345.36,120.88,394.72,262.88000000000005,115.75999999999999,263.6,,,,,,,,,,,,,,,,648,0.9893129770992366,true,,,165.28,121.36,345.36,120.88,394.72,262.88000000000005,115.75999999999999,263.6
21,sset_21/tracknet-stride-8,static_shuttleset_homography,229,60718,60834,116,[],,165.28,121.36,345.36,120.88,394.72,262.88000000000005,115.75999999999999,263.6,,,,,,,,,,,,,,,,0,0.0,false,,,165.28,121.36,345.36,120.88,394.72,262.88000000000005,115.75999999999999,263.6
21,sset_21/tracknet-stride-8,static_shuttleset_homography,230,60834,61204,370,[],,165.28,121.36,345.36,120.88,394.72,262.88000000000005,115.75999999999999,263.6,,,,,,,,,,,,,,,,31,0.08378378378378379,false,,,165.28,121.36,345.36,120.88,394.72,262.88000000000005,115.75999999999999,263.6
21,sset_21/tracknet-stride-8,static_shuttleset_homography,231,61204,61515,311,[],,165.28,121.36,345.36,120.88,394.72,262.88000000000005,115.75999999999999,263.6,,,,,,,,,,,,,,,,302,0.9710610932475884,true,,,165.28,121.36,345.36,120.88,394.72,262.88000000000005,115.75999999999999,263.6
21,sset_21/tracknet-stride-8,static_shuttleset_homography,232,61515,61625,110,[],,165.28,121.36,345.36,120.88,394.72,262.88000000000005,115.75999999999999,263.6,,,,,,,,,,,,,,,,0,0.0,false,,,165.28,121.36,345.36,120.88,394.72,262.88000000000005,115.75999999999999,263.6
21,sset_21/tracknet-stride-8,static_shuttleset_homography,233,61625,61876,251,[],,165.28,121.36,345.36,120.88,394.72,262.88000000000005,115.75999999999999,263.6,,,,,,,,,,,,,,,,57,0.22709163346613545,false,,,165.28,121.36,345.36,120.88,394.72,262.88000000000005,115.75999999999999,263.6
21,sset_21/tracknet-stride-8,static_shuttleset_homography,234,61876,62016,140,[],,165.28,121.36,345.36,120.88,394.72,262.88000000000005,115.75999999999999,263.6,,,,,,,,,,,,,,,,0,0.0,false,,,165.28,121.36,345.36,120.88,394.72,262.88000000000005,115.75999999999999,263.6
21,sset_21/tracknet-stride-8,static_shuttleset_homography,235,62016,62208,192,[],,165.28,121.36,345.36,120.88,394.72,262.88000000000005,115.75999999999999,263.6,,,,,,,,,,,,,,,,0,0.0,false,,,165.28,121.36,345.36,120.88,394.72,262.88000000000005,115.75999999999999,263.6
21,sset_21/tracknet-stride-8,static_shuttleset_homography,236,62208,62442,234,[],,165.28,121.36,345.36,120.88,394.72,262.88000000000005,115.75999999999999,263.6,,,,,,,,,,,,,,,,193,0.8247863247863247,true,,,165.28,121.36,345.36,120.88,394.72,262.88000000000005,115.75999999999999,263.6
21,sset_21/tracknet-stride-8,static_shuttleset_homography,237,62442,62542,100,[],,165.28,121.36,345.36,120.88,394.72,262.88000000000005,115.75999999999999,263.6,,,,,,,,,,,,,,,,24,0.24,false,,,165.28,121.36,345.36,120.88,394.72,262.88000000000005,115.75999999999999,263.6
21,sset_21/tracknet-stride-8,static_shuttleset_homography,238,62542,62761,219,[],,165.28,121.36,345.36,120.88,394.72,262.88000000000005,115.75999999999999,263.6,,,,,,,,,,,,,,,,48,0.2191780821917808,false,,,165.28,121.36,345.36,120.88,394.72,262.88000000000005,115.75999999999999,263.6
21,sset_21/tracknet-stride-8,static_shuttleset_homography,239,62761,62969,208,[],,165.28,121.36,345.36,120.88,394.72,262.88000000000005,115.75999999999999,263.6,,,,,,,,,,,,,,,,0,0.0,false,,,165.28,121.36,345.36,120.88,394.72,262.88000000000005,115.75999999999999,263.6
21,sset_21/tracknet-stride-8,static_shuttleset_homography,240,62969,63210,241,[],,165.28,121.36,345.36,120.88,394.72,262.88000000000005,115.75999999999999,263.6,,,,,,,,,,,,,,,,0,0.0,false,,,165.28,121.36,345.36,120.88,394.72,262.88000000000005,115.75999999999999,263.6
21,sset_21/tracknet-stride-8,static_shuttleset_homography,241,63210,63483,273,[],,165.28,121.36,345.36,120.88,394.72,262.88000000000005,115.75999999999999,263.6,,,,,,,,,,,,,,,,269,0.9853479853479854,true,,,165.28,121.36,345.36,120.88,394.72,262.88000000000005,115.75999999999999,263.6
21,sset_21/tracknet-stride-8,static_shuttleset_homography,242,63483,63517,34,[],,165.28,121.36,345.36,120.88,394.72,262.88000000000005,115.75999999999999,263.6,,,,,,,,,,,,,,,,6,0.17647058823529413,false,,,165.28,121.36,345.36,120.88,394.72,262.88000000000005,115.75999999999999,263.6
21,sset_21/tracknet-stride-8,static_shuttleset_homography,243,63517,63693,176,[],,165.28,121.36,345.36,120.88,394.72,262.88000000000005,115.75999999999999,263.6,,,,,,,,,,,,,,,,0,0.0,false,,,165.28,121.36,345.36,120.88,394.72,262.88000000000005,115.75999999999999,263.6
21,sset_21/tracknet-stride-8,static_shuttleset_homography,244,63693,63741,48,[],,165.28,121.36,345.36,120.88,394.72,262.88000000000005,115.75999999999999,263.6,,,,,,,,,,,,,,,,0,0.0,false,,,165.28,121.36,345.36,120.88,394.72,262.88000000000005,115.75999999999999,263.6
21,sset_21/tracknet-stride-8,static_shuttleset_homography,245,63741,63785,44,[],,165.28,121.36,345.36,120.88,394.72,262.88000000000005,115.75999999999999,263.6,,,,,,,,,,,,,,,,0,0.0,false,,,165.28,121.36,345.36,120.88,394.72,262.88000000000005,115.75999999999999,263.6
21,sset_21/tracknet-stride-8,static_shuttleset_homography,246,63785,64177,392,[],,165.28,121.36,345.36,120.88,394.72,262.88000000000005,115.75999999999999,263.6,,,,,,,,,,,,,,,,378,0.9642857142857143,true,,,165.28,121.36,345.36,120.88,394.72,262.88000000000005,115.75999999999999,263.6
21,sset_21/tracknet-stride-8,static_shuttleset_homography,247,64177,64321,144,[],,165.28,121.36,345.36,120.88,394.72,262.88000000000005,115.75999999999999,263.6,,,,,,,,,,,,,,,,2,0.013888888888888888,false,,,165.28,121.36,345.36,120.88,394.72,262.88000000000005,115.75999999999999,263.6
21,sset_21/tracknet-stride-8,static_shuttleset_homography,248,64321,64888,567,[],,165.28,121.36,345.36,120.88,394.72,262.88000000000005,115.75999999999999,263.6,,,,,,,,,,,,,,,,309,0.544973544973545,true,,,165.28,121.36,345.36,120.88,394.72,262.88000000000005,115.75999999999999,263.6
21,sset_21/tracknet-stride-8,static_shuttleset_homography,249,64888,64977,89,[],,165.28,121.36,345.36,120.88,394.72,262.88000000000005,115.75999999999999,263.6,,,,,,,,,,,,,,,,2,0.02247191011235955,false,,,165.28,121.36,345.36,120.88,394.72,262.88000000000005,115.75999999999999,263.6
21,sset_21/tracknet-stride-8,static_shuttleset_homography,250,64977,65038,61,[],,165.28,121.36,345.36,120.88,394.72,262.88000000000005,115.75999999999999,263.6,,,,,,,,,,,,,,,,9,0.14754098360655737,false,,,165.28,121.36,345.36,120.88,394.72,262.88000000000005,115.75999999999999,263.6
21,sset_21/tracknet-stride-8,static_shuttleset_homography,251,65038,65191,153,[],,165.28,121.36,345.36,120.88,394.72,262.88000000000005,115.75999999999999,263.6,,,,,,,,,,,,,,,,0,0.0,false,,,165.28,121.36,345.36,120.88,394.72,262.88000000000005,115.75999999999999,263.6
21,sset_21/tracknet-stride-8,static_shuttleset_homography,252,65191,65298,107,[],,165.28,121.36,345.36,120.88,394.72,262.88000000000005,115.75999999999999,263.6,,,,,,,,,,,,,,,,0,0.0,false,,,165.28,121.36,345.36,120.88,394.72,262.88000000000005,115.75999999999999,263.6
21,sset_21/tracknet-stride-8,static_shuttleset_homography,253,65298,65633,335,[],,165.28,121.36,345.36,120.88,394.72,262.88000000000005,115.75999999999999,263.6,,,,,,,,,,,,,,,,327,0.9761194029850746,true,,,165.28,121.36,345.36,120.88,394.72,262.88000000000005,115.75999999999999,263.6
21,sset_21/tracknet-stride-8,static_shuttleset_homography,254,65633,65747,114,[],,165.28,121.36,345.36,120.88,394.72,262.88000000000005,115.75999999999999,263.6,,,,,,,,,,,,,,,,0,0.0,false,,,165.28,121.36,345.36,120.88,394.72,262.88000000000005,115.75999999999999,263.6
21,sset_21/tracknet-stride-8,static_shuttleset_homography,255,65747,65860,113,[],,165.28,121.36,345.36,120.88,394.72,262.88000000000005,115.75999999999999,263.6,,,,,,,,,,,,,,,,12,0.10619469026548672,false,,,165.28,121.36,345.36,120.88,394.72,262.88000000000005,115.75999999999999,263.6
21,sset_21/tracknet-stride-8,static_shuttleset_homography,256,65860,66107,247,[],,165.28,121.36,345.36,120.88,394.72,262.88000000000005,115.75999999999999,263.6,,,,,,,,,,,,,,,,69,0.2793522267206478,false,,,165.28,121.36,345.36,120.88,394.72,262.88000000000005,115.75999999999999,263.6
21,sset_21/tracknet-stride-8,static_shuttleset_homography,257,66107,66220,113,[],,165.28,121.36,345.36,120.88,394.72,262.88000000000005,115.75999999999999,263.6,,,,,,,,,,,,,,,,0,0.0,false,,,165.28,121.36,345.36,120.88,394.72,262.88000000000005,115.75999999999999,263.6
21,sset_21/tracknet-stride-8,static_shuttleset_homography,258,66220,66301,81,[],,165.28,121.36,345.36,120.88,394.72,262.88000000000005,115.75999999999999,263.6,,,,,,,,,,,,,,,,0,0.0,false,,,165.28,121.36,345.36,120.88,394.72,262.88000000000005,115.75999999999999,263.6
21,sset_21/tracknet-stride-8,static_shuttleset_homography,259,66301,66519,218,[],,165.28,121.36,345.36,120.88,394.72,262.88000000000005,115.75999999999999,263.6,,,,,,,,,,,,,,,,182,0.8348623853211009,true,,,165.28,121.36,345.36,120.88,394.72,262.88000000000005,115.75999999999999,263.6
21,sset_21/tracknet-stride-8,static_shuttleset_homography,260,66519,66645,126,[],,165.28,121.36,345.36,120.88,394.72,262.88000000000005,115.75999999999999,263.6,,,,,,,,,,,,,,,,27,0.21428571428571427,false,,,165.28,121.36,345.36,120.88,394.72,262.88000000000005,115.75999999999999,263.6
21,sset_21/tracknet-stride-8,static_shuttleset_homography,261,66645,66771,126,[],,165.28,121.36,345.36,120.88,394.72,262.88000000000005,115.75999999999999,263.6,,,,,,,,,,,,,,,,8,0.06349206349206349,false,,,165.28,121.36,345.36,120.88,394.72,262.88000000000005,115.75999999999999,263.6
21,sset_21/tracknet-stride-8,static_shuttleset_homography,262,66771,67059,288,[],,165.28,121.36,345.36,120.88,394.72,262.88000000000005,115.75999999999999,263.6,,,,,,,,,,,,,,,,55,0.1909722222222222,false,,,165.28,121.36,345.36,120.88,394.72,262.88000000000005,115.75999999999999,263.6
21,sset_21/tracknet-stride-8,static_shuttleset_homography,263,67059,67123,64,[],,165.28,121.36,345.36,120.88,394.72,262.88000000000005,115.75999999999999,263.6,,,,,,,,,,,,,,,,33,0.515625,true,,,165.28,121.36,345.36,120.88,394.72,262.88000000000005,115.75999999999999,263.6
21,sset_21/tracknet-stride-8,static_shuttleset_homography,264,67123,67441,318,[],,165.28,121.36,345.36,120.88,394.72,262.88000000000005,115.75999999999999,263.6,,,,,,,,,,,,,,,,313,0.9842767295597484,true,,,165.28,121.36,345.36,120.88,394.72,262.88000000000005,115.75999999999999,263.6
21,sset_21/tracknet-stride-8,static_shuttleset_homography,265,67441,67633,192,[],,165.28,121.36,345.36,120.88,394.72,262.88000000000005,115.75999999999999,263.6,,,,,,,,,,,,,,,,21,0.109375,false,,,165.28,121.36,345.36,120.88,394.72,262.88000000000005,115.75999999999999,263.6
21,sset_21/tracknet-stride-8,static_shuttleset_homography,266,67633,67936,303,[],,165.28,121.36,345.36,120.88,394.72,262.88000000000005,115.75999999999999,263.6,,,,,,,,,,,,,,,,230,0.759075907590759,true,,,165.28,121.36,345.36,120.88,394.72,262.88000000000005,115.75999999999999,263.6
21,sset_21/tracknet-stride-8,static_shuttleset_homography,267,67936,68027,91,[],,165.28,121.36,345.36,120.88,394.72,262.88000000000005,115.75999999999999,263.6,,,,,,,,,,,,,,,,0,0.0,false,,,165.28,121.36,345.36,120.88,394.72,262.88000000000005,115.75999999999999,263.6
21,sset_21/tracknet-stride-8,static_shuttleset_homography,268,68027,68539,512,[],,165.28,121.36,345.36,120.88,394.72,262.88000000000005,115.75999999999999,263.6,,,,,,,,,,,,,,,,454,0.88671875,true,,,165.28,121.36,345.36,120.88,394.72,262.88000000000005,115.75999999999999,263.6
21,sset_21/tracknet-stride-8,static_shuttleset_homography,269,68539,69027,488,[],,165.28,121.36,345.36,120.88,394.72,262.88000000000005,115.75999999999999,263.6,,,,,,,,,,,,,,,,0,0.0,false,,,165.28,121.36,345.36,120.88,394.72,262.88000000000005,115.75999999999999,263.6
21,sset_21/tracknet-stride-8,static_shuttleset_homography,270,69027,69515,488,[],,165.28,121.36,345.36,120.88,394.72,262.88000000000005,115.75999999999999,263.6,,,,,,,,,,,,,,,,253,0.5184426229508197,true,,,165.28,121.36,345.36,120.88,394.72,262.88000000000005,115.75999999999999,263.6
21,sset_21/tracknet-stride-8,static_shuttleset_homography,271,69515,69754,239,[],,165.28,121.36,345.36,120.88,394.72,262.88000000000005,115.75999999999999,263.6,,,,,,,,,,,,,,,,0,0.0,false,,,165.28,121.36,345.36,120.88,394.72,262.88000000000005,115.75999999999999,263.6
21,sset_21/tracknet-stride-8,static_shuttleset_homography,272,69754,70457,703,[],,165.28,121.36,345.36,120.88,394.72,262.88000000000005,115.75999999999999,263.6,,,,,,,,,,,,,,,,702,0.9985775248933144,true,,,165.28,121.36,345.36,120.88,394.72,262.88000000000005,115.75999999999999,263.6
21,sset_21/tracknet-stride-8,static_shuttleset_homography,273,70457,70557,100,[],,165.28,121.36,345.36,120.88,394.72,262.88000000000005,115.75999999999999,263.6,,,,,,,,,,,,,,,,0,0.0,false,,,165.28,121.36,345.36,120.88,394.72,262.88000000000005,115.75999999999999,263.6
21,sset_21/tracknet-stride-8,static_shuttleset_homography,274,70557,70606,49,[],,165.28,121.36,345.36,120.88,394.72,262.88000000000005,115.75999999999999,263.6,,,,,,,,,,,,,,,,1,0.02040816326530612,false,,,165.28,121.36,345.36,120.88,394.72,262.88000000000005,115.75999999999999,263.6
21,sset_21/tracknet-stride-8,static_shuttleset_homography,275,70606,70662,56,[],,165.28,121.36,345.36,120.88,394.72,262.88000000000005,115.75999999999999,263.6,,,,,,,,,,,,,,,,5,0.08928571428571429,false,,,165.28,121.36,345.36,120.88,394.72,262.88000000000005,115.75999999999999,263.6
21,sset_21/tracknet-stride-8,static_shuttleset_homography,276,70662,70986,324,[],,165.28,121.36,345.36,120.88,394.72,262.88000000000005,115.75999999999999,263.6,,,,,,,,,,,,,,,,63,0.19444444444444445,false,,,165.28,121.36,345.36,120.88,394.72,262.88000000000005,115.75999999999999,263.6
21,sset_21/tracknet-stride-8,static_shuttleset_homography,277,70986,71261,275,[],,165.28,121.36,345.36,120.88,394.72,262.88000000000005,115.75999999999999,263.6,,,,,,,,,,,,,,,,237,0.8618181818181818,true,,,165.28,121.36,345.36,120.88,394.72,262.88000000000005,115.75999999999999,263.6
21,sset_21/tracknet-stride-8,static_shuttleset_homography,278,71261,71481,220,[],,165.28,121.36,345.36,120.88,394.72,262.88000000000005,115.75999999999999,263.6,,,,,,,,,,,,,,,,0,0.0,false,,,165.28,121.36,345.36,120.88,394.72,262.88000000000005,115.75999999999999,263.6
21,sset_21/tracknet-stride-8,static_shuttleset_homography,279,71481,71712,231,[],,165.28,121.36,345.36,120.88,394.72,262.88000000000005,115.75999999999999,263.6,,,,,,,,,,,,,,,,58,0.2510822510822511,false,,,165.28,121.36,345.36,120.88,394.72,262.88000000000005,115.75999999999999,263.6
21,sset_21/tracknet-stride-8,static_shuttleset_homography,280,71712,72197,485,[],,165.28,121.36,345.36,120.88,394.72,262.88000000000005,115.75999999999999,263.6,,,,,,,,,,,,,,,,477,0.9835051546391752,true,,,165.28,121.36,345.36,120.88,394.72,262.88000000000005,115.75999999999999,263.6
21,sset_21/tracknet-stride-8,static_shuttleset_homography,281,72197,72289,92,[],,165.28,121.36,345.36,120.88,394.72,262.88000000000005,115.75999999999999,263.6,,,,,,,,,,,,,,,,14,0.15217391304347827,false,,,165.28,121.36,345.36,120.88,394.72,262.88000000000005,115.75999999999999,263.6
21,sset_21/tracknet-stride-8,static_shuttleset_homography,282,72289,72321,32,[],,165.28,121.36,345.36,120.88,394.72,262.88000000000005,115.75999999999999,263.6,,,,,,,,,,,,,,,,1,0.03125,false,,,165.28,121.36,345.36,120.88,394.72,262.88000000000005,115.75999999999999,263.6
21,sset_21/tracknet-stride-8,static_shuttleset_homography,283,72321,72387,66,[],,165.28,121.36,345.36,120.88,394.72,262.88000000000005,115.75999999999999,263.6,,,,,,,,,,,,,,,,0,0.0,false,,,165.28,121.36,345.36,120.88,394.72,262.88000000000005,115.75999999999999,263.6
21,sset_21/tracknet-stride-8,static_shuttleset_homography,284,72387,72531,144,[],,165.28,121.36,345.36,120.88,394.72,262.88000000000005,115.75999999999999,263.6,,,,,,,,,,,,,,,,0,0.0,false,,,165.28,121.36,345.36,120.88,394.72,262.88000000000005,115.75999999999999,263.6
21,sset_21/tracknet-stride-8,static_shuttleset_homography,285,72531,72567,36,[],,165.28,121.36,345.36,120.88,394.72,262.88000000000005,115.75999999999999,263.6,,,,,,,,,,,,,,,,0,0.0,false,,,165.28,121.36,345.36,120.88,394.72,262.88000000000005,115.75999999999999,263.6
21,sset_21/tracknet-stride-8,static_shuttleset_homography,286,72567,72623,56,[],,165.28,121.36,345.36,120.88,394.72,262.88000000000005,115.75999999999999,263.6,,,,,,,,,,,,,,,,0,0.0,false,,,165.28,121.36,345.36,120.88,394.72,262.88000000000005,115.75999999999999,263.6
21,sset_21/tracknet-stride-8,static_shuttleset_homography,287,72623,72688,65,[],,165.28,121.36,345.36,120.88,394.72,262.88000000000005,115.75999999999999,263.6,,,,,,,,,,,,,,,,0,0.0,false,,,165.28,121.36,345.36,120.88,394.72,262.88000000000005,115.75999999999999,263.6
21,sset_21/tracknet-stride-8,static_shuttleset_homography,288,72688,72851,163,[],,165.28,121.36,345.36,120.88,394.72,262.88000000000005,115.75999999999999,263.6,,,,,,,,,,,,,,,,161,0.9877300613496932,true,,,165.28,121.36,345.36,120.88,394.72,262.88000000000005,115.75999999999999,263.6
21,sset_21/tracknet-stride-8,static_shuttleset_homography,289,72851,73171,320,[],,165.28,121.36,345.36,120.88,394.72,262.88000000000005,115.75999999999999,263.6,,,,,,,,,,,,,,,,18,0.05625,false,,,165.28,121.36,345.36,120.88,394.72,262.88000000000005,115.75999999999999,263.6
21,sset_21/tracknet-stride-8,static_shuttleset_homography,290,73171,73297,126,[],,165.28,121.36,345.36,120.88,394.72,262.88000000000005,115.75999999999999,263.6,,,,,,,,,,,,,,,,0,0.0,false,,,165.28,121.36,345.36,120.88,394.72,262.88000000000005,115.75999999999999,263.6
21,sset_21/tracknet-stride-8,static_shuttleset_homography,291,73297,73887,590,[],,165.28,121.36,345.36,120.88,394.72,262.88000000000005,115.75999999999999,263.6,,,,,,,,,,,,,,,,590,1.0,true,,,165.28,121.36,345.36,120.88,394.72,262.88000000000005,115.75999999999999,263.6
21,sset_21/tracknet-stride-8,static_shuttleset_homography,292,73887,73983,96,[],,165.28,121.36,345.36,120.88,394.72,262.88000000000005,115.75999999999999,263.6,,,,,,,,,,,,,,,,0,0.0,false,,,165.28,121.36,345.36,120.88,394.72,262.88000000000005,115.75999999999999,263.6
21,sset_21/tracknet-stride-8,static_shuttleset_homography,293,73983,74071,88,[],,165.28,121.36,345.36,120.88,394.72,262.88000000000005,115.75999999999999,263.6,,,,,,,,,,,,,,,,0,0.0,false,,,165.28,121.36,345.36,120.88,394.72,262.88000000000005,115.75999999999999,263.6
21,sset_21/tracknet-stride-8,static_shuttleset_homography,294,74071,74097,26,[],,165.28,121.36,345.36,120.88,394.72,262.88000000000005,115.75999999999999,263.6,,,,,,,,,,,,,,,,0,0.0,false,,,165.28,121.36,345.36,120.88,394.72,262.88000000000005,115.75999999999999,263.6
21,sset_21/tracknet-stride-8,static_shuttleset_homography,295,74097,74256,159,[],,165.28,121.36,345.36,120.88,394.72,262.88000000000005,115.75999999999999,263.6,,,,,,,,,,,,,,,,3,0.018867924528301886,false,,,165.28,121.36,345.36,120.88,394.72,262.88000000000005,115.75999999999999,263.6
21,sset_21/tracknet-stride-8,static_shuttleset_homography,296,74256,74377,121,[],,165.28,121.36,345.36,120.88,394.72,262.88000000000005,115.75999999999999,263.6,,,,,,,,,,,,,,,,14,0.11570247933884298,false,,,165.28,121.36,345.36,120.88,394.72,262.88000000000005,115.75999999999999,263.6
21,sset_21/tracknet-stride-8,static_shuttleset_homography,297,74377,74400,23,[],,165.28,121.36,345.36,120.88,394.72,262.88000000000005,115.75999999999999,263.6,,,,,,,,,,,,,,,,9,0.391304347826087,false,,,165.28,121.36,345.36,120.88,394.72,262.88000000000005,115.75999999999999,263.6
21,sset_21/tracknet-stride-8,static_shuttleset_homography,298,74400,74466,66,[],,165.28,121.36,345.36,120.88,394.72,262.88000000000005,115.75999999999999,263.6,,,,,,,,,,,,,,,,22,0.3333333333333333,false,,,165.28,121.36,345.36,120.88,394.72,262.88000000000005,115.75999999999999,263.6
21,sset_21/tracknet-stride-8,static_shuttleset_homography,299,74466,74506,40,[],,165.28,121.36,345.36,120.88,394.72,262.88000000000005,115.75999999999999,263.6,,,,,,,,,,,,,,,,17,0.425,false,,,165.28,121.36,345.36,120.88,394.72,262.88000000000005,115.75999999999999,263.6
21,sset_21/tracknet-stride-8,static_shuttleset_homography,300,74506,74623,117,[],,165.28,121.36,345.36,120.88,394.72,262.88000000000005,115.75999999999999,263.6,,,,,,,,,,,,,,,,59,0.5042735042735043,true,,,165.28,121.36,345.36,120.88,394.72,262.88000000000005,115.75999999999999,263.6
21,sset_21/tracknet-stride-8,static_shuttleset_homography,301,74623,75079,456,[],,165.28,121.36,345.36,120.88,394.72,262.88000000000005,115.75999999999999,263.6,,,,,,,,,,,,,,,,186,0.40789473684210525,false,,,165.28,121.36,345.36,120.88,394.72,262.88000000000005,115.75999999999999,263.6
21,sset_21/tracknet-stride-8,static_shuttleset_homography,302,75079,75097,18,[],,165.28,121.36,345.36,120.88,394.72,262.88000000000005,115.75999999999999,263.6,,,,,,,,,,,,,,,,0,0.0,false,,,165.28,121.36,345.36,120.88,394.72,262.88000000000005,115.75999999999999,263.6
21,sset_21/tracknet-stride-8,static_shuttleset_homography,303,75097,75139,42,[],,165.28,121.36,345.36,120.88,394.72,262.88000000000005,115.75999999999999,263.6,,,,,,,,,,,,,,,,0,0.0,false,,,165.28,121.36,345.36,120.88,394.72,262.88000000000005,115.75999999999999,263.6
21,sset_21/tracknet-stride-8,static_shuttleset_homography,304,75139,75232,93,[],,165.28,121.36,345.36,120.88,394.72,262.88000000000005,115.75999999999999,263.6,,,,,,,,,,,,,,,,0,0.0,false,,,165.28,121.36,345.36,120.88,394.72,262.88000000000005,115.75999999999999,263.6
21,sset_21/tracknet-stride-8,static_shuttleset_homography,305,75232,75324,92,[],,165.28,121.36,345.36,120.88,394.72,262.88000000000005,115.75999999999999,263.6,,,,,,,,,,,,,,,,0,0.0,false,,,165.28,121.36,345.36,120.88,394.72,262.88000000000005,115.75999999999999,263.6
21,sset_21/tracknet-stride-8,static_shuttleset_homography,306,75324,75539,215,[],,165.28,121.36,345.36,120.88,394.72,262.88000000000005,115.75999999999999,263.6,,,,,,,,,,,,,,,,22,0.10232558139534884,false,,,165.28,121.36,345.36,120.88,394.72,262.88000000000005,115.75999999999999,263.6
21,sset_21/tracknet-stride-8,static_shuttleset_homography,307,75539,75975,436,[],,165.28,121.36,345.36,120.88,394.72,262.88000000000005,115.75999999999999,263.6,,,,,,,,,,,,,,,,411,0.9426605504587156,true,,,165.28,121.36,345.36,120.88,394.72,262.88000000000005,115.75999999999999,263.6
21,sset_21/tracknet-stride-8,static_shuttleset_homography,308,75975,76199,224,[],,165.28,121.36,345.36,120.88,394.72,262.88000000000005,115.75999999999999,263.6,,,,,,,,,,,,,,,,1,0.004464285714285714,false,,,165.28,121.36,345.36,120.88,394.72,262.88000000000005,115.75999999999999,263.6
21,sset_21/tracknet-stride-8,static_shuttleset_homography,309,76199,76637,438,[],,165.28,121.36,345.36,120.88,394.72,262.88000000000005,115.75999999999999,263.6,,,,,,,,,,,,,,,,240,0.547945205479452,true,,,165.28,121.36,345.36,120.88,394.72,262.88000000000005,115.75999999999999,263.6
21,sset_21/tracknet-stride-8,static_shuttleset_homography,310,76637,76697,60,[],,165.28,121.36,345.36,120.88,394.72,262.88000000000005,115.75999999999999,263.6,,,,,,,,,,,,,,,,0,0.0,false,,,165.28,121.36,345.36,120.88,394.72,262.88000000000005,115.75999999999999,263.6
21,sset_21/tracknet-stride-8,static_shuttleset_homography,311,76697,76806,109,[],,165.28,121.36,345.36,120.88,394.72,262.88000000000005,115.75999999999999,263.6,,,,,,,,,,,,,,,,1,0.009174311926605505,false,,,165.28,121.36,345.36,120.88,394.72,262.88000000000005,115.75999999999999,263.6
21,sset_21/tracknet-stride-8,static_shuttleset_homography,312,76806,77301,495,[],,165.28,121.36,345.36,120.88,394.72,262.88000000000005,115.75999999999999,263.6,,,,,,,,,,,,,,,,64,0.1292929292929293,false,,,165.28,121.36,345.36,120.88,394.72,262.88000000000005,115.75999999999999,263.6
21,sset_21/tracknet-stride-8,static_shuttleset_homography,313,77301,78063,762,[],,165.28,121.36,345.36,120.88,394.72,262.88000000000005,115.75999999999999,263.6,,,,,,,,,,,,,,,,741,0.9724409448818898,true,,,165.28,121.36,345.36,120.88,394.72,262.88000000000005,115.75999999999999,263.6
21,sset_21/tracknet-stride-8,static_shuttleset_homography,314,78063,78264,201,[],,165.28,121.36,345.36,120.88,394.72,262.88000000000005,115.75999999999999,263.6,,,,,,,,,,,,,,,,27,0.13432835820895522,false,,,165.28,121.36,345.36,120.88,394.72,262.88000000000005,115.75999999999999,263.6
21,sset_21/tracknet-stride-8,static_shuttleset_homography,315,78264,78768,504,[],,165.28,121.36,345.36,120.88,394.72,262.88000000000005,115.75999999999999,263.6,,,,,,,,,,,,,,,,40,0.07936507936507936,false,,,165.28,121.36,345.36,120.88,394.72,262.88000000000005,115.75999999999999,263.6
21,sset_21/tracknet-stride-8,static_shuttleset_homography,316,78768,78888,120,[],,165.28,121.36,345.36,120.88,394.72,262.88000000000005,115.75999999999999,263.6,,,,,,,,,,,,,,,,21,0.175,false,,,165.28,121.36,345.36,120.88,394.72,262.88000000000005,115.75999999999999,263.6
21,sset_21/tracknet-stride-8,static_shuttleset_homography,317,78888,79263,375,[],,165.28,121.36,345.36,120.88,394.72,262.88000000000005,115.75999999999999,263.6,,,,,,,,,,,,,,,,145,0.38666666666666666,false,,,165.28,121.36,345.36,120.88,394.72,262.88000000000005,115.75999999999999,263.6
21,sset_21/tracknet-stride-8,static_shuttleset_homography,318,79263,79750,487,[],,165.28,121.36,345.36,120.88,394.72,262.88000000000005,115.75999999999999,263.6,,,,,,,,,,,,,,,,475,0.9753593429158111,true,,,165.28,121.36,345.36,120.88,394.72,262.88000000000005,115.75999999999999,263.6
21,sset_21/tracknet-stride-8,static_shuttleset_homography,319,79750,79947,197,[],,165.28,121.36,345.36,120.88,394.72,262.88000000000005,115.75999999999999,263.6,,,,,,,,,,,,,,,,3,0.015228426395939087,false,,,165.28,121.36,345.36,120.88,394.72,262.88000000000005,115.75999999999999,263.6
21,sset_21/tracknet-stride-8,static_shuttleset_homography,320,79947,80166,219,[],,165.28,121.36,345.36,120.88,394.72,262.88000000000005,115.75999999999999,263.6,,,,,,,,,,,,,,,,33,0.1506849315068493,false,,,165.28,121.36,345.36,120.88,394.72,262.88000000000005,115.75999999999999,263.6
21,sset_21/tracknet-stride-8,static_shuttleset_homography,321,80166,80824,658,[],,165.28,121.36,345.36,120.88,394.72,262.88000000000005,115.75999999999999,263.6,,,,,,,,,,,,,,,,576,0.8753799392097265,true,,,165.28,121.36,345.36,120.88,394.72,262.88000000000005,115.75999999999999,263.6
21,sset_21/tracknet-stride-8,static_shuttleset_homography,322,80824,80993,169,[],,165.28,121.36,345.36,120.88,394.72,262.88000000000005,115.75999999999999,263.6,,,,,,,,,,,,,,,,7,0.04142011834319527,false,,,165.28,121.36,345.36,120.88,394.72,262.88000000000005,115.75999999999999,263.6
21,sset_21/tracknet-stride-8,static_shuttleset_homography,323,80993,81096,103,[],,165.28,121.36,345.36,120.88,394.72,262.88000000000005,115.75999999999999,263.6,,,,,,,,,,,,,,,,7,0.06796116504854369,false,,,165.28,121.36,345.36,120.88,394.72,262.88000000000005,115.75999999999999,263.6
21,sset_21/tracknet-stride-8,static_shuttleset_homography,324,81096,81471,375,[],,165.28,121.36,345.36,120.88,394.72,262.88000000000005,115.75999999999999,263.6,,,,,,,,,,,,,,,,63,0.168,false,,,165.28,121.36,345.36,120.88,394.72,262.88000000000005,115.75999999999999,263.6
21,sset_21/tracknet-stride-8,static_shuttleset_homography,325,81471,82690,1219,[],,165.28,121.36,345.36,120.88,394.72,262.88000000000005,115.75999999999999,263.6,,,,,,,,,,,,,,,,198,0.162428219852338,false,,,165.28,121.36,345.36,120.88,394.72,262.88000000000005,115.75999999999999,263.6
21,sset_21/tracknet-stride-8,static_shuttleset_homography,326,82690,83034,344,[],,165.28,121.36,345.36,120.88,394.72,262.88000000000005,115.75999999999999,263.6,,,,,,,,,,,,,,,,341,0.9912790697674418,true,,,165.28,121.36,345.36,120.88,394.72,262.88000000000005,115.75999999999999,263.6
21,sset_21/tracknet-stride-8,static_shuttleset_homography,327,83034,83083,49,[],,165.28,121.36,345.36,120.88,394.72,262.88000000000005,115.75999999999999,263.6,,,,,,,,,,,,,,,,0,0.0,false,,,165.28,121.36,345.36,120.88,394.72,262.88000000000005,115.75999999999999,263.6
21,sset_21/tracknet-stride-8,static_shuttleset_homography,328,83083,83247,164,[],,165.28,121.36,345.36,120.88,394.72,262.88000000000005,115.75999999999999,263.6,,,,,,,,,,,,,,,,46,0.2804878048780488,false,,,165.28,121.36,345.36,120.88,394.72,262.88000000000005,115.75999999999999,263.6
21,sset_21/tracknet-stride-8,static_shuttleset_homography,329,83247,83513,266,[],,165.28,121.36,345.36,120.88,394.72,262.88000000000005,115.75999999999999,263.6,,,,,,,,,,,,,,,,0,0.0,false,,,165.28,121.36,345.36,120.88,394.72,262.88000000000005,115.75999999999999,263.6
21,sset_21/tracknet-stride-8,static_shuttleset_homography,330,83513,84299,786,[],,165.28,121.36,345.36,120.88,394.72,262.88000000000005,115.75999999999999,263.6,,,,,,,,,,,,,,,,774,0.9847328244274809,true,,,165.28,121.36,345.36,120.88,394.72,262.88000000000005,115.75999999999999,263.6
21,sset_21/tracknet-stride-8,static_shuttleset_homography,331,84299,84414,115,[],,165.28,121.36,345.36,120.88,394.72,262.88000000000005,115.75999999999999,263.6,,,,,,,,,,,,,,,,9,0.0782608695652174,false,,,165.28,121.36,345.36,120.88,394.72,262.88000000000005,115.75999999999999,263.6
21,sset_21/tracknet-stride-8,static_shuttleset_homography,332,84414,84647,233,[],,165.28,121.36,345.36,120.88,394.72,262.88000000000005,115.75999999999999,263.6,,,,,,,,,,,,,,,,0,0.0,false,,,165.28,121.36,345.36,120.88,394.72,262.88000000000005,115.75999999999999,263.6
21,sset_21/tracknet-stride-8,static_shuttleset_homography,333,84647,85132,485,[],,165.28,121.36,345.36,120.88,394.72,262.88000000000005,115.75999999999999,263.6,,,,,,,,,,,,,,,,446,0.9195876288659793,true,,,165.28,121.36,345.36,120.88,394.72,262.88000000000005,115.75999999999999,263.6
21,sset_21/tracknet-stride-8,static_shuttleset_homography,334,85132,85342,210,[],,165.28,121.36,345.36,120.88,394.72,262.88000000000005,115.75999999999999,263.6,,,,,,,,,,,,,,,,0,0.0,false,,,165.28,121.36,345.36,120.88,394.72,262.88000000000005,115.75999999999999,263.6
21,sset_21/tracknet-stride-8,static_shuttleset_homography,335,85342,85391,49,[],,165.28,121.36,345.36,120.88,394.72,262.88000000000005,115.75999999999999,263.6,,,,,,,,,,,,,,,,14,0.2857142857142857,false,,,165.28,121.36,345.36,120.88,394.72,262.88000000000005,115.75999999999999,263.6
21,sset_21/tracknet-stride-8,static_shuttleset_homography,336,85391,85565,174,[],,165.28,121.36,345.36,120.88,394.72,262.88000000000005,115.75999999999999,263.6,,,,,,,,,,,,,,,,36,0.20689655172413793,false,,,165.28,121.36,345.36,120.88,394.72,262.88000000000005,115.75999999999999,263.6
21,sset_21/tracknet-stride-8,static_shuttleset_homography,337,85565,86028,463,[],,165.28,121.36,345.36,120.88,394.72,262.88000000000005,115.75999999999999,263.6,,,,,,,,,,,,,,,,450,0.9719222462203023,true,,,165.28,121.36,345.36,120.88,394.72,262.88000000000005,115.75999999999999,263.6
21,sset_21/tracknet-stride-8,static_shuttleset_homography,338,86028,86113,85,[],,165.28,121.36,345.36,120.88,394.72,262.88000000000005,115.75999999999999,263.6,,,,,,,,,,,,,,,,9,0.10588235294117647,false,,,165.28,121.36,345.36,120.88,394.72,262.88000000000005,115.75999999999999,263.6
21,sset_21/tracknet-stride-8,static_shuttleset_homography,339,86113,86149,36,[],,165.28,121.36,345.36,120.88,394.72,262.88000000000005,115.75999999999999,263.6,,,,,,,,,,,,,,,,1,0.027777777777777776,false,,,165.28,121.36,345.36,120.88,394.72,262.88000000000005,115.75999999999999,263.6
21,sset_21/tracknet-stride-8,static_shuttleset_homography,340,86149,86268,119,[],,165.28,121.36,345.36,120.88,394.72,262.88000000000005,115.75999999999999,263.6,,,,,,,,,,,,,,,,28,0.23529411764705882,false,,,165.28,121.36,345.36,120.88,394.72,262.88000000000005,115.75999999999999,263.6
21,sset_21/tracknet-stride-8,static_shuttleset_homography,341,86268,86506,238,[],,165.28,121.36,345.36,120.88,394.72,262.88000000000005,115.75999999999999,263.6,,,,,,,,,,,,,,,,83,0.3487394957983193,false,,,165.28,121.36,345.36,120.88,394.72,262.88000000000005,115.75999999999999,263.6
21,sset_21/tracknet-stride-8,static_shuttleset_homography,342,86506,86542,36,[],,165.28,121.36,345.36,120.88,394.72,262.88000000000005,115.75999999999999,263.6,,,,,,,,,,,,,,,,0,0.0,false,,,165.28,121.36,345.36,120.88,394.72,262.88000000000005,115.75999999999999,263.6
21,sset_21/tracknet-stride-8,static_shuttleset_homography,343,86542,86935,393,[],,165.28,121.36,345.36,120.88,394.72,262.88000000000005,115.75999999999999,263.6,,,,,,,,,,,,,,,,373,0.9491094147582697,true,,,165.28,121.36,345.36,120.88,394.72,262.88000000000005,115.75999999999999,263.6
21,sset_21/tracknet-stride-8,static_shuttleset_homography,344,86935,87046,111,[],,165.28,121.36,345.36,120.88,394.72,262.88000000000005,115.75999999999999,263.6,,,,,,,,,,,,,,,,5,0.04504504504504504,false,,,165.28,121.36,345.36,120.88,394.72,262.88000000000005,115.75999999999999,263.6
21,sset_21/tracknet-stride-8,static_shuttleset_homography,345,87046,87280,234,[],,165.28,121.36,345.36,120.88,394.72,262.88000000000005,115.75999999999999,263.6,,,,,,,,,,,,,,,,101,0.43162393162393164,false,,,165.28,121.36,345.36,120.88,394.72,262.88000000000005,115.75999999999999,263.6
21,sset_21/tracknet-stride-8,static_shuttleset_homography,346,87280,87358,78,[],,165.28,121.36,345.36,120.88,394.72,262.88000000000005,115.75999999999999,263.6,,,,,,,,,,,,,,,,5,0.0641025641025641,false,,,165.28,121.36,345.36,120.88,394.72,262.88000000000005,115.75999999999999,263.6
21,sset_21/tracknet-stride-8,static_shuttleset_homography,347,87358,87723,365,[],,165.28,121.36,345.36,120.88,394.72,262.88000000000005,115.75999999999999,263.6,,,,,,,,,,,,,,,,21,0.057534246575342465,false,,,165.28,121.36,345.36,120.88,394.72,262.88000000000005,115.75999999999999,263.6
21,sset_21/tracknet-stride-8,static_shuttleset_homography,348,87723,87976,253,[],,165.28,121.36,345.36,120.88,394.72,262.88000000000005,115.75999999999999,263.6,,,,,,,,,,,,,,,,242,0.9565217391304348,true,,,165.28,121.36,345.36,120.88,394.72,262.88000000000005,115.75999999999999,263.6
21,sset_21/tracknet-stride-8,static_shuttleset_homography,349,87976,88180,204,[],,165.28,121.36,345.36,120.88,394.72,262.88000000000005,115.75999999999999,263.6,,,,,,,,,,,,,,,,0,0.0,false,,,165.28,121.36,345.36,120.88,394.72,262.88000000000005,115.75999999999999,263.6
21,sset_21/tracknet-stride-8,static_shuttleset_homography,350,88180,88210,30,[],,165.28,121.36,345.36,120.88,394.72,262.88000000000005,115.75999999999999,263.6,,,,,,,,,,,,,,,,0,0.0,false,,,165.28,121.36,345.36,120.88,394.72,262.88000000000005,115.75999999999999,263.6
21,sset_21/tracknet-stride-8,static_shuttleset_homography,351,88210,88521,311,[],,165.28,121.36,345.36,120.88,394.72,262.88000000000005,115.75999999999999,263.6,,,,,,,,,,,,,,,,127,0.40836012861736337,false,,,165.28,121.36,345.36,120.88,394.72,262.88000000000005,115.75999999999999,263.6
21,sset_21/tracknet-stride-8,static_shuttleset_homography,352,88521,89148,627,[],,165.28,121.36,345.36,120.88,394.72,262.88000000000005,115.75999999999999,263.6,,,,,,,,,,,,,,,,591,0.9425837320574163,true,,,165.28,121.36,345.36,120.88,394.72,262.88000000000005,115.75999999999999,263.6
21,sset_21/tracknet-stride-8,static_shuttleset_homography,353,89148,89303,155,[],,165.28,121.36,345.36,120.88,394.72,262.88000000000005,115.75999999999999,263.6,,,,,,,,,,,,,,,,85,0.5483870967741935,true,,,165.28,121.36,345.36,120.88,394.72,262.88000000000005,115.75999999999999,263.6
21,sset_21/tracknet-stride-8,static_shuttleset_homography,354,89303,89553,250,[],,165.28,121.36,345.36,120.88,394.72,262.88000000000005,115.75999999999999,263.6,,,,,,,,,,,,,,,,76,0.304,false,,,165.28,121.36,345.36,120.88,394.72,262.88000000000005,115.75999999999999,263.6
21,sset_21/tracknet-stride-8,static_shuttleset_homography,355,89553,90211,658,[],,165.28,121.36,345.36,120.88,394.72,262.88000000000005,115.75999999999999,263.6,,,,,,,,,,,,,,,,655,0.9954407294832827,true,,,165.28,121.36,345.36,120.88,394.72,262.88000000000005,115.75999999999999,263.6
21,sset_21/tracknet-stride-8,static_shuttleset_homography,356,90211,90263,52,[],,165.28,121.36,345.36,120.88,394.72,262.88000000000005,115.75999999999999,263.6,,,,,,,,,,,,,,,,3,0.057692307692307696,false,,,165.28,121.36,345.36,120.88,394.72,262.88000000000005,115.75999999999999,263.6
21,sset_21/tracknet-stride-8,static_shuttleset_homography,357,90263,90297,34,[],,165.28,121.36,345.36,120.88,394.72,262.88000000000005,115.75999999999999,263.6,,,,,,,,,,,,,,,,1,0.029411764705882353,false,,,165.28,121.36,345.36,120.88,394.72,262.88000000000005,115.75999999999999,263.6
21,sset_21/tracknet-stride-8,static_shuttleset_homography,358,90297,90337,40,[],,165.28,121.36,345.36,120.88,394.72,262.88000000000005,115.75999999999999,263.6,,,,,,,,,,,,,,,,0,0.0,false,,,165.28,121.36,345.36,120.88,394.72,262.88000000000005,115.75999999999999,263.6
21,sset_21/tracknet-stride-8,static_shuttleset_homography,359,90337,90501,164,[],,165.28,121.36,345.36,120.88,394.72,262.88000000000005,115.75999999999999,263.6,,,,,,,,,,,,,,,,0,0.0,false,,,165.28,121.36,345.36,120.88,394.72,262.88000000000005,115.75999999999999,263.6
21,sset_21/tracknet-stride-8,static_shuttleset_homography,360,90501,90667,166,[],,165.28,121.36,345.36,120.88,394.72,262.88000000000005,115.75999999999999,263.6,,,,,,,,,,,,,,,,0,0.0,false,,,165.28,121.36,345.36,120.88,394.72,262.88000000000005,115.75999999999999,263.6
21,sset_21/tracknet-stride-8,static_shuttleset_homography,361,90667,90780,113,[],,165.28,121.36,345.36,120.88,394.72,262.88000000000005,115.75999999999999,263.6,,,,,,,,,,,,,,,,0,0.0,false,,,165.28,121.36,345.36,120.88,394.72,262.88000000000005,115.75999999999999,263.6
21,sset_21/tracknet-stride-8,static_shuttleset_homography,362,90780,90796,16,[],,165.28,121.36,345.36,120.88,394.72,262.88000000000005,115.75999999999999,263.6,,,,,,,,,,,,,,,,0,0.0,false,,,165.28,121.36,345.36,120.88,394.72,262.88000000000005,115.75999999999999,263.6
21,sset_21/tracknet-stride-8,static_shuttleset_homography,363,90796,90827,31,[],,165.28,121.36,345.36,120.88,394.72,262.88000000000005,115.75999999999999,263.6,,,,,,,,,,,,,,,,0,0.0,false,,,165.28,121.36,345.36,120.88,394.72,262.88000000000005,115.75999999999999,263.6
21,sset_21/tracknet-stride-8,static_shuttleset_homography,364,90827,90994,167,[],,165.28,121.36,345.36,120.88,394.72,262.88000000000005,115.75999999999999,263.6,,,,,,,,,,,,,,,,167,1.0,true,,,165.28,121.36,345.36,120.88,394.72,262.88000000000005,115.75999999999999,263.6
21,sset_21/tracknet-stride-8,static_shuttleset_homography,365,90994,91048,54,[],,165.28,121.36,345.36,120.88,394.72,262.88000000000005,115.75999999999999,263.6,,,,,,,,,,,,,,,,3,0.05555555555555555,false,,,165.28,121.36,345.36,120.88,394.72,262.88000000000005,115.75999999999999,263.6
21,sset_21/tracknet-stride-8,static_shuttleset_homography,366,91048,91066,18,[],,165.28,121.36,345.36,120.88,394.72,262.88000000000005,115.75999999999999,263.6,,,,,,,,,,,,,,,,0,0.0,false,,,165.28,121.36,345.36,120.88,394.72,262.88000000000005,115.75999999999999,263.6
21,sset_21/tracknet-stride-8,static_shuttleset_homography,367,91066,91200,134,[],,165.28,121.36,345.36,120.88,394.72,262.88000000000005,115.75999999999999,263.6,,,,,,,,,,,,,,,,18,0.13432835820895522,false,,,165.28,121.36,345.36,120.88,394.72,262.88000000000005,115.75999999999999,263.6
21,sset_21/tracknet-stride-8,static_shuttleset_homography,368,91200,91534,334,[],,165.28,121.36,345.36,120.88,394.72,262.88000000000005,115.75999999999999,263.6,,,,,,,,,,,,,,,,1,0.0029940119760479044,false,,,165.28,121.36,345.36,120.88,394.72,262.88000000000005,115.75999999999999,263.6
21,sset_21/tracknet-stride-8,static_shuttleset_homography,369,91534,91721,187,[],,165.28,121.36,345.36,120.88,394.72,262.88000000000005,115.75999999999999,263.6,,,,,,,,,,,,,,,,183,0.9786096256684492,true,,,165.28,121.36,345.36,120.88,394.72,262.88000000000005,115.75999999999999,263.6
21,sset_21/tracknet-stride-8,static_shuttleset_homography,370,91721,91861,140,[],,165.28,121.36,345.36,120.88,394.72,262.88000000000005,115.75999999999999,263.6,,,,,,,,,,,,,,,,11,0.07857142857142857,false,,,165.28,121.36,345.36,120.88,394.72,262.88000000000005,115.75999999999999,263.6
21,sset_21/tracknet-stride-8,static_shuttleset_homography,371,91861,92602,741,[],,165.28,121.36,345.36,120.88,394.72,262.88000000000005,115.75999999999999,263.6,,,,,,,,,,,,,,,,466,0.6288798920377868,true,,,165.28,121.36,345.36,120.88,394.72,262.88000000000005,115.75999999999999,263.6
21,sset_21/tracknet-stride-8,static_shuttleset_homography,372,92602,92687,85,[],,165.28,121.36,345.36,120.88,394.72,262.88000000000005,115.75999999999999,263.6,,,,,,,,,,,,,,,,21,0.24705882352941178,false,,,165.28,121.36,345.36,120.88,394.72,262.88000000000005,115.75999999999999,263.6
21,sset_21/tracknet-stride-8,static_shuttleset_homography,373,92687,92704,17,[],,165.28,121.36,345.36,120.88,394.72,262.88000000000005,115.75999999999999,263.6,,,,,,,,,,,,,,,,0,0.0,false,,,165.28,121.36,345.36,120.88,394.72,262.88000000000005,115.75999999999999,263.6
21,sset_21/tracknet-stride-8,static_shuttleset_homography,374,92704,92981,277,[],,165.28,121.36,345.36,120.88,394.72,262.88000000000005,115.75999999999999,263.6,,,,,,,,,,,,,,,,10,0.036101083032490974,false,,,165.28,121.36,345.36,120.88,394.72,262.88000000000005,115.75999999999999,263.6
21,sset_21/tracknet-stride-8,static_shuttleset_homography,375,92981,93306,325,[],,165.28,121.36,345.36,120.88,394.72,262.88000000000005,115.75999999999999,263.6,,,,,,,,,,,,,,,,321,0.9876923076923076,true,,,165.28,121.36,345.36,120.88,394.72,262.88000000000005,115.75999999999999,263.6
21,sset_21/tracknet-stride-8,static_shuttleset_homography,376,93306,93371,65,[],,165.28,121.36,345.36,120.88,394.72,262.88000000000005,115.75999999999999,263.6,,,,,,,,,,,,,,,,11,0.16923076923076924,false,,,165.28,121.36,345.36,120.88,394.72,262.88000000000005,115.75999999999999,263.6
21,sset_21/tracknet-stride-8,static_shuttleset_homography,377,93371,93406,35,[],,165.28,121.36,345.36,120.88,394.72,262.88000000000005,115.75999999999999,263.6,,,,,,,,,,,,,,,,7,0.2,false,,,165.28,121.36,345.36,120.88,394.72,262.88000000000005,115.75999999999999,263.6
21,sset_21/tracknet-stride-8,static_shuttleset_homography,378,93406,93581,175,[],,165.28,121.36,345.36,120.88,394.72,262.88000000000005,115.75999999999999,263.6,,,,,,,,,,,,,,,,17,0.09714285714285714,false,,,165.28,121.36,345.36,120.88,394.72,262.88000000000005,115.75999999999999,263.6
21,sset_21/tracknet-stride-8,static_shuttleset_homography,379,93581,93669,88,[],,165.28,121.36,345.36,120.88,394.72,262.88000000000005,115.75999999999999,263.6,,,,,,,,,,,,,,,,16,0.18181818181818182,false,,,165.28,121.36,345.36,120.88,394.72,262.88000000000005,115.75999999999999,263.6
21,sset_21/tracknet-stride-8,static_shuttleset_homography,380,93669,93802,133,[],,165.28,121.36,345.36,120.88,394.72,262.88000000000005,115.75999999999999,263.6,,,,,,,,,,,,,,,,54,0.40601503759398494,false,,,165.28,121.36,345.36,120.88,394.72,262.88000000000005,115.75999999999999,263.6
21,sset_21/tracknet-stride-8,static_shuttleset_homography,381,93802,94023,221,[],,165.28,121.36,345.36,120.88,394.72,262.88000000000005,115.75999999999999,263.6,,,,,,,,,,,,,,,,76,0.3438914027149321,false,,,165.28,121.36,345.36,120.88,394.72,262.88000000000005,115.75999999999999,263.6
21,sset_21/tracknet-stride-8,static_shuttleset_homography,382,94023,94173,150,[],,165.28,121.36,345.36,120.88,394.72,262.88000000000005,115.75999999999999,263.6,,,,,,,,,,,,,,,,3,0.02,false,,,165.28,121.36,345.36,120.88,394.72,262.88000000000005,115.75999999999999,263.6
21,sset_21/tracknet-stride-8,static_shuttleset_homography,383,94173,94554,381,[],,165.28,121.36,345.36,120.88,394.72,262.88000000000005,115.75999999999999,263.6,,,,,,,,,,,,,,,,133,0.34908136482939633,false,,,165.28,121.36,345.36,120.88,394.72,262.88000000000005,115.75999999999999,263.6
21,sset_21/tracknet-stride-8,static_shuttleset_homography,384,94554,94879,325,[],,165.28,121.36,345.36,120.88,394.72,262.88000000000005,115.75999999999999,263.6,,,,,,,,,,,,,,,,112,0.3446153846153846,false,,,165.28,121.36,345.36,120.88,394.72,262.88000000000005,115.75999999999999,263.6
21,sset_21/tracknet-stride-8,static_shuttleset_homography,385,94879,94942,63,[],,165.28,121.36,345.36,120.88,394.72,262.88000000000005,115.75999999999999,263.6,,,,,,,,,,,,,,,,2,0.031746031746031744,false,,,165.28,121.36,345.36,120.88,394.72,262.88000000000005,115.75999999999999,263.6
21,sset_21/tracknet-stride-8,static_shuttleset_homography,386,94942,95007,65,[],,165.28,121.36,345.36,120.88,394.72,262.88000000000005,115.75999999999999,263.6,,,,,,,,,,,,,,,,0,0.0,false,,,165.28,121.36,345.36,120.88,394.72,262.88000000000005,115.75999999999999,263.6
21,sset_21/tracknet-stride-8,static_shuttleset_homography,387,95007,95033,26,[],,165.28,121.36,345.36,120.88,394.72,262.88000000000005,115.75999999999999,263.6,,,,,,,,,,,,,,,,0,0.0,false,,,165.28,121.36,345.36,120.88,394.72,262.88000000000005,115.75999999999999,263.6
21,sset_21/tracknet-stride-8,static_shuttleset_homography,388,95033,95175,142,[],,165.28,121.36,345.36,120.88,394.72,262.88000000000005,115.75999999999999,263.6,,,,,,,,,,,,,,,,30,0.2112676056338028,false,,,165.28,121.36,345.36,120.88,394.72,262.88000000000005,115.75999999999999,263.6
21,sset_21/tracknet-stride-8,static_shuttleset_homography,389,95175,95239,64,[],,165.28,121.36,345.36,120.88,394.72,262.88000000000005,115.75999999999999,263.6,,,,,,,,,,,,,,,,21,0.328125,false,,,165.28,121.36,345.36,120.88,394.72,262.88000000000005,115.75999999999999,263.6
21,sset_21/tracknet-stride-8,static_shuttleset_homography,390,95239,95259,20,[],,165.28,121.36,345.36,120.88,394.72,262.88000000000005,115.75999999999999,263.6,,,,,,,,,,,,,,,,1,0.05,false,,,165.28,121.36,345.36,120.88,394.72,262.88000000000005,115.75999999999999,263.6
21,sset_21/tracknet-stride-8,static_shuttleset_homography,391,95259,95317,58,[],,165.28,121.36,345.36,120.88,394.72,262.88000000000005,115.75999999999999,263.6,,,,,,,,,,,,,,,,9,0.15517241379310345,false,,,165.28,121.36,345.36,120.88,394.72,262.88000000000005,115.75999999999999,263.6
21,sset_21/tracknet-stride-8,static_shuttleset_homography,392,95317,95387,70,[],,165.28,121.36,345.36,120.88,394.72,262.88000000000005,115.75999999999999,263.6,,,,,,,,,,,,,,,,7,0.1,false,,,165.28,121.36,345.36,120.88,394.72,262.88000000000005,115.75999999999999,263.6
21,sset_21/tracknet-stride-8,static_shuttleset_homography,393,95387,95423,36,[],,165.28,121.36,345.36,120.88,394.72,262.88000000000005,115.75999999999999,263.6,,,,,,,,,,,,,,,,11,0.3055555555555556,false,,,165.28,121.36,345.36,120.88,394.72,262.88000000000005,115.75999999999999,263.6
21,sset_21/tracknet-stride-8,static_shuttleset_homography,394,95423,95442,19,[],,165.28,121.36,345.36,120.88,394.72,262.88000000000005,115.75999999999999,263.6,,,,,,,,,,,,,,,,0,0.0,false,,,165.28,121.36,345.36,120.88,394.72,262.88000000000005,115.75999999999999,263.6
21,sset_21/tracknet-stride-8,static_shuttleset_homography,395,95442,95507,65,[],,165.28,121.36,345.36,120.88,394.72,262.88000000000005,115.75999999999999,263.6,,,,,,,,,,,,,,,,27,0.4153846153846154,false,,,165.28,121.36,345.36,120.88,394.72,262.88000000000005,115.75999999999999,263.6
21,sset_21/tracknet-stride-8,static_shuttleset_homography,396,95507,95524,17,[],,165.28,121.36,345.36,120.88,394.72,262.88000000000005,115.75999999999999,263.6,,,,,,,,,,,,,,,,0,0.0,false,,,165.28,121.36,345.36,120.88,394.72,262.88000000000005,115.75999999999999,263.6
21,sset_21/tracknet-stride-8,static_shuttleset_homography,397,95524,95584,60,[],,165.28,121.36,345.36,120.88,394.72,262.88000000000005,115.75999999999999,263.6,,,,,,,,,,,,,,,,0,0.0,false,,,165.28,121.36,345.36,120.88,394.72,262.88000000000005,115.75999999999999,263.6
21,sset_21/tracknet-stride-8,static_shuttleset_homography,398,95584,95601,17,[],,165.28,121.36,345.36,120.88,394.72,262.88000000000005,115.75999999999999,263.6,,,,,,,,,,,,,,,,0,0.0,false,,,165.28,121.36,345.36,120.88,394.72,262.88000000000005,115.75999999999999,263.6
21,sset_21/tracknet-stride-8,static_shuttleset_homography,399,95601,95668,67,[],,165.28,121.36,345.36,120.88,394.72,262.88000000000005,115.75999999999999,263.6,,,,,,,,,,,,,,,,0,0.0,false,,,165.28,121.36,345.36,120.88,394.72,262.88000000000005,115.75999999999999,263.6
21,sset_21/tracknet-stride-8,static_shuttleset_homography,400,95668,95727,59,[],,165.28,121.36,345.36,120.88,394.72,262.88000000000005,115.75999999999999,263.6,,,,,,,,,,,,,,,,0,0.0,false,,,165.28,121.36,345.36,120.88,394.72,262.88000000000005,115.75999999999999,263.6
21,sset_21/tracknet-stride-8,static_shuttleset_homography,401,95727,95892,165,[],,165.28,121.36,345.36,120.88,394.72,262.88000000000005,115.75999999999999,263.6,,,,,,,,,,,,,,,,89,0.5393939393939394,true,,,165.28,121.36,345.36,120.88,394.72,262.88000000000005,115.75999999999999,263.6
21,sset_21/tracknet-stride-8,static_shuttleset_homography,402,95892,95947,55,[],,165.28,121.36,345.36,120.88,394.72,262.88000000000005,115.75999999999999,263.6,,,,,,,,,,,,,,,,5,0.09090909090909091,false,,,165.28,121.36,345.36,120.88,394.72,262.88000000000005,115.75999999999999,263.6
21,sset_21/tracknet-stride-8,static_shuttleset_homography,403,95947,95979,32,[],,165.28,121.36,345.36,120.88,394.72,262.88000000000005,115.75999999999999,263.6,,,,,,,,,,,,,,,,3,0.09375,false,,,165.28,121.36,345.36,120.88,394.72,262.88000000000005,115.75999999999999,263.6
21,sset_21/tracknet-stride-8,static_shuttleset_homography,404,95979,96036,57,[],,165.28,121.36,345.36,120.88,394.72,262.88000000000005,115.75999999999999,263.6,,,,,,,,,,,,,,,,16,0.2807017543859649,false,,,165.28,121.36,345.36,120.88,394.72,262.88000000000005,115.75999999999999,263.6
21,sset_21/tracknet-stride-8,static_shuttleset_homography,405,96036,96065,29,[],,165.28,121.36,345.36,120.88,394.72,262.88000000000005,115.75999999999999,263.6,,,,,,,,,,,,,,,,5,0.1724137931034483,false,,,165.28,121.36,345.36,120.88,394.72,262.88000000000005,115.75999999999999,263.6
21,sset_21/tracknet-stride-8,static_shuttleset_homography,406,96065,96171,106,[],,165.28,121.36,345.36,120.88,394.72,262.88000000000005,115.75999999999999,263.6,,,,,,,,,,,,,,,,13,0.12264150943396226,false,,,165.28,121.36,345.36,120.88,394.72,262.88000000000005,115.75999999999999,263.6
21,sset_21/tracknet-stride-8,static_shuttleset_homography,407,96171,96209,38,[],,165.28,121.36,345.36,120.88,394.72,262.88000000000005,115.75999999999999,263.6,,,,,,,,,,,,,,,,23,0.6052631578947368,true,,,165.28,121.36,345.36,120.88,394.72,262.88000000000005,115.75999999999999,263.6
21,sset_21/tracknet-stride-8,static_shuttleset_homography,408,96209,96234,25,[],,165.28,121.36,345.36,120.88,394.72,262.88000000000005,115.75999999999999,263.6,,,,,,,,,,,,,,,,0,0.0,false,,,165.28,121.36,345.36,120.88,394.72,262.88000000000005,115.75999999999999,263.6
21,sset_21/tracknet-stride-8,static_shuttleset_homography,409,96234,96252,18,[],,165.28,121.36,345.36,120.88,394.72,262.88000000000005,115.75999999999999,263.6,,,,,,,,,,,,,,,,0,0.0,false,,,165.28,121.36,345.36,120.88,394.72,262.88000000000005,115.75999999999999,263.6
21,sset_21/tracknet-stride-8,static_shuttleset_homography,410,96252,96269,17,[],,165.28,121.36,345.36,120.88,394.72,262.88000000000005,115.75999999999999,263.6,,,,,,,,,,,,,,,,0,0.0,false,,,165.28,121.36,345.36,120.88,394.72,262.88000000000005,115.75999999999999,263.6
21,sset_21/tracknet-stride-8,static_shuttleset_homography,411,96269,96441,172,[],,165.28,121.36,345.36,120.88,394.72,262.88000000000005,115.75999999999999,263.6,,,,,,,,,,,,,,,,90,0.5232558139534884,true,,,165.28,121.36,345.36,120.88,394.72,262.88000000000005,115.75999999999999,263.6
21,sset_21/tracknet-stride-8,static_shuttleset_homography,412,96441,96687,246,[],,165.28,121.36,345.36,120.88,394.72,262.88000000000005,115.75999999999999,263.6,,,,,,,,,,,,,,,,86,0.34959349593495936,false,,,165.28,121.36,345.36,120.88,394.72,262.88000000000005,115.75999999999999,263.6
21,sset_21/tracknet-stride-8,static_shuttleset_homography,413,96687,96736,49,[],,165.28,121.36,345.36,120.88,394.72,262.88000000000005,115.75999999999999,263.6,,,,,,,,,,,,,,,,20,0.40816326530612246,false,,,165.28,121.36,345.36,120.88,394.72,262.88000000000005,115.75999999999999,263.6
21,sset_21/tracknet-stride-8,static_shuttleset_homography,414,96736,96755,19,[],,165.28,121.36,345.36,120.88,394.72,262.88000000000005,115.75999999999999,263.6,,,,,,,,,,,,,,,,12,0.631578947368421,true,,,165.28,121.36,345.36,120.88,394.72,262.88000000000005,115.75999999999999,263.6
21,sset_21/tracknet-stride-8,static_shuttleset_homography,415,96755,96967,212,[],,165.28,121.36,345.36,120.88,394.72,262.88000000000005,115.75999999999999,263.6,,,,,,,,,,,,,,,,64,0.3018867924528302,false,,,165.28,121.36,345.36,120.88,394.72,262.88000000000005,115.75999999999999,263.6
21,sset_21/tracknet-stride-8,static_shuttleset_homography,416,96967,96996,29,[],,165.28,121.36,345.36,120.88,394.72,262.88000000000005,115.75999999999999,263.6,,,,,,,,,,,,,,,,0,0.0,false,,,165.28,121.36,345.36,120.88,394.72,262.88000000000005,115.75999999999999,263.6
21,sset_21/tracknet-stride-8,static_shuttleset_homography,417,96996,97021,25,[],,165.28,121.36,345.36,120.88,394.72,262.88000000000005,115.75999999999999,263.6,,,,,,,,,,,,,,,,5,0.2,false,,,165.28,121.36,345.36,120.88,394.72,262.88000000000005,115.75999999999999,263.6
21,sset_21/tracknet-stride-8,static_shuttleset_homography,418,97021,97044,23,[],,165.28,121.36,345.36,120.88,394.72,262.88000000000005,115.75999999999999,263.6,,,,,,,,,,,,,,,,0,0.0,false,,,165.28,121.36,345.36,120.88,394.72,262.88000000000005,115.75999999999999,263.6
21,sset_21/tracknet-stride-8,static_shuttleset_homography,419,97044,97141,97,[],,165.28,121.36,345.36,120.88,394.72,262.88000000000005,115.75999999999999,263.6,,,,,,,,,,,,,,,,26,0.26804123711340205,false,,,165.28,121.36,345.36,120.88,394.72,262.88000000000005,115.75999999999999,263.6
21,sset_21/tracknet-stride-8,static_shuttleset_homography,420,97141,97181,40,[],,165.28,121.36,345.36,120.88,394.72,262.88000000000005,115.75999999999999,263.6,,,,,,,,,,,,,,,,21,0.525,true,,,165.28,121.36,345.36,120.88,394.72,262.88000000000005,115.75999999999999,263.6
21,sset_21/tracknet-stride-8,static_shuttleset_homography,421,97181,97235,54,[],,165.28,121.36,345.36,120.88,394.72,262.88000000000005,115.75999999999999,263.6,,,,,,,,,,,,,,,,14,0.25925925925925924,false,,,165.28,121.36,345.36,120.88,394.72,262.88000000000005,115.75999999999999,263.6
21,sset_21/tracknet-stride-8,static_shuttleset_homography,422,97235,97260,25,[],,165.28,121.36,345.36,120.88,394.72,262.88000000000005,115.75999999999999,263.6,,,,,,,,,,,,,,,,2,0.08,false,,,165.28,121.36,345.36,120.88,394.72,262.88000000000005,115.75999999999999,263.6
21,sset_21/tracknet-stride-8,static_shuttleset_homography,423,97260,97313,53,[],,165.28,121.36,345.36,120.88,394.72,262.88000000000005,115.75999999999999,263.6,,,,,,,,,,,,,,,,8,0.1509433962264151,false,,,165.28,121.36,345.36,120.88,394.72,262.88000000000005,115.75999999999999,263.6
21,sset_21/tracknet-stride-8,static_shuttleset_homography,424,97313,97345,32,[],,165.28,121.36,345.36,120.88,394.72,262.88000000000005,115.75999999999999,263.6,,,,,,,,,,,,,,,,3,0.09375,false,,,165.28,121.36,345.36,120.88,394.72,262.88000000000005,115.75999999999999,263.6
21,sset_21/tracknet-stride-8,static_shuttleset_homography,425,97345,97365,20,[],,165.28,121.36,345.36,120.88,394.72,262.88000000000005,115.75999999999999,263.6,,,,,,,,,,,,,,,,7,0.35,false,,,165.28,121.36,345.36,120.88,394.72,262.88000000000005,115.75999999999999,263.6
21,sset_21/tracknet-stride-8,static_shuttleset_homography,426,97365,97396,31,[],,165.28,121.36,345.36,120.88,394.72,262.88000000000005,115.75999999999999,263.6,,,,,,,,,,,,,,,,1,0.03225806451612903,false,,,165.28,121.36,345.36,120.88,394.72,262.88000000000005,115.75999999999999,263.6
21,sset_21/tracknet-stride-8,static_shuttleset_homography,427,97396,97444,48,[],,165.28,121.36,345.36,120.88,394.72,262.88000000000005,115.75999999999999,263.6,,,,,,,,,,,,,,,,0,0.0,false,,,165.28,121.36,345.36,120.88,394.72,262.88000000000005,115.75999999999999,263.6
21,sset_21/tracknet-stride-8,static_shuttleset_homography,428,97444,97482,38,[],,165.28,121.36,345.36,120.88,394.72,262.88000000000005,115.75999999999999,263.6,,,,,,,,,,,,,,,,0,0.0,false,,,165.28,121.36,345.36,120.88,394.72,262.88000000000005,115.75999999999999,263.6
21,sset_21/tracknet-stride-8,static_shuttleset_homography,429,97482,97499,17,[],,165.28,121.36,345.36,120.88,394.72,262.88000000000005,115.75999999999999,263.6,,,,,,,,,,,,,,,,0,0.0,false,,,165.28,121.36,345.36,120.88,394.72,262.88000000000005,115.75999999999999,263.6
21,sset_21/tracknet-stride-8,static_shuttleset_homography,430,97499,98052,553,[],,165.28,121.36,345.36,120.88,394.72,262.88000000000005,115.75999999999999,263.6,,,,,,,,,,,,,,,,265,0.47920433996383366,false,,,165.28,121.36,345.36,120.88,394.72,262.88000000000005,115.75999999999999,263.6
21,sset_21/tracknet-stride-8,static_shuttleset_homography,431,98052,98134,82,[],,165.28,121.36,345.36,120.88,394.72,262.88000000000005,115.75999999999999,263.6,,,,,,,,,,,,,,,,0,0.0,false,,,165.28,121.36,345.36,120.88,394.72,262.88000000000005,115.75999999999999,263.6
21,sset_21/tracknet-stride-8,static_shuttleset_homography,432,98134,98176,42,[],,165.28,121.36,345.36,120.88,394.72,262.88000000000005,115.75999999999999,263.6,,,,,,,,,,,,,,,,0,0.0,false,,,165.28,121.36,345.36,120.88,394.72,262.88000000000005,115.75999999999999,263.6
21,sset_21/tracknet-stride-8,static_shuttleset_homography,433,98176,98238,62,[],,165.28,121.36,345.36,120.88,394.72,262.88000000000005,115.75999999999999,263.6,,,,,,,,,,,,,,,,0,0.0,false,,,165.28,121.36,345.36,120.88,394.72,262.88000000000005,115.75999999999999,263.6
21,sset_21/tracknet-stride-8,static_shuttleset_homography,434,98238,98262,24,[],,165.28,121.36,345.36,120.88,394.72,262.88000000000005,115.75999999999999,263.6,,,,,,,,,,,,,,,,11,0.4583333333333333,false,,,165.28,121.36,345.36,120.88,394.72,262.88000000000005,115.75999999999999,263.6
21,sset_21/tracknet-stride-8,static_shuttleset_homography,435,98262,98323,61,[],,165.28,121.36,345.36,120.88,394.72,262.88000000000005,115.75999999999999,263.6,,,,,,,,,,,,,,,,0,0.0,false,,,165.28,121.36,345.36,120.88,394.72,262.88000000000005,115.75999999999999,263.6
21,sset_21/tracknet-stride-8,static_shuttleset_homography,436,98323,98339,16,[],,165.28,121.36,345.36,120.88,394.72,262.88000000000005,115.75999999999999,263.6,,,,,,,,,,,,,,,,0,0.0,false,,,165.28,121.36,345.36,120.88,394.72,262.88000000000005,115.75999999999999,263.6
21,sset_21/tracknet-stride-8,static_shuttleset_homography,437,98339,98412,73,[],,165.28,121.36,345.36,120.88,394.72,262.88000000000005,115.75999999999999,263.6,,,,,,,,,,,,,,,,24,0.3287671232876712,false,,,165.28,121.36,345.36,120.88,394.72,262.88000000000005,115.75999999999999,263.6
21,sset_21/tracknet-stride-8,static_shuttleset_homography,438,98412,98449,37,[],,165.28,121.36,345.36,120.88,394.72,262.88000000000005,115.75999999999999,263.6,,,,,,,,,,,,,,,,4,0.10810810810810811,false,,,165.28,121.36,345.36,120.88,394.72,262.88000000000005,115.75999999999999,263.6
21,sset_21/tracknet-stride-8,static_shuttleset_homography,439,98449,98476,27,[],,165.28,121.36,345.36,120.88,394.72,262.88000000000005,115.75999999999999,263.6,,,,,,,,,,,,,,,,8,0.2962962962962963,false,,,165.28,121.36,345.36,120.88,394.72,262.88000000000005,115.75999999999999,263.6
21,sset_21/tracknet-stride-8,static_shuttleset_homography,440,98476,98494,18,[],,165.28,121.36,345.36,120.88,394.72,262.88000000000005,115.75999999999999,263.6,,,,,,,,,,,,,,,,18,1.0,true,,,165.28,121.36,345.36,120.88,394.72,262.88000000000005,115.75999999999999,263.6
21,sset_21/tracknet-stride-8,static_shuttleset_homography,441,98494,98532,38,[],,165.28,121.36,345.36,120.88,394.72,262.88000000000005,115.75999999999999,263.6,,,,,,,,,,,,,,,,10,0.2631578947368421,false,,,165.28,121.36,345.36,120.88,394.72,262.88000000000005,115.75999999999999,263.6
21,sset_21/tracknet-stride-8,static_shuttleset_homography,442,98532,98560,28,[],,165.28,121.36,345.36,120.88,394.72,262.88000000000005,115.75999999999999,263.6,,,,,,,,,,,,,,,,28,1.0,true,,,165.28,121.36,345.36,120.88,394.72,262.88000000000005,115.75999999999999,263.6
21,sset_21/tracknet-stride-8,static_shuttleset_homography,443,98560,98603,43,[],,165.28,121.36,345.36,120.88,394.72,262.88000000000005,115.75999999999999,263.6,,,,,,,,,,,,,,,,17,0.3953488372093023,false,,,165.28,121.36,345.36,120.88,394.72,262.88000000000005,115.75999999999999,263.6
21,sset_21/tracknet-stride-8,static_shuttleset_homography,444,98603,98658,55,[],,165.28,121.36,345.36,120.88,394.72,262.88000000000005,115.75999999999999,263.6,,,,,,,,,,,,,,,,0,0.0,false,,,165.28,121.36,345.36,120.88,394.72,262.88000000000005,115.75999999999999,263.6
21,sset_21/tracknet-stride-8,static_shuttleset_homography,445,98658,99118,460,[],,165.28,121.36,345.36,120.88,394.72,262.88000000000005,115.75999999999999,263.6,,,,,,,,,,,,,,,,297,0.6456521739130435,true,,,165.28,121.36,345.36,120.88,394.72,262.88000000000005,115.75999999999999,263.6
21,sset_21/tracknet-stride-8,static_shuttleset_homography,446,99118,99177,59,[],,165.28,121.36,345.36,120.88,394.72,262.88000000000005,115.75999999999999,263.6,,,,,,,,,,,,,,,,4,0.06779661016949153,false,,,165.28,121.36,345.36,120.88,394.72,262.88000000000005,115.75999999999999,263.6
21,sset_21/tracknet-stride-8,static_shuttleset_homography,447,99177,99213,36,[],,165.28,121.36,345.36,120.88,394.72,262.88000000000005,115.75999999999999,263.6,,,,,,,,,,,,,,,,19,0.5277777777777778,true,,,165.28,121.36,345.36,120.88,394.72,262.88000000000005,115.75999999999999,263.6
21,sset_21/tracknet-stride-8,static_shuttleset_homography,448,99213,99268,55,[],,165.28,121.36,345.36,120.88,394.72,262.88000000000005,115.75999999999999,263.6,,,,,,,,,,,,,,,,22,0.4,false,,,165.28,121.36,345.36,120.88,394.72,262.88000000000005,115.75999999999999,263.6
21,sset_21/tracknet-stride-8,static_shuttleset_homography,449,99268,99343,75,[],,165.28,121.36,345.36,120.88,394.72,262.88000000000005,115.75999999999999,263.6,,,,,,,,,,,,,,,,9,0.12,false,,,165.28,121.36,345.36,120.88,394.72,262.88000000000005,115.75999999999999,263.6
21,sset_21/tracknet-stride-8,static_shuttleset_homography,450,99343,99403,60,[],,165.28,121.36,345.36,120.88,394.72,262.88000000000005,115.75999999999999,263.6,,,,,,,,,,,,,,,,11,0.18333333333333332,false,,,165.28,121.36,345.36,120.88,394.72,262.88000000000005,115.75999999999999,263.6
21,sset_21/tracknet-stride-8,static_shuttleset_homography,451,99403,99449,46,[],,165.28,121.36,345.36,120.88,394.72,262.88000000000005,115.75999999999999,263.6,,,,,,,,,,,,,,,,5,0.10869565217391304,false,,,165.28,121.36,345.36,120.88,394.72,262.88000000000005,115.75999999999999,263.6
21,sset_21/tracknet-stride-8,static_shuttleset_homography,452,99449,100349,900,[],,165.28,121.36,345.36,120.88,394.72,262.88000000000005,115.75999999999999,263.6,,,,,,,,,,,,,,,,3,0.0033333333333333335,false,,,165.28,121.36,345.36,120.88,394.72,262.88000000000005,115.75999999999999,263.6
