video_id,case_id,court_parent,scene_index,start_frame,end_frame,n_frames,sampled_frame_indices,quad_source,raw_tl_x,raw_tl_y,raw_tr_x,raw_tr_y,raw_br_x,raw_br_y,raw_bl_x,raw_bl_y,peak_tl,peak_tr,peak_br,peak_bl,corner_source_tl,corner_source_tr,corner_source_br,corner_source_bl,fallback_reproj_line_px,fallback_reproj_anchor_px,fallback_gate_line_frac,fallback_gate_anchor_frac,fallback_n_lines_used,fallback_n_correspondences,fallback_max_sagitta_px,exactly_two_frame_count,exactly_two_frame_fraction,scene_valid,consensus_distance_px,consensus_flagged,active_tl_x,active_tl_y,active_tr_x,active_tr_y,active_br_x,active_br_y,active_bl_x,active_bl_y
1,sset_01/tracknet-stride-8,detected_ckn_opencv_consensus,0,0,723,723,"[36,108,180,253,325,397,469,542,614,686]",,,,,,,,,,,,,,,,,,,,,,,,,0,0.0,false,,,,,,,,,,
1,sset_01/tracknet-stride-8,detected_ckn_opencv_consensus,1,723,3368,2645,"[855,1119,1384,1648,1913,2177,2442,2706,2971,3235]",,,,,,,,,,,,,,,,,,,,,,,,,0,0.0,false,,,,,,,,,,
1,sset_01/tracknet-stride-8,detected_ckn_opencv_consensus,2,3368,3473,105,"[3373,3383,3394,3404,3415,3425,3436,3446,3457,3467]",,,,,,,,,,,,,,,,,,,,,,,,,0,0.0,false,,,,,,,,,,
1,sset_01/tracknet-stride-8,detected_ckn_opencv_consensus,3,3473,3552,79,"[3476,3484,3492,3500,3508,3516,3524,3532,3540,3548]",,,,,,,,,,,,,,,,,,,,,,,,,0,0.0,false,,,,,,,,,,
1,sset_01/tracknet-stride-8,detected_ckn_opencv_consensus,4,3552,3587,35,"[3553,3557,3560,3564,3567,3571,3574,3578,3581,3585]",,,,,,,,,,,,,,,,,,,,,,,,,0,0.0,false,,,,,,,,,,
1,sset_01/tracknet-stride-8,detected_ckn_opencv_consensus,5,3587,3678,91,"[3591,3600,3609,3618,3627,3637,3646,3655,3664,3673]",,,,,,,,,,,,,,,,,,,,,,,,,0,0.0,false,,,,,,,,,,
1,sset_01/tracknet-stride-8,detected_ckn_opencv_consensus,6,3678,3746,68,"[3681,3688,3695,3701,3708,3715,3722,3729,3735,3742]",fallback,322.371337890625,34.14072036743164,354.65289306640625,46.37373352050781,395.8912048339844,130.29092407226562,226.22494506835938,192.0272216796875,0.00907143671065569,0.008782575838267803,0.06683539599180222,0.08620405197143555,fallback,fallback,model,model,4.164835337730608,7.450773102387851e-05,0.0070897824150739416,1.268342103263054e-07,8,17,15.311393511672634,0,0.0,false,,,,,,,,,,
1,sset_01/tracknet-stride-8,detected_ckn_opencv_consensus,7,3746,3787,41,"[3748,3752,3756,3760,3764,3768,3772,3776,3780,3784]",,,,,,,,,,,,,,,,,,,,,,,,,0,0.0,false,,,,,,,,,,
1,sset_01/tracknet-stride-8,detected_ckn_opencv_consensus,8,3787,3829,42,"[3789,3793,3797,3801,3805,3810,3814,3818,3822,3826]",,,,,,,,,,,,,,,,,,,,,,,,,0,0.0,false,,,,,,,,,,
1,sset_01/tracknet-stride-8,detected_ckn_opencv_consensus,9,3829,3960,131,"[3835,3848,3861,3874,3887,3901,3914,3927,3940,3953]",,,,,,,,,,,,,,,,,,,,,,,,,0,0.0,false,,,,,,,,,,
1,sset_01/tracknet-stride-8,detected_ckn_opencv_consensus,10,3960,3978,18,"[3960,3962,3964,3966,3968,3969,3971,3973,3975,3977]",,,,,,,,,,,,,,,,,,,,,,,,,0,0.0,false,,,,,,,,,,
1,sset_01/tracknet-stride-8,detected_ckn_opencv_consensus,11,3978,4124,146,"[3985,3999,4014,4029,4043,4058,4072,4087,4102,4116]",,,,,,,,,,,,,,,,,,,,,,,,,0,0.0,false,,,,,,,,,,
1,sset_01/tracknet-stride-8,detected_ckn_opencv_consensus,12,4124,4232,108,"[4129,4140,4151,4161,4172,4183,4194,4205,4215,4226]",,,,,,,,,,,,,,,,,,,,,,,,,0,0.0,false,,,,,,,,,,
1,sset_01/tracknet-stride-8,detected_ckn_opencv_consensus,13,4232,4314,82,"[4236,4244,4252,4260,4268,4277,4285,4293,4301,4309]",,,,,,,,,,,,,,,,,,,,,,,,,0,0.0,false,,,,,,,,,,
1,sset_01/tracknet-stride-8,detected_ckn_opencv_consensus,14,4314,4404,90,"[4318,4327,4336,4345,4354,4363,4372,4381,4390,4399]",,,,,,,,,,,,,,,,,,,,,,,,,0,0.0,false,,,,,,,,,,
1,sset_01/tracknet-stride-8,detected_ckn_opencv_consensus,15,4404,9933,5529,"[4680,5233,5786,6339,6892,7444,7997,8550,9103,9656]",,,,,,,,,,,,,,,,,,,,,,,,,0,0.0,false,,,,,,,,,,
1,sset_01/tracknet-stride-8,detected_ckn_opencv_consensus,16,9933,10147,214,"[9943,9965,9986,10007,10029,10050,10072,10093,10114,10136]",,,,,,,,,,,,,,,,,,,,,,,,,0,0.0,false,,,,,,,,,,
1,sset_01/tracknet-stride-8,detected_ckn_opencv_consensus,17,10147,10273,126,"[10153,10165,10178,10191,10203,10216,10228,10241,10254,10266]",,,,,,,,,,,,,,,,,,,,,,,,,0,0.0,false,,,,,,,,,,
1,sset_01/tracknet-stride-8,detected_ckn_opencv_consensus,18,10273,10496,223,"[10284,10306,10328,10351,10373,10395,10417,10440,10462,10484]",,,,,,,,,,,,,,,,,,,,,,,,,0,0.0,false,,,,,,,,,,
1,sset_01/tracknet-stride-8,detected_ckn_opencv_consensus,19,10496,11330,834,"[10537,10621,10704,10787,10871,10954,11038,11121,11204,11288]",,,,,,,,,,,,,,,,,,,,,,,,,0,0.0,false,,,,,,,,,,
1,sset_01/tracknet-stride-8,detected_ckn_opencv_consensus,20,11330,11668,338,"[11346,11380,11414,11448,11482,11515,11549,11583,11617,11651]",model,163.7722625732422,123.3842544555664,345.5155029296875,122.70498657226562,389.56622314453125,271.4639587402344,123.05816650390625,269.1319885253906,0.30488818883895874,0.1794605553150177,0.1815885305404663,0.14475643634796143,model,model,model,model,,,,,,,,333,0.985207100591716,true,0.44957673279946403,false,163.7722625732422,123.3842544555664,345.5155029296875,122.70498657226562,389.56622314453125,271.4639587402344,123.05816650390625,269.1319885253906
1,sset_01/tracknet-stride-8,detected_ckn_opencv_consensus,21,11668,11837,169,"[11676,11693,11710,11727,11744,11760,11777,11794,11811,11828]",,,,,,,,,,,,,,,,,,,,,,,,,0,0.0,false,,,,,,,,,,
1,sset_01/tracknet-stride-8,detected_ckn_opencv_consensus,22,11837,11877,40,"[11839,11843,11847,11851,11855,11859,11863,11867,11871,11875]",,,,,,,,,,,,,,,,,,,,,,,,,0,0.0,false,,,,,,,,,,
1,sset_01/tracknet-stride-8,detected_ckn_opencv_consensus,23,11877,12004,127,"[11883,11896,11908,11921,11934,11946,11959,11972,11984,11997]",model,163.68142700195312,123.47501373291016,345.58026123046875,122.78689575195312,389.36285400390625,270.9212341308594,123.04118347167969,268.7127685546875,0.2666010856628418,0.20511335134506226,0.1798865795135498,0.15842345356941223,model,model,model,model,,,,,,,,126,0.9921259842519685,true,0.19938221251759855,false,163.68142700195312,123.47501373291016,345.58026123046875,122.78689575195312,389.36285400390625,270.9212341308594,123.04118347167969,268.7127685546875
1,sset_01/tracknet-stride-8,detected_ckn_opencv_consensus,24,12004,12082,78,"[12007,12015,12023,12031,12039,12046,12054,12062,12070,12078]",,,,,,,,,,,,,,,,,,,,,,,,,0,0.0,false,,,,,,,,,,
1,sset_01/tracknet-stride-8,detected_ckn_opencv_consensus,25,12082,12201,119,"[12087,12099,12111,12123,12135,12147,12159,12171,12183,12195]",,,,,,,,,,,,,,,,,,,,,,,,,0,0.0,false,,,,,,,,,,
1,sset_01/tracknet-stride-8,detected_ckn_opencv_consensus,26,12201,12287,86,"[12205,12213,12222,12231,12239,12248,12256,12265,12274,12282]",,,,,,,,,,,,,,,,,,,,,,,,,0,0.0,false,,,,,,,,,,
1,sset_01/tracknet-stride-8,detected_ckn_opencv_consensus,27,12287,12986,699,"[12321,12391,12461,12531,12601,12671,12741,12811,12881,12951]",model,163.76272583007812,123.41788482666016,345.81365966796875,122.89290618896484,389.430419921875,271.0696105957031,122.73008728027344,268.7099609375,0.2859930396080017,0.15872490406036377,0.17488117516040802,0.13579359650611877,model,model,model,model,,,,,,,,692,0.9899856938483548,true,0.20170231916990228,false,163.76272583007812,123.41788482666016,345.81365966796875,122.89290618896484,389.430419921875,271.0696105957031,122.73008728027344,268.7099609375
1,sset_01/tracknet-stride-8,detected_ckn_opencv_consensus,28,12986,13429,443,"[13008,13052,13096,13141,13185,13229,13273,13318,13362,13406]",,,,,,,,,,,,,,,,,,,,,,,,,0,0.0,false,,,,,,,,,,
1,sset_01/tracknet-stride-8,detected_ckn_opencv_consensus,29,13429,13585,156,"[13436,13452,13468,13483,13499,13514,13530,13546,13561,13577]",model,163.7251739501953,123.43563842773438,345.64288330078125,122.88966369628906,389.3497314453125,271.028564453125,122.87179565429688,268.95416259765625,0.29219934344291687,0.19391115009784698,0.17755872011184692,0.14264464378356934,model,model,model,model,,,,,,,,156,1.0,true,0.21471707784786398,false,163.7251739501953,123.43563842773438,345.64288330078125,122.88966369628906,389.3497314453125,271.028564453125,122.87179565429688,268.95416259765625
1,sset_01/tracknet-stride-8,detected_ckn_opencv_consensus,30,13585,13623,38,"[13586,13590,13594,13598,13602,13605,13609,13613,13617,13621]",,,,,,,,,,,,,,,,,,,,,,,,,0,0.0,false,,,,,,,,,,
1,sset_01/tracknet-stride-8,detected_ckn_opencv_consensus,31,13623,14290,667,"[13656,13723,13789,13856,13923,13989,14056,14123,14189,14256]",model,163.7761688232422,123.39958190917969,345.6094665527344,122.7612075805664,389.3796691894531,270.8458251953125,122.85325622558594,268.8555908203125,0.2829277813434601,0.16028493642807007,0.19253982603549957,0.12555676698684692,model,model,model,model,,,,,,,,517,0.775112443778111,true,0.19713174884983742,false,163.7761688232422,123.39958190917969,345.6094665527344,122.7612075805664,389.3796691894531,270.8458251953125,122.85325622558594,268.8555908203125
1,sset_01/tracknet-stride-8,detected_ckn_opencv_consensus,32,14290,14321,31,"[14291,14294,14297,14300,14303,14307,14310,14313,14316,14319]",,,,,,,,,,,,,,,,,,,,,,,,,0,0.0,false,,,,,,,,,,
1,sset_01/tracknet-stride-8,detected_ckn_opencv_consensus,33,14321,14510,189,"[14330,14349,14368,14387,14406,14424,14443,14462,14481,14500]",,,,,,,,,,,,,,,,,,,,,,,,,0,0.0,false,,,,,,,,,,
1,sset_01/tracknet-stride-8,detected_ckn_opencv_consensus,34,14510,14542,32,"[14511,14514,14518,14521,14524,14527,14530,14534,14537,14540]",,,,,,,,,,,,,,,,,,,,,,,,,0,0.0,false,,,,,,,,,,
1,sset_01/tracknet-stride-8,detected_ckn_opencv_consensus,35,14542,14873,331,"[14558,14591,14624,14657,14690,14724,14757,14790,14823,14856]",,,,,,,,,,,,,,,,,,,,,,,,,0,0.0,false,,,,,,,,,,
1,sset_01/tracknet-stride-8,detected_ckn_opencv_consensus,36,14873,14938,65,"[14876,14882,14889,14895,14902,14908,14915,14921,14928,14934]",,,,,,,,,,,,,,,,,,,,,,,,,0,0.0,false,,,,,,,,,,
1,sset_01/tracknet-stride-8,detected_ckn_opencv_consensus,37,14938,15085,147,"[14945,14960,14974,14989,15004,15018,15033,15048,15062,15077]",model,163.7452392578125,123.41302490234375,345.9000244140625,122.91629028320312,389.4493408203125,271.0742492675781,122.79042053222656,268.66375732421875,0.29243528842926025,0.180284321308136,0.17658302187919617,0.13001245260238647,model,model,model,model,,,,,,,,147,1.0,true,0.2898187205755015,false,163.7452392578125,123.41302490234375,345.9000244140625,122.91629028320312,389.4493408203125,271.0742492675781,122.79042053222656,268.66375732421875
1,sset_01/tracknet-stride-8,detected_ckn_opencv_consensus,38,15085,15288,203,"[15095,15115,15135,15156,15176,15196,15216,15237,15257,15277]",fallback,373.91717529296875,17.425315856933594,474.621826171875,17.748994827270508,354.43402099609375,273.27911376953125,215.9510498046875,283.8727111816406,0.005558524746447802,0.004440089222043753,0.1668349951505661,0.04563961923122406,fallback,fallback,model,model,1.1931171880366662,6.103421626564702e-06,0.0020310385820616977,1.0389830043888125e-08,4,6,2.5193607342263746,0,0.0,false,,,,,,,,,,
1,sset_01/tracknet-stride-8,detected_ckn_opencv_consensus,39,15288,15363,75,"[15291,15299,15306,15314,15321,15329,15336,15344,15351,15359]",fallback,208.59939575195312,60.79963302612305,205.14620971679688,66.04191589355469,379.2073059082031,165.08645629882812,232.17745971679688,133.61404418945312,0.03597627207636833,0.00461215153336525,0.03550100699067116,0.014734138734638691,model,fallback,model,fallback,5.50370749109598,1.0489743752237344,0.009368939087360126,0.0017856648525693649,5,12,11.158119369334116,0,0.0,false,,,,,,,,,,
1,sset_01/tracknet-stride-8,detected_ckn_opencv_consensus,40,15363,15508,145,"[15370,15384,15399,15413,15428,15442,15457,15471,15486,15500]",model,163.81643676757812,123.42762756347656,345.6773376464844,122.78814697265625,389.49267578125,271.19970703125,122.97640991210938,268.74713134765625,0.28577420115470886,0.18078243732452393,0.17150017619132996,0.1412276327610016,model,model,model,model,,,,,,,,143,0.9862068965517241,true,0.17650668867762537,false,163.81643676757812,123.42762756347656,345.6773376464844,122.78814697265625,389.49267578125,271.19970703125,122.97640991210938,268.74713134765625
1,sset_01/tracknet-stride-8,detected_ckn_opencv_consensus,41,15508,15779,271,"[15521,15548,15575,15602,15629,15657,15684,15711,15738,15765]",,,,,,,,,,,,,,,,,,,,,,,,,0,0.0,false,,,,,,,,,,
1,sset_01/tracknet-stride-8,detected_ckn_opencv_consensus,42,15779,15969,190,"[15788,15807,15826,15845,15864,15883,15902,15921,15940,15959]",model,163.7559814453125,123.42108154296875,345.5514221191406,122.76724243164062,389.47705078125,271.2174072265625,122.91493225097656,268.65301513671875,0.2894328236579895,0.2112922966480255,0.17306894063949585,0.13353347778320312,model,model,model,model,,,,,,,,186,0.9789473684210527,true,0.18747985503140677,false,163.7559814453125,123.42108154296875,345.5514221191406,122.76724243164062,389.47705078125,271.2174072265625,122.91493225097656,268.65301513671875
1,sset_01/tracknet-stride-8,detected_ckn_opencv_consensus,43,15969,16154,185,"[15978,15996,16015,16033,16052,16070,16089,16107,16126,16144]",,,,,,,,,,,,,,,,,,,,,,,,,0,0.0,false,,,,,,,,,,
1,sset_01/tracknet-stride-8,detected_ckn_opencv_consensus,44,16154,16230,76,"[16157,16165,16173,16180,16188,16195,16203,16211,16218,16226]",,,,,,,,,,,,,,,,,,,,,,,,,0,0.0,false,,,,,,,,,,
1,sset_01/tracknet-stride-8,detected_ckn_opencv_consensus,45,16230,16834,604,"[16260,16320,16381,16441,16501,16562,16622,16683,16743,16803]",model,163.78244018554688,123.43209838867188,345.65191650390625,122.7394790649414,389.4519348144531,271.1081237792969,122.81777954101562,268.8668212890625,0.2830490469932556,0.17921392619609833,0.17367178201675415,0.13315778970718384,model,model,model,model,,,,,,,,594,0.9834437086092715,true,0.12822736462179965,false,163.78244018554688,123.43209838867188,345.65191650390625,122.7394790649414,389.4519348144531,271.1081237792969,122.81777954101562,268.8668212890625
1,sset_01/tracknet-stride-8,detected_ckn_opencv_consensus,46,16834,17420,586,"[16863,16921,16980,17039,17097,17156,17214,17273,17332,17390]",,,,,,,,,,,,,,,,,,,,,,,,,0,0.0,false,,,,,,,,,,
1,sset_01/tracknet-stride-8,detected_ckn_opencv_consensus,47,17420,17662,242,"[17432,17456,17480,17504,17528,17553,17577,17601,17625,17649]",model,163.81385803222656,123.3448486328125,345.6460876464844,122.77339172363281,389.40826416015625,270.99810791015625,122.96467590332031,268.7101745605469,0.3195844888687134,0.1845998764038086,0.19076961278915405,0.1396006941795349,model,model,model,model,,,,,,,,223,0.9214876033057852,true,0.12476436027073647,false,163.81385803222656,123.3448486328125,345.6460876464844,122.77339172363281,389.40826416015625,270.99810791015625,122.96467590332031,268.7101745605469
1,sset_01/tracknet-stride-8,detected_ckn_opencv_consensus,48,17662,17757,95,"[17666,17676,17685,17695,17704,17714,17723,17733,17742,17752]",,,,,,,,,,,,,,,,,,,,,,,,,0,0.0,false,,,,,,,,,,
1,sset_01/tracknet-stride-8,detected_ckn_opencv_consensus,49,17757,17980,223,"[17768,17790,17812,17835,17857,17879,17901,17924,17946,17968]",,,,,,,,,,,,,,,,,,,,,,,,,0,0.0,false,,,,,,,,,,
1,sset_01/tracknet-stride-8,detected_ckn_opencv_consensus,50,17980,18133,153,"[17987,18002,18018,18033,18048,18064,18079,18094,18110,18125]",model,163.72760009765625,123.51716613769531,345.6595458984375,122.86087799072266,389.3857421875,270.9729919433594,122.77201843261719,268.89068603515625,0.2663803696632385,0.1768522709608078,0.17473876476287842,0.14167927205562592,model,model,model,model,,,,,,,,153,1.0,true,0.16578365012319277,false,163.72760009765625,123.51716613769531,345.6595458984375,122.86087799072266,389.3857421875,270.9729919433594,122.77201843261719,268.89068603515625
1,sset_01/tracknet-stride-8,detected_ckn_opencv_consensus,51,18133,18166,33,"[18134,18137,18141,18144,18147,18151,18154,18157,18161,18164]",,,,,,,,,,,,,,,,,,,,,,,,,0,0.0,false,,,,,,,,,,
1,sset_01/tracknet-stride-8,detected_ckn_opencv_consensus,52,18166,19134,968,"[18214,18311,18408,18504,18601,18698,18795,18892,18988,19085]",model,163.76136779785156,123.43559265136719,345.6171875,122.67088317871094,389.429443359375,271.05303955078125,122.83136749267578,268.89862060546875,0.2838830351829529,0.1921757459640503,0.17704126238822937,0.1352052092552185,model,model,model,model,,,,,,,,955,0.9865702479338843,true,0.1578429118445526,false,163.76136779785156,123.43559265136719,345.6171875,122.67088317871094,389.429443359375,271.05303955078125,122.83136749267578,268.89862060546875
1,sset_01/tracknet-stride-8,detected_ckn_opencv_consensus,53,19134,19451,317,"[19149,19181,19213,19244,19276,19308,19340,19371,19403,19435]",fallback,215.6370391845703,15.952287673950195,391.50006103515625,15.18425464630127,326.09686279296875,161.76522827148438,181.24423217773438,191.193359375,0.0046436237171292305,0.0034365702886134386,0.09325333684682846,0.02566797286272049,fallback,fallback,model,model,5.627308279229087,2.489972256334129e-06,0.009579344211004912,4.238669739725868e-09,6,10,13.489889260712346,0,0.0,false,,,,,,,,,,
1,sset_01/tracknet-stride-8,detected_ckn_opencv_consensus,54,19451,19573,122,"[19457,19469,19481,19493,19505,19518,19530,19542,19554,19566]",,,,,,,,,,,,,,,,,,,,,,,,,0,0.0,false,,,,,,,,,,
1,sset_01/tracknet-stride-8,detected_ckn_opencv_consensus,55,19573,20542,969,"[19621,19718,19815,19912,20009,20105,20202,20299,20396,20493]",model,163.77108764648438,123.40872955322266,345.62408447265625,122.6671371459961,389.48870849609375,271.172119140625,122.83277893066406,268.76617431640625,0.2833704352378845,0.19368362426757812,0.17857211828231812,0.13798914849758148,model,model,model,model,,,,,,,,949,0.9793601651186791,true,0.14991620089819688,false,163.77108764648438,123.40872955322266,345.62408447265625,122.6671371459961,389.48870849609375,271.172119140625,122.83277893066406,268.76617431640625
1,sset_01/tracknet-stride-8,detected_ckn_opencv_consensus,56,20542,20608,66,"[20545,20551,20558,20565,20571,20578,20584,20591,20598,20604]",,,,,,,,,,,,,,,,,,,,,,,,,0,0.0,false,,,,,,,,,,
1,sset_01/tracknet-stride-8,detected_ckn_opencv_consensus,57,20608,20759,151,"[20615,20630,20645,20660,20675,20691,20706,20721,20736,20751]",fallback,184.46621704101562,17.72917366027832,312.81640625,16.835378646850586,295.8302001953125,231.600830078125,165.97531127929688,263.6984558105469,0.004528507590293884,0.002004428068175912,0.06746791303157806,0.02578771486878395,fallback,fallback,model,model,2.9892189298781773,6.805064432306217e-07,0.005088535340608286,1.1584233765145425e-09,7,14,10.192065421580025,0,0.0,false,,,,,,,,,,
1,sset_01/tracknet-stride-8,detected_ckn_opencv_consensus,58,20759,20950,191,"[20768,20787,20806,20825,20844,20864,20883,20902,20921,20940]",,,,,,,,,,,,,,,,,,,,,,,,,0,0.0,false,,,,,,,,,,
1,sset_01/tracknet-stride-8,detected_ckn_opencv_consensus,59,20950,21866,916,"[20995,21087,21179,21270,21362,21453,21545,21637,21728,21820]",model,163.77349853515625,123.4091567993164,345.7242431640625,122.86360931396484,389.4189453125,271.080078125,122.77877807617188,268.8230895996094,0.28931817412376404,0.17818593978881836,0.1750946044921875,0.13271862268447876,model,model,model,model,,,,,,,,911,0.9945414847161572,true,0.10976390609252273,false,163.77349853515625,123.4091567993164,345.7242431640625,122.86360931396484,389.4189453125,271.080078125,122.77877807617188,268.8230895996094
1,sset_01/tracknet-stride-8,detected_ckn_opencv_consensus,60,21866,21913,47,"[21868,21873,21877,21882,21887,21891,21896,21901,21905,21910]",,,,,,,,,,,,,,,,,,,,,,,,,0,0.0,false,,,,,,,,,,
1,sset_01/tracknet-stride-8,detected_ckn_opencv_consensus,61,21913,22147,234,"[21924,21948,21971,21994,22018,22041,22065,22088,22111,22135]",model,163.72268676757812,123.47811126708984,345.7047119140625,122.84384155273438,389.2923583984375,270.63250732421875,122.74269104003906,268.7016906738281,0.2780537009239197,0.19043545424938202,0.18824505805969238,0.13729852437973022,model,model,model,model,,,,,,,,231,0.9871794871794872,true,0.4258876293612479,false,163.72268676757812,123.47811126708984,345.7047119140625,122.84384155273438,389.2923583984375,270.63250732421875,122.74269104003906,268.7016906738281
1,sset_01/tracknet-stride-8,detected_ckn_opencv_consensus,62,22147,22867,720,"[22183,22255,22327,22399,22471,22543,22615,22687,22759,22831]",,,,,,,,,,,,,,,,,,,,,,,,,0,0.0,false,,,,,,,,,,
1,sset_01/tracknet-stride-8,detected_ckn_opencv_consensus,63,22867,23053,186,"[22876,22894,22913,22932,22950,22969,22987,23006,23025,23043]",,,,,,,,,,,,,,,,,,,,,,,,,0,0.0,false,,,,,,,,,,
1,sset_01/tracknet-stride-8,detected_ckn_opencv_consensus,64,23053,23470,417,"[23073,23115,23157,23198,23240,23282,23324,23365,23407,23449]",model,163.79641723632812,123.40785217285156,345.64678955078125,122.6962890625,389.52545166015625,271.32421875,122.89704895019531,268.7596130371094,0.2869710624217987,0.2027958184480667,0.17439070343971252,0.13185229897499084,model,model,model,model,,,,,,,,409,0.9808153477218226,true,0.3042450115705681,false,163.79641723632812,123.40785217285156,345.64678955078125,122.6962890625,389.52545166015625,271.32421875,122.89704895019531,268.7596130371094
1,sset_01/tracknet-stride-8,detected_ckn_opencv_consensus,65,23470,23508,38,"[23471,23475,23479,23483,23487,23490,23494,23498,23502,23506]",,,,,,,,,,,,,,,,,,,,,,,,,0,0.0,false,,,,,,,,,,
1,sset_01/tracknet-stride-8,detected_ckn_opencv_consensus,66,23508,23568,60,"[23511,23517,23523,23529,23535,23541,23547,23553,23559,23565]",,,,,,,,,,,,,,,,,,,,,,,,,0,0.0,false,,,,,,,,,,
1,sset_01/tracknet-stride-8,detected_ckn_opencv_consensus,67,23568,23820,252,"[23580,23605,23631,23656,23681,23706,23731,23757,23782,23807]",,,,,,,,,,,,,,,,,,,,,,,,,0,0.0,false,,,,,,,,,,
1,sset_01/tracknet-stride-8,detected_ckn_opencv_consensus,68,23820,24351,531,"[23846,23899,23952,24005,24058,24112,24165,24218,24271,24324]",model,163.78648376464844,123.44136047363281,345.6820983886719,122.8740234375,389.45697021484375,271.1643981933594,122.84196472167969,268.9012451171875,0.28151264786720276,0.17643752694129944,0.17734944820404053,0.1322353333234787,model,model,model,model,,,,,,,,514,0.967984934086629,true,0.15998424348166562,false,163.78648376464844,123.44136047363281,345.6820983886719,122.8740234375,389.45697021484375,271.1643981933594,122.84196472167969,268.9012451171875
1,sset_01/tracknet-stride-8,detected_ckn_opencv_consensus,69,24351,24436,85,"[24355,24363,24372,24380,24389,24397,24406,24414,24423,24431]",,,,,,,,,,,,,,,,,,,,,,,,,0,0.0,false,,,,,,,,,,
1,sset_01/tracknet-stride-8,detected_ckn_opencv_consensus,70,24436,24760,324,"[24452,24484,24517,24549,24581,24614,24646,24679,24711,24743]",,,,,,,,,,,,,,,,,,,,,,,,,0,0.0,false,,,,,,,,,,
1,sset_01/tracknet-stride-8,detected_ckn_opencv_consensus,71,24760,24901,141,"[24767,24781,24795,24809,24823,24837,24851,24865,24879,24893]",,,,,,,,,,,,,,,,,,,,,,,,,0,0.0,false,,,,,,,,,,
1,sset_01/tracknet-stride-8,detected_ckn_opencv_consensus,72,24901,24975,74,"[24904,24912,24919,24926,24934,24941,24949,24956,24963,24971]",,,,,,,,,,,,,,,,,,,,,,,,,0,0.0,false,,,,,,,,,,
1,sset_01/tracknet-stride-8,detected_ckn_opencv_consensus,73,24975,26095,1120,"[25031,25143,25255,25367,25479,25591,25703,25815,25927,26039]",model,163.79440307617188,123.43293762207031,345.64007568359375,122.747802734375,389.4775390625,271.16162109375,122.78034973144531,268.764892578125,0.2795298397541046,0.20459601283073425,0.1741371601819992,0.13134199380874634,model,model,model,model,,,,,,,,1106,0.9875,true,0.13557536694208658,false,163.79440307617188,123.43293762207031,345.64007568359375,122.747802734375,389.4775390625,271.16162109375,122.78034973144531,268.764892578125
1,sset_01/tracknet-stride-8,detected_ckn_opencv_consensus,74,26095,27093,998,"[26144,26244,26344,26444,26544,26643,26743,26843,26943,27043]",,,,,,,,,,,,,,,,,,,,,,,,,0,0.0,false,,,,,,,,,,
1,sset_01/tracknet-stride-8,detected_ckn_opencv_consensus,75,27093,27392,299,"[27107,27137,27167,27197,27227,27257,27287,27317,27347,27377]",,,,,,,,,,,,,,,,,,,,,,,,,0,0.0,false,,,,,,,,,,
1,sset_01/tracknet-stride-8,detected_ckn_opencv_consensus,76,27392,27779,387,"[27411,27450,27488,27527,27566,27604,27643,27682,27720,27759]",model,163.77914428710938,123.3974838256836,345.6365051269531,122.78375244140625,389.42529296875,270.9854431152344,122.96601867675781,268.67803955078125,0.29309576749801636,0.19016510248184204,0.18207994103431702,0.14426842331886292,model,model,model,model,,,,,,,,381,0.9844961240310077,true,0.13756352930213855,false,163.77914428710938,123.3974838256836,345.6365051269531,122.78375244140625,389.42529296875,270.9854431152344,122.96601867675781,268.67803955078125
1,sset_01/tracknet-stride-8,detected_ckn_opencv_consensus,77,27779,27954,175,"[27787,27805,27822,27840,27857,27875,27892,27910,27927,27945]",,,,,,,,,,,,,,,,,,,,,,,,,0,0.0,false,,,,,,,,,,
1,sset_01/tracknet-stride-8,detected_ckn_opencv_consensus,78,27954,28231,277,"[27967,27995,28023,28050,28078,28106,28134,28161,28189,28217]",,,,,,,,,,,,,,,,,,,,,,,,,0,0.0,false,,,,,,,,,,
1,sset_01/tracknet-stride-8,detected_ckn_opencv_consensus,79,28231,28747,516,"[28256,28308,28360,28411,28463,28514,28566,28618,28669,28721]",model,163.74342346191406,123.4499740600586,345.66058349609375,122.76749420166016,389.39276123046875,270.95111083984375,122.91180419921875,268.739501953125,0.29444658756256104,0.184717059135437,0.18220998346805573,0.13422605395317078,model,model,model,model,,,,,,,,512,0.9922480620155039,true,0.09183836567442037,false,163.74342346191406,123.4499740600586,345.66058349609375,122.76749420166016,389.39276123046875,270.95111083984375,122.91180419921875,268.739501953125
1,sset_01/tracknet-stride-8,detected_ckn_opencv_consensus,80,28747,29121,374,"[28765,28803,28840,28877,28915,28952,28990,29027,29064,29102]",,,,,,,,,,,,,,,,,,,,,,,,,0,0.0,false,,,,,,,,,,
1,sset_01/tracknet-stride-8,detected_ckn_opencv_consensus,81,29121,29375,254,"[29133,29159,29184,29209,29235,29260,29286,29311,29336,29362]",model,163.7267608642578,123.44645690917969,345.8251647949219,122.9244384765625,389.4504699707031,271.0769348144531,122.81477355957031,268.7187805175781,0.28139883279800415,0.169816792011261,0.17208096385002136,0.13460156321525574,model,model,model,model,,,,,,,,253,0.9960629921259843,true,0.2274757719836495,false,163.7267608642578,123.44645690917969,345.8251647949219,122.9244384765625,389.4504699707031,271.0769348144531,122.81477355957031,268.7187805175781
1,sset_01/tracknet-stride-8,detected_ckn_opencv_consensus,82,29375,29630,255,"[29387,29413,29438,29464,29489,29515,29540,29566,29591,29617]",,,,,,,,,,,,,,,,,,,,,,,,,0,0.0,false,,,,,,,,,,
1,sset_01/tracknet-stride-8,detected_ckn_opencv_consensus,83,29630,29729,99,"[29634,29644,29654,29664,29674,29684,29694,29704,29714,29724]",fallback,268.8018798828125,129.98617553710938,368.9881896972656,123.12409973144531,385.94732666015625,194.97671508789062,160.1804656982422,208.282470703125,0.0052159554325044155,0.0053487503901124,0.08490375429391861,0.06675121933221817,fallback,fallback,model,model,2.8209738331952394e-06,1.9490280340438114e-05,4.802132390393437e-09,3.317822569614334e-08,1,2,13.575724699717682,0,0.0,false,,,,,,,,,,
1,sset_01/tracknet-stride-8,detected_ckn_opencv_consensus,84,29729,31262,1533,"[29805,29958,30112,30265,30418,30572,30725,30878,31032,31185]",,,,,,,,,,,,,,,,,,,,,,,,,0,0.0,false,,,,,,,,,,
1,sset_01/tracknet-stride-8,detected_ckn_opencv_consensus,85,31262,31391,129,"[31268,31281,31294,31307,31320,31332,31345,31358,31371,31384]",,,,,,,,,,,,,,,,,,,,,,,,,0,0.0,false,,,,,,,,,,
1,sset_01/tracknet-stride-8,detected_ckn_opencv_consensus,86,31391,31502,111,"[31396,31407,31418,31429,31440,31452,31463,31474,31485,31496]",model,163.72129821777344,123.4420394897461,345.4684143066406,122.82185363769531,389.4202880859375,271.20794677734375,122.93415832519531,269.0589599609375,0.2872174084186554,0.2023567408323288,0.17151835560798645,0.14343836903572083,model,model,model,model,,,,,,,,111,1.0,true,0.3302747329414956,false,163.72129821777344,123.4420394897461,345.4684143066406,122.82185363769531,389.4202880859375,271.20794677734375,122.93415832519531,269.0589599609375
1,sset_01/tracknet-stride-8,detected_ckn_opencv_consensus,87,31502,31751,249,"[31514,31539,31564,31589,31614,31638,31663,31688,31713,31738]",fallback,68.18244171142578,215.58804321289062,255.34031677246094,209.73936462402344,291.3084716796875,201.50491333007812,121.556396484375,133.61285400390625,0.005096240900456905,0.0023968862369656563,0.10483162105083466,0.02141941897571087,fallback,fallback,model,model,0.30338976271147544,8.503452983962784e-06,0.0005164591706901245,1.4475393753731865e-08,2,3,8.650423218624326,0,0.0,false,,,,,,,,,,
1,sset_01/tracknet-stride-8,detected_ckn_opencv_consensus,88,31751,31889,138,"[31757,31771,31785,31799,31813,31826,31840,31854,31868,31882]",model,163.71914672851562,123.48141479492188,345.74737548828125,122.82840728759766,389.42449951171875,270.88690185546875,122.85597229003906,268.6578063964844,0.2731022834777832,0.1728617250919342,0.1814558506011963,0.13370665907859802,model,model,model,model,,,,,,,,138,1.0,true,0.15188334966497546,false,163.71914672851562,123.48141479492188,345.74737548828125,122.82840728759766,389.42449951171875,270.88690185546875,122.85597229003906,268.6578063964844
1,sset_01/tracknet-stride-8,detected_ckn_opencv_consensus,89,31889,32340,451,"[31911,31956,32001,32046,32091,32137,32182,32227,32272,32317]",,,,,,,,,,,,,,,,,,,,,,,,,0,0.0,false,,,,,,,,,,
1,sset_01/tracknet-stride-8,detected_ckn_opencv_consensus,90,32340,32628,288,"[32354,32383,32412,32440,32469,32498,32527,32556,32584,32613]",model,163.77133178710938,123.4525146484375,345.6475830078125,122.79473876953125,389.4691467285156,271.1475830078125,122.78118896484375,268.74688720703125,0.2856541872024536,0.18030834197998047,0.17923907935619354,0.13831372559070587,model,model,model,model,,,,,,,,281,0.9756944444444444,true,0.11931822781180036,false,163.77133178710938,123.4525146484375,345.6475830078125,122.79473876953125,389.4691467285156,271.1475830078125,122.78118896484375,268.74688720703125
1,sset_01/tracknet-stride-8,detected_ckn_opencv_consensus,91,32628,32719,91,"[32632,32641,32650,32659,32668,32678,32687,32696,32705,32714]",,,,,,,,,,,,,,,,,,,,,,,,,0,0.0,false,,,,,,,,,,
1,sset_01/tracknet-stride-8,detected_ckn_opencv_consensus,92,32719,32908,189,"[32728,32747,32766,32785,32804,32822,32841,32860,32879,32898]",,,,,,,,,,,,,,,,,,,,,,,,,0,0.0,false,,,,,,,,,,
1,sset_01/tracknet-stride-8,detected_ckn_opencv_consensus,93,32908,33232,324,"[32924,32956,32989,33021,33053,33086,33118,33151,33183,33215]",model,163.76443481445312,123.4287109375,345.60723876953125,122.80282592773438,389.4693603515625,271.06414794921875,122.89523315429688,268.67962646484375,0.28650349378585815,0.18937930464744568,0.1744156777858734,0.13178709149360657,model,model,model,model,,,,,,,,323,0.9969135802469136,true,0.08025260886238893,false,163.76443481445312,123.4287109375,345.60723876953125,122.80282592773438,389.4693603515625,271.06414794921875,122.89523315429688,268.67962646484375
1,sset_01/tracknet-stride-8,detected_ckn_opencv_consensus,94,33232,33606,374,"[33250,33288,33325,33362,33400,33437,33475,33512,33549,33587]",,,,,,,,,,,,,,,,,,,,,,,,,0,0.0,false,,,,,,,,,,
1,sset_01/tracknet-stride-8,detected_ckn_opencv_consensus,95,33606,34117,511,"[33631,33682,33733,33784,33835,33887,33938,33989,34040,34091]",model,163.7926025390625,123.44145202636719,345.7034912109375,122.79638671875,389.3702087402344,270.8638000488281,122.95048522949219,268.7431945800781,0.2844788730144501,0.1635616421699524,0.182390034198761,0.1371569186449051,model,model,model,model,,,,,,,,506,0.9902152641878669,true,0.18195414659975775,false,163.7926025390625,123.44145202636719,345.7034912109375,122.79638671875,389.3702087402344,270.8638000488281,122.95048522949219,268.7431945800781
1,sset_01/tracknet-stride-8,detected_ckn_opencv_consensus,96,34117,34165,48,"[34119,34124,34129,34133,34138,34143,34148,34153,34157,34162]",,,,,,,,,,,,,,,,,,,,,,,,,0,0.0,false,,,,,,,,,,
1,sset_01/tracknet-stride-8,detected_ckn_opencv_consensus,97,34165,34198,33,"[34166,34169,34173,34176,34179,34183,34186,34189,34193,34196]",,,,,,,,,,,,,,,,,,,,,,,,,0,0.0,false,,,,,,,,,,
1,sset_01/tracknet-stride-8,detected_ckn_opencv_consensus,98,34198,34702,504,"[34223,34273,34324,34374,34424,34475,34525,34576,34626,34676]",,,,,,,,,,,,,,,,,,,,,,,,,0,0.0,false,,,,,,,,,,
1,sset_01/tracknet-stride-8,detected_ckn_opencv_consensus,99,34702,34891,189,"[34711,34730,34749,34768,34787,34805,34824,34843,34862,34881]",,,,,,,,,,,,,,,,,,,,,,,,,0,0.0,false,,,,,,,,,,
1,sset_01/tracknet-stride-8,detected_ckn_opencv_consensus,100,34891,35097,206,"[34901,34921,34942,34963,34983,35004,35024,35045,35066,35086]",model,163.74517822265625,123.45711517333984,345.6064453125,122.8056640625,389.3846130371094,270.82537841796875,122.8438491821289,268.835693359375,0.2737346589565277,0.19883422553539276,0.18410134315490723,0.13144010305404663,model,model,model,model,,,,,,,,206,1.0,true,0.21631052692315866,false,163.74517822265625,123.45711517333984,345.6064453125,122.8056640625,389.3846130371094,270.82537841796875,122.8438491821289,268.835693359375
1,sset_01/tracknet-stride-8,detected_ckn_opencv_consensus,101,35097,35111,14,"[35097,35099,35100,35101,35103,35104,35106,35107,35108,35110]",,,,,,,,,,,,,,,,,,,,,,,,,0,0.0,false,,,,,,,,,,
1,sset_01/tracknet-stride-8,detected_ckn_opencv_consensus,102,35111,35142,31,"[35112,35115,35118,35121,35124,35128,35131,35134,35137,35140]",,,,,,,,,,,,,,,,,,,,,,,,,0,0.0,false,,,,,,,,,,
1,sset_01/tracknet-stride-8,detected_ckn_opencv_consensus,103,35142,35309,167,"[35150,35167,35183,35200,35217,35233,35250,35267,35283,35300]",model,163.73538208007812,123.44943237304688,345.6102294921875,122.66522216796875,389.37542724609375,270.85693359375,122.92906188964844,268.7362060546875,0.27777299284935,0.2013779580593109,0.16639438271522522,0.13520851731300354,model,model,model,model,,,,,,,,166,0.9940119760479041,true,0.18724654123529944,false,163.73538208007812,123.44943237304688,345.6102294921875,122.66522216796875,389.37542724609375,270.85693359375,122.92906188964844,268.7362060546875
1,sset_01/tracknet-stride-8,detected_ckn_opencv_consensus,104,35309,35348,39,"[35310,35314,35318,35322,35326,35330,35334,35338,35342,35346]",,,,,,,,,,,,,,,,,,,,,,,,,0,0.0,false,,,,,,,,,,
1,sset_01/tracknet-stride-8,detected_ckn_opencv_consensus,105,35348,35410,62,"[35351,35357,35363,35369,35375,35382,35388,35394,35400,35406]",,,,,,,,,,,,,,,,,,,,,,,,,0,0.0,false,,,,,,,,,,
1,sset_01/tracknet-stride-8,detected_ckn_opencv_consensus,106,35410,35757,347,"[35427,35462,35496,35531,35566,35600,35635,35670,35704,35739]",,,,,,,,,,,,,,,,,,,,,,,,,0,0.0,false,,,,,,,,,,
1,sset_01/tracknet-stride-8,detected_ckn_opencv_consensus,107,35757,36106,349,"[35774,35809,35844,35879,35914,35948,35983,36018,36053,36088]",model,163.79534912109375,123.41534423828125,345.600341796875,122.69100952148438,389.5077819824219,271.121337890625,122.93435668945312,268.6278076171875,0.28696632385253906,0.20182465016841888,0.17957091331481934,0.14154380559921265,model,model,model,model,,,,,,,,347,0.994269340974212,true,0.14514051413710222,false,163.79534912109375,123.41534423828125,345.600341796875,122.69100952148438,389.5077819824219,271.121337890625,122.93435668945312,268.6278076171875
1,sset_01/tracknet-stride-8,detected_ckn_opencv_consensus,108,36106,36542,436,"[36127,36171,36215,36258,36302,36345,36389,36433,36476,36520]",,,,,,,,,,,,,,,,,,,,,,,,,0,0.0,false,,,,,,,,,,
1,sset_01/tracknet-stride-8,detected_ckn_opencv_consensus,109,36542,37783,1241,"[36604,36728,36852,36976,37100,37224,37348,37472,37596,37720]",model,163.78460693359375,123.4348373413086,345.677490234375,122.74937438964844,389.4371643066406,271.01922607421875,122.83450317382812,268.81732177734375,0.28690677881240845,0.18455013632774353,0.18031388521194458,0.12763065099716187,model,model,model,model,,,,,,,,1219,0.9822723609991942,true,0.07662193331002011,false,163.78460693359375,123.4348373413086,345.677490234375,122.74937438964844,389.4371643066406,271.01922607421875,122.83450317382812,268.81732177734375
1,sset_01/tracknet-stride-8,detected_ckn_opencv_consensus,110,37783,38127,344,"[37800,37834,37869,37903,37937,37972,38006,38041,38075,38109]",,,,,,,,,,,,,,,,,,,,,,,,,0,0.0,false,,,,,,,,,,
1,sset_01/tracknet-stride-8,detected_ckn_opencv_consensus,111,38127,38366,239,"[38138,38162,38186,38210,38234,38258,38282,38306,38330,38354]",,,,,,,,,,,,,,,,,,,,,,,,,0,0.0,false,,,,,,,,,,
1,sset_01/tracknet-stride-8,detected_ckn_opencv_consensus,112,38366,38581,215,"[38376,38398,38419,38441,38462,38484,38505,38527,38548,38570]",model,163.71157836914062,123.4290771484375,345.5879211425781,122.71463012695312,389.461181640625,271.14764404296875,122.78919982910156,268.75665283203125,0.2744903564453125,0.21150489151477814,0.17265526950359344,0.14564424753189087,model,model,model,model,,,,,,,,214,0.9953488372093023,true,0.11634108124104824,false,163.71157836914062,123.4290771484375,345.5879211425781,122.71463012695312,389.461181640625,271.14764404296875,122.78919982910156,268.75665283203125
1,sset_01/tracknet-stride-8,detected_ckn_opencv_consensus,113,38581,39037,456,"[38603,38649,38695,38740,38786,38831,38877,38923,38968,39014]",,,,,,,,,,,,,,,,,,,,,,,,,0,0.0,false,,,,,,,,,,
1,sset_01/tracknet-stride-8,detected_ckn_opencv_consensus,114,39037,39685,648,"[39069,39134,39199,39263,39328,39393,39458,39523,39587,39652]",,,,,,,,,,,,,,,,,,,,,,,,,0,0.0,false,,,,,,,,,,
1,sset_01/tracknet-stride-8,detected_ckn_opencv_consensus,115,39685,39803,118,"[39690,39702,39714,39726,39738,39749,39761,39773,39785,39797]",,,,,,,,,,,,,,,,,,,,,,,,,0,0.0,false,,,,,,,,,,
1,sset_01/tracknet-stride-8,detected_ckn_opencv_consensus,116,39803,39928,125,"[39809,39821,39834,39846,39859,39871,39884,39896,39909,39921]",model,163.8101806640625,123.45262145996094,345.6378173828125,122.76971435546875,389.4293212890625,271.15777587890625,122.8492660522461,268.97100830078125,0.28492772579193115,0.18932569026947021,0.17007768154144287,0.15275943279266357,model,model,model,model,,,,,,,,118,0.944,true,0.22980018046603912,false,163.8101806640625,123.45262145996094,345.6378173828125,122.76971435546875,389.4293212890625,271.15777587890625,122.8492660522461,268.97100830078125
1,sset_01/tracknet-stride-8,detected_ckn_opencv_consensus,117,39928,39953,25,"[39929,39931,39934,39936,39939,39941,39944,39946,39949,39951]",,,,,,,,,,,,,,,,,,,,,,,,,0,0.0,false,,,,,,,,,,
1,sset_01/tracknet-stride-8,detected_ckn_opencv_consensus,118,39953,40202,249,"[39965,39990,40015,40040,40065,40089,40114,40139,40164,40189]",model,163.79998779296875,123.45565795898438,345.609619140625,122.76712036132812,389.3638916015625,270.7593994140625,122.99334716796875,268.7369384765625,0.2838255763053894,0.17240674793720245,0.19332322478294373,0.13726836442947388,model,model,model,model,,,,,,,,247,0.9919678714859438,true,0.28496377961831143,false,163.79998779296875,123.45565795898438,345.609619140625,122.76712036132812,389.3638916015625,270.7593994140625,122.99334716796875,268.7369384765625
1,sset_01/tracknet-stride-8,detected_ckn_opencv_consensus,119,40202,40233,31,"[40203,40206,40209,40212,40215,40219,40222,40225,40228,40231]",,,,,,,,,,,,,,,,,,,,,,,,,0,0.0,false,,,,,,,,,,
1,sset_01/tracknet-stride-8,detected_ckn_opencv_consensus,120,40233,40482,249,"[40245,40270,40295,40320,40345,40369,40394,40419,40444,40469]",,,,,,,,,,,,,,,,,,,,,,,,,0,0.0,false,,,,,,,,,,
1,sset_01/tracknet-stride-8,detected_ckn_opencv_consensus,121,40482,40523,41,"[40484,40488,40492,40496,40500,40504,40508,40512,40516,40520]",,,,,,,,,,,,,,,,,,,,,,,,,0,0.0,false,,,,,,,,,,
1,sset_01/tracknet-stride-8,detected_ckn_opencv_consensus,122,40523,41248,725,"[40559,40631,40704,40776,40849,40921,40994,41066,41139,41211]",model,163.8275146484375,123.3764877319336,345.6539001464844,122.772705078125,389.4260559082031,270.97412109375,122.8596420288086,268.84521484375,0.2958620488643646,0.20068292319774628,0.18661747872829437,0.13160373270511627,model,model,model,model,,,,,,,,655,0.903448275862069,true,0.10513579056372785,false,163.8275146484375,123.3764877319336,345.6539001464844,122.772705078125,389.4260559082031,270.97412109375,122.8596420288086,268.84521484375
1,sset_01/tracknet-stride-8,detected_ckn_opencv_consensus,123,41248,41867,619,"[41278,41340,41402,41464,41526,41588,41650,41712,41774,41836]",,,,,,,,,,,,,,,,,,,,,,,,,0,0.0,false,,,,,,,,,,
1,sset_01/tracknet-stride-8,detected_ckn_opencv_consensus,124,41867,41967,100,"[41872,41882,41892,41902,41912,41922,41932,41942,41952,41962]",fallback,63.722537994384766,102.20097351074219,231.4403839111328,166.7078399658203,294.22552490234375,254.88026428222656,101.08672332763672,249.52145385742188,0.004939427133649588,0.002659059129655361,0.18490085005760193,0.08722317963838577,fallback,fallback,model,model,3.4205448416775255,6.240341850480609e-06,0.005822779702429093,1.0622908789401251e-08,5,8,15.80404861503439,0,0.0,false,,,,,,,,,,
1,sset_01/tracknet-stride-8,detected_ckn_opencv_consensus,125,41967,42089,122,"[41973,41985,41997,42009,42021,42034,42046,42058,42070,42082]",,,,,,,,,,,,,,,,,,,,,,,,,0,0.0,false,,,,,,,,,,
1,sset_01/tracknet-stride-8,detected_ckn_opencv_consensus,126,42089,42215,126,"[42095,42107,42120,42133,42145,42158,42170,42183,42196,42208]",,,,,,,,,,,,,,,,,,,,,,,,,0,0.0,false,,,,,,,,,,
1,sset_01/tracknet-stride-8,detected_ckn_opencv_consensus,127,42215,42485,270,"[42228,42255,42282,42309,42336,42363,42390,42417,42444,42471]",model,163.78436279296875,123.40235900878906,345.64459228515625,122.82142639160156,389.4664611816406,271.0438232421875,122.92012023925781,268.7469482421875,0.29825401306152344,0.19452762603759766,0.18271295726299286,0.13805532455444336,model,model,model,model,,,,,,,,269,0.9962962962962963,true,0.07648198605784422,false,163.78436279296875,123.40235900878906,345.64459228515625,122.82142639160156,389.4664611816406,271.0438232421875,122.92012023925781,268.7469482421875
1,sset_01/tracknet-stride-8,detected_ckn_opencv_consensus,128,42485,43118,633,"[42516,42579,42643,42706,42769,42833,42896,42959,43023,43086]",model,163.76454162597656,123.41792297363281,345.65966796875,122.80085754394531,389.4381408691406,271.0758361816406,122.7691650390625,268.6846923828125,0.23987232148647308,0.15701588988304138,0.17792774736881256,0.12286422401666641,model,model,model,model,,,,,,,,425,0.6714060031595577,true,0.09369616434225264,false,163.76454162597656,123.41792297363281,345.65966796875,122.80085754394531,389.4381408691406,271.0758361816406,122.7691650390625,268.6846923828125
1,sset_01/tracknet-stride-8,detected_ckn_opencv_consensus,129,43118,43419,301,"[43133,43163,43193,43223,43253,43283,43313,43343,43373,43403]",fallback,112.892822265625,32.84177017211914,364.3953552246094,31.359310150146484,335.75115966796875,212.67074584960938,167.15365600585938,199.61395263671875,0.004119071178138256,0.0015149267856031656,0.12035815417766571,0.08415122330188751,fallback,fallback,model,model,4.696288492256599,1.6261922280259848e-06,0.007994472978770283,2.7682604777529595e-09,5,8,10.485607577376811,0,0.0,false,,,,,,,,,,
1,sset_01/tracknet-stride-8,detected_ckn_opencv_consensus,130,43419,43585,166,"[43427,43443,43460,43477,43493,43510,43526,43543,43560,43576]",,,,,,,,,,,,,,,,,,,,,,,,,0,0.0,false,,,,,,,,,,
1,sset_01/tracknet-stride-8,detected_ckn_opencv_consensus,131,43585,43664,79,"[43588,43596,43604,43612,43620,43628,43636,43644,43652,43660]",,,,,,,,,,,,,,,,,,,,,,,,,0,0.0,false,,,,,,,,,,
1,sset_01/tracknet-stride-8,detected_ckn_opencv_consensus,132,43664,43830,166,"[43672,43688,43705,43722,43738,43755,43771,43788,43805,43821]",model,163.72894287109375,123.44572448730469,345.6007385253906,122.87289428710938,389.4402770996094,271.3311462402344,122.8933334350586,268.72796630859375,0.2785192131996155,0.22027811408042908,0.17405575513839722,0.13700559735298157,model,model,model,model,,,,,,,,166,1.0,true,0.29310183522261335,false,163.72894287109375,123.44572448730469,345.6007385253906,122.87289428710938,389.4402770996094,271.3311462402344,122.8933334350586,268.72796630859375
1,sset_01/tracknet-stride-8,detected_ckn_opencv_consensus,133,43830,44108,278,"[43843,43871,43899,43927,43955,43982,44010,44038,44066,44094]",,,,,,,,,,,,,,,,,,,,,,,,,0,0.0,false,,,,,,,,,,
1,sset_01/tracknet-stride-8,detected_ckn_opencv_consensus,134,44108,44248,140,"[44115,44129,44143,44157,44171,44185,44199,44213,44227,44241]",model,163.697021484375,123.49356842041016,345.75286865234375,122.8197021484375,389.43505859375,271.0721435546875,122.88026428222656,268.7381591796875,0.27009037137031555,0.15513266623020172,0.1756598949432373,0.13337266445159912,model,model,model,model,,,,,,,,139,0.9928571428571429,true,0.12016963298395282,false,163.697021484375,123.49356842041016,345.75286865234375,122.8197021484375,389.43505859375,271.0721435546875,122.88026428222656,268.7381591796875
1,sset_01/tracknet-stride-8,detected_ckn_opencv_consensus,135,44248,44396,148,"[44255,44270,44285,44299,44314,44329,44344,44359,44373,44388]",,,,,,,,,,,,,,,,,,,,,,,,,0,0.0,false,,,,,,,,,,
1,sset_01/tracknet-stride-8,detected_ckn_opencv_consensus,136,44396,44854,458,"[44418,44464,44510,44556,44602,44647,44693,44739,44785,44831]",model,163.74148559570312,123.41813659667969,345.62896728515625,122.78070068359375,389.3841247558594,270.90850830078125,122.8511734008789,268.8443603515625,0.29476645588874817,0.19523581862449646,0.17549243569374084,0.12917882204055786,model,model,model,model,,,,,,,,438,0.9563318777292577,true,0.13514675619705974,false,163.74148559570312,123.41813659667969,345.62896728515625,122.78070068359375,389.3841247558594,270.90850830078125,122.8511734008789,268.8443603515625
1,sset_01/tracknet-stride-8,detected_ckn_opencv_consensus,137,44854,45021,167,"[44862,44879,44895,44912,44929,44945,44962,44979,44995,45012]",,,,,,,,,,,,,,,,,,,,,,,,,0,0.0,false,,,,,,,,,,
1,sset_01/tracknet-stride-8,detected_ckn_opencv_consensus,138,45021,48267,3246,"[45183,45507,45832,46157,46481,46806,47130,47455,47780,48104]",,,,,,,,,,,,,,,,,,,,,,,,,0,0.0,false,,,,,,,,,,
1,sset_01/tracknet-stride-8,detected_ckn_opencv_consensus,139,48267,48633,366,"[48285,48321,48358,48395,48431,48468,48504,48541,48578,48614]",model,163.7150421142578,123.4468002319336,345.5593566894531,122.827392578125,389.4180908203125,271.3013610839844,122.95061492919922,269.1414794921875,0.27916622161865234,0.1873774528503418,0.1768968403339386,0.1443352997303009,model,model,model,model,,,,,,,,365,0.9972677595628415,true,0.414204035997765,false,163.7150421142578,123.4468002319336,345.5593566894531,122.827392578125,389.4180908203125,271.3013610839844,122.95061492919922,269.1414794921875
1,sset_01/tracknet-stride-8,detected_ckn_opencv_consensus,140,48633,48955,322,"[48649,48681,48713,48745,48777,48810,48842,48874,48906,48938]",fallback,192.63723754882812,78.06073760986328,155.84066772460938,52.177391052246094,307.77972412109375,225.8704071044922,140.25399780273438,252.3988800048828,0.004162034019827843,0.0029908032156527042,0.1698942333459854,0.06632985174655914,fallback,fallback,model,model,4.862946907545705,0.0001397623907855242,0.008278174927641237,2.3791695472403205e-07,7,14,15.792304868003328,56,0.17391304347826086,false,,,,,,,,,,
1,sset_01/tracknet-stride-8,detected_ckn_opencv_consensus,141,48955,49127,172,"[48963,48980,48998,49015,49032,49049,49066,49084,49101,49118]",model,163.67449951171875,123.49322509765625,345.71026611328125,122.93009948730469,389.45343017578125,271.1734619140625,122.72767639160156,268.98193359375,0.27248212695121765,0.18252329528331757,0.1741960048675537,0.1264859139919281,model,model,model,model,,,,,,,,172,1.0,true,0.267234228957261,false,163.67449951171875,123.49322509765625,345.71026611328125,122.93009948730469,389.45343017578125,271.1734619140625,122.72767639160156,268.98193359375
1,sset_01/tracknet-stride-8,detected_ckn_opencv_consensus,142,49127,49578,451,"[49149,49194,49239,49284,49329,49375,49420,49465,49510,49555]",,,,,,,,,,,,,,,,,,,,,,,,,0,0.0,false,,,,,,,,,,
1,sset_01/tracknet-stride-8,detected_ckn_opencv_consensus,143,49578,49744,166,"[49586,49602,49619,49636,49652,49669,49685,49702,49719,49735]",model,163.727294921875,123.42420959472656,345.6966552734375,122.8832015991211,389.51141357421875,271.26654052734375,122.83453369140625,268.6512145996094,0.2792859971523285,0.19122125208377838,0.17330479621887207,0.1330735683441162,model,model,model,model,,,,,,,,166,1.0,true,0.24536288626256758,false,163.727294921875,123.42420959472656,345.6966552734375,122.8832015991211,389.51141357421875,271.26654052734375,122.83453369140625,268.6512145996094
1,sset_01/tracknet-stride-8,detected_ckn_opencv_consensus,144,49744,49782,38,"[49745,49749,49753,49757,49761,49764,49768,49772,49776,49780]",fallback,247.6617889404297,16.18146324157715,283.9990539550781,16.06780433654785,311.0071716308594,284.1240234375,165.7091064453125,251.3418426513672,0.003762472653761506,0.003398569766432047,0.1202821135520935,0.023122720420360565,fallback,fallback,model,model,5.498000843938655,3.478507322684497e-05,0.009359224684896599,5.921449000313317e-08,9,16,14.37766120693641,0,0.0,false,,,,,,,,,,
1,sset_01/tracknet-stride-8,detected_ckn_opencv_consensus,145,49782,49851,69,"[49785,49792,49799,49806,49813,49819,49826,49833,49840,49847]",,,,,,,,,,,,,,,,,,,,,,,,,0,0.0,false,,,,,,,,,,
1,sset_01/tracknet-stride-8,detected_ckn_opencv_consensus,146,49851,49940,89,"[49855,49864,49873,49882,49891,49899,49908,49917,49926,49935]",,,,,,,,,,,,,,,,,,,,,,,,,0,0.0,false,,,,,,,,,,
1,sset_01/tracknet-stride-8,detected_ckn_opencv_consensus,147,49940,50014,74,"[49943,49951,49958,49965,49973,49980,49988,49995,50002,50010]",,,,,,,,,,,,,,,,,,,,,,,,,0,0.0,false,,,,,,,,,,
1,sset_01/tracknet-stride-8,detected_ckn_opencv_consensus,148,50014,50116,102,"[50019,50029,50039,50049,50059,50070,50080,50090,50100,50110]",model,163.71609497070312,123.44633483886719,345.59149169921875,122.71025085449219,389.3807678222656,270.885009765625,122.92439270019531,268.631591796875,0.2878287732601166,0.19358789920806885,0.1799025684595108,0.13432154059410095,model,model,model,model,,,,,,,,102,1.0,true,0.15871603554554234,false,163.71609497070312,123.44633483886719,345.59149169921875,122.71025085449219,389.3807678222656,270.885009765625,122.92439270019531,268.631591796875
1,sset_01/tracknet-stride-8,detected_ckn_opencv_consensus,149,50116,50294,178,"[50124,50142,50160,50178,50196,50213,50231,50249,50267,50285]",,,,,,,,,,,,,,,,,,,,,,,,,0,0.0,false,,,,,,,,,,
1,sset_01/tracknet-stride-8,detected_ckn_opencv_consensus,150,50294,50412,118,"[50299,50311,50323,50335,50347,50358,50370,50382,50394,50406]",model,163.73916625976562,123.42231750488281,345.497314453125,122.6601791381836,389.41156005859375,271.03338623046875,122.85531616210938,268.7961730957031,0.2763800323009491,0.21454425156116486,0.18834912776947021,0.13111665844917297,model,model,model,model,,,,,,,,117,0.9915254237288136,true,0.196275767693387,false,163.73916625976562,123.42231750488281,345.497314453125,122.6601791381836,389.41156005859375,271.03338623046875,122.85531616210938,268.7961730957031
1,sset_01/tracknet-stride-8,detected_ckn_opencv_consensus,151,50412,50683,271,"[50425,50452,50479,50506,50533,50561,50588,50615,50642,50669]",,,,,,,,,,,,,,,,,,,,,,,,,0,0.0,false,,,,,,,,,,
1,sset_01/tracknet-stride-8,detected_ckn_opencv_consensus,152,50683,50822,139,"[50689,50703,50717,50731,50745,50759,50773,50787,50801,50815]",model,163.66229248046875,123.47110748291016,345.566650390625,122.75445556640625,389.2152099609375,270.59246826171875,122.76980590820312,268.80242919921875,0.28042078018188477,0.18800956010818481,0.19557151198387146,0.14125022292137146,model,model,model,model,,,,,,,,128,0.920863309352518,true,0.49112495993311595,false,163.66229248046875,123.47110748291016,345.566650390625,122.75445556640625,389.2152099609375,270.59246826171875,122.76980590820312,268.80242919921875
1,sset_01/tracknet-stride-8,detected_ckn_opencv_consensus,153,50822,50853,31,"[50823,50826,50829,50832,50835,50839,50842,50845,50848,50851]",,,,,,,,,,,,,,,,,,,,,,,,,0,0.0,false,,,,,,,,,,
1,sset_01/tracknet-stride-8,detected_ckn_opencv_consensus,154,50853,50944,91,"[50857,50866,50875,50884,50893,50903,50912,50921,50930,50939]",model,163.711669921875,123.45570373535156,345.6470947265625,122.8760986328125,389.4176025390625,270.99688720703125,122.83244323730469,268.626708984375,0.2746905982494354,0.1948997527360916,0.18467962741851807,0.15242353081703186,model,model,model,model,,,,,,,,91,1.0,true,0.11512937879300378,false,163.711669921875,123.45570373535156,345.6470947265625,122.8760986328125,389.4176025390625,270.99688720703125,122.83244323730469,268.626708984375
1,sset_01/tracknet-stride-8,detected_ckn_opencv_consensus,155,50944,51019,75,"[50947,50955,50962,50970,50977,50985,50992,51000,51007,51015]",,,,,,,,,,,,,,,,,,,,,,,,,0,0.0,false,,,,,,,,,,
1,sset_01/tracknet-stride-8,detected_ckn_opencv_consensus,156,51019,51248,229,"[51030,51053,51076,51099,51122,51144,51167,51190,51213,51236]",,,,,,,,,,,,,,,,,,,,,,,,,0,0.0,false,,,,,,,,,,
1,sset_01/tracknet-stride-8,detected_ckn_opencv_consensus,157,51248,51734,486,"[51272,51320,51369,51418,51466,51515,51563,51612,51661,51709]",model,163.77053833007812,123.396240234375,345.6162109375,122.73403930664062,389.4071044921875,270.91558837890625,122.83319854736328,268.7218017578125,0.2966289520263672,0.17982129752635956,0.18009573221206665,0.12992194294929504,model,model,model,model,,,,,,,,472,0.9711934156378601,true,0.12384215570256735,false,163.77053833007812,123.396240234375,345.6162109375,122.73403930664062,389.4071044921875,270.91558837890625,122.83319854736328,268.7218017578125
1,sset_01/tracknet-stride-8,detected_ckn_opencv_consensus,158,51734,51799,65,"[51737,51743,51750,51756,51763,51769,51776,51782,51789,51795]",,,,,,,,,,,,,,,,,,,,,,,,,0,0.0,false,,,,,,,,,,
1,sset_01/tracknet-stride-8,detected_ckn_opencv_consensus,159,51799,52397,598,"[51828,51888,51948,52008,52068,52127,52187,52247,52307,52367]",,,,,,,,,,,,,,,,,,,,,,,,,0,0.0,false,,,,,,,,,,
1,sset_01/tracknet-stride-8,detected_ckn_opencv_consensus,160,52397,52521,124,"[52403,52415,52428,52440,52452,52465,52477,52490,52502,52514]",model,163.71063232421875,123.45530700683594,345.51336669921875,122.77619934082031,389.32275390625,270.8741149902344,122.89881134033203,268.86993408203125,0.2845945358276367,0.20258671045303345,0.19034777581691742,0.14764215052127838,model,model,model,model,,,,,,,,124,1.0,true,0.19133731028703863,false,163.71063232421875,123.45530700683594,345.51336669921875,122.77619934082031,389.32275390625,270.8741149902344,122.89881134033203,268.86993408203125
1,sset_01/tracknet-stride-8,detected_ckn_opencv_consensus,161,52521,52732,211,"[52531,52552,52573,52594,52615,52637,52658,52679,52700,52721]",,,,,,,,,,,,,,,,,,,,,,,,,0,0.0,false,,,,,,,,,,
1,sset_01/tracknet-stride-8,detected_ckn_opencv_consensus,162,52732,53731,999,"[52781,52881,52981,53081,53181,53281,53381,53481,53581,53681]",model,163.7225341796875,123.44876861572266,345.6494140625,122.80230712890625,389.40142822265625,271.0080871582031,122.76956176757812,268.7685852050781,0.27877113223075867,0.1850324273109436,0.18069735169410706,0.13187652826309204,model,model,model,model,,,,,,,,985,0.985985985985986,true,0.07914943225299212,false,163.7225341796875,123.44876861572266,345.6494140625,122.80230712890625,389.40142822265625,271.0080871582031,122.76956176757812,268.7685852050781
1,sset_01/tracknet-stride-8,detected_ckn_opencv_consensus,163,53731,54650,919,"[53776,53868,53960,54052,54144,54236,54328,54420,54512,54604]",fallback,161.7689208984375,272.7015075683594,214.6205596923828,274.0619812011719,325.5877380371094,232.14736938476562,132.97750854492188,235.01626586914062,0.004563635215163231,0.001963597722351551,0.08835482597351074,0.05434180796146393,fallback,fallback,model,model,0.6641300406564028,1.2710574864626038e-13,0.0011305458923938536,2.16371603804653e-16,2,10,12.010003802960966,20,0.02176278563656148,false,,,,,,,,,,
1,sset_01/tracknet-stride-8,detected_ckn_opencv_consensus,164,54650,54984,334,"[54666,54700,54733,54766,54800,54833,54867,54900,54933,54967]",,,,,,,,,,,,,,,,,,,,,,,,,0,0.0,false,,,,,,,,,,
1,sset_01/tracknet-stride-8,detected_ckn_opencv_consensus,165,54984,55065,81,"[54988,54996,55004,55012,55020,55028,55036,55044,55052,55060]",,,,,,,,,,,,,,,,,,,,,,,,,0,0.0,false,,,,,,,,,,
1,sset_01/tracknet-stride-8,detected_ckn_opencv_consensus,166,55065,55463,398,"[55084,55124,55164,55204,55244,55283,55323,55363,55403,55443]",model,163.73179626464844,123.4139404296875,345.6783447265625,122.87689208984375,389.45623779296875,271.12078857421875,122.86117553710938,268.6961669921875,0.28269290924072266,0.182122141122818,0.1819222867488861,0.13841593265533447,model,model,model,model,,,,,,,,389,0.9773869346733668,true,0.08959082058826626,false,163.73179626464844,123.4139404296875,345.6783447265625,122.87689208984375,389.45623779296875,271.12078857421875,122.86117553710938,268.6961669921875
1,sset_01/tracknet-stride-8,detected_ckn_opencv_consensus,167,55463,55656,193,"[55472,55491,55511,55530,55549,55569,55588,55607,55627,55646]",,,,,,,,,,,,,,,,,,,,,,,,,0,0.0,false,,,,,,,,,,
1,sset_01/tracknet-stride-8,detected_ckn_opencv_consensus,168,55656,56431,775,"[55694,55772,55849,55927,56004,56082,56159,56237,56314,56392]",model,163.77455139160156,123.3752670288086,345.62158203125,122.73466491699219,389.3499450683594,270.7779235839844,122.9328384399414,268.6990051269531,0.300237238407135,0.18167686462402344,0.19262388348579407,0.1322384476661682,model,model,model,model,,,,,,,,574,0.7406451612903225,true,0.27012304801679166,false,163.77455139160156,123.3752670288086,345.62158203125,122.73466491699219,389.3499450683594,270.7779235839844,122.9328384399414,268.6990051269531
1,sset_01/tracknet-stride-8,detected_ckn_opencv_consensus,169,56431,56647,216,"[56441,56463,56485,56506,56528,56549,56571,56593,56614,56636]",,,,,,,,,,,,,,,,,,,,,,,,,0,0.0,false,,,,,,,,,,
1,sset_01/tracknet-stride-8,detected_ckn_opencv_consensus,170,56647,56784,137,"[56653,56667,56681,56694,56708,56722,56736,56749,56763,56777]",,,,,,,,,,,,,,,,,,,,,,,,,0,0.0,false,,,,,,,,,,
1,sset_01/tracknet-stride-8,detected_ckn_opencv_consensus,171,56784,57065,281,"[56798,56826,56854,56882,56910,56938,56966,56994,57022,57050]",model,163.739990234375,123.45039367675781,345.58709716796875,122.76509857177734,389.3763122558594,270.8965759277344,122.73703002929688,268.6907958984375,0.28124135732650757,0.20724403858184814,0.20367774367332458,0.13256022334098816,model,model,model,model,,,,,,,,260,0.9252669039145908,true,0.1487976680088753,false,163.739990234375,123.45039367675781,345.58709716796875,122.76509857177734,389.3763122558594,270.8965759277344,122.73703002929688,268.6907958984375
1,sset_01/tracknet-stride-8,detected_ckn_opencv_consensus,172,57065,57105,40,"[57067,57071,57075,57079,57083,57087,57091,57095,57099,57103]",,,,,,,,,,,,,,,,,,,,,,,,,0,0.0,false,,,,,,,,,,
1,sset_01/tracknet-stride-8,detected_ckn_opencv_consensus,173,57105,57212,107,"[57110,57121,57131,57142,57153,57163,57174,57185,57195,57206]",model,163.68521118164062,123.48388671875,345.6385498046875,122.80169677734375,389.2945861816406,270.6861572265625,122.79551696777344,268.8408203125,0.2761944830417633,0.19575658440589905,0.18686246871948242,0.1413884162902832,model,model,model,model,,,,,,,,105,0.9813084112149533,true,0.3743077310720767,false,163.68521118164062,123.48388671875,345.6385498046875,122.80169677734375,389.2945861816406,270.6861572265625,122.79551696777344,268.8408203125
1,sset_01/tracknet-stride-8,detected_ckn_opencv_consensus,174,57212,57266,54,"[57214,57220,57225,57230,57236,57241,57247,57252,57257,57263]",,,,,,,,,,,,,,,,,,,,,,,,,0,0.0,false,,,,,,,,,,
1,sset_01/tracknet-stride-8,detected_ckn_opencv_consensus,175,57266,57511,245,"[57278,57302,57327,57351,57376,57400,57425,57449,57474,57498]",,,,,,,,,,,,,,,,,,,,,,,,,0,0.0,false,,,,,,,,,,
1,sset_01/tracknet-stride-8,detected_ckn_opencv_consensus,176,57511,57878,367,"[57529,57566,57602,57639,57676,57712,57749,57786,57822,57859]",,,,,,,,,,,,,,,,,,,,,,,,,0,0.0,false,,,,,,,,,,
1,sset_01/tracknet-stride-8,detected_ckn_opencv_consensus,177,57878,57943,65,"[57881,57887,57894,57900,57907,57913,57920,57926,57933,57939]",,,,,,,,,,,,,,,,,,,,,,,,,0,0.0,false,,,,,,,,,,
1,sset_01/tracknet-stride-8,detected_ckn_opencv_consensus,178,57943,58146,203,"[57953,57973,57993,58014,58034,58054,58074,58095,58115,58135]",model,163.7189483642578,123.4500503540039,345.636474609375,122.84074401855469,389.39111328125,270.89324951171875,122.71649932861328,268.93682861328125,0.2683172821998596,0.2100422978401184,0.20029926300048828,0.1326749324798584,model,model,model,model,,,,,,,,197,0.9704433497536946,true,0.23336748891605819,false,163.7189483642578,123.4500503540039,345.636474609375,122.84074401855469,389.39111328125,270.89324951171875,122.71649932861328,268.93682861328125
1,sset_01/tracknet-stride-8,detected_ckn_opencv_consensus,179,58146,58479,333,"[58162,58195,58229,58262,58295,58329,58362,58395,58429,58462]",,,,,,,,,,,,,,,,,,,,,,,,,0,0.0,false,,,,,,,,,,
1,sset_01/tracknet-stride-8,detected_ckn_opencv_consensus,180,58479,58783,304,"[58494,58524,58555,58585,58615,58646,58676,58707,58737,58767]",,,,,,,,,,,,,,,,,,,,,,,,,0,0.0,false,,,,,,,,,,
1,sset_01/tracknet-stride-8,detected_ckn_opencv_consensus,181,58783,59031,248,"[58795,58820,58845,58869,58894,58919,58944,58969,58993,59018]",model,163.70355224609375,123.47578430175781,345.65380859375,122.85330963134766,389.3824462890625,270.97650146484375,122.99066162109375,268.68328857421875,0.26845458149909973,0.16886833310127258,0.17212198674678802,0.13576334714889526,model,model,model,model,,,,,,,,246,0.9919354838709677,true,0.15784792279015852,false,163.70355224609375,123.47578430175781,345.65380859375,122.85330963134766,389.3824462890625,270.97650146484375,122.99066162109375,268.68328857421875
1,sset_01/tracknet-stride-8,detected_ckn_opencv_consensus,182,59031,59264,233,"[59042,59065,59089,59112,59135,59159,59182,59205,59229,59252]",,,,,,,,,,,,,,,,,,,,,,,,,0,0.0,false,,,,,,,,,,
1,sset_01/tracknet-stride-8,detected_ckn_opencv_consensus,183,59264,59642,378,"[59282,59320,59358,59396,59434,59471,59509,59547,59585,59623]",model,163.7111358642578,123.43476867675781,345.5978088378906,122.81632995605469,389.5429382324219,271.1501159667969,122.9305191040039,268.7330627441406,0.2720651924610138,0.17267738282680511,0.17378178238868713,0.14102686941623688,model,model,model,model,,,,,,,,282,0.746031746031746,true,0.16568223632288814,false,163.7111358642578,123.43476867675781,345.5978088378906,122.81632995605469,389.5429382324219,271.1501159667969,122.9305191040039,268.7330627441406
1,sset_01/tracknet-stride-8,detected_ckn_opencv_consensus,184,59642,59828,186,"[59651,59669,59688,59707,59725,59744,59762,59781,59800,59818]",,,,,,,,,,,,,,,,,,,,,,,,,0,0.0,false,,,,,,,,,,
1,sset_01/tracknet-stride-8,detected_ckn_opencv_consensus,185,59828,59957,129,"[59834,59847,59860,59873,59886,59898,59911,59924,59937,59950]",,,,,,,,,,,,,,,,,,,,,,,,,0,0.0,false,,,,,,,,,,
1,sset_01/tracknet-stride-8,detected_ckn_opencv_consensus,186,59957,60294,337,"[59973,60007,60041,60074,60108,60142,60176,60209,60243,60277]",model,163.69406127929688,123.46891784667969,345.68695068359375,122.8617172241211,389.46551513671875,271.0871887207031,122.78620910644531,268.66259765625,0.2758837938308716,0.2016099989414215,0.1811164915561676,0.13628095388412476,model,model,model,model,,,,,,,,332,0.9851632047477745,true,0.09752961799782235,false,163.69406127929688,123.46891784667969,345.68695068359375,122.8617172241211,389.46551513671875,271.0871887207031,122.78620910644531,268.66259765625
1,sset_01/tracknet-stride-8,detected_ckn_opencv_consensus,187,60294,60872,578,"[60322,60380,60438,60496,60554,60611,60669,60727,60785,60843]",model,163.72621154785156,123.42666625976562,345.638671875,122.86929321289062,389.4128723144531,271.0532531738281,122.87334442138672,268.8851318359375,0.16912245750427246,0.09390643239021301,0.18364295363426208,0.13642454147338867,model,model,model,model,,,,,,,,274,0.4740484429065744,false,,,,,,,,,,
1,sset_01/tracknet-stride-8,detected_ckn_opencv_consensus,188,60872,62706,1834,"[60963,61147,61330,61513,61697,61880,62064,62247,62430,62614]",,,,,,,,,,,,,,,,,,,,,,,,,0,0.0,false,,,,,,,,,,
1,sset_01/tracknet-stride-8,detected_ckn_opencv_consensus,189,62706,63116,410,"[62726,62767,62808,62849,62890,62931,62972,63013,63054,63095]",model,163.70462036132812,123.4177017211914,345.6050720214844,122.77244567871094,389.4986267089844,271.22930908203125,122.78103637695312,268.85443115234375,0.2799556851387024,0.20802918076515198,0.17566795647144318,0.12839537858963013,model,model,model,model,,,,,,,,406,0.9902439024390244,true,0.2060547100989162,false,163.70462036132812,123.4177017211914,345.6050720214844,122.77244567871094,389.4986267089844,271.22930908203125,122.78103637695312,268.85443115234375
1,sset_01/tracknet-stride-8,detected_ckn_opencv_consensus,190,63116,63473,357,"[63133,63169,63205,63240,63276,63312,63348,63383,63419,63455]",,,,,,,,,,,,,,,,,,,,,,,,,0,0.0,false,,,,,,,,,,
1,sset_01/tracknet-stride-8,detected_ckn_opencv_consensus,191,63473,63580,107,"[63478,63489,63499,63510,63521,63531,63542,63553,63563,63574]",,,,,,,,,,,,,,,,,,,,,,,,,0,0.0,false,,,,,,,,,,
1,sset_01/tracknet-stride-8,detected_ckn_opencv_consensus,192,63580,63694,114,"[63585,63597,63608,63619,63631,63642,63654,63665,63676,63688]",,,,,,,,,,,,,,,,,,,,,,,,,0,0.0,false,,,,,,,,,,
1,sset_01/tracknet-stride-8,detected_ckn_opencv_consensus,193,63694,64269,575,"[63722,63780,63837,63895,63952,64010,64067,64125,64182,64240]",model,163.74977111816406,123.40870666503906,345.7281188964844,122.85810852050781,389.4552001953125,271.1007080078125,122.72744750976562,268.7560729980469,0.2886001765727997,0.1824667751789093,0.17619235813617706,0.1311996877193451,model,model,model,model,,,,,,,,575,1.0,true,0.11733890949545508,false,163.74977111816406,123.40870666503906,345.7281188964844,122.85810852050781,389.4552001953125,271.1007080078125,122.72744750976562,268.7560729980469
1,sset_01/tracknet-stride-8,detected_ckn_opencv_consensus,194,64269,64483,214,"[64279,64301,64322,64343,64365,64386,64408,64429,64450,64472]",,,,,,,,,,,,,,,,,,,,,,,,,0,0.0,false,,,,,,,,,,
1,sset_01/tracknet-stride-8,detected_ckn_opencv_consensus,195,64483,64793,310,"[64498,64529,64560,64591,64622,64653,64684,64715,64746,64777]",model,163.70883178710938,123.48690795898438,345.60675048828125,122.93864440917969,389.3232421875,270.8633728027344,122.90426635742188,268.81622314453125,0.272089421749115,0.09846670180559158,0.19021782279014587,0.14551353454589844,model,model,model,model,,,,,,,,232,0.7483870967741936,true,0.20041689821343583,false,163.70883178710938,123.48690795898438,345.60675048828125,122.93864440917969,389.3232421875,270.8633728027344,122.90426635742188,268.81622314453125
1,sset_01/tracknet-stride-8,detected_ckn_opencv_consensus,196,64793,64828,35,"[64794,64798,64801,64805,64808,64812,64815,64819,64822,64826]",,,,,,,,,,,,,,,,,,,,,,,,,0,0.0,false,,,,,,,,,,
1,sset_01/tracknet-stride-8,detected_ckn_opencv_consensus,197,64828,65519,691,"[64862,64931,65000,65069,65138,65208,65277,65346,65415,65484]",model,163.71868896484375,123.45870971679688,345.7965393066406,122.9129638671875,389.377197265625,270.98193359375,122.84381866455078,268.7474670410156,0.2819661796092987,0.13702081143856049,0.16592225432395935,0.14098981022834778,model,model,model,model,,,,,,,,540,0.7814761215629522,true,0.19729797704659555,false,163.71868896484375,123.45870971679688,345.7965393066406,122.9129638671875,389.377197265625,270.98193359375,122.84381866455078,268.7474670410156
1,sset_01/tracknet-stride-8,detected_ckn_opencv_consensus,198,65519,65599,80,"[65523,65531,65539,65547,65555,65563,65571,65579,65587,65595]",,,,,,,,,,,,,,,,,,,,,,,,,0,0.0,false,,,,,,,,,,
1,sset_01/tracknet-stride-8,detected_ckn_opencv_consensus,199,65599,65969,370,"[65617,65654,65691,65728,65765,65802,65839,65876,65913,65950]",,,,,,,,,,,,,,,,,,,,,,,,,0,0.0,false,,,,,,,,,,
1,sset_01/tracknet-stride-8,detected_ckn_opencv_consensus,200,65969,66211,242,"[65981,66005,66029,66053,66077,66102,66126,66150,66174,66198]",model,163.7089080810547,123.41596984863281,345.66436767578125,122.85746765136719,389.4762878417969,271.22216796875,122.74873352050781,268.7482604980469,0.29512518644332886,0.19369855523109436,0.1665322482585907,0.1345263570547104,model,model,model,model,,,,,,,,242,1.0,true,0.19179841660542352,false,163.7089080810547,123.41596984863281,345.66436767578125,122.85746765136719,389.4762878417969,271.22216796875,122.74873352050781,268.7482604980469
1,sset_01/tracknet-stride-8,detected_ckn_opencv_consensus,201,66211,66242,31,"[66212,66215,66218,66221,66224,66228,66231,66234,66237,66240]",,,,,,,,,,,,,,,,,,,,,,,,,0,0.0,false,,,,,,,,,,
1,sset_01/tracknet-stride-8,detected_ckn_opencv_consensus,202,66242,66309,67,"[66245,66252,66258,66265,66272,66278,66285,66292,66298,66305]",model,163.76004028320312,123.42691040039062,345.5765380859375,122.79914855957031,389.39324951171875,270.97686767578125,123.00056457519531,268.6619873046875,0.29503461718559265,0.2009853720664978,0.1748826950788498,0.1550353765487671,model,model,model,model,,,,,,,,67,1.0,true,0.17562964726626637,false,163.76004028320312,123.42691040039062,345.5765380859375,122.79914855957031,389.39324951171875,270.97686767578125,123.00056457519531,268.6619873046875
1,sset_01/tracknet-stride-8,detected_ckn_opencv_consensus,203,66309,66430,121,"[66315,66327,66339,66351,66363,66375,66387,66399,66411,66423]",,,,,,,,,,,,,,,,,,,,,,,,,0,0.0,false,,,,,,,,,,
1,sset_01/tracknet-stride-8,detected_ckn_opencv_consensus,204,66430,66711,281,"[66444,66472,66500,66528,66556,66584,66612,66640,66668,66696]",,,,,,,,,,,,,,,,,,,,,,,,,0,0.0,false,,,,,,,,,,
1,sset_01/tracknet-stride-8,detected_ckn_opencv_consensus,205,66711,66954,243,"[66723,66747,66771,66796,66820,66844,66868,66893,66917,66941]",model,163.75222778320312,123.4593734741211,345.59686279296875,122.75093841552734,389.44952392578125,271.14593505859375,122.87481689453125,268.69384765625,0.2848208546638489,0.18908759951591492,0.17243386805057526,0.1451110988855362,model,model,model,model,,,,,,,,233,0.9588477366255144,true,0.11112310119059012,false,163.75222778320312,123.4593734741211,345.59686279296875,122.75093841552734,389.44952392578125,271.14593505859375,122.87481689453125,268.69384765625
1,sset_01/tracknet-stride-8,detected_ckn_opencv_consensus,206,66954,66988,34,"[66955,66959,66962,66965,66969,66972,66976,66979,66982,66986]",,,,,,,,,,,,,,,,,,,,,,,,,0,0.0,false,,,,,,,,,,
1,sset_01/tracknet-stride-8,detected_ckn_opencv_consensus,207,66988,67604,616,"[67018,67080,67142,67203,67265,67326,67388,67450,67511,67573]",,,,,,,,,,,,,,,,,,,,,,,,,0,0.0,false,,,,,,,,,,
1,sset_01/tracknet-stride-8,detected_ckn_opencv_consensus,208,67604,68722,1118,"[67659,67771,67883,67995,68107,68218,68330,68442,68554,68666]",model,163.76144409179688,123.40695190429688,345.67437744140625,122.8106689453125,389.4576110839844,271.10546875,122.66258239746094,268.7367858886719,0.28881973028182983,0.1789528727531433,0.18355871737003326,0.14002880454063416,model,model,model,model,,,,,,,,1096,0.9803220035778175,true,0.1813222881318748,false,163.76144409179688,123.40695190429688,345.67437744140625,122.8106689453125,389.4576110839844,271.10546875,122.66258239746094,268.7367858886719
1,sset_01/tracknet-stride-8,detected_ckn_opencv_consensus,209,68722,69267,545,"[68749,68803,68858,68912,68967,69021,69076,69130,69185,69239]",,,,,,,,,,,,,,,,,,,,,,,,,0,0.0,false,,,,,,,,,,
1,sset_01/tracknet-stride-8,detected_ckn_opencv_consensus,210,69267,69833,566,"[69295,69351,69408,69465,69521,69578,69634,69691,69748,69804]",,,,,,,,,,,,,,,,,,,,,,,,,0,0.0,false,,,,,,,,,,
1,sset_01/tracknet-stride-8,detected_ckn_opencv_consensus,211,69833,70144,311,"[69848,69879,69910,69941,69972,70004,70035,70066,70097,70128]",,,,,,,,,,,,,,,,,,,,,,,,,0,0.0,false,,,,,,,,,,
1,sset_01/tracknet-stride-8,detected_ckn_opencv_consensus,212,70144,70488,344,"[70161,70195,70230,70264,70298,70333,70367,70402,70436,70470]",model,163.73892211914062,123.43537902832031,345.6065368652344,122.81593322753906,389.406982421875,271.0228271484375,122.8865966796875,268.7099609375,0.2913174629211426,0.1913214772939682,0.17374864220619202,0.1379072666168213,model,model,model,model,,,,,,,,337,0.9796511627906976,true,0.052988012513000546,false,163.73892211914062,123.43537902832031,345.6065368652344,122.81593322753906,389.406982421875,271.0228271484375,122.8865966796875,268.7099609375
1,sset_01/tracknet-stride-8,detected_ckn_opencv_consensus,213,70488,70511,23,"[70489,70491,70493,70496,70498,70500,70502,70505,70507,70509]",,,,,,,,,,,,,,,,,,,,,,,,,0,0.0,false,,,,,,,,,,
1,sset_01/tracknet-stride-8,detected_ckn_opencv_consensus,214,70511,71004,493,"[70535,70584,70634,70683,70732,70782,70831,70880,70930,70979]",model,163.74798583984375,123.42874145507812,345.5865478515625,122.7511978149414,389.365234375,270.97137451171875,122.78582763671875,268.6993408203125,0.2836735248565674,0.18910396099090576,0.18458765745162964,0.13583317399024963,model,model,model,model,,,,,,,,475,0.9634888438133874,true,0.08698990009899446,false,163.74798583984375,123.42874145507812,345.5865478515625,122.7511978149414,389.365234375,270.97137451171875,122.78582763671875,268.6993408203125
1,sset_01/tracknet-stride-8,detected_ckn_opencv_consensus,215,71004,71064,60,"[71007,71013,71019,71025,71031,71037,71043,71049,71055,71061]",,,,,,,,,,,,,,,,,,,,,,,,,0,0.0,false,,,,,,,,,,
1,sset_01/tracknet-stride-8,detected_ckn_opencv_consensus,216,71064,71366,302,"[71079,71109,71139,71169,71199,71230,71260,71290,71320,71350]",,,,,,,,,,,,,,,,,,,,,,,,,0,0.0,false,,,,,,,,,,
1,sset_01/tracknet-stride-8,detected_ckn_opencv_consensus,217,71366,71534,168,"[71374,71391,71408,71424,71441,71458,71475,71492,71508,71525]",,,,,,,,,,,,,,,,,,,,,,,,,0,0.0,false,,,,,,,,,,
1,sset_01/tracknet-stride-8,detected_ckn_opencv_consensus,218,71534,71739,205,"[71544,71564,71585,71605,71626,71646,71667,71687,71708,71728]",model,163.70663452148438,123.47842407226562,345.5947265625,122.772216796875,389.3623046875,270.90838623046875,122.80108642578125,268.97686767578125,0.2733919024467468,0.16177132725715637,0.17846202850341797,0.13061273097991943,model,model,model,model,,,,,,,,201,0.9804878048780488,true,0.23944516838184926,false,163.70663452148438,123.47842407226562,345.5947265625,122.772216796875,389.3623046875,270.90838623046875,122.80108642578125,268.97686767578125
1,sset_01/tracknet-stride-8,detected_ckn_opencv_consensus,219,71739,72014,275,"[71752,71780,71807,71835,71862,71890,71917,71945,71972,72000]",,,,,,,,,,,,,,,,,,,,,,,,,0,0.0,false,,,,,,,,,,
1,sset_01/tracknet-stride-8,detected_ckn_opencv_consensus,220,72014,72306,292,"[72028,72057,72087,72116,72145,72174,72203,72233,72262,72291]",model,163.759521484375,123.42726135253906,345.6600341796875,122.81298828125,389.32122802734375,270.69659423828125,122.9451904296875,268.67486572265625,0.2874041497707367,0.17931926250457764,0.1859351098537445,0.1420852392911911,model,model,model,model,,,,,,,,288,0.9863013698630136,true,0.3561847688219972,false,163.759521484375,123.42726135253906,345.6600341796875,122.81298828125,389.32122802734375,270.69659423828125,122.9451904296875,268.67486572265625
1,sset_01/tracknet-stride-8,detected_ckn_opencv_consensus,221,72306,72448,142,"[72313,72327,72341,72355,72369,72384,72398,72412,72426,72440]",fallback,199.36061096191406,43.304481506347656,294.07635498046875,101.69091033935547,306.9720153808594,136.94308471679688,119.71864318847656,153.5919952392578,0.004913784563541412,0.003521997481584549,0.0776534378528595,0.046801574528217316,fallback,fallback,model,model,3.2848659082123106,1.4069504815968511e-05,0.005591814000648955,2.395046136143396e-08,3,4,7.8437026389630375,0,0.0,false,,,,,,,,,,
1,sset_01/tracknet-stride-8,detected_ckn_opencv_consensus,222,72448,72496,48,"[72450,72455,72460,72464,72469,72474,72479,72484,72488,72493]",,,,,,,,,,,,,,,,,,,,,,,,,0,0.0,false,,,,,,,,,,
1,sset_01/tracknet-stride-8,detected_ckn_opencv_consensus,223,72496,72702,206,"[72506,72526,72547,72568,72588,72609,72629,72650,72671,72691]",,,,,,,,,,,,,,,,,,,,,,,,,0,0.0,false,,,,,,,,,,
1,sset_01/tracknet-stride-8,detected_ckn_opencv_consensus,224,72702,72825,123,"[72708,72720,72732,72745,72757,72769,72781,72794,72806,72818]",,,,,,,,,,,,,,,,,,,,,,,,,0,0.0,false,,,,,,,,,,
1,sset_01/tracknet-stride-8,detected_ckn_opencv_consensus,225,72825,73909,1084,"[72879,72987,73096,73204,73312,73421,73529,73638,73746,73854]",model,163.73886108398438,123.41305541992188,345.7098693847656,122.8595199584961,389.3900146484375,271.04681396484375,122.65797424316406,268.7063903808594,0.28658461570739746,0.1954202950000763,0.18181870877742767,0.1312350034713745,model,model,model,model,,,,,,,,1069,0.9861623616236163,true,0.18911958751400715,false,163.73886108398438,123.41305541992188,345.7098693847656,122.8595199584961,389.3900146484375,271.04681396484375,122.65797424316406,268.7063903808594
1,sset_01/tracknet-stride-8,detected_ckn_opencv_consensus,226,73909,74275,366,"[73927,73963,74000,74037,74073,74110,74146,74183,74220,74256]",,,,,,,,,,,,,,,,,,,,,,,,,0,0.0,false,,,,,,,,,,
1,sset_01/tracknet-stride-8,detected_ckn_opencv_consensus,227,74275,74667,392,"[74294,74333,74373,74412,74451,74490,74529,74569,74608,74647]",model,163.69796752929688,123.51803588867188,345.6396484375,122.8597640991211,389.36248779296875,271.045654296875,122.71222686767578,268.92059326171875,0.2766033411026001,0.20566047728061676,0.17574457824230194,0.14083698391914368,model,model,model,model,,,,,,,,390,0.9948979591836735,true,0.22244225851450528,false,163.69796752929688,123.51803588867188,345.6396484375,122.8597640991211,389.36248779296875,271.045654296875,122.71222686767578,268.92059326171875
1,sset_01/tracknet-stride-8,detected_ckn_opencv_consensus,228,74667,75051,384,"[74686,74724,74763,74801,74839,74878,74916,74955,74993,75031]",,,,,,,,,,,,,,,,,,,,,,,,,0,0.0,false,,,,,,,,,,
1,sset_01/tracknet-stride-8,detected_ckn_opencv_consensus,229,75051,75638,587,"[75080,75139,75197,75256,75315,75373,75432,75491,75549,75608]",model,163.73614501953125,123.38697814941406,345.63568115234375,122.76229095458984,389.46728515625,271.2015380859375,122.74808502197266,268.768310546875,0.29710376262664795,0.1719234585762024,0.17868053913116455,0.1291881799697876,model,model,model,model,,,,,,,,583,0.9931856899488927,true,0.1694586595138859,false,163.73614501953125,123.38697814941406,345.63568115234375,122.76229095458984,389.46728515625,271.2015380859375,122.74808502197266,268.768310546875
1,sset_01/tracknet-stride-8,detected_ckn_opencv_consensus,230,75638,76565,927,"[75684,75777,75869,75962,76055,76147,76240,76333,76425,76518]",,,,,,,,,,,,,,,,,,,,,,,,,0,0.0,false,,,,,,,,,,
1,sset_01/tracknet-stride-8,detected_ckn_opencv_consensus,231,76565,76687,122,"[76571,76583,76595,76607,76619,76632,76644,76656,76668,76680]",,,,,,,,,,,,,,,,,,,,,,,,,0,0.0,false,,,,,,,,,,
1,sset_01/tracknet-stride-8,detected_ckn_opencv_consensus,232,76687,76916,229,"[76698,76721,76744,76767,76790,76812,76835,76858,76881,76904]",,,,,,,,,,,,,,,,,,,,,,,,,0,0.0,false,,,,,,,,,,
1,sset_01/tracknet-stride-8,detected_ckn_opencv_consensus,233,76916,77151,235,"[76927,76951,76974,76998,77021,77045,77068,77092,77115,77139]",model,163.6824493408203,123.48307800292969,345.7216796875,122.8954086303711,389.42718505859375,270.9617919921875,122.96302795410156,268.6732177734375,0.26855573058128357,0.1642400026321411,0.16588622331619263,0.13865521550178528,model,model,model,model,,,,,,,,226,0.9617021276595744,true,0.13724049591944684,false,163.6824493408203,123.48307800292969,345.7216796875,122.8954086303711,389.42718505859375,270.9617919921875,122.96302795410156,268.6732177734375
1,sset_01/tracknet-stride-8,detected_ckn_opencv_consensus,234,77151,77198,47,"[77153,77158,77162,77167,77172,77176,77181,77186,77190,77195]",,,,,,,,,,,,,,,,,,,,,,,,,0,0.0,false,,,,,,,,,,
1,sset_01/tracknet-stride-8,detected_ckn_opencv_consensus,235,77198,77560,362,"[77216,77252,77288,77324,77360,77397,77433,77469,77505,77541]",,,,,,,,,,,,,,,,,,,,,,,,,0,0.0,false,,,,,,,,,,
1,sset_01/tracknet-stride-8,detected_ckn_opencv_consensus,236,77560,77653,93,"[77564,77573,77583,77592,77601,77611,77620,77629,77639,77648]",,,,,,,,,,,,,,,,,,,,,,,,,0,0.0,false,,,,,,,,,,
1,sset_01/tracknet-stride-8,detected_ckn_opencv_consensus,237,77653,77745,92,"[77657,77666,77676,77685,77694,77703,77712,77722,77731,77740]",,,,,,,,,,,,,,,,,,,,,,,,,0,0.0,false,,,,,,,,,,
1,sset_01/tracknet-stride-8,detected_ckn_opencv_consensus,238,77745,77933,188,"[77754,77773,77792,77810,77829,77848,77867,77886,77904,77923]",model,163.73947143554688,123.4080810546875,345.5032043457031,122.78849029541016,389.4185791015625,270.9697265625,122.87124633789062,268.8432922363281,0.2942690849304199,0.20868909358978271,0.18952861428260803,0.1410565972328186,model,model,model,model,,,,,,,,184,0.9787234042553191,true,0.1315640066753888,false,163.73947143554688,123.4080810546875,345.5032043457031,122.78849029541016,389.4185791015625,270.9697265625,122.87124633789062,268.8432922363281
1,sset_01/tracknet-stride-8,detected_ckn_opencv_consensus,239,77933,78124,191,"[77942,77961,77980,77999,78018,78038,78057,78076,78095,78114]",fallback,206.361572265625,173.96322631835938,347.096435546875,15.253776550292969,356.2319030761719,181.7583465576172,207.7781524658203,175.16098022460938,0.004074833821505308,0.0036371080204844475,0.03539176285266876,0.042438555508852005,fallback,fallback,model,model,0.14139995358193858,10.003433796493143,0.00024070457127453994,0.01702880504739918,2,5,2.92877571195352,0,0.0,false,,,,,,,,,,
1,sset_01/tracknet-stride-8,detected_ckn_opencv_consensus,240,78124,78221,97,"[78128,78138,78148,78157,78167,78177,78187,78196,78206,78216]",,,,,,,,,,,,,,,,,,,,,,,,,0,0.0,false,,,,,,,,,,
1,sset_01/tracknet-stride-8,detected_ckn_opencv_consensus,241,78221,78783,562,"[78249,78305,78361,78417,78473,78530,78586,78642,78698,78754]",model,163.7537841796875,123.42448425292969,345.60906982421875,122.8587646484375,389.3835144042969,270.8056640625,122.91716003417969,268.6523742675781,0.2859402000904083,0.17975746095180511,0.17919796705245972,0.13993917405605316,model,model,model,model,,,,,,,,554,0.9857651245551602,true,0.23594606665033532,false,163.7537841796875,123.42448425292969,345.60906982421875,122.8587646484375,389.3835144042969,270.8056640625,122.91716003417969,268.6523742675781
1,sset_01/tracknet-stride-8,detected_ckn_opencv_consensus,242,78783,79569,786,"[78822,78900,78979,79058,79136,79215,79293,79372,79451,79529]",,,,,,,,,,,,,,,,,,,,,,,,,0,0.0,false,,,,,,,,,,
1,sset_01/tracknet-stride-8,detected_ckn_opencv_consensus,243,79569,79771,202,"[79579,79599,79619,79639,79659,79680,79700,79720,79740,79760]",,,,,,,,,,,,,,,,,,,,,,,,,0,0.0,false,,,,,,,,,,
1,sset_01/tracknet-stride-8,detected_ckn_opencv_consensus,244,79771,80612,841,"[79813,79897,79981,80065,80149,80233,80317,80401,80485,80569]",model,163.751953125,123.39347839355469,345.6523742675781,122.82640075683594,389.37249755859375,270.8907165527344,122.89862060546875,268.63397216796875,0.29121077060699463,0.1762230396270752,0.18240110576152802,0.13994207978248596,model,model,model,model,,,,,,,,830,0.9869203329369798,true,0.155534464878966,false,163.751953125,123.39347839355469,345.6523742675781,122.82640075683594,389.37249755859375,270.8907165527344,122.89862060546875,268.63397216796875
1,sset_01/tracknet-stride-8,detected_ckn_opencv_consensus,245,80612,80695,83,"[80616,80624,80632,80641,80649,80657,80665,80674,80682,80690]",,,,,,,,,,,,,,,,,,,,,,,,,0,0.0,false,,,,,,,,,,
1,sset_01/tracknet-stride-8,detected_ckn_opencv_consensus,246,80695,80811,116,"[80700,80712,80724,80735,80747,80758,80770,80782,80793,80805]",,,,,,,,,,,,,,,,,,,,,,,,,0,0.0,false,,,,,,,,,,
1,sset_01/tracknet-stride-8,detected_ckn_opencv_consensus,247,80811,81860,1049,"[80863,80968,81073,81178,81283,81387,81492,81597,81702,81807]",,,,,,,,,,,,,,,,,,,,,,,,,0,0.0,false,,,,,,,,,,
1,sset_01/tracknet-stride-8,detected_ckn_opencv_consensus,248,81860,82374,514,"[81885,81937,81988,82039,82091,82142,82194,82245,82296,82348]",,,,,,,,,,,,,,,,,,,,,,,,,0,0.0,false,,,,,,,,,,
1,sset_01/tracknet-stride-8,detected_ckn_opencv_consensus,249,82374,82537,163,"[82382,82398,82414,82431,82447,82463,82479,82496,82512,82528]",model,163.73291015625,123.43885803222656,345.64117431640625,122.8561782836914,389.4083251953125,271.1007080078125,122.76437377929688,268.63165283203125,0.27830952405929565,0.21248871088027954,0.18595877289772034,0.1427503377199173,model,model,model,model,,,,,,,,163,1.0,true,0.13539828524275027,false,163.73291015625,123.43885803222656,345.64117431640625,122.8561782836914,389.4083251953125,271.1007080078125,122.76437377929688,268.63165283203125
1,sset_01/tracknet-stride-8,detected_ckn_opencv_consensus,250,82537,83029,492,"[82561,82610,82660,82709,82758,82807,82856,82906,82955,83004]",,,,,,,,,,,,,,,,,,,,,,,,,0,0.0,false,,,,,,,,,,
1,sset_01/tracknet-stride-8,detected_ckn_opencv_consensus,251,83029,83392,363,"[83047,83083,83119,83156,83192,83228,83264,83301,83337,83373]",,,,,,,,,,,,,,,,,,,,,,,,,0,0.0,false,,,,,,,,,,
1,sset_01/tracknet-stride-8,detected_ckn_opencv_consensus,252,83392,83791,399,"[83411,83451,83491,83531,83571,83611,83651,83691,83731,83771]",,,,,,,,,,,,,,,,,,,,,,,,,0,0.0,false,,,,,,,,,,
1,sset_01/tracknet-stride-8,detected_ckn_opencv_consensus,253,83791,84717,926,"[83837,83929,84022,84115,84207,84300,84392,84485,84578,84670]",model,163.73989868164062,123.40225982666016,345.56878662109375,122.78663635253906,389.39776611328125,270.9539794921875,122.83650207519531,268.68701171875,0.2949824333190918,0.1762666404247284,0.18429696559906006,0.1365586817264557,model,model,model,model,,,,,,,,907,0.9794816414686826,true,0.08768891925064262,false,163.73989868164062,123.40225982666016,345.56878662109375,122.78663635253906,389.39776611328125,270.9539794921875,122.83650207519531,268.68701171875
1,sset_01/tracknet-stride-8,detected_ckn_opencv_consensus,254,84717,84777,60,"[84720,84726,84732,84738,84744,84750,84756,84762,84768,84774]",,,,,,,,,,,,,,,,,,,,,,,,,0,0.0,false,,,,,,,,,,
1,sset_01/tracknet-stride-8,detected_ckn_opencv_consensus,255,84777,85574,797,"[84816,84896,84976,85055,85135,85215,85295,85374,85454,85534]",fallback,160.20428466796875,16.0421142578125,352.18841552734375,14.991195678710938,328.84381103515625,236.96530151367188,138.50137329101562,228.17776489257812,0.006055062636733055,0.003706564661115408,0.061913494020700455,0.04069407284259796,fallback,fallback,model,model,5.491733615887611,4.866975151912066e-07,0.009348556007836304,8.285032191796081e-10,14,50,21.39998808513377,75,0.09410288582183186,false,,,,,,,,,,
1,sset_01/tracknet-stride-8,detected_ckn_opencv_consensus,256,85574,85799,225,"[85585,85607,85630,85652,85675,85697,85720,85742,85765,85787]",,,,,,,,,,,,,,,,,,,,,,,,,0,0.0,false,,,,,,,,,,
1,sset_01/tracknet-stride-8,detected_ckn_opencv_consensus,257,85799,86214,415,"[85819,85861,85902,85944,85985,86027,86068,86110,86151,86193]",model,163.758544921875,123.41744995117188,345.59649658203125,122.85696411132812,389.4659423828125,271.08538818359375,122.81739807128906,268.6846618652344,0.2842063307762146,0.21682116389274597,0.18040530383586884,0.1476011872291565,model,model,model,model,,,,,,,,410,0.9879518072289156,true,0.06759011301477438,false,163.758544921875,123.41744995117188,345.59649658203125,122.85696411132812,389.4659423828125,271.08538818359375,122.81739807128906,268.6846618652344
1,sset_01/tracknet-stride-8,detected_ckn_opencv_consensus,258,86214,87095,881,"[86258,86346,86434,86522,86610,86698,86786,86874,86962,87050]",,,,,,,,,,,,,,,,,,,,,,,,,0,0.0,false,,,,,,,,,,
1,sset_01/tracknet-stride-8,detected_ckn_opencv_consensus,259,87095,87558,463,"[87118,87164,87210,87257,87303,87349,87395,87442,87488,87534]",model,163.72410583496094,123.43888854980469,345.63323974609375,122.8058090209961,389.388671875,270.9696044921875,122.83078002929688,268.6449279785156,0.283946692943573,0.18338891863822937,0.183356374502182,0.1401011049747467,model,model,model,model,,,,,,,,434,0.937365010799136,true,0.09722637483067943,false,163.72410583496094,123.43888854980469,345.63323974609375,122.8058090209961,389.388671875,270.9696044921875,122.83078002929688,268.6449279785156
1,sset_01/tracknet-stride-8,detected_ckn_opencv_consensus,260,87558,91066,3508,"[87733,88084,88435,88785,89136,89487,89838,90189,90539,90890]",,,,,,,,,,,,,,,,,,,,,,,,,0,0.0,false,,,,,,,,,,
1,sset_01/tracknet-stride-8,detected_ckn_opencv_consensus,261,91066,91156,90,"[91070,91079,91088,91097,91106,91115,91124,91133,91142,91151]",,,,,,,,,,,,,,,,,,,,,,,,,0,0.0,false,,,,,,,,,,
1,sset_01/tracknet-stride-8,detected_ckn_opencv_consensus,262,91156,91305,149,"[91163,91178,91193,91208,91223,91237,91252,91267,91282,91297]",model,163.6927947998047,123.49397277832031,345.50439453125,122.65853881835938,391.55419921875,272.3719482421875,122.97470092773438,269.07464599609375,0.27560871839523315,0.20163249969482422,0.12369884550571442,0.15156087279319763,model,model,model,model,,,,,,,,145,0.9731543624161074,true,2.516159001125087,false,163.6927947998047,123.49397277832031,345.50439453125,122.65853881835938,391.55419921875,272.3719482421875,122.97470092773438,269.07464599609375
1,sset_01/tracknet-stride-8,detected_ckn_opencv_consensus,263,91305,91655,350,"[91322,91357,91392,91427,91462,91497,91532,91567,91602,91637]",,,,,,,,,,,,,,,,,,,,,,,,,0,0.0,false,,,,,,,,,,
1,sset_01/tracknet-stride-8,detected_ckn_opencv_consensus,264,91655,92012,357,"[91672,91708,91744,91779,91815,91851,91887,91922,91958,91994]",model,163.72970581054688,123.481201171875,345.594482421875,122.7088851928711,389.387451171875,270.81903076171875,122.9030990600586,268.846435546875,0.28464728593826294,0.17600798606872559,0.19180557131767273,0.1305018812417984,model,model,model,model,,,,,,,,355,0.9943977591036415,true,0.22213647849793272,false,163.72970581054688,123.481201171875,345.594482421875,122.7088851928711,389.387451171875,270.81903076171875,122.9030990600586,268.846435546875
1,sset_01/tracknet-stride-8,detected_ckn_opencv_consensus,265,92012,92723,711,"[92047,92118,92189,92260,92331,92403,92474,92545,92616,92687]",,,,,,,,,,,,,,,,,,,,,,,,,0,0.0,false,,,,,,,,,,
1,sset_01/tracknet-stride-8,detected_ckn_opencv_consensus,266,92723,93151,428,"[92744,92787,92830,92872,92915,92958,93001,93044,93086,93129]",model,163.80517578125,123.4037094116211,345.6336669921875,122.82846069335938,389.4171142578125,271.1397705078125,122.82748413085938,268.80267333984375,0.29260867834091187,0.18183423578739166,0.17471922934055328,0.14023396372795105,model,model,model,model,,,,,,,,419,0.9789719626168224,true,0.10109353456813257,false,163.80517578125,123.4037094116211,345.6336669921875,122.82846069335938,389.4171142578125,271.1397705078125,122.82748413085938,268.80267333984375
1,sset_01/tracknet-stride-8,detected_ckn_opencv_consensus,267,93151,93362,211,"[93161,93182,93203,93224,93245,93267,93288,93309,93330,93351]",,,,,,,,,,,,,,,,,,,,,,,,,0,0.0,false,,,,,,,,,,
1,sset_01/tracknet-stride-8,detected_ckn_opencv_consensus,268,93362,93543,181,"[93371,93389,93407,93425,93443,93461,93479,93497,93515,93533]",,,,,,,,,,,,,,,,,,,,,,,,,0,0.0,false,,,,,,,,,,
1,sset_01/tracknet-stride-8,detected_ckn_opencv_consensus,269,93543,93922,379,"[93561,93599,93637,93675,93713,93751,93789,93827,93865,93903]",model,163.7088623046875,123.44559478759766,345.689453125,122.88601684570312,389.42706298828125,271.04449462890625,122.8197021484375,268.7481384277344,0.282855361700058,0.1959276795387268,0.17348100244998932,0.13477617502212524,model,model,model,model,,,,,,,,375,0.9894459102902374,true,0.10152135185082307,false,163.7088623046875,123.44559478759766,345.689453125,122.88601684570312,389.42706298828125,271.04449462890625,122.8197021484375,268.7481384277344
1,sset_01/tracknet-stride-8,detected_ckn_opencv_consensus,270,93922,94814,892,"[93966,94055,94145,94234,94323,94412,94501,94591,94680,94769]",,,,,,,,,,,,,,,,,,,,,,,,,0,0.0,false,,,,,,,,,,
1,sset_01/tracknet-stride-8,detected_ckn_opencv_consensus,271,94814,95112,298,"[94828,94858,94888,94918,94948,94977,95007,95037,95067,95097]",model,163.7328338623047,123.43094635009766,345.60711669921875,122.7822494506836,389.3589782714844,270.798583984375,122.93284606933594,268.66912841796875,0.29524827003479004,0.1775088608264923,0.18254044651985168,0.12561000883579254,model,model,model,model,,,,,,,,297,0.9966442953020134,true,0.24784565445852824,false,163.7328338623047,123.43094635009766,345.60711669921875,122.7822494506836,389.3589782714844,270.798583984375,122.93284606933594,268.66912841796875
1,sset_01/tracknet-stride-8,detected_ckn_opencv_consensus,272,95112,95442,330,"[95128,95161,95194,95227,95260,95293,95326,95359,95392,95425]",,,,,,,,,,,,,,,,,,,,,,,,,0,0.0,false,,,,,,,,,,
1,sset_01/tracknet-stride-8,detected_ckn_opencv_consensus,273,95442,95598,156,"[95449,95465,95481,95496,95512,95527,95543,95559,95574,95590]",,,,,,,,,,,,,,,,,,,,,,,,,0,0.0,false,,,,,,,,,,
1,sset_01/tracknet-stride-8,detected_ckn_opencv_consensus,274,95598,95797,199,"[95607,95627,95647,95667,95687,95707,95727,95747,95767,95787]",,,,,,,,,,,,,,,,,,,,,,,,,0,0.0,false,,,,,,,,,,
1,sset_01/tracknet-stride-8,detected_ckn_opencv_consensus,275,95797,96643,846,"[95839,95923,96008,96093,96177,96262,96346,96431,96516,96600]",model,163.7720947265625,123.42630767822266,345.63092041015625,122.80058288574219,389.40972900390625,270.91357421875,122.85491943359375,268.7359619140625,0.29046401381492615,0.18452292680740356,0.18126428127288818,0.12889178097248077,model,model,model,model,,,,,,,,838,0.9905437352245863,true,0.12559723113613325,false,163.7720947265625,123.42630767822266,345.63092041015625,122.80058288574219,389.40972900390625,270.91357421875,122.85491943359375,268.7359619140625
1,sset_01/tracknet-stride-8,detected_ckn_opencv_consensus,276,96643,96697,54,"[96645,96651,96656,96661,96667,96672,96678,96683,96688,96694]",,,,,,,,,,,,,,,,,,,,,,,,,0,0.0,false,,,,,,,,,,
1,sset_01/tracknet-stride-8,detected_ckn_opencv_consensus,277,96697,96755,58,"[96699,96705,96711,96717,96723,96728,96734,96740,96746,96752]",model,92.69947052001953,118.16035461425781,334.4769287109375,25.619384765625,387.7645568847656,210.51156616210938,64.03189849853516,202.9555206298828,0.05239870399236679,0.02059314399957657,0.03377649933099747,0.02239117957651615,model,model,model,model,,,,,,,,44,0.7586206896551724,true,97.81984991255285,true,163.74517822265625,123.43293762207031,345.6341857910156,122.80085754394531,389.4202880859375,271.0387268066406,122.8438491821289,268.74127197265625
1,sset_01/tracknet-stride-8,detected_ckn_opencv_consensus,278,96755,96805,50,"[96757,96762,96767,96772,96777,96782,96787,96792,96797,96802]",,,,,,,,,,,,,,,,,,,,,,,,,0,0.0,false,,,,,,,,,,
1,sset_01/tracknet-stride-8,detected_ckn_opencv_consensus,279,96805,97585,780,"[96844,96922,97000,97078,97156,97234,97312,97390,97468,97546]",model,163.76992797851562,123.37722778320312,345.7529296875,122.94657135009766,389.4845275878906,271.20904541015625,122.7818603515625,268.78411865234375,0.2807402014732361,0.15248066186904907,0.17267578840255737,0.1339086890220642,model,model,model,model,,,,,,,,509,0.6525641025641026,true,0.1879697482460802,false,163.76992797851562,123.37722778320312,345.7529296875,122.94657135009766,389.4845275878906,271.20904541015625,122.7818603515625,268.78411865234375
1,sset_01/tracknet-stride-8,detected_ckn_opencv_consensus,280,97585,97926,341,"[97602,97636,97670,97704,97738,97772,97806,97840,97874,97908]",,,,,,,,,,,,,,,,,,,,,,,,,0,0.0,false,,,,,,,,,,
1,sset_01/tracknet-stride-8,detected_ckn_opencv_consensus,281,97926,98061,135,"[97932,97946,97959,97973,97986,98000,98013,98027,98040,98054]",,,,,,,,,,,,,,,,,,,,,,,,,0,0.0,false,,,,,,,,,,
1,sset_01/tracknet-stride-8,detected_ckn_opencv_consensus,282,98061,98485,424,"[98082,98124,98167,98209,98251,98294,98336,98379,98421,98463]",model,163.7592315673828,123.3976058959961,345.5943603515625,122.73408508300781,389.4096374511719,270.9245910644531,122.9717025756836,268.6223449707031,0.29022151231765747,0.17536456882953644,0.17196691036224365,0.13624772429466248,model,model,model,model,,,,,,,,420,0.9905660377358491,true,0.17461420914979514,false,163.7592315673828,123.3976058959961,345.5943603515625,122.73408508300781,389.4096374511719,270.9245910644531,122.9717025756836,268.6223449707031
1,sset_01/tracknet-stride-8,detected_ckn_opencv_consensus,283,98485,98652,167,"[98493,98510,98526,98543,98560,98576,98593,98610,98626,98643]",,,,,,,,,,,,,,,,,,,,,,,,,0,0.0,false,,,,,,,,,,
1,sset_01/tracknet-stride-8,detected_ckn_opencv_consensus,284,98652,98715,63,"[98655,98661,98667,98674,98680,98686,98692,98699,98705,98711]",,,,,,,,,,,,,,,,,,,,,,,,,0,0.0,false,,,,,,,,,,
1,sset_01/tracknet-stride-8,detected_ckn_opencv_consensus,285,98715,98917,202,"[98725,98745,98765,98785,98805,98826,98846,98866,98886,98906]",,,,,,,,,,,,,,,,,,,,,,,,,0,0.0,false,,,,,,,,,,
1,sset_01/tracknet-stride-8,detected_ckn_opencv_consensus,286,98917,99389,472,"[98940,98987,99035,99082,99129,99176,99223,99271,99318,99365]",fallback,195.1216583251953,16.26184844970703,228.66360473632812,16.195005416870117,311.75982666015625,263.6474609375,60.82473373413086,214.94619750976562,0.005687721073627472,0.002898670034483075,0.06653153896331787,0.09999936819076538,fallback,fallback,model,model,5.263564774476436,5.8089975791771995e-05,0.008960145108406556,9.888633174270653e-08,9,22,11.627717381919183,3,0.006355932203389831,false,,,,,,,,,,
1,sset_01/tracknet-stride-8,detected_ckn_opencv_consensus,287,99389,99607,218,"[99399,99421,99443,99465,99487,99508,99530,99552,99574,99596]",,,,,,,,,,,,,,,,,,,,,,,,,0,0.0,false,,,,,,,,,,
1,sset_01/tracknet-stride-8,detected_ckn_opencv_consensus,288,99607,99919,312,"[99622,99653,99685,99716,99747,99778,99809,99841,99872,99903]",fallback,199.9097442626953,16.163312911987305,235.13201904296875,16.085102081298828,298.83526611328125,176.1017608642578,107.91886901855469,161.76242065429688,0.005463514477014542,0.0021949387155473232,0.12589587271213531,0.04793184995651245,fallback,fallback,model,model,2.9040235321661,5.3862725200124656e-05,0.004943507558339843,9.169030009236453e-08,5,8,12.057907984586592,4,0.01282051282051282,false,,,,,,,,,,
1,sset_01/tracknet-stride-8,detected_ckn_opencv_consensus,289,99919,100368,449,"[99941,99986,100031,100076,100121,100165,100210,100255,100300,100345]",model,163.762939453125,123.44158935546875,345.72821044921875,122.8043441772461,389.4691162109375,271.0746154785156,122.75949096679688,268.7437744140625,0.2886659502983093,0.18209508061408997,0.17934828996658325,0.13252222537994385,model,model,model,model,,,,,,,,442,0.9844097995545658,true,0.09408928186562271,false,163.762939453125,123.44158935546875,345.72821044921875,122.8043441772461,389.4691162109375,271.0746154785156,122.75949096679688,268.7437744140625
1,sset_01/tracknet-stride-8,detected_ckn_opencv_consensus,290,100368,100405,37,"[100369,100373,100377,100380,100384,100388,100392,100395,100399,100403]",,,,,,,,,,,,,,,,,,,,,,,,,0,0.0,false,,,,,,,,,,
1,sset_01/tracknet-stride-8,detected_ckn_opencv_consensus,291,100405,100516,111,"[100410,100421,100432,100443,100454,100466,100477,100488,100499,100510]",,,,,,,,,,,,,,,,,,,,,,,,,0,0.0,false,,,,,,,,,,
1,sset_01/tracknet-stride-8,detected_ckn_opencv_consensus,292,100516,100616,100,"[100521,100531,100541,100551,100561,100571,100581,100591,100601,100611]",,,,,,,,,,,,,,,,,,,,,,,,,0,0.0,false,,,,,,,,,,
1,sset_01/tracknet-stride-8,detected_ckn_opencv_consensus,293,100616,100688,72,"[100619,100626,100634,100641,100648,100655,100662,100670,100677,100684]",,,,,,,,,,,,,,,,,,,,,,,,,0,0.0,false,,,,,,,,,,
1,sset_01/tracknet-stride-8,detected_ckn_opencv_consensus,294,100688,101132,444,"[100710,100754,100799,100843,100887,100932,100976,101021,101065,101109]",,,,,,,,,,,,,,,,,,,,,,,,,0,0.0,false,,,,,,,,,,
1,sset_01/tracknet-stride-8,detected_ckn_opencv_consensus,295,101132,101498,366,"[101150,101186,101223,101260,101296,101333,101369,101406,101443,101479]",,,,,,,,,,,,,,,,,,,,,,,,,0,0.0,false,,,,,,,,,,
1,sset_01/tracknet-stride-8,detected_ckn_opencv_consensus,296,101498,102120,622,"[101529,101591,101653,101715,101777,101840,101902,101964,102026,102088]",model,163.81942749023438,123.4083480834961,345.59814453125,122.68035888671875,389.459716796875,271.11474609375,122.85391235351562,268.754150390625,0.29434847831726074,0.19659864902496338,0.1778334379196167,0.13237537443637848,model,model,model,model,,,,,,,,620,0.9967845659163987,true,0.12577320381900853,false,163.81942749023438,123.4083480834961,345.59814453125,122.68035888671875,389.459716796875,271.11474609375,122.85391235351562,268.754150390625
1,sset_01/tracknet-stride-8,detected_ckn_opencv_consensus,297,102120,102872,752,"[102157,102232,102308,102383,102458,102533,102608,102684,102759,102834]",,,,,,,,,,,,,,,,,,,,,,,,,0,0.0,false,,,,,,,,,,
1,sset_01/tracknet-stride-8,detected_ckn_opencv_consensus,298,102872,103029,157,"[102879,102895,102911,102926,102942,102958,102974,102989,103005,103021]",,,,,,,,,,,,,,,,,,,,,,,,,0,0.0,false,,,,,,,,,,
1,sset_01/tracknet-stride-8,detected_ckn_opencv_consensus,299,103029,103417,388,"[103048,103087,103126,103164,103203,103242,103281,103320,103358,103397]",model,163.77352905273438,123.4175033569336,345.515869140625,122.73233032226562,389.4391174316406,271.090576171875,122.92205810546875,268.71209716796875,0.2882285416126251,0.2337350845336914,0.17599542438983917,0.1467064470052719,model,model,model,model,,,,,,,,386,0.9948453608247423,true,0.1367289650030103,false,163.77352905273438,123.4175033569336,345.515869140625,122.73233032226562,389.4391174316406,271.090576171875,122.92205810546875,268.71209716796875
1,sset_01/tracknet-stride-8,detected_ckn_opencv_consensus,300,103417,103450,33,"[103418,103421,103425,103428,103431,103435,103438,103441,103445,103448]",fallback,133.2855987548828,16.177492141723633,14.605806350708008,16.605806350708008,266.51470947265625,271.18475341796875,97.31378936767578,247.43301391601562,0.004573650658130646,0.001684411894530058,0.11185894161462784,0.032380685210227966,fallback,fallback,model,model,1.6801951335333172,2.7254447217216995e-05,0.0028601894062174897,4.6395135688239415e-08,5,8,17.894839705744914,0,0.0,false,,,,,,,,,,
1,sset_01/tracknet-stride-8,detected_ckn_opencv_consensus,301,103450,103926,476,"[103473,103521,103569,103616,103664,103711,103759,103807,103854,103902]",,,,,,,,,,,,,,,,,,,,,,,,,0,0.0,false,,,,,,,,,,
1,sset_01/tracknet-stride-8,detected_ckn_opencv_consensus,302,103926,104099,173,"[103934,103951,103969,103986,104003,104021,104038,104055,104073,104090]",model,163.73992919921875,123.45185852050781,345.6341857910156,122.85606384277344,389.5135803222656,271.3011474609375,122.78426361083984,268.83404541015625,0.2795594334602356,0.21931332349777222,0.16057154536247253,0.12648656964302063,model,model,model,model,,,,,,,,172,0.9942196531791907,true,0.2785103968628509,false,163.73992919921875,123.45185852050781,345.6341857910156,122.85606384277344,389.5135803222656,271.3011474609375,122.78426361083984,268.83404541015625
1,sset_01/tracknet-stride-8,detected_ckn_opencv_consensus,303,104099,104516,417,"[104119,104161,104203,104244,104286,104328,104370,104411,104453,104495]",,,,,,,,,,,,,,,,,,,,,,,,,0,0.0,false,,,,,,,,,,
1,sset_01/tracknet-stride-8,detected_ckn_opencv_consensus,304,104516,104685,169,"[104524,104541,104558,104575,104592,104608,104625,104642,104659,104676]",model,163.76171875,123.44648742675781,345.682373046875,122.78128051757812,389.4502868652344,271.07421875,122.93852233886719,268.6683349609375,0.28545254468917847,0.15667521953582764,0.16382426023483276,0.12938597798347473,model,model,model,model,,,,,,,,167,0.9881656804733728,true,0.11951072874538186,false,163.76171875,123.44648742675781,345.682373046875,122.78128051757812,389.4502868652344,271.07421875,122.93852233886719,268.6683349609375
1,sset_01/tracknet-stride-8,detected_ckn_opencv_consensus,305,104685,104783,98,"[104689,104699,104709,104719,104729,104738,104748,104758,104768,104778]",,,,,,,,,,,,,,,,,,,,,,,,,0,0.0,false,,,,,,,,,,
1,sset_01/tracknet-stride-8,detected_ckn_opencv_consensus,306,104783,104887,104,"[104788,104798,104809,104819,104829,104840,104850,104861,104871,104881]",,,,,,,,,,,,,,,,,,,,,,,,,0,0.0,false,,,,,,,,,,
1,sset_01/tracknet-stride-8,detected_ckn_opencv_consensus,307,104887,105158,271,"[104900,104927,104954,104981,105008,105036,105063,105090,105117,105144]",,,,,,,,,,,,,,,,,,,,,,,,,0,0.0,false,,,,,,,,,,
1,sset_01/tracknet-stride-8,detected_ckn_opencv_consensus,308,105158,105291,133,"[105164,105177,105191,105204,105217,105231,105244,105257,105271,105284]",,,,,,,,,,,,,,,,,,,,,,,,,0,0.0,false,,,,,,,,,,
1,sset_01/tracknet-stride-8,detected_ckn_opencv_consensus,309,105291,105479,188,"[105300,105319,105338,105356,105375,105394,105413,105432,105450,105469]",model,163.814697265625,123.42816162109375,345.6080017089844,122.77926635742188,389.45794677734375,271.0389709472656,123.00390625,268.76123046875,0.28756505250930786,0.19808390736579895,0.1712733805179596,0.13583603501319885,model,model,model,model,,,,,,,,187,0.9946808510638298,true,0.16129664144617564,false,163.814697265625,123.42816162109375,345.6080017089844,122.77926635742188,389.45794677734375,271.0389709472656,123.00390625,268.76123046875
1,sset_01/tracknet-stride-8,detected_ckn_opencv_consensus,310,105479,105519,40,"[105481,105485,105489,105493,105497,105501,105505,105509,105513,105517]",,,,,,,,,,,,,,,,,,,,,,,,,0,0.0,false,,,,,,,,,,
1,sset_01/tracknet-stride-8,detected_ckn_opencv_consensus,311,105519,105649,130,"[105525,105538,105551,105564,105577,105590,105603,105616,105629,105642]",model,163.73223876953125,123.48515319824219,345.60638427734375,122.8274917602539,389.3563537597656,270.929443359375,122.95941162109375,268.7834777832031,0.2774423062801361,0.17955878376960754,0.18408247828483582,0.12444739788770676,model,model,model,model,,,,,,,,130,1.0,true,0.1266114920112323,false,163.73223876953125,123.48515319824219,345.60638427734375,122.8274917602539,389.3563537597656,270.929443359375,122.95941162109375,268.7834777832031
1,sset_01/tracknet-stride-8,detected_ckn_opencv_consensus,312,105649,105739,90,"[105653,105662,105671,105680,105689,105698,105707,105716,105725,105734]",,,,,,,,,,,,,,,,,,,,,,,,,0,0.0,false,,,,,,,,,,
1,sset_01/tracknet-stride-8,detected_ckn_opencv_consensus,313,105739,106165,426,"[105760,105802,105845,105888,105930,105973,106015,106058,106101,106143]",,,,,,,,,,,,,,,,,,,,,,,,,0,0.0,false,,,,,,,,,,
1,sset_01/tracknet-stride-8,detected_ckn_opencv_consensus,314,106165,106445,280,"[106179,106207,106235,106263,106291,106319,106347,106375,106403,106431]",,,,,,,,,,,,,,,,,,,,,,,,,0,0.0,false,,,,,,,,,,
1,sset_01/tracknet-stride-8,detected_ckn_opencv_consensus,315,106445,106524,79,"[106448,106456,106464,106472,106480,106488,106496,106504,106512,106520]",,,,,,,,,,,,,,,,,,,,,,,,,0,0.0,false,,,,,,,,,,
1,sset_01/tracknet-stride-8,detected_ckn_opencv_consensus,316,106524,106596,72,"[106527,106534,106542,106549,106556,106563,106570,106578,106585,106592]",model,163.81146240234375,123.43362426757812,345.56817626953125,122.72676086425781,389.496826171875,271.20416259765625,122.94702911376953,268.7470397949219,0.28255191445350647,0.18961812555789948,0.16773514449596405,0.1448604017496109,model,model,model,model,,,,,,,,71,0.9861111111111112,true,0.1822829656000299,false,163.81146240234375,123.43362426757812,345.56817626953125,122.72676086425781,389.496826171875,271.20416259765625,122.94702911376953,268.7470397949219
1,sset_01/tracknet-stride-8,detected_ckn_opencv_consensus,317,106596,106731,135,"[106602,106616,106629,106643,106656,106670,106683,106697,106710,106724]",,,,,,,,,,,,,,,,,,,,,,,,,0,0.0,false,,,,,,,,,,
1,sset_01/tracknet-stride-8,detected_ckn_opencv_consensus,318,106731,107166,435,"[106752,106796,106839,106883,106926,106970,107013,107057,107100,107144]",model,163.75279235839844,123.43061828613281,345.77044677734375,122.95475769042969,389.31396484375,270.833251953125,122.78535461425781,268.8645324707031,0.2913219630718231,0.17704330384731293,0.18246713280677795,0.13230863213539124,model,model,model,model,,,,,,,,363,0.8344827586206897,true,0.23135372756134562,false,163.75279235839844,123.43061828613281,345.77044677734375,122.95475769042969,389.31396484375,270.833251953125,122.78535461425781,268.8645324707031
1,sset_01/tracknet-stride-8,detected_ckn_opencv_consensus,319,107166,107583,417,"[107186,107228,107270,107311,107353,107395,107437,107478,107520,107562]",,,,,,,,,,,,,,,,,,,,,,,,,0,0.0,false,,,,,,,,,,
1,sset_01/tracknet-stride-8,detected_ckn_opencv_consensus,320,107583,107960,377,"[107601,107639,107677,107714,107752,107790,107828,107865,107903,107941]",model,163.77401733398438,123.41270446777344,345.64984130859375,122.79667663574219,389.39288330078125,270.98809814453125,122.89922332763672,268.82684326171875,0.283006489276886,0.192972332239151,0.17605455219745636,0.13714919984340668,model,model,model,model,,,,,,,,369,0.9787798408488063,true,0.10192517599954548,false,163.77401733398438,123.41270446777344,345.64984130859375,122.79667663574219,389.39288330078125,270.98809814453125,122.89922332763672,268.82684326171875
1,sset_01/tracknet-stride-8,detected_ckn_opencv_consensus,321,107960,108307,347,"[107977,108012,108046,108081,108116,108150,108185,108220,108254,108289]",,,,,,,,,,,,,,,,,,,,,,,,,0,0.0,false,,,,,,,,,,
1,sset_01/tracknet-stride-8,detected_ckn_opencv_consensus,322,108307,108391,84,"[108311,108319,108328,108336,108344,108353,108361,108370,108378,108386]",model,163.7904052734375,123.4376220703125,345.979736328125,123.01715087890625,389.50469970703125,271.2241516113281,122.70059967041016,268.6019287109375,0.2922908663749695,0.15690359473228455,0.18036875128746033,0.14049462974071503,model,model,model,model,,,,,,,,84,1.0,true,0.40766160040541205,false,163.7904052734375,123.4376220703125,345.979736328125,123.01715087890625,389.50469970703125,271.2241516113281,122.70059967041016,268.6019287109375
1,sset_01/tracknet-stride-8,detected_ckn_opencv_consensus,323,108391,108832,441,"[108413,108457,108501,108545,108589,108633,108677,108721,108765,108809]",,,,,,,,,,,,,,,,,,,,,,,,,0,0.0,false,,,,,,,,,,
1,sset_01/tracknet-stride-8,detected_ckn_opencv_consensus,324,108832,109831,999,"[108881,108981,109081,109181,109281,109381,109481,109581,109681,109781]",model,163.78231811523438,123.39366149902344,345.6543273925781,122.76551818847656,389.4300537109375,270.95050048828125,122.92143249511719,268.7412109375,0.2983327805995941,0.1699155867099762,0.1826932728290558,0.13008952140808105,model,model,model,model,,,,,,,,986,0.986986986986987,true,0.0887651434003822,false,163.78231811523438,123.39366149902344,345.6543273925781,122.76551818847656,389.4300537109375,270.95050048828125,122.92143249511719,268.7412109375
1,sset_01/tracknet-stride-8,detected_ckn_opencv_consensus,325,109831,109864,33,"[109832,109835,109839,109842,109845,109849,109852,109855,109859,109862]",,,,,,,,,,,,,,,,,,,,,,,,,0,0.0,false,,,,,,,,,,
1,sset_01/tracknet-stride-8,detected_ckn_opencv_consensus,326,109864,110478,614,"[109894,109956,110017,110078,110140,110201,110263,110324,110385,110447]",,,,,,,,,,,,,,,,,,,,,,,,,0,0.0,false,,,,,,,,,,
1,sset_01/tracknet-stride-8,detected_ckn_opencv_consensus,327,110478,110859,381,"[110497,110535,110573,110611,110649,110687,110725,110763,110801,110839]",model,163.7449951171875,123.42864990234375,345.6065673828125,122.74990844726562,389.3415832519531,270.8017883300781,122.87472534179688,268.86566162109375,0.2932977080345154,0.156040221452713,0.19537344574928284,0.12939679622650146,model,model,model,model,,,,,,,,376,0.9868766404199475,true,0.2496683651732161,false,163.7449951171875,123.42864990234375,345.6065673828125,122.74990844726562,389.3415832519531,270.8017883300781,122.87472534179688,268.86566162109375
1,sset_01/tracknet-stride-8,detected_ckn_opencv_consensus,328,110859,112838,1979,"[110957,111155,111353,111551,111749,111947,112145,112343,112541,112739]",,,,,,,,,,,,,,,,,,,,,,,,,0,0.0,false,,,,,,,,,,
1,sset_01/tracknet-stride-8,detected_ckn_opencv_consensus,329,112838,113445,607,"[112868,112929,112989,113050,113111,113171,113232,113293,113353,113414]",model,163.73806762695312,123.443115234375,345.65875244140625,122.8905029296875,389.37921142578125,270.8155212402344,122.82534790039062,268.7614440917969,0.28300195932388306,0.17505595088005066,0.18696707487106323,0.13507652282714844,model,model,model,model,,,,,,,,601,0.9901153212520593,true,0.22695377697744298,false,163.73806762695312,123.443115234375,345.65875244140625,122.8905029296875,389.37921142578125,270.8155212402344,122.82534790039062,268.7614440917969
1,sset_01/tracknet-stride-8,detected_ckn_opencv_consensus,330,113445,113906,461,"[113468,113514,113560,113606,113652,113698,113744,113790,113836,113882]",,,,,,,,,,,,,,,,,,,,,,,,,0,0.0,false,,,,,,,,,,
1,sset_01/tracknet-stride-8,detected_ckn_opencv_consensus,331,113906,114454,548,"[113933,113988,114043,114097,114152,114207,114262,114317,114371,114426]",model,163.78346252441406,123.41642761230469,345.62451171875,122.77088928222656,389.459228515625,271.0546875,122.80169677734375,268.7514953613281,0.2903754711151123,0.18399152159690857,0.1805245578289032,0.13460800051689148,model,model,model,model,,,,,,,,542,0.9890510948905109,true,0.04337444991130015,false,163.78346252441406,123.41642761230469,345.62451171875,122.77088928222656,389.459228515625,271.0546875,122.80169677734375,268.7514953613281
1,sset_01/tracknet-stride-8,detected_ckn_opencv_consensus,332,114454,114955,501,"[114479,114529,114579,114629,114679,114729,114779,114829,114879,114929]",,,,,,,,,,,,,,,,,,,,,,,,,0,0.0,false,,,,,,,,,,
1,sset_01/tracknet-stride-8,detected_ckn_opencv_consensus,333,114955,115542,587,"[114984,115043,115101,115160,115219,115277,115336,115395,115453,115512]",model,163.7221221923828,123.46561431884766,345.64508056640625,122.78707885742188,389.4561767578125,270.9853515625,122.73275756835938,268.747802734375,0.27481502294540405,0.18743343651294708,0.18446320295333862,0.132515087723732,model,model,model,model,,,,,,,,576,0.9812606473594548,true,0.11128341070683355,false,163.7221221923828,123.46561431884766,345.64508056640625,122.78707885742188,389.4561767578125,270.9853515625,122.73275756835938,268.747802734375
1,sset_01/tracknet-stride-8,detected_ckn_opencv_consensus,334,115542,115565,23,"[115543,115545,115547,115550,115552,115554,115556,115559,115561,115563]",,,,,,,,,,,,,,,,,,,,,,,,,0,0.0,false,,,,,,,,,,
1,sset_01/tracknet-stride-8,detected_ckn_opencv_consensus,335,115565,115881,316,"[115580,115612,115644,115675,115707,115738,115770,115802,115833,115865]",,,,,,,,,,,,,,,,,,,,,,,,,0,0.0,false,,,,,,,,,,
1,sset_01/tracknet-stride-8,detected_ckn_opencv_consensus,336,115881,116194,313,"[115896,115927,115959,115990,116021,116053,116084,116115,116147,116178]",,,,,,,,,,,,,,,,,,,,,,,,,0,0.0,false,,,,,,,,,,
1,sset_01/tracknet-stride-8,detected_ckn_opencv_consensus,337,116194,116354,160,"[116202,116218,116234,116250,116266,116282,116298,116314,116330,116346]",model,163.74972534179688,123.4013671875,345.62017822265625,122.85041809082031,389.34478759765625,271.0387268066406,122.92532348632812,269.11248779296875,0.2981319725513458,0.16358909010887146,0.1663147211074829,0.14459741115570068,model,model,model,model,,,,,,,,160,1.0,true,0.3800516379323067,false,163.74972534179688,123.4013671875,345.62017822265625,122.85041809082031,389.34478759765625,271.0387268066406,122.92532348632812,269.11248779296875
1,sset_01/tracknet-stride-8,detected_ckn_opencv_consensus,338,116354,116530,176,"[116362,116380,116398,116415,116433,116450,116468,116486,116503,116521]",,,,,,,,,,,,,,,,,,,,,,,,,0,0.0,false,,,,,,,,,,
1,sset_01/tracknet-stride-8,detected_ckn_opencv_consensus,339,116530,116765,235,"[116541,116565,116588,116612,116635,116659,116682,116706,116729,116753]",,,,,,,,,,,,,,,,,,,,,,,,,0,0.0,false,,,,,,,,,,
1,sset_01/tracknet-stride-8,detected_ckn_opencv_consensus,340,116765,117402,637,"[116796,116860,116924,116987,117051,117115,117179,117242,117306,117370]",model,163.72682189941406,123.44149780273438,345.6678161621094,122.88680267333984,389.43121337890625,271.0552062988281,122.72492980957031,268.66082763671875,0.28287550806999207,0.17113088071346283,0.18348465859889984,0.13337194919586182,model,model,model,model,,,,,,,,626,0.9827315541601256,true,0.14357265879740116,false,163.72682189941406,123.44149780273438,345.6678161621094,122.88680267333984,389.43121337890625,271.0552062988281,122.72492980957031,268.66082763671875
1,sset_01/tracknet-stride-8,detected_ckn_opencv_consensus,341,117402,117814,412,"[117422,117463,117505,117546,117587,117628,117669,117711,117752,117793]",,,,,,,,,,,,,,,,,,,,,,,,,0,0.0,false,,,,,,,,,,
1,sset_01/tracknet-stride-8,detected_ckn_opencv_consensus,342,117814,118532,718,"[117849,117921,117993,118065,118137,118208,118280,118352,118424,118496]",,,,,,,,,,,,,,,,,,,,,,,,,0,0.0,false,,,,,,,,,,
1,sset_01/tracknet-stride-8,detected_ckn_opencv_consensus,343,118532,118871,339,"[118548,118582,118616,118650,118684,118718,118752,118786,118820,118854]",fallback,275.27020263671875,10.737452507019043,309.1177062988281,10.445561408996582,465.8863220214844,233.8577880859375,158.78843688964844,171.04757690429688,0.003110760822892189,0.0025797965936362743,0.35079121589660645,0.039542511105537415,fallback,fallback,model,model,5.590075463359312,7.564368953326888e-05,0.009515962938562805,1.2876794792000288e-07,7,12,16.71583688756448,19,0.05604719764011799,false,,,,,,,,,,
1,sset_01/tracknet-stride-8,detected_ckn_opencv_consensus,344,118871,119984,1113,"[118926,119037,119149,119260,119371,119483,119594,119705,119817,119928]",model,163.7461700439453,123.45428466796875,345.64898681640625,122.8182144165039,389.3584289550781,270.9121398925781,122.73085021972656,268.749755859375,0.2857808470726013,0.1711072325706482,0.18420515954494476,0.1287025809288025,model,model,model,model,,,,,,,,1100,0.9883198562443846,true,0.1408928631355898,false,163.7461700439453,123.45428466796875,345.64898681640625,122.8182144165039,389.3584289550781,270.9121398925781,122.73085021972656,268.749755859375
1,sset_01/tracknet-stride-8,detected_ckn_opencv_consensus,345,119984,120020,36,"[119985,119989,119993,119996,120000,120003,120007,120011,120014,120018]",,,,,,,,,,,,,,,,,,,,,,,,,0,0.0,false,,,,,,,,,,
1,sset_01/tracknet-stride-8,detected_ckn_opencv_consensus,346,120020,121220,1200,"[120080,120200,120320,120440,120560,120680,120800,120920,121040,121160]",,,,,,,,,,,,,,,,,,,,,,,,,0,0.0,false,,,,,,,,,,
1,sset_01/tracknet-stride-8,detected_ckn_opencv_consensus,347,121220,121328,108,"[121225,121236,121247,121257,121268,121279,121290,121301,121311,121322]",,,,,,,,,,,,,,,,,,,,,,,,,0,0.0,false,,,,,,,,,,
1,sset_01/tracknet-stride-8,detected_ckn_opencv_consensus,348,121328,121512,184,"[121337,121355,121374,121392,121410,121429,121447,121466,121484,121502]",,,,,,,,,,,,,,,,,,,,,,,,,0,0.0,false,,,,,,,,,,
1,sset_01/tracknet-stride-8,detected_ckn_opencv_consensus,349,121512,121815,303,"[121527,121557,121587,121618,121648,121678,121708,121739,121769,121799]",model,163.70895385742188,123.44609069824219,345.62017822265625,122.78759765625,389.360595703125,270.90753173828125,122.81559753417969,268.74127197265625,0.28173476457595825,0.18411946296691895,0.18033233284950256,0.1356724500656128,model,model,model,model,,,,,,,,303,1.0,true,0.14413648576143073,false,163.70895385742188,123.44609069824219,345.62017822265625,122.78759765625,389.360595703125,270.90753173828125,122.81559753417969,268.74127197265625
1,sset_01/tracknet-stride-8,detected_ckn_opencv_consensus,350,121815,122310,495,"[121839,121889,121938,121988,122037,122087,122136,122186,122235,122285]",,,,,,,,,,,,,,,,,,,,,,,,,0,0.0,false,,,,,,,,,,
1,sset_01/tracknet-stride-8,detected_ckn_opencv_consensus,351,122310,122516,206,"[122320,122340,122361,122382,122402,122423,122443,122464,122485,122505]",model,163.8125457763672,123.41415405273438,345.6083984375,122.8286361694336,389.4976806640625,271.18475341796875,122.89884948730469,268.60699462890625,0.2895940840244293,0.2048998475074768,0.16825339198112488,0.1370576024055481,model,model,model,model,,,,,,,,202,0.9805825242718447,true,0.16526760833511664,false,163.8125457763672,123.41415405273438,345.6083984375,122.8286361694336,389.4976806640625,271.18475341796875,122.89884948730469,268.60699462890625
1,sset_01/tracknet-stride-8,detected_ckn_opencv_consensus,352,122516,122564,48,"[122518,122523,122528,122532,122537,122542,122547,122552,122556,122561]",,,,,,,,,,,,,,,,,,,,,,,,,0,0.0,false,,,,,,,,,,
1,sset_01/tracknet-stride-8,detected_ckn_opencv_consensus,353,122564,122817,253,"[122576,122601,122627,122652,122677,122703,122728,122753,122779,122804]",,,,,,,,,,,,,,,,,,,,,,,,,0,0.0,false,,,,,,,,,,
1,sset_01/tracknet-stride-8,detected_ckn_opencv_consensus,354,122817,122916,99,"[122821,122831,122841,122851,122861,122871,122881,122891,122901,122911]",,,,,,,,,,,,,,,,,,,,,,,,,0,0.0,false,,,,,,,,,,
1,sset_01/tracknet-stride-8,detected_ckn_opencv_consensus,355,122916,123205,289,"[122930,122959,122988,123017,123046,123074,123103,123132,123161,123190]",model,163.71066284179688,123.44688415527344,345.60955810546875,122.86820983886719,389.42340087890625,271.0684814453125,122.9163818359375,268.71343994140625,0.2817726731300354,0.15935121476650238,0.1842028796672821,0.13538041710853577,model,model,model,model,,,,,,,,286,0.9896193771626297,true,0.07768917448408295,false,163.71066284179688,123.44688415527344,345.60955810546875,122.86820983886719,389.42340087890625,271.0684814453125,122.9163818359375,268.71343994140625
1,sset_01/tracknet-stride-8,detected_ckn_opencv_consensus,356,123205,123229,24,"[123206,123208,123211,123213,123215,123218,123220,123223,123225,123227]",,,,,,,,,,,,,,,,,,,,,,,,,0,0.0,false,,,,,,,,,,
1,sset_01/tracknet-stride-8,detected_ckn_opencv_consensus,357,123229,123356,127,"[123235,123248,123260,123273,123286,123298,123311,123324,123336,123349]",fallback,-43.96208572387695,23.532421112060547,102.84712982177734,17.427541732788086,271.07476806640625,178.50241088867188,120.52410125732422,181.57228088378906,0.004637890495359898,0.0018141849432140589,0.030422057956457138,0.10946927219629288,fallback,fallback,model,model,5.460257325926578,4.0116414123946145,0.009294974046255297,0.006829001013201019,9,18,14.9582770888419,0,0.0,false,,,,,,,,,,
1,sset_01/tracknet-stride-8,detected_ckn_opencv_consensus,358,123356,123421,65,"[123359,123365,123372,123378,123385,123391,123398,123404,123411,123417]",,,,,,,,,,,,,,,,,,,,,,,,,0,0.0,false,,,,,,,,,,
1,sset_01/tracknet-stride-8,detected_ckn_opencv_consensus,359,123421,123770,349,"[123438,123473,123508,123543,123578,123612,123647,123682,123717,123752]",,,,,,,,,,,,,,,,,,,,,,,,,0,0.0,false,,,,,,,,,,
1,sset_01/tracknet-stride-8,detected_ckn_opencv_consensus,360,123770,123811,41,"[123772,123776,123780,123784,123788,123792,123796,123800,123804,123808]",model,186.18325805664062,59.537017822265625,322.466796875,59.02629852294922,373.89776611328125,220.9307403564453,135.69725036621094,220.20623779296875,0.04727332293987274,0.024675827473402023,0.22079429030418396,0.22408327460289001,model,model,model,model,,,,,,,,0,0.0,false,,,,,,,,,,
1,sset_01/tracknet-stride-8,detected_ckn_opencv_consensus,361,123811,124540,729,"[123847,123920,123993,124066,124139,124211,124284,124357,124430,124503]",,,,,,,,,,,,,,,,,,,,,,,,,0,0.0,false,,,,,,,,,,
1,sset_01/tracknet-stride-8,detected_ckn_opencv_consensus,362,124540,124685,145,"[124547,124561,124576,124590,124605,124619,124634,124648,124663,124677]",,,,,,,,,,,,,,,,,,,,,,,,,0,0.0,false,,,,,,,,,,
1,sset_01/tracknet-stride-8,detected_ckn_opencv_consensus,363,124685,125270,585,"[124714,124772,124831,124889,124948,125006,125065,125123,125182,125240]",model,163.75177001953125,123.41944885253906,345.6336669921875,122.82168579101562,389.466552734375,271.14739990234375,122.71690368652344,268.693115234375,0.28918692469596863,0.1999807506799698,0.1774797886610031,0.1232227236032486,model,model,model,model,,,,,,,,575,0.9829059829059829,true,0.13577271558161785,false,163.75177001953125,123.41944885253906,345.6336669921875,122.82168579101562,389.466552734375,271.14739990234375,122.71690368652344,268.693115234375
1,sset_01/tracknet-stride-8,detected_ckn_opencv_consensus,364,125270,125539,269,"[125283,125310,125337,125364,125391,125417,125444,125471,125498,125525]",,,,,,,,,,,,,,,,,,,,,,,,,0,0.0,false,,,,,,,,,,
1,sset_01/tracknet-stride-8,detected_ckn_opencv_consensus,365,125539,125884,345,"[125556,125590,125625,125659,125694,125728,125763,125797,125832,125866]",,,,,,,,,,,,,,,,,,,,,,,,,0,0.0,false,,,,,,,,,,
1,sset_01/tracknet-stride-8,detected_ckn_opencv_consensus,366,125884,126876,992,"[125933,126032,126132,126231,126330,126429,126528,126628,126727,126826]",model,163.75674438476562,123.41035461425781,345.697998046875,122.84854125976562,389.4717712402344,271.1687316894531,122.75789642333984,268.6894226074219,0.2914202809333801,0.1764453947544098,0.1736190915107727,0.13611137866973877,model,model,model,model,,,,,,,,984,0.9919354838709677,true,0.13982769658207095,false,163.75674438476562,123.41035461425781,345.697998046875,122.84854125976562,389.4717712402344,271.1687316894531,122.75789642333984,268.6894226074219
1,sset_01/tracknet-stride-8,detected_ckn_opencv_consensus,367,126876,126922,46,"[126878,126882,126887,126892,126896,126901,126905,126910,126915,126919]",,,,,,,,,,,,,,,,,,,,,,,,,0,0.0,false,,,,,,,,,,
1,sset_01/tracknet-stride-8,detected_ckn_opencv_consensus,368,126922,127405,483,"[126946,126994,127042,127091,127139,127187,127235,127284,127332,127380]",,,,,,,,,,,,,,,,,,,,,,,,,0,0.0,false,,,,,,,,,,
1,sset_01/tracknet-stride-8,detected_ckn_opencv_consensus,369,127405,127545,140,"[127412,127426,127440,127454,127468,127482,127496,127510,127524,127538]",,,,,,,,,,,,,,,,,,,,,,,,,0,0.0,false,,,,,,,,,,
1,sset_01/tracknet-stride-8,detected_ckn_opencv_consensus,370,127545,127770,225,"[127556,127578,127601,127623,127646,127668,127691,127713,127736,127758]",,,,,,,,,,,,,,,,,,,,,,,,,0,0.0,false,,,,,,,,,,
1,sset_01/tracknet-stride-8,detected_ckn_opencv_consensus,371,127770,128176,406,"[127790,127830,127871,127912,127952,127993,128033,128074,128115,128155]",model,163.72018432617188,123.43629455566406,345.65966796875,122.90911865234375,389.484130859375,271.2469482421875,122.73777770996094,268.7147216796875,0.2728055715560913,0.18190425634384155,0.17910414934158325,0.1451602578163147,model,model,model,model,,,,,,,,397,0.9778325123152709,true,0.21778903999373656,false,163.72018432617188,123.43629455566406,345.65966796875,122.90911865234375,389.484130859375,271.2469482421875,122.73777770996094,268.7147216796875
1,sset_01/tracknet-stride-8,detected_ckn_opencv_consensus,372,128176,128245,69,"[128179,128186,128193,128200,128207,128213,128220,128227,128234,128241]",,,,,,,,,,,,,,,,,,,,,,,,,0,0.0,false,,,,,,,,,,
1,sset_01/tracknet-stride-8,detected_ckn_opencv_consensus,373,128245,128543,298,"[128259,128289,128319,128349,128379,128408,128438,128468,128498,128528]",,,,,,,,,,,,,,,,,,,,,,,,,0,0.0,false,,,,,,,,,,
1,sset_01/tracknet-stride-8,detected_ckn_opencv_consensus,374,128543,128958,415,"[128563,128605,128646,128688,128729,128771,128812,128854,128895,128937]",model,163.8038330078125,123.42498779296875,345.62152099609375,122.73956298828125,389.3697509765625,270.8314208984375,122.92811584472656,268.597412109375,0.2925794720649719,0.1626083105802536,0.18747293949127197,0.1409730315208435,model,model,model,model,,,,,,,,398,0.9590361445783132,true,0.21337698798113916,false,163.8038330078125,123.42498779296875,345.62152099609375,122.73956298828125,389.3697509765625,270.8314208984375,122.92811584472656,268.597412109375
1,sset_01/tracknet-stride-8,detected_ckn_opencv_consensus,375,128958,129522,564,"[128986,129042,129099,129155,129211,129268,129324,129381,129437,129493]",,,,,,,,,,,,,,,,,,,,,,,,,0,0.0,false,,,,,,,,,,
1,sset_01/tracknet-stride-8,detected_ckn_opencv_consensus,376,129522,129745,223,"[129533,129555,129577,129600,129622,129644,129666,129689,129711,129733]",model,163.7257537841797,123.46197509765625,345.66339111328125,122.77949523925781,389.39007568359375,270.89453125,122.68171691894531,268.81500244140625,0.2811394929885864,0.19098854064941406,0.17986884713172913,0.1445634663105011,model,model,model,model,,,,,,,,223,1.0,true,0.1781096650581569,false,163.7257537841797,123.46197509765625,345.66339111328125,122.77949523925781,389.39007568359375,270.89453125,122.68171691894531,268.81500244140625
1,sset_01/tracknet-stride-8,detected_ckn_opencv_consensus,377,129745,130559,814,"[129785,129867,129948,130029,130111,130192,130274,130355,130436,130518]",,,,,,,,,,,,,,,,,,,,,,,,,0,0.0,false,,,,,,,,,,
1,sset_01/tracknet-stride-8,detected_ckn_opencv_consensus,378,130559,130730,171,"[130567,130584,130601,130618,130635,130653,130670,130687,130704,130721]",,,,,,,,,,,,,,,,,,,,,,,,,0,0.0,false,,,,,,,,,,
1,sset_01/tracknet-stride-8,detected_ckn_opencv_consensus,379,130730,131034,304,"[130745,130775,130806,130836,130866,130897,130927,130958,130988,131018]",,,,,,,,,,,,,,,,,,,,,,,,,0,0.0,false,,,,,,,,,,
1,sset_01/tracknet-stride-8,detected_ckn_opencv_consensus,380,131034,131792,758,"[131071,131147,131223,131299,131375,131450,131526,131602,131678,131754]",model,163.77174377441406,123.38822174072266,345.5675354003906,122.76400756835938,389.4272766113281,271.02996826171875,122.86767578125,268.68328857421875,0.2950829863548279,0.188199982047081,0.19089475274085999,0.13724279403686523,model,model,model,model,,,,,,,,746,0.9841688654353562,true,0.0761590130657513,false,163.77174377441406,123.38822174072266,345.5675354003906,122.76400756835938,389.4272766113281,271.02996826171875,122.86767578125,268.68328857421875
1,sset_01/tracknet-stride-8,detected_ckn_opencv_consensus,381,131792,131937,145,"[131799,131813,131828,131842,131857,131871,131886,131900,131915,131929]",fallback,169.0414581298828,47.74512481689453,433.8061828613281,8.538885116577148,316.2645263671875,169.7103271484375,154.70230102539062,168.12872314453125,0.005323899444192648,0.0026545687578618526,0.06965193897485733,0.042820632457733154,fallback,fallback,model,model,3.4842146722502747,4.9097038345844775,0.005931164598483923,0.008357769056153173,8,22,14.665652269755128,0,0.0,false,,,,,,,,,,
1,sset_01/tracknet-stride-8,detected_ckn_opencv_consensus,382,131937,131959,22,"[131938,131940,131942,131944,131946,131949,131951,131953,131955,131957]",,,,,,,,,,,,,,,,,,,,,,,,,0,0.0,false,,,,,,,,,,
1,sset_01/tracknet-stride-8,detected_ckn_opencv_consensus,383,131959,132504,545,"[131986,132040,132095,132149,132204,132258,132313,132367,132422,132476]",,,,,,,,,,,,,,,,,,,,,,,,,0,0.0,false,,,,,,,,,,
1,sset_01/tracknet-stride-8,detected_ckn_opencv_consensus,384,132504,132673,169,"[132512,132529,132546,132563,132580,132596,132613,132630,132647,132664]",model,163.694580078125,123.46342468261719,345.5687255859375,122.77467346191406,389.430419921875,271.06103515625,122.9404067993164,268.6313781738281,0.26607775688171387,0.2023506462574005,0.18021972477436066,0.14508719742298126,model,model,model,model,,,,,,,,150,0.8875739644970414,true,0.14628745830659648,false,163.694580078125,123.46342468261719,345.5687255859375,122.77467346191406,389.430419921875,271.06103515625,122.9404067993164,268.6313781738281
1,sset_01/tracknet-stride-8,detected_ckn_opencv_consensus,385,132673,132731,58,"[132675,132681,132687,132693,132699,132704,132710,132716,132722,132728]",,,,,,,,,,,,,,,,,,,,,,,,,0,0.0,false,,,,,,,,,,
1,sset_01/tracknet-stride-8,detected_ckn_opencv_consensus,386,132731,133012,281,"[132745,132773,132801,132829,132857,132885,132913,132941,132969,132997]",,,,,,,,,,,,,,,,,,,,,,,,,0,0.0,false,,,,,,,,,,
1,sset_01/tracknet-stride-8,detected_ckn_opencv_consensus,387,133012,133215,203,"[133022,133042,133062,133083,133103,133123,133143,133164,133184,133204]",,,,,,,,,,,,,,,,,,,,,,,,,0,0.0,false,,,,,,,,,,
1,sset_01/tracknet-stride-8,detected_ckn_opencv_consensus,388,133215,133401,186,"[133224,133242,133261,133280,133298,133317,133335,133354,133373,133391]",model,163.66351318359375,123.54435729980469,345.735595703125,122.92398071289062,389.2910461425781,270.8487243652344,122.65255737304688,268.9827880859375,0.2631623148918152,0.19067750871181488,0.18981510400772095,0.13797402381896973,model,model,model,model,,,,,,,,186,1.0,true,0.3080950976506408,false,163.66351318359375,123.54435729980469,345.735595703125,122.92398071289062,389.2910461425781,270.8487243652344,122.65255737304688,268.9827880859375
1,sset_01/tracknet-stride-8,detected_ckn_opencv_consensus,389,133401,133768,367,"[133419,133456,133492,133529,133566,133602,133639,133676,133712,133749]",,,,,,,,,,,,,,,,,,,,,,,,,0,0.0,false,,,,,,,,,,
1,sset_01/tracknet-stride-8,detected_ckn_opencv_consensus,390,133768,133922,154,"[133775,133791,133806,133821,133837,133852,133868,133883,133898,133914]",,,,,,,,,,,,,,,,,,,,,,,,,0,0.0,false,,,,,,,,,,
1,sset_01/tracknet-stride-8,detected_ckn_opencv_consensus,391,133922,134583,661,"[133955,134021,134087,134153,134219,134285,134351,134417,134483,134549]",model,163.80958557128906,123.40653228759766,345.6153869628906,122.80223083496094,389.4057922363281,271.0410461425781,122.77439880371094,268.70245361328125,0.3006826639175415,0.18933787941932678,0.1810716688632965,0.1284404993057251,model,model,model,model,,,,,,,,648,0.9803328290468987,true,0.07956268023995741,false,163.80958557128906,123.40653228759766,345.6153869628906,122.80223083496094,389.4057922363281,271.0410461425781,122.77439880371094,268.70245361328125
1,sset_01/tracknet-stride-8,detected_ckn_opencv_consensus,392,134583,135041,458,"[134605,134651,134697,134743,134789,134834,134880,134926,134972,135018]",,,,,,,,,,,,,,,,,,,,,,,,,0,0.0,false,,,,,,,,,,
1,sset_01/tracknet-stride-8,detected_ckn_opencv_consensus,393,135041,135630,589,"[135070,135129,135188,135247,135306,135364,135423,135482,135541,135600]",model,163.79391479492188,123.4101333618164,345.6202087402344,122.72737884521484,389.37744140625,270.9388122558594,122.79360961914062,268.6148681640625,0.2885560393333435,0.18605579435825348,0.18523350358009338,0.1389174610376358,model,model,model,model,,,,,,,,579,0.9830220713073005,true,0.13602182367641916,false,163.79391479492188,123.4101333618164,345.6202087402344,122.72737884521484,389.37744140625,270.9388122558594,122.79360961914062,268.6148681640625
1,sset_01/tracknet-stride-8,detected_ckn_opencv_consensus,394,135630,135672,42,"[135632,135636,135640,135644,135648,135653,135657,135661,135665,135669]",,,,,,,,,,,,,,,,,,,,,,,,,0,0.0,false,,,,,,,,,,
1,sset_01/tracknet-stride-8,detected_ckn_opencv_consensus,395,135672,135751,79,"[135675,135683,135691,135699,135707,135715,135723,135731,135739,135747]",,,,,,,,,,,,,,,,,,,,,,,,,0,0.0,false,,,,,,,,,,
1,sset_01/tracknet-stride-8,detected_ckn_opencv_consensus,396,135751,135771,20,"[135752,135754,135756,135758,135760,135762,135764,135766,135768,135770]",,,,,,,,,,,,,,,,,,,,,,,,,0,0.0,false,,,,,,,,,,
1,sset_01/tracknet-stride-8,detected_ckn_opencv_consensus,397,135771,135965,194,"[135780,135800,135819,135838,135858,135877,135897,135916,135935,135955]",,,,,,,,,,,,,,,,,,,,,,,,,0,0.0,false,,,,,,,,,,
1,sset_01/tracknet-stride-8,detected_ckn_opencv_consensus,398,135965,136052,87,"[135969,135978,135986,135995,136004,136012,136021,136030,136038,136047]",,,,,,,,,,,,,,,,,,,,,,,,,0,0.0,false,,,,,,,,,,
1,sset_01/tracknet-stride-8,detected_ckn_opencv_consensus,399,136052,137405,1353,"[136119,136254,136390,136525,136660,136796,136931,137066,137202,137337]",,,,,,,,,,,,,,,,,,,,,,,,,0,0.0,false,,,,,,,,,,
1,sset_01/tracknet-stride-8,detected_ckn_opencv_consensus,400,137405,137455,50,"[137407,137412,137417,137422,137427,137432,137437,137442,137447,137452]",,,,,,,,,,,,,,,,,,,,,,,,,0,0.0,false,,,,,,,,,,
1,sset_01/tracknet-stride-8,detected_ckn_opencv_consensus,401,137455,137578,123,"[137461,137473,137485,137498,137510,137522,137534,137547,137559,137571]",,,,,,,,,,,,,,,,,,,,,,,,,0,0.0,false,,,,,,,,,,
1,sset_01/tracknet-stride-8,detected_ckn_opencv_consensus,402,137578,137637,59,"[137580,137586,137592,137598,137604,137610,137616,137622,137628,137634]",,,,,,,,,,,,,,,,,,,,,,,,,0,0.0,false,,,,,,,,,,
1,sset_01/tracknet-stride-8,detected_ckn_opencv_consensus,403,137637,138325,688,"[137671,137740,137809,137877,137946,138015,138084,138153,138221,138290]",,,,,,,,,,,,,,,,,,,,,,,,,0,0.0,false,,,,,,,,,,
1,sset_01/tracknet-stride-8,detected_ckn_opencv_consensus,404,138325,138343,18,"[138325,138327,138329,138331,138333,138334,138336,138338,138340,138342]",,,,,,,,,,,,,,,,,,,,,,,,,0,0.0,false,,,,,,,,,,
1,sset_01/tracknet-stride-8,detected_ckn_opencv_consensus,405,138343,138370,27,"[138344,138347,138349,138352,138355,138357,138360,138363,138365,138368]",,,,,,,,,,,,,,,,,,,,,,,,,0,0.0,false,,,,,,,,,,
1,sset_01/tracknet-stride-8,detected_ckn_opencv_consensus,406,138370,138579,209,"[138380,138401,138422,138443,138464,138484,138505,138526,138547,138568]",,,,,,,,,,,,,,,,,,,,,,,,,0,0.0,false,,,,,,,,,,
1,sset_01/tracknet-stride-8,detected_ckn_opencv_consensus,407,138579,138832,253,"[138591,138616,138642,138667,138692,138718,138743,138768,138794,138819]",,,,,,,,,,,,,,,,,,,,,,,,,0,0.0,false,,,,,,,,,,
1,sset_01/tracknet-stride-8,detected_ckn_opencv_consensus,408,138832,138883,51,"[138834,138839,138844,138849,138854,138860,138865,138870,138875,138880]",,,,,,,,,,,,,,,,,,,,,,,,,0,0.0,false,,,,,,,,,,
1,sset_01/tracknet-stride-8,detected_ckn_opencv_consensus,409,138883,146919,8036,"[139284,140088,140892,141695,142499,143302,144106,144910,145713,146517]",,,,,,,,,,,,,,,,,,,,,,,,,0,0.0,false,,,,,,,,,,
1,sset_01/tracknet-stride-8,detected_ckn_opencv_consensus,410,146919,146984,65,"[146922,146928,146935,146941,146948,146954,146961,146967,146974,146980]",,,,,,,,,,,,,,,,,,,,,,,,,0,0.0,false,,,,,,,,,,
1,sset_01/tracknet-stride-8,detected_ckn_opencv_consensus,411,146984,147045,61,"[146987,146993,146999,147005,147011,147017,147023,147029,147035,147041]",fallback,158.33787536621094,103.47091674804688,189.13009643554688,236.6980438232422,296.41357421875,248.83203125,99.06925201416016,225.70785522460938,0.007401290815323591,0.0009962563635781407,0.16406866908073425,0.020489880815148354,fallback,fallback,model,model,0.7470103913450004,5.053344823207134e-06,0.0012716327794416765,8.602288532348278e-09,4,5,7.908613110049231,7,0.11475409836065574,false,,,,,,,,,,
1,sset_01/tracknet-stride-8,detected_ckn_opencv_consensus,412,147045,147103,58,"[147047,147053,147059,147065,147071,147076,147082,147088,147094,147100]",,,,,,,,,,,,,,,,,,,,,,,,,0,0.0,false,,,,,,,,,,
1,sset_01/tracknet-stride-8,detected_ckn_opencv_consensus,413,147103,147393,290,"[147117,147146,147175,147204,147233,147262,147291,147320,147349,147378]",,,,,,,,,,,,,,,,,,,,,,,,,0,0.0,false,,,,,,,,,,
1,sset_01/tracknet-stride-8,detected_ckn_opencv_consensus,414,147393,147422,29,"[147394,147397,147400,147403,147406,147408,147411,147414,147417,147420]",,,,,,,,,,,,,,,,,,,,,,,,,0,0.0,false,,,,,,,,,,
1,sset_01/tracknet-stride-8,detected_ckn_opencv_consensus,415,147422,148058,636,"[147453,147517,147581,147644,147708,147771,147835,147899,147962,148026]",,,,,,,,,,,,,,,,,,,,,,,,,0,0.0,false,,,,,,,,,,
1,sset_01/tracknet-stride-8,detected_ckn_opencv_consensus,416,148058,148458,400,"[148078,148118,148158,148198,148238,148278,148318,148358,148398,148438]",,,,,,,,,,,,,,,,,,,,,,,,,0,0.0,false,,,,,,,,,,
1,sset_01/tracknet-stride-8,detected_ckn_opencv_consensus,417,148458,148796,338,"[148474,148508,148542,148576,148610,148643,148677,148711,148745,148779]",,,,,,,,,,,,,,,,,,,,,,,,,0,0.0,false,,,,,,,,,,
1,sset_01/tracknet-stride-8,detected_ckn_opencv_consensus,418,148796,154393,5597,"[149075,149635,150195,150754,151314,151874,152434,152993,153553,154113]",,,,,,,,,,,,,,,,,,,,,,,,,0,0.0,false,,,,,,,,,,
