rally_id,tolerance_base30,tolerance_frames,row_kind,gt_frame,candidate_frame,offset_frames
0,5,4,unmatched_gt,11496,,
0,5,4,unmatched_gt,11582,,
0,5,4,unmatched_candidate,,11567,
0,5,4,unmatched_candidate,,11633,
0,5,4,unmatched_candidate,,11646,
0,10,8,unmatched_gt,11496,,
0,10,8,unmatched_gt,11582,,
0,10,8,unmatched_candidate,,11567,
0,10,8,unmatched_candidate,,11633,
0,10,8,unmatched_candidate,,11646,
1,5,4,matched,11921,11919,-2
1,5,4,matched,11952,11950,-2
1,5,4,matched,11934,11937,3
1,5,4,unmatched_gt,11881,,
1,5,4,unmatched_gt,11900,,
1,5,4,unmatched_gt,11965,,
1,5,4,unmatched_candidate,,11894,
1,5,4,unmatched_candidate,,11981,
1,5,4,unmatched_candidate,,11998,
1,10,8,matched,11921,11919,-2
1,10,8,matched,11952,11950,-2
1,10,8,matched,11934,11937,3
1,10,8,matched,11900,11894,-6
1,10,8,unmatched_gt,11881,,
1,10,8,unmatched_gt,11965,,
1,10,8,unmatched_candidate,,11981,
1,10,8,unmatched_candidate,,11998,
2,5,4,matched,12372,12372,0
2,5,4,matched,12465,12465,0
2,5,4,matched,12331,12330,-1
2,5,4,matched,12655,12654,-1
2,5,4,matched,12783,12782,-1
2,5,4,matched,12446,12443,-3
2,5,4,matched,12492,12489,-3
2,5,4,matched,12577,12574,-3
2,5,4,matched,12766,12763,-3
2,5,4,matched,12810,12807,-3
2,5,4,matched,12875,12878,3
2,5,4,matched,12913,12910,-3
2,5,4,matched,12942,12945,3
2,5,4,matched,12298,12302,4
2,5,4,matched,12362,12358,-4
2,5,4,matched,12516,12512,-4
2,5,4,matched,12560,12556,-4
2,5,4,matched,12602,12598,-4
2,5,4,matched,12670,12666,-4
2,5,4,matched,12702,12698,-4
2,5,4,matched,12735,12731,-4
2,5,4,unmatched_gt,12313,,
2,5,4,unmatched_gt,12400,,
2,5,4,unmatched_gt,12429,,
2,5,4,unmatched_gt,12631,,
2,5,4,unmatched_gt,12847,,
2,5,4,unmatched_gt,12886,,
2,5,4,unmatched_candidate,,12289,
2,5,4,unmatched_candidate,,12380,
2,5,4,unmatched_candidate,,12395,
2,5,4,unmatched_candidate,,12497,
2,5,4,unmatched_candidate,,12625,
2,5,4,unmatched_candidate,,12797,
2,5,4,unmatched_candidate,,12932,
2,5,4,unmatched_candidate,,12966,
2,10,8,matched,12372,12372,0
2,10,8,matched,12465,12465,0
2,10,8,matched,12331,12330,-1
2,10,8,matched,12655,12654,-1
2,10,8,matched,12783,12782,-1
2,10,8,matched,12446,12443,-3
2,10,8,matched,12492,12489,-3
2,10,8,matched,12577,12574,-3
2,10,8,matched,12766,12763,-3
2,10,8,matched,12810,12807,-3
2,10,8,matched,12875,12878,3
2,10,8,matched,12913,12910,-3
2,10,8,matched,12942,12945,3
2,10,8,matched,12298,12302,4
2,10,8,matched,12362,12358,-4
2,10,8,matched,12516,12512,-4
2,10,8,matched,12560,12556,-4
2,10,8,matched,12602,12598,-4
2,10,8,matched,12670,12666,-4
2,10,8,matched,12702,12698,-4
2,10,8,matched,12735,12731,-4
2,10,8,matched,12400,12395,-5
2,10,8,matched,12631,12625,-6
2,10,8,unmatched_gt,12313,,
2,10,8,unmatched_gt,12429,,
2,10,8,unmatched_gt,12847,,
2,10,8,unmatched_gt,12886,,
2,10,8,unmatched_candidate,,12289,
2,10,8,unmatched_candidate,,12380,
2,10,8,unmatched_candidate,,12497,
2,10,8,unmatched_candidate,,12797,
2,10,8,unmatched_candidate,,12932,
2,10,8,unmatched_candidate,,12966,
3,5,4,matched,13502,13500,-2
3,5,4,matched,13523,13521,-2
3,5,4,matched,13478,13475,-3
3,5,4,matched,13456,13452,-4
3,5,4,unmatched_gt,13434,,
3,5,4,unmatched_gt,13516,,
3,5,4,unmatched_candidate,,13550,
3,5,4,unmatched_candidate,,13569,
3,5,4,unmatched_candidate,,13582,
3,5,4,unmatched_candidate,,13625,
3,5,4,unmatched_candidate,,13710,
3,5,4,unmatched_candidate,,13725,
3,5,4,unmatched_candidate,,13758,
3,5,4,unmatched_candidate,,13792,
3,5,4,unmatched_candidate,,13857,
3,5,4,unmatched_candidate,,13918,
3,5,4,unmatched_candidate,,13942,
3,5,4,unmatched_candidate,,13966,
3,5,4,unmatched_candidate,,13976,
3,5,4,unmatched_candidate,,13999,
3,5,4,unmatched_candidate,,14012,
3,5,4,unmatched_candidate,,14042,
3,5,4,unmatched_candidate,,14067,
3,5,4,unmatched_candidate,,14077,
3,5,4,unmatched_candidate,,14103,
3,5,4,unmatched_candidate,,14169,
3,5,4,unmatched_candidate,,14186,
3,5,4,unmatched_candidate,,14222,
3,5,4,unmatched_candidate,,14254,
3,5,4,unmatched_candidate,,14272,
3,5,4,unmatched_candidate,,14286,
3,10,8,matched,13502,13500,-2
3,10,8,matched,13523,13521,-2
3,10,8,matched,13478,13475,-3
3,10,8,matched,13456,13452,-4
3,10,8,unmatched_gt,13434,,
3,10,8,unmatched_gt,13516,,
3,10,8,unmatched_candidate,,13550,
3,10,8,unmatched_candidate,,13569,
3,10,8,unmatched_candidate,,13582,
3,10,8,unmatched_candidate,,13625,
3,10,8,unmatched_candidate,,13710,
3,10,8,unmatched_candidate,,13725,
3,10,8,unmatched_candidate,,13758,
3,10,8,unmatched_candidate,,13792,
3,10,8,unmatched_candidate,,13857,
3,10,8,unmatched_candidate,,13918,
3,10,8,unmatched_candidate,,13942,
3,10,8,unmatched_candidate,,13966,
3,10,8,unmatched_candidate,,13976,
3,10,8,unmatched_candidate,,13999,
3,10,8,unmatched_candidate,,14012,
3,10,8,unmatched_candidate,,14042,
3,10,8,unmatched_candidate,,14067,
3,10,8,unmatched_candidate,,14077,
3,10,8,unmatched_candidate,,14103,
3,10,8,unmatched_candidate,,14169,
3,10,8,unmatched_candidate,,14186,
3,10,8,unmatched_candidate,,14222,
3,10,8,unmatched_candidate,,14254,
3,10,8,unmatched_candidate,,14272,
3,10,8,unmatched_candidate,,14286,
4,5,4,matched,14170,14169,-1
4,5,4,matched,14001,13999,-2
4,5,4,matched,14044,14042,-2
4,5,4,matched,14188,14186,-2
4,5,4,matched,14224,14222,-2
4,5,4,matched,13979,13976,-3
4,5,4,matched,14070,14067,-3
4,5,4,matched,13970,13966,-4
4,5,4,matched,14016,14012,-4
4,5,4,matched,14107,14103,-4
4,5,4,unmatched_gt,13923,,
4,5,4,unmatched_gt,13947,,
4,5,4,unmatched_gt,14083,,
4,5,4,unmatched_gt,14136,,
4,5,4,unmatched_gt,14208,,
4,5,4,unmatched_gt,14245,,
4,5,4,unmatched_candidate,,13452,
4,5,4,unmatched_candidate,,13475,
4,5,4,unmatched_candidate,,13500,
4,5,4,unmatched_candidate,,13521,
4,5,4,unmatched_candidate,,13550,
4,5,4,unmatched_candidate,,13569,
4,5,4,unmatched_candidate,,13582,
4,5,4,unmatched_candidate,,13625,
4,5,4,unmatched_candidate,,13710,
4,5,4,unmatched_candidate,,13725,
4,5,4,unmatched_candidate,,13758,
4,5,4,unmatched_candidate,,13792,
4,5,4,unmatched_candidate,,13857,
4,5,4,unmatched_candidate,,13918,
4,5,4,unmatched_candidate,,13942,
4,5,4,unmatched_candidate,,14077,
4,5,4,unmatched_candidate,,14254,
4,5,4,unmatched_candidate,,14272,
4,5,4,unmatched_candidate,,14286,
4,10,8,matched,14170,14169,-1
4,10,8,matched,14001,13999,-2
4,10,8,matched,14044,14042,-2
4,10,8,matched,14188,14186,-2
4,10,8,matched,14224,14222,-2
4,10,8,matched,13979,13976,-3
4,10,8,matched,14070,14067,-3
4,10,8,matched,13970,13966,-4
4,10,8,matched,14016,14012,-4
4,10,8,matched,14107,14103,-4
4,10,8,matched,13923,13918,-5
4,10,8,matched,13947,13942,-5
4,10,8,matched,14083,14077,-6
4,10,8,unmatched_gt,14136,,
4,10,8,unmatched_gt,14208,,
4,10,8,unmatched_gt,14245,,
4,10,8,unmatched_candidate,,13452,
4,10,8,unmatched_candidate,,13475,
4,10,8,unmatched_candidate,,13500,
4,10,8,unmatched_candidate,,13521,
4,10,8,unmatched_candidate,,13550,
4,10,8,unmatched_candidate,,13569,
4,10,8,unmatched_candidate,,13582,
4,10,8,unmatched_candidate,,13625,
4,10,8,unmatched_candidate,,13710,
4,10,8,unmatched_candidate,,13725,
4,10,8,unmatched_candidate,,13758,
4,10,8,unmatched_candidate,,13792,
4,10,8,unmatched_candidate,,13857,
4,10,8,unmatched_candidate,,14254,
4,10,8,unmatched_candidate,,14272,
4,10,8,unmatched_candidate,,14286,
5,5,4,matched,14943,14939,-4
5,5,4,unmatched_gt,14969,,
5,5,4,unmatched_gt,14982,,
5,5,4,unmatched_gt,15015,,
5,5,4,unmatched_gt,15035,,
5,5,4,unmatched_candidate,,14977,
5,5,4,unmatched_candidate,,15006,
5,5,4,unmatched_candidate,,15025,
5,10,8,matched,14943,14939,-4
5,10,8,matched,14982,14977,-5
5,10,8,unmatched_gt,14969,,
5,10,8,unmatched_gt,15015,,
5,10,8,unmatched_gt,15035,,
5,10,8,unmatched_candidate,,15006,
5,10,8,unmatched_candidate,,15025,
6,5,4,matched,15374,15374,0
6,5,4,unmatched_gt,15387,,
6,5,4,unmatched_gt,15416,,
6,5,4,unmatched_gt,15433,,
6,5,4,unmatched_candidate,,15409,
6,5,4,unmatched_candidate,,15454,
6,5,4,unmatched_candidate,,15502,
6,10,8,matched,15374,15374,0
6,10,8,matched,15416,15409,-7
6,10,8,unmatched_gt,15387,,
6,10,8,unmatched_gt,15433,,
6,10,8,unmatched_candidate,,15454,
6,10,8,unmatched_candidate,,15502,
7,5,4,matched,15840,15841,1
7,5,4,matched,15827,15825,-2
7,5,4,matched,15850,15854,4
7,5,4,unmatched_gt,15804,,
7,5,4,unmatched_gt,15861,,
7,5,4,unmatched_gt,15881,,
7,5,4,unmatched_candidate,,15809,
7,5,4,unmatched_candidate,,15873,
7,5,4,unmatched_candidate,,15905,
7,5,4,unmatched_candidate,,15918,
7,5,4,unmatched_candidate,,15937,
7,5,4,unmatched_candidate,,15966,
7,10,8,matched,15840,15841,1
7,10,8,matched,15827,15825,-2
7,10,8,matched,15850,15854,4
7,10,8,matched,15804,15809,5
7,10,8,matched,15881,15873,-8
7,10,8,unmatched_gt,15861,,
7,10,8,unmatched_candidate,,15905,
7,10,8,unmatched_candidate,,15918,
7,10,8,unmatched_candidate,,15937,
7,10,8,unmatched_candidate,,15966,
8,5,4,matched,16461,16462,1
8,5,4,matched,16657,16656,-1
8,5,4,matched,16772,16771,-1
8,5,4,matched,16500,16498,-2
8,5,4,matched,16637,16635,-2
8,5,4,matched,16799,16801,2
8,5,4,matched,16292,16289,-3
8,5,4,matched,16313,16310,-3
8,5,4,matched,16394,16391,-3
8,5,4,matched,16588,16585,-3
8,5,4,matched,16253,16257,4
8,5,4,matched,16427,16423,-4
8,5,4,matched,16535,16531,-4
8,5,4,unmatched_gt,16270,,
8,5,4,unmatched_gt,16359,,
8,5,4,unmatched_gt,16373,,
8,5,4,unmatched_gt,16477,,
8,5,4,unmatched_gt,16571,,
8,5,4,unmatched_gt,16616,,
8,5,4,unmatched_gt,16690,,
8,5,4,unmatched_gt,16726,,
8,5,4,unmatched_gt,16744,,
8,5,4,unmatched_candidate,,16321,
8,5,4,unmatched_candidate,,16577,
8,5,4,unmatched_candidate,,16606,
8,5,4,unmatched_candidate,,16625,
8,5,4,unmatched_candidate,,16685,
8,5,4,unmatched_candidate,,16718,
8,5,4,unmatched_candidate,,16737,
8,10,8,matched,16461,16462,1
8,10,8,matched,16657,16656,-1
8,10,8,matched,16772,16771,-1
8,10,8,matched,16500,16498,-2
8,10,8,matched,16637,16635,-2
8,10,8,matched,16799,16801,2
8,10,8,matched,16292,16289,-3
8,10,8,matched,16313,16310,-3
8,10,8,matched,16394,16391,-3
8,10,8,matched,16588,16585,-3
8,10,8,matched,16253,16257,4
8,10,8,matched,16427,16423,-4
8,10,8,matched,16535,16531,-4
8,10,8,matched,16690,16685,-5
8,10,8,matched,16571,16577,6
8,10,8,matched,16744,16737,-7
8,10,8,matched,16726,16718,-8
8,10,8,unmatched_gt,16270,,
8,10,8,unmatched_gt,16359,,
8,10,8,unmatched_gt,16373,,
8,10,8,unmatched_gt,16477,,
8,10,8,unmatched_gt,16616,,
8,10,8,unmatched_candidate,,16321,
8,10,8,unmatched_candidate,,16606,
8,10,8,unmatched_candidate,,16625,
9,5,4,matched,17423,17425,2
9,5,4,matched,17518,17516,-2
9,5,4,matched,17447,17444,-3
9,5,4,matched,17477,17474,-3
9,5,4,matched,17497,17493,-4
9,5,4,matched,17548,17544,-4
9,5,4,unmatched_gt,17558,,
9,5,4,unmatched_gt,17573,,
9,5,4,unmatched_gt,17596,,
9,5,4,unmatched_candidate,,17501,
9,5,4,unmatched_candidate,,17567,
9,5,4,unmatched_candidate,,17601,
9,5,4,unmatched_candidate,,17617,
9,10,8,matched,17423,17425,2
9,10,8,matched,17518,17516,-2
9,10,8,matched,17447,17444,-3
9,10,8,matched,17477,17474,-3
9,10,8,matched,17497,17493,-4
9,10,8,matched,17548,17544,-4
9,10,8,matched,17596,17601,5
9,10,8,matched,17573,17567,-6
9,10,8,unmatched_gt,17558,,
9,10,8,unmatched_candidate,,17501,
9,10,8,unmatched_candidate,,17617,
10,5,4,matched,18286,18286,0
10,5,4,matched,18048,18047,-1
10,5,4,matched,18075,18074,-1
10,5,4,matched,18442,18441,-1
10,5,4,matched,18468,18467,-1
10,5,4,matched,18528,18529,1
10,5,4,matched,18560,18559,-1
10,5,4,matched,18001,17999,-2
10,5,4,matched,18032,18030,-2
10,5,4,matched,18121,18119,-2
10,5,4,matched,18676,18674,-2
10,5,4,matched,18777,18775,-2
10,5,4,matched,18100,18097,-3
10,5,4,matched,18213,18210,-3
10,5,4,matched,18382,18379,-3
10,5,4,matched,18592,18589,-3
10,5,4,matched,18716,18713,-3
10,5,4,matched,18746,18743,-3
10,5,4,matched,18854,18851,-3
10,5,4,matched,18888,18885,-3
10,5,4,matched,18925,18922,-3
10,5,4,matched,18308,18304,-4
10,5,4,matched,18364,18360,-4
10,5,4,matched,18823,18819,-4
10,5,4,matched,18962,18958,-4
10,5,4,matched,19025,19021,-4
10,5,4,unmatched_gt,17990,,
10,5,4,unmatched_gt,18160,,
10,5,4,unmatched_gt,18197,,
10,5,4,unmatched_gt,18246,,
10,5,4,unmatched_gt,18266,,
10,5,4,unmatched_gt,18331,,
10,5,4,unmatched_gt,18350,,
10,5,4,unmatched_gt,18415,,
10,5,4,unmatched_gt,18486,,
10,5,4,unmatched_gt,18508,,
10,5,4,unmatched_gt,18629,,
10,5,4,unmatched_gt,18651,,
10,5,4,unmatched_gt,18797,,
10,5,4,unmatched_gt,18990,,
10,5,4,unmatched_gt,19062,,
10,5,4,unmatched_candidate,,17985,
10,5,4,unmatched_candidate,,18192,
10,5,4,unmatched_candidate,,18241,
10,5,4,unmatched_candidate,,18513,
10,5,4,unmatched_candidate,,18622,
10,5,4,unmatched_candidate,,18638,
10,5,4,unmatched_candidate,,18792,
10,5,4,unmatched_candidate,,19057,
10,5,4,unmatched_candidate,,19086,
10,5,4,unmatched_candidate,,19105,
10,5,4,unmatched_candidate,,19118,
10,10,8,matched,18286,18286,0
10,10,8,matched,18048,18047,-1
10,10,8,matched,18075,18074,-1
10,10,8,matched,18442,18441,-1
10,10,8,matched,18468,18467,-1
10,10,8,matched,18528,18529,1
10,10,8,matched,18560,18559,-1
10,10,8,matched,18001,17999,-2
10,10,8,matched,18032,18030,-2
10,10,8,matched,18121,18119,-2
10,10,8,matched,18676,18674,-2
10,10,8,matched,18777,18775,-2
10,10,8,matched,18100,18097,-3
10,10,8,matched,18213,18210,-3
10,10,8,matched,18382,18379,-3
10,10,8,matched,18592,18589,-3
10,10,8,matched,18716,18713,-3
10,10,8,matched,18746,18743,-3
10,10,8,matched,18854,18851,-3
10,10,8,matched,18888,18885,-3
10,10,8,matched,18925,18922,-3
10,10,8,matched,18308,18304,-4
10,10,8,matched,18364,18360,-4
10,10,8,matched,18823,18819,-4
10,10,8,matched,18962,18958,-4
10,10,8,matched,19025,19021,-4
10,10,8,matched,17990,17985,-5
10,10,8,matched,18197,18192,-5
10,10,8,matched,18246,18241,-5
10,10,8,matched,18508,18513,5
10,10,8,matched,18797,18792,-5
10,10,8,matched,19062,19057,-5
10,10,8,matched,18629,18622,-7
10,10,8,unmatched_gt,18160,,
10,10,8,unmatched_gt,18266,,
10,10,8,unmatched_gt,18331,,
10,10,8,unmatched_gt,18350,,
10,10,8,unmatched_gt,18415,,
10,10,8,unmatched_gt,18486,,
10,10,8,unmatched_gt,18651,,
10,10,8,unmatched_gt,18990,,
10,10,8,unmatched_candidate,,18638,
10,10,8,unmatched_candidate,,19086,
10,10,8,unmatched_candidate,,19105,
10,10,8,unmatched_candidate,,19118,
11,5,4,matched,19619,19619,0
11,5,4,matched,20212,20212,0
11,5,4,matched,19800,19799,-1
11,5,4,matched,20169,20168,-1
11,5,4,matched,20271,20270,-1
11,5,4,matched,20373,20372,-1
11,5,4,matched,19589,19587,-2
11,5,4,matched,19654,19652,-2
11,5,4,matched,19692,19694,2
11,5,4,matched,19724,19722,-2
11,5,4,matched,19858,19856,-2
11,5,4,matched,19999,19997,-2
11,5,4,matched,20016,20014,-2
11,5,4,matched,20069,20067,-2
11,5,4,matched,20131,20129,-2
11,5,4,matched,20298,20296,-2
11,5,4,matched,20320,20318,-2
11,5,4,matched,20427,20425,-2
11,5,4,matched,20460,20462,2
11,5,4,matched,19780,19777,-3
11,5,4,matched,19885,19882,-3
11,5,4,matched,19930,19927,-3
11,5,4,matched,19969,19966,-3
11,5,4,matched,20100,20097,-3
11,5,4,matched,20187,20184,-3
11,5,4,matched,19834,19838,4
11,5,4,matched,20042,20038,-4
11,5,4,matched,20349,20353,4
11,5,4,unmatched_gt,19583,,
11,5,4,unmatched_gt,19668,,
11,5,4,unmatched_gt,19751,,
11,5,4,unmatched_gt,19768,,
11,5,4,unmatched_gt,20248,,
11,5,4,unmatched_gt,20406,,
11,5,4,unmatched_candidate,,19745,
11,5,4,unmatched_candidate,,19788,
11,5,4,unmatched_candidate,,20238,
11,5,4,unmatched_candidate,,20334,
11,5,4,unmatched_candidate,,20398,
11,5,4,unmatched_candidate,,20446,
11,5,4,unmatched_candidate,,20489,
11,5,4,unmatched_candidate,,20510,
11,10,8,matched,19619,19619,0
11,10,8,matched,20212,20212,0
11,10,8,matched,19800,19799,-1
11,10,8,matched,20169,20168,-1
11,10,8,matched,20271,20270,-1
11,10,8,matched,20373,20372,-1
11,10,8,matched,19589,19587,-2
11,10,8,matched,19654,19652,-2
11,10,8,matched,19692,19694,2
11,10,8,matched,19724,19722,-2
11,10,8,matched,19858,19856,-2
11,10,8,matched,19999,19997,-2
11,10,8,matched,20016,20014,-2
11,10,8,matched,20069,20067,-2
11,10,8,matched,20131,20129,-2
11,10,8,matched,20298,20296,-2
11,10,8,matched,20320,20318,-2
11,10,8,matched,20427,20425,-2
11,10,8,matched,20460,20462,2
11,10,8,matched,19780,19777,-3
11,10,8,matched,19885,19882,-3
11,10,8,matched,19930,19927,-3
11,10,8,matched,19969,19966,-3
11,10,8,matched,20100,20097,-3
11,10,8,matched,20187,20184,-3
11,10,8,matched,19834,19838,4
11,10,8,matched,20042,20038,-4
11,10,8,matched,20349,20353,4
11,10,8,matched,19751,19745,-6
11,10,8,matched,20406,20398,-8
11,10,8,unmatched_gt,19583,,
11,10,8,unmatched_gt,19668,,
11,10,8,unmatched_gt,19768,,
11,10,8,unmatched_gt,20248,,
11,10,8,unmatched_candidate,,19788,
11,10,8,unmatched_candidate,,20238,
11,10,8,unmatched_candidate,,20334,
11,10,8,unmatched_candidate,,20446,
11,10,8,unmatched_candidate,,20489,
11,10,8,unmatched_candidate,,20510,
12,5,4,matched,21241,21241,0
12,5,4,matched,21427,21427,0
12,5,4,matched,21454,21454,0
12,5,4,matched,21585,21585,0
12,5,4,matched,21809,21809,0
12,5,4,matched,21951,21951,0
12,5,4,matched,21135,21134,-1
12,5,4,matched,21394,21393,-1
12,5,4,matched,21515,21514,-1
12,5,4,matched,21550,21549,-1
12,5,4,matched,21622,21621,-1
12,5,4,matched,21647,21646,-1
12,5,4,matched,22017,22016,-1
12,5,4,matched,22080,22079,-1
12,5,4,matched,21054,21052,-2
12,5,4,matched,21084,21086,2
12,5,4,matched,21108,21106,-2
12,5,4,matched,21169,21167,-2
12,5,4,matched,21202,21200,-2
12,5,4,matched,21344,21342,-2
12,5,4,matched,21484,21482,-2
12,5,4,matched,21724,21722,-2
12,5,4,matched,21784,21782,-2
12,5,4,matched,21833,21831,-2
12,5,4,matched,21258,21255,-3
12,5,4,matched,21316,21313,-3
12,5,4,matched,21368,21365,-3
12,5,4,matched,21672,21669,-3
12,5,4,matched,21700,21697,-3
12,5,4,matched,21912,21915,3
12,5,4,matched,21024,21020,-4
12,5,4,matched,21752,21748,-4
12,5,4,matched,21859,21855,-4
12,5,4,unmatched_gt,21006,,
12,5,4,unmatched_gt,21145,,
12,5,4,unmatched_gt,21290,,
12,5,4,unmatched_gt,21926,,
12,5,4,unmatched_gt,21983,,
12,5,4,unmatched_gt,22048,,
12,5,4,unmatched_candidate,,20961,
12,5,4,unmatched_candidate,,20974,
12,5,4,unmatched_candidate,,20990,
12,5,4,unmatched_candidate,,21150,
12,5,4,unmatched_candidate,,21297,
12,5,4,unmatched_candidate,,21713,
12,5,4,unmatched_candidate,,22097,
12,5,4,unmatched_candidate,,22110,
12,10,8,matched,21241,21241,0
12,10,8,matched,21427,21427,0
12,10,8,matched,21454,21454,0
12,10,8,matched,21585,21585,0
12,10,8,matched,21809,21809,0
12,10,8,matched,21951,21951,0
12,10,8,matched,21135,21134,-1
12,10,8,matched,21394,21393,-1
12,10,8,matched,21515,21514,-1
12,10,8,matched,21550,21549,-1
12,10,8,matched,21622,21621,-1
12,10,8,matched,21647,21646,-1
12,10,8,matched,22017,22016,-1
12,10,8,matched,22080,22079,-1
12,10,8,matched,21054,21052,-2
12,10,8,matched,21084,21086,2
12,10,8,matched,21108,21106,-2
12,10,8,matched,21169,21167,-2
12,10,8,matched,21202,21200,-2
12,10,8,matched,21344,21342,-2
12,10,8,matched,21484,21482,-2
12,10,8,matched,21724,21722,-2
12,10,8,matched,21784,21782,-2
12,10,8,matched,21833,21831,-2
12,10,8,matched,21258,21255,-3
12,10,8,matched,21316,21313,-3
12,10,8,matched,21368,21365,-3
12,10,8,matched,21672,21669,-3
12,10,8,matched,21700,21697,-3
12,10,8,matched,21912,21915,3
12,10,8,matched,21024,21020,-4
12,10,8,matched,21752,21748,-4
12,10,8,matched,21859,21855,-4
12,10,8,matched,21145,21150,5
12,10,8,matched,21290,21297,7
12,10,8,unmatched_gt,21006,,
12,10,8,unmatched_gt,21926,,
12,10,8,unmatched_gt,21983,,
12,10,8,unmatched_gt,22048,,
12,10,8,unmatched_candidate,,20961,
12,10,8,unmatched_candidate,,20974,
12,10,8,unmatched_candidate,,20990,
12,10,8,unmatched_candidate,,21713,
12,10,8,unmatched_candidate,,22097,
12,10,8,unmatched_candidate,,22110,
13,5,4,matched,23337,23337,0
13,5,4,matched,23254,23253,-1
13,5,4,matched,23288,23289,1
13,5,4,matched,23071,23073,2
13,5,4,matched,23095,23093,-2
13,5,4,matched,23224,23222,-2
13,5,4,matched,23118,23115,-3
13,5,4,matched,23206,23203,-3
13,5,4,matched,23314,23311,-3
13,5,4,matched,23378,23375,-3
13,5,4,matched,23058,23054,-4
13,5,4,unmatched_gt,23166,,
13,5,4,unmatched_gt,23178,,
13,5,4,unmatched_gt,23412,,
13,5,4,unmatched_candidate,,23185,
13,5,4,unmatched_candidate,,23422,
13,10,8,matched,23337,23337,0
13,10,8,matched,23254,23253,-1
13,10,8,matched,23288,23289,1
13,10,8,matched,23071,23073,2
13,10,8,matched,23095,23093,-2
13,10,8,matched,23224,23222,-2
13,10,8,matched,23118,23115,-3
13,10,8,matched,23206,23203,-3
13,10,8,matched,23314,23311,-3
13,10,8,matched,23378,23375,-3
13,10,8,matched,23058,23054,-4
13,10,8,matched,23178,23185,7
13,10,8,unmatched_gt,23166,,
13,10,8,unmatched_gt,23412,,
13,10,8,unmatched_candidate,,23422,
14,5,4,matched,23890,23889,-1
14,5,4,matched,23977,23976,-1
14,5,4,matched,24043,24042,-1
14,5,4,matched,24071,24070,-1
14,5,4,matched,24112,24113,1
14,5,4,matched,24197,24196,-1
14,5,4,matched,23917,23915,-2
14,5,4,matched,24005,24003,-2
14,5,4,matched,24137,24135,-2
14,5,4,matched,24235,24233,-2
14,5,4,matched,24257,24255,-2
14,5,4,matched,24089,24085,-4
14,5,4,matched,24160,24156,-4
14,5,4,matched,24210,24206,-4
14,5,4,unmatched_gt,23852,,
14,5,4,unmatched_gt,23864,,
14,5,4,unmatched_gt,23955,,
14,5,4,unmatched_gt,24312,,
14,5,4,unmatched_candidate,,23857,
14,5,4,unmatched_candidate,,23950,
14,5,4,unmatched_candidate,,24123,
14,5,4,unmatched_candidate,,24318,
14,10,8,matched,23890,23889,-1
14,10,8,matched,23977,23976,-1
14,10,8,matched,24043,24042,-1
14,10,8,matched,24071,24070,-1
14,10,8,matched,24112,24113,1
14,10,8,matched,24197,24196,-1
14,10,8,matched,23917,23915,-2
14,10,8,matched,24005,24003,-2
14,10,8,matched,24137,24135,-2
14,10,8,matched,24235,24233,-2
14,10,8,matched,24257,24255,-2
14,10,8,matched,24089,24085,-4
14,10,8,matched,24160,24156,-4
14,10,8,matched,24210,24206,-4
14,10,8,matched,23852,23857,5
14,10,8,matched,23955,23950,-5
14,10,8,matched,24312,24318,6
14,10,8,unmatched_gt,23864,,
14,10,8,unmatched_candidate,,24123,
15,5,4,matched,24990,24990,0
15,5,4,matched,25449,25449,0
15,5,4,matched,25860,25860,0
15,5,4,matched,24978,24977,-1
15,5,4,matched,25042,25041,-1
15,5,4,matched,25093,25092,-1
15,5,4,matched,25280,25279,-1
15,5,4,matched,25352,25351,-1
15,5,4,matched,25490,25489,-1
15,5,4,matched,25737,25736,-1
15,5,4,matched,25804,25805,1
15,5,4,matched,25928,25927,-1
15,5,4,matched,25017,25015,-2
15,5,4,matched,25187,25185,-2
15,5,4,matched,25424,25422,-2
15,5,4,matched,25695,25693,-2
15,5,4,matched,25712,25710,-2
15,5,4,matched,25763,25761,-2
15,5,4,matched,25949,25947,-2
15,5,4,matched,25116,25113,-3
15,5,4,matched,25154,25151,-3
15,5,4,matched,25467,25470,3
15,5,4,matched,25668,25665,-3
15,5,4,matched,25969,25966,-3
15,5,4,matched,26031,26028,-3
15,5,4,matched,25070,25066,-4
15,5,4,matched,25213,25209,-4
15,5,4,matched,25239,25235,-4
15,5,4,matched,25512,25508,-4
15,5,4,matched,25581,25585,4
15,5,4,unmatched_gt,25320,,
15,5,4,unmatched_gt,25382,,
15,5,4,unmatched_gt,25403,,
15,5,4,unmatched_gt,25570,,
15,5,4,unmatched_gt,25599,,
15,5,4,unmatched_gt,25620,,
15,5,4,unmatched_gt,25643,,
15,5,4,unmatched_gt,25836,,
15,5,4,unmatched_gt,25889,,
15,5,4,unmatched_gt,26007,,
15,5,4,unmatched_candidate,,25398,
15,5,4,unmatched_candidate,,25594,
15,5,4,unmatched_candidate,,25638,
15,5,4,unmatched_candidate,,25841,
15,5,4,unmatched_candidate,,26017,
15,5,4,unmatched_candidate,,26057,
15,10,8,matched,24990,24990,0
15,10,8,matched,25449,25449,0
15,10,8,matched,25860,25860,0
15,10,8,matched,24978,24977,-1
15,10,8,matched,25042,25041,-1
15,10,8,matched,25093,25092,-1
15,10,8,matched,25280,25279,-1
15,10,8,matched,25352,25351,-1
15,10,8,matched,25490,25489,-1
15,10,8,matched,25737,25736,-1
15,10,8,matched,25804,25805,1
15,10,8,matched,25928,25927,-1
15,10,8,matched,25017,25015,-2
15,10,8,matched,25187,25185,-2
15,10,8,matched,25424,25422,-2
15,10,8,matched,25695,25693,-2
15,10,8,matched,25712,25710,-2
15,10,8,matched,25763,25761,-2
15,10,8,matched,25949,25947,-2
15,10,8,matched,25116,25113,-3
15,10,8,matched,25154,25151,-3
15,10,8,matched,25467,25470,3
15,10,8,matched,25668,25665,-3
15,10,8,matched,25969,25966,-3
15,10,8,matched,26031,26028,-3
15,10,8,matched,25070,25066,-4
15,10,8,matched,25213,25209,-4
15,10,8,matched,25239,25235,-4
15,10,8,matched,25512,25508,-4
15,10,8,matched,25581,25585,4
15,10,8,matched,25403,25398,-5
15,10,8,matched,25599,25594,-5
15,10,8,matched,25643,25638,-5
15,10,8,matched,25836,25841,5
15,10,8,unmatched_gt,25320,,
15,10,8,unmatched_gt,25382,,
15,10,8,unmatched_gt,25570,,
15,10,8,unmatched_gt,25620,,
15,10,8,unmatched_gt,25889,,
15,10,8,unmatched_gt,26007,,
15,10,8,unmatched_candidate,,26017,
15,10,8,unmatched_candidate,,26057,
16,5,4,matched,27601,27601,0
16,5,4,matched,27440,27441,1
16,5,4,matched,27728,27729,1
16,5,4,matched,27465,27463,-2
16,5,4,matched,27560,27558,-2
16,5,4,matched,27701,27699,-2
16,5,4,matched,27678,27681,3
16,5,4,matched,27399,27403,4
16,5,4,matched,27526,27522,-4
16,5,4,unmatched_gt,27415,,
16,5,4,unmatched_gt,27482,,
16,5,4,unmatched_gt,27505,,
16,5,4,unmatched_gt,27589,,
16,5,4,unmatched_gt,27630,,
16,5,4,unmatched_gt,27660,,
16,5,4,unmatched_candidate,,27625,
16,5,4,unmatched_candidate,,27742,
16,5,4,unmatched_candidate,,27777,
16,10,8,matched,27601,27601,0
16,10,8,matched,27440,27441,1
16,10,8,matched,27728,27729,1
16,10,8,matched,27465,27463,-2
16,10,8,matched,27560,27558,-2
16,10,8,matched,27701,27699,-2
16,10,8,matched,27678,27681,3
16,10,8,matched,27399,27403,4
16,10,8,matched,27526,27522,-4
16,10,8,matched,27630,27625,-5
16,10,8,unmatched_gt,27415,,
16,10,8,unmatched_gt,27482,,
16,10,8,unmatched_gt,27505,,
16,10,8,unmatched_gt,27589,,
16,10,8,unmatched_gt,27660,,
16,10,8,unmatched_candidate,,27742,
16,10,8,unmatched_candidate,,27777,
17,5,4,matched,28525,28526,1
17,5,4,matched,28549,28548,-1
17,5,4,matched,28621,28620,-1
17,5,4,matched,28314,28316,2
17,5,4,matched,28355,28353,-2
17,5,4,matched,28446,28444,-2
17,5,4,matched,28498,28496,-2
17,5,4,matched,28659,28657,-2
17,5,4,matched,28259,28256,-3
17,5,4,matched,28375,28372,-3
17,5,4,matched,28417,28414,-3
17,5,4,matched,28471,28468,-3
17,5,4,matched,28577,28574,-3
17,5,4,matched,28677,28680,3
17,5,4,matched,28402,28398,-4
17,5,4,unmatched_gt,28235,,
17,5,4,unmatched_gt,28288,,
17,5,4,unmatched_gt,28335,,
17,5,4,unmatched_gt,28392,,
17,5,4,unmatched_candidate,,28702,
17,10,8,matched,28525,28526,1
17,10,8,matched,28549,28548,-1
17,10,8,matched,28621,28620,-1
17,10,8,matched,28314,28316,2
17,10,8,matched,28355,28353,-2
17,10,8,matched,28446,28444,-2
17,10,8,matched,28498,28496,-2
17,10,8,matched,28659,28657,-2
17,10,8,matched,28259,28256,-3
17,10,8,matched,28375,28372,-3
17,10,8,matched,28417,28414,-3
17,10,8,matched,28471,28468,-3
17,10,8,matched,28577,28574,-3
17,10,8,matched,28677,28680,3
17,10,8,matched,28402,28398,-4
17,10,8,unmatched_gt,28235,,
17,10,8,unmatched_gt,28288,,
17,10,8,unmatched_gt,28335,,
17,10,8,unmatched_gt,28392,,
17,10,8,unmatched_candidate,,28702,
18,5,4,matched,29167,29166,-1
18,5,4,matched,29208,29207,-1
18,5,4,matched,29266,29265,-1
18,5,4,matched,29296,29295,-1
18,5,4,matched,29239,29237,-2
18,5,4,unmatched_gt,29123,,
18,5,4,unmatched_gt,29180,,
18,5,4,unmatched_candidate,,29150,
18,5,4,unmatched_candidate,,29314,
18,10,8,matched,29167,29166,-1
18,10,8,matched,29208,29207,-1
18,10,8,matched,29266,29265,-1
18,10,8,matched,29296,29295,-1
18,10,8,matched,29239,29237,-2
18,10,8,unmatched_gt,29123,,
18,10,8,unmatched_gt,29180,,
18,10,8,unmatched_candidate,,29150,
18,10,8,unmatched_candidate,,29314,
19,5,4,matched,31420,31418,-2
19,5,4,matched,31450,31448,-2
19,5,4,matched,31396,31393,-3
19,5,4,unmatched_candidate,,31470,
19,5,4,unmatched_candidate,,31486,
19,10,8,matched,31420,31418,-2
19,10,8,matched,31450,31448,-2
19,10,8,matched,31396,31393,-3
19,10,8,unmatched_candidate,,31470,
19,10,8,unmatched_candidate,,31486,
20,5,4,matched,31759,31758,-1
20,5,4,matched,31828,31827,-1
20,5,4,matched,31789,31787,-2
20,5,4,matched,31808,31806,-2
20,5,4,unmatched_gt,31753,,
20,10,8,matched,31759,31758,-1
20,10,8,matched,31828,31827,-1
20,10,8,matched,31789,31787,-2
20,10,8,matched,31808,31806,-2
20,10,8,unmatched_gt,31753,,
21,5,4,matched,32389,32389,0
21,5,4,matched,32533,32533,0
21,5,4,matched,32556,32555,-1
21,5,4,matched,32407,32405,-2
21,5,4,matched,32416,32414,-2
21,5,4,matched,32480,32478,-2
21,5,4,matched,32503,32500,-3
21,5,4,matched,32568,32565,-3
21,5,4,matched,32365,32369,4
21,5,4,matched,32461,32465,4
21,5,4,unmatched_gt,32379,,
21,5,4,unmatched_gt,32446,,
21,5,4,unmatched_candidate,,32354,
21,5,4,unmatched_candidate,,32582,
21,5,4,unmatched_candidate,,32590,
21,5,4,unmatched_candidate,,32622,
21,10,8,matched,32389,32389,0
21,10,8,matched,32533,32533,0
21,10,8,matched,32556,32555,-1
21,10,8,matched,32407,32405,-2
21,10,8,matched,32416,32414,-2
21,10,8,matched,32480,32478,-2
21,10,8,matched,32503,32500,-3
21,10,8,matched,32568,32565,-3
21,10,8,matched,32365,32369,4
21,10,8,matched,32461,32465,4
21,10,8,unmatched_gt,32379,,
21,10,8,unmatched_gt,32446,,
21,10,8,unmatched_candidate,,32354,
21,10,8,unmatched_candidate,,32582,
21,10,8,unmatched_candidate,,32590,
21,10,8,unmatched_candidate,,32622,
22,5,4,matched,33074,33072,-2
22,5,4,matched,33176,33174,-2
22,5,4,unmatched_gt,33026,,
22,5,4,unmatched_gt,33036,,
22,5,4,unmatched_gt,33047,,
22,5,4,unmatched_gt,33113,,
22,5,4,unmatched_gt,33127,,
22,5,4,unmatched_gt,33154,,
22,5,4,unmatched_candidate,,32929,
22,5,4,unmatched_candidate,,32958,
22,5,4,unmatched_candidate,,33041,
22,5,4,unmatched_candidate,,33118,
22,5,4,unmatched_candidate,,33198,
22,5,4,unmatched_candidate,,33214,
22,10,8,matched,33074,33072,-2
22,10,8,matched,33176,33174,-2
22,10,8,matched,33036,33041,5
22,10,8,matched,33113,33118,5
22,10,8,unmatched_gt,33026,,
22,10,8,unmatched_gt,33047,,
22,10,8,unmatched_gt,33127,,
22,10,8,unmatched_gt,33154,,
22,10,8,unmatched_candidate,,32929,
22,10,8,unmatched_candidate,,32958,
22,10,8,unmatched_candidate,,33198,
22,10,8,unmatched_candidate,,33214,
23,5,4,matched,33861,33861,0
23,5,4,matched,34026,34026,0
23,5,4,matched,33672,33671,-1
23,5,4,matched,33685,33684,-1
23,5,4,matched,33712,33713,1
23,5,4,matched,33760,33759,-1
23,5,4,matched,33776,33777,1
23,5,4,matched,33887,33886,-1
23,5,4,matched,33970,33969,-1
23,5,4,matched,33919,33917,-2
23,5,4,matched,33948,33950,2
23,5,4,matched,34053,34051,-2
23,5,4,matched,33646,33643,-3
23,5,4,matched,33804,33800,-4
23,5,4,matched,33998,33994,-4
23,5,4,unmatched_gt,33608,,
23,5,4,unmatched_gt,33622,,
23,5,4,unmatched_gt,33737,,
23,5,4,unmatched_gt,33831,,
23,5,4,unmatched_candidate,,33617,
23,5,4,unmatched_candidate,,33694,
23,5,4,unmatched_candidate,,33791,
23,5,4,unmatched_candidate,,33822,
23,5,4,unmatched_candidate,,34062,
23,5,4,unmatched_candidate,,34070,
23,5,4,unmatched_candidate,,34097,
23,5,4,unmatched_candidate,,34110,
23,10,8,matched,33861,33861,0
23,10,8,matched,34026,34026,0
23,10,8,matched,33672,33671,-1
23,10,8,matched,33685,33684,-1
23,10,8,matched,33712,33713,1
23,10,8,matched,33760,33759,-1
23,10,8,matched,33776,33777,1
23,10,8,matched,33887,33886,-1
23,10,8,matched,33970,33969,-1
23,10,8,matched,33919,33917,-2
23,10,8,matched,33948,33950,2
23,10,8,matched,34053,34051,-2
23,10,8,matched,33646,33643,-3
23,10,8,matched,33804,33800,-4
23,10,8,matched,33998,33994,-4
23,10,8,matched,33622,33617,-5
23,10,8,unmatched_gt,33608,,
23,10,8,unmatched_gt,33737,,
23,10,8,unmatched_gt,33831,,
23,10,8,unmatched_candidate,,33694,
23,10,8,unmatched_candidate,,33791,
23,10,8,unmatched_candidate,,33822,
23,10,8,unmatched_candidate,,34062,
23,10,8,unmatched_candidate,,34070,
23,10,8,unmatched_candidate,,34097,
23,10,8,unmatched_candidate,,34110,
24,5,4,matched,34896,34896,0
24,5,4,matched,34924,34925,1
24,5,4,matched,35019,35018,-1
24,5,4,matched,35045,35043,-2
24,5,4,matched,35145,35143,-2
24,5,4,matched,34939,34942,3
24,5,4,matched,35068,35065,-3
24,5,4,matched,35156,35153,-3
24,5,4,matched,35182,35179,-3
24,5,4,matched,35204,35201,-3
24,5,4,matched,35231,35228,-3
24,5,4,matched,35242,35239,-3
24,5,4,matched,35091,35087,-4
24,5,4,unmatched_gt,34953,,
24,5,4,unmatched_gt,34970,,
24,5,4,unmatched_gt,34999,,
24,5,4,unmatched_gt,35219,,
24,5,4,unmatched_candidate,,34961,
24,5,4,unmatched_candidate,,34993,
24,5,4,unmatched_candidate,,35265,
24,5,4,unmatched_candidate,,35278,
24,5,4,unmatched_candidate,,35286,
24,5,4,unmatched_candidate,,35297,
24,10,8,matched,34896,34896,0
24,10,8,matched,34924,34925,1
24,10,8,matched,35019,35018,-1
24,10,8,matched,35045,35043,-2
24,10,8,matched,35145,35143,-2
24,10,8,matched,34939,34942,3
24,10,8,matched,35068,35065,-3
24,10,8,matched,35156,35153,-3
24,10,8,matched,35182,35179,-3
24,10,8,matched,35204,35201,-3
24,10,8,matched,35231,35228,-3
24,10,8,matched,35242,35239,-3
24,10,8,matched,35091,35087,-4
24,10,8,matched,34999,34993,-6
24,10,8,matched,34953,34961,8
24,10,8,unmatched_gt,34970,,
24,10,8,unmatched_gt,35219,,
24,10,8,unmatched_candidate,,35265,
24,10,8,unmatched_candidate,,35278,
24,10,8,unmatched_candidate,,35286,
24,10,8,unmatched_candidate,,35297,
25,5,4,matched,35911,35910,-1
25,5,4,matched,36048,36047,-1
25,5,4,matched,35859,35857,-2
25,5,4,matched,36009,36007,-2
25,5,4,matched,35812,35809,-3
25,5,4,matched,35882,35879,-3
25,5,4,matched,35988,35985,-3
25,5,4,matched,35829,35825,-4
25,5,4,matched,35933,35929,-4
25,5,4,unmatched_gt,35966,,
25,5,4,unmatched_candidate,,35902,
25,5,4,unmatched_candidate,,36062,
25,5,4,unmatched_candidate,,36081,
25,10,8,matched,35911,35910,-1
25,10,8,matched,36048,36047,-1
25,10,8,matched,35859,35857,-2
25,10,8,matched,36009,36007,-2
25,10,8,matched,35812,35809,-3
25,10,8,matched,35882,35879,-3
25,10,8,matched,35988,35985,-3
25,10,8,matched,35829,35825,-4
25,10,8,matched,35933,35929,-4
25,10,8,unmatched_gt,35966,,
25,10,8,unmatched_candidate,,35902,
25,10,8,unmatched_candidate,,36062,
25,10,8,unmatched_candidate,,36081,
26,5,4,matched,36577,36577,0
26,5,4,matched,37489,37489,0
26,5,4,matched,36623,36622,-1
26,5,4,matched,36701,36702,1
26,5,4,matched,36735,36734,-1
26,5,4,matched,36789,36790,1
26,5,4,matched,36933,36932,-1
26,5,4,matched,37070,37069,-1
26,5,4,matched,37271,37270,-1
26,5,4,matched,37345,37344,-1
26,5,4,matched,37520,37519,-1
26,5,4,matched,36811,36809,-2
26,5,4,matched,36872,36870,-2
26,5,4,matched,36899,36897,-2
26,5,4,matched,36960,36958,-2
26,5,4,matched,37107,37105,-2
26,5,4,matched,37246,37244,-2
26,5,4,matched,37403,37401,-2
26,5,4,matched,37429,37427,-2
26,5,4,matched,37462,37460,-2
26,5,4,matched,37568,37570,2
26,5,4,matched,37615,37613,-2
26,5,4,matched,37632,37630,-2
26,5,4,matched,37660,37662,2
26,5,4,matched,37723,37721,-2
26,5,4,matched,36599,36596,-3
26,5,4,matched,36838,36835,-3
26,5,4,matched,36980,36977,-3
26,5,4,matched,37294,37291,-3
26,5,4,matched,37546,37543,-3
26,5,4,matched,37585,37582,-3
26,5,4,matched,37688,37685,-3
26,5,4,matched,37037,37033,-4
26,5,4,matched,37151,37147,-4
26,5,4,matched,37175,37171,-4
26,5,4,unmatched_gt,36562,,
26,5,4,unmatched_gt,36666,,
26,5,4,unmatched_gt,36677,,
26,5,4,unmatched_gt,36714,,
26,5,4,unmatched_gt,36764,,
26,5,4,unmatched_gt,37014,,
26,5,4,unmatched_gt,37126,,
26,5,4,unmatched_gt,37222,,
26,5,4,unmatched_gt,37379,,
26,5,4,unmatched_candidate,,36545,
26,5,4,unmatched_candidate,,36782,
26,5,4,unmatched_candidate,,37006,
26,5,4,unmatched_candidate,,37118,
26,5,4,unmatched_candidate,,37216,
26,5,4,unmatched_candidate,,37374,
26,5,4,unmatched_candidate,,37390,
26,5,4,unmatched_candidate,,37535,
26,5,4,unmatched_candidate,,37761,
26,5,4,unmatched_candidate,,37777,
26,10,8,matched,36577,36577,0
26,10,8,matched,37489,37489,0
26,10,8,matched,36623,36622,-1
26,10,8,matched,36701,36702,1
26,10,8,matched,36735,36734,-1
26,10,8,matched,36789,36790,1
26,10,8,matched,36933,36932,-1
26,10,8,matched,37070,37069,-1
26,10,8,matched,37271,37270,-1
26,10,8,matched,37345,37344,-1
26,10,8,matched,37520,37519,-1
26,10,8,matched,36811,36809,-2
26,10,8,matched,36872,36870,-2
26,10,8,matched,36899,36897,-2
26,10,8,matched,36960,36958,-2
26,10,8,matched,37107,37105,-2
26,10,8,matched,37246,37244,-2
26,10,8,matched,37403,37401,-2
26,10,8,matched,37429,37427,-2
26,10,8,matched,37462,37460,-2
26,10,8,matched,37568,37570,2
26,10,8,matched,37615,37613,-2
26,10,8,matched,37632,37630,-2
26,10,8,matched,37660,37662,2
26,10,8,matched,37723,37721,-2
26,10,8,matched,36599,36596,-3
26,10,8,matched,36838,36835,-3
26,10,8,matched,36980,36977,-3
26,10,8,matched,37294,37291,-3
26,10,8,matched,37546,37543,-3
26,10,8,matched,37585,37582,-3
26,10,8,matched,37688,37685,-3
26,10,8,matched,37037,37033,-4
26,10,8,matched,37151,37147,-4
26,10,8,matched,37175,37171,-4
26,10,8,matched,37379,37374,-5
26,10,8,matched,37222,37216,-6
26,10,8,matched,37014,37006,-8
26,10,8,matched,37126,37118,-8
26,10,8,unmatched_gt,36562,,
26,10,8,unmatched_gt,36666,,
26,10,8,unmatched_gt,36677,,
26,10,8,unmatched_gt,36714,,
26,10,8,unmatched_gt,36764,,
26,10,8,unmatched_candidate,,36545,
26,10,8,unmatched_candidate,,36782,
26,10,8,unmatched_candidate,,37390,
26,10,8,unmatched_candidate,,37535,
26,10,8,unmatched_candidate,,37761,
26,10,8,unmatched_candidate,,37777,
27,5,4,matched,38494,38494,0
27,5,4,matched,38386,38385,-1
27,5,4,matched,38465,38463,-2
27,5,4,matched,38428,38425,-3
27,5,4,matched,38511,38508,-3
27,5,4,unmatched_gt,38406,,
27,5,4,unmatched_candidate,,38368,
27,5,4,unmatched_candidate,,38401,
27,10,8,matched,38494,38494,0
27,10,8,matched,38386,38385,-1
27,10,8,matched,38465,38463,-2
27,10,8,matched,38428,38425,-3
27,10,8,matched,38511,38508,-3
27,10,8,matched,38406,38401,-5
27,10,8,unmatched_candidate,,38368,
28,5,4,matched,40151,40150,-1
28,5,4,matched,39888,39886,-2
28,5,4,matched,40097,40095,-2
28,5,4,matched,39966,39969,3
28,5,4,matched,40075,40072,-3
28,5,4,matched,39838,39834,-4
28,5,4,matched,39915,39911,-4
28,5,4,matched,39986,39982,-4
28,5,4,unmatched_gt,39814,,
28,5,4,unmatched_gt,39828,,
28,5,4,unmatched_gt,39869,,
28,5,4,unmatched_gt,39946,,
28,5,4,unmatched_gt,40004,,
28,5,4,unmatched_gt,40023,,
28,5,4,unmatched_gt,40054,,
28,5,4,unmatched_gt,40126,,
28,5,4,unmatched_candidate,,39806,
28,5,4,unmatched_candidate,,39822,
28,5,4,unmatched_candidate,,40014,
28,5,4,unmatched_candidate,,40161,
28,5,4,unmatched_candidate,,40177,
28,10,8,matched,40151,40150,-1
28,10,8,matched,39888,39886,-2
28,10,8,matched,40097,40095,-2
28,10,8,matched,39966,39969,3
28,10,8,matched,40075,40072,-3
28,10,8,matched,39838,39834,-4
28,10,8,matched,39915,39911,-4
28,10,8,matched,39986,39982,-4
28,10,8,matched,39828,39822,-6
28,10,8,matched,39814,39806,-8
28,10,8,unmatched_gt,39869,,
28,10,8,unmatched_gt,39946,,
28,10,8,unmatched_gt,40004,,
28,10,8,unmatched_gt,40023,,
28,10,8,unmatched_gt,40054,,
28,10,8,unmatched_gt,40126,,
28,10,8,unmatched_candidate,,40014,
28,10,8,unmatched_candidate,,40161,
28,10,8,unmatched_candidate,,40177,
29,5,4,matched,40638,40638,0
29,5,4,matched,40903,40902,-1
29,5,4,matched,40739,40737,-2
29,5,4,matched,40840,40838,-2
29,5,4,matched,40950,40948,-2
29,5,4,matched,40984,40982,-2
29,5,4,matched,41045,41043,-2
29,5,4,matched,41063,41065,2
29,5,4,matched,41091,41089,-2
29,5,4,matched,41123,41121,-2
29,5,4,matched,41162,41160,-2
29,5,4,matched,40692,40689,-3
29,5,4,matched,40879,40876,-3
29,5,4,matched,40929,40926,-3
29,5,4,matched,41016,41013,-3
29,5,4,matched,41214,41217,3
29,5,4,matched,40613,40609,-4
29,5,4,matched,40714,40710,-4
29,5,4,matched,40789,40785,-4
29,5,4,matched,40814,40818,4
29,5,4,unmatched_gt,40621,,
29,5,4,unmatched_gt,40674,,
29,5,4,unmatched_gt,40764,,
29,5,4,unmatched_gt,41190,,
29,5,4,unmatched_candidate,,40546,
29,5,4,unmatched_candidate,,40554,
29,5,4,unmatched_candidate,,40590,
29,5,4,unmatched_candidate,,40753,
29,5,4,unmatched_candidate,,40801,
29,5,4,unmatched_candidate,,41055,
29,5,4,unmatched_candidate,,41182,
29,5,4,unmatched_candidate,,41230,
29,10,8,matched,40638,40638,0
29,10,8,matched,40903,40902,-1
29,10,8,matched,40739,40737,-2
29,10,8,matched,40840,40838,-2
29,10,8,matched,40950,40948,-2
29,10,8,matched,40984,40982,-2
29,10,8,matched,41045,41043,-2
29,10,8,matched,41063,41065,2
29,10,8,matched,41091,41089,-2
29,10,8,matched,41123,41121,-2
29,10,8,matched,41162,41160,-2
29,10,8,matched,40692,40689,-3
29,10,8,matched,40879,40876,-3
29,10,8,matched,40929,40926,-3
29,10,8,matched,41016,41013,-3
29,10,8,matched,41214,41217,3
29,10,8,matched,40613,40609,-4
29,10,8,matched,40714,40710,-4
29,10,8,matched,40789,40785,-4
29,10,8,matched,40814,40818,4
29,10,8,matched,41190,41182,-8
29,10,8,unmatched_gt,40621,,
29,10,8,unmatched_gt,40674,,
29,10,8,unmatched_gt,40764,,
29,10,8,unmatched_candidate,,40546,
29,10,8,unmatched_candidate,,40554,
29,10,8,unmatched_candidate,,40590,
29,10,8,unmatched_candidate,,40753,
29,10,8,unmatched_candidate,,40801,
29,10,8,unmatched_candidate,,41055,
29,10,8,unmatched_candidate,,41230,
30,5,4,unmatched_gt,41738,,
30,5,4,unmatched_gt,41775,,
30,5,4,unmatched_gt,41788,,
30,10,8,unmatched_gt,41738,,
30,10,8,unmatched_gt,41775,,
30,10,8,unmatched_gt,41788,,
31,5,4,matched,42319,42318,-1
31,5,4,matched,42381,42380,-1
31,5,4,matched,42412,42411,-1
31,5,4,matched,42240,42238,-2
31,5,4,matched,42346,42343,-3
31,5,4,matched,42267,42263,-4
31,5,4,unmatched_gt,42221,,
31,5,4,unmatched_gt,42303,,
31,5,4,unmatched_gt,42423,,
31,5,4,unmatched_candidate,,42460,
31,5,4,unmatched_candidate,,42542,
31,5,4,unmatched_candidate,,42561,
31,5,4,unmatched_candidate,,42574,
31,5,4,unmatched_candidate,,42593,
31,5,4,unmatched_candidate,,42613,
31,5,4,unmatched_candidate,,42623,
31,5,4,unmatched_candidate,,42635,
31,5,4,unmatched_candidate,,42648,
31,5,4,unmatched_candidate,,42686,
31,5,4,unmatched_candidate,,42695,
31,5,4,unmatched_candidate,,42710,
31,5,4,unmatched_candidate,,42755,
31,5,4,unmatched_candidate,,42786,
31,5,4,unmatched_candidate,,42798,
31,5,4,unmatched_candidate,,42812,
31,5,4,unmatched_candidate,,42838,
31,5,4,unmatched_candidate,,42868,
31,5,4,unmatched_candidate,,42878,
31,5,4,unmatched_candidate,,42913,
31,5,4,unmatched_candidate,,42942,
31,5,4,unmatched_candidate,,42958,
31,5,4,unmatched_candidate,,42974,
31,5,4,unmatched_candidate,,42995,
31,5,4,unmatched_candidate,,43022,
31,5,4,unmatched_candidate,,43078,
31,10,8,matched,42319,42318,-1
31,10,8,matched,42381,42380,-1
31,10,8,matched,42412,42411,-1
31,10,8,matched,42240,42238,-2
31,10,8,matched,42346,42343,-3
31,10,8,matched,42267,42263,-4
31,10,8,unmatched_gt,42221,,
31,10,8,unmatched_gt,42303,,
31,10,8,unmatched_gt,42423,,
31,10,8,unmatched_candidate,,42460,
31,10,8,unmatched_candidate,,42542,
31,10,8,unmatched_candidate,,42561,
31,10,8,unmatched_candidate,,42574,
31,10,8,unmatched_candidate,,42593,
31,10,8,unmatched_candidate,,42613,
31,10,8,unmatched_candidate,,42623,
31,10,8,unmatched_candidate,,42635,
31,10,8,unmatched_candidate,,42648,
31,10,8,unmatched_candidate,,42686,
31,10,8,unmatched_candidate,,42695,
31,10,8,unmatched_candidate,,42710,
31,10,8,unmatched_candidate,,42755,
31,10,8,unmatched_candidate,,42786,
31,10,8,unmatched_candidate,,42798,
31,10,8,unmatched_candidate,,42812,
31,10,8,unmatched_candidate,,42838,
31,10,8,unmatched_candidate,,42868,
31,10,8,unmatched_candidate,,42878,
31,10,8,unmatched_candidate,,42913,
31,10,8,unmatched_candidate,,42942,
31,10,8,unmatched_candidate,,42958,
31,10,8,unmatched_candidate,,42974,
31,10,8,unmatched_candidate,,42995,
31,10,8,unmatched_candidate,,43022,
31,10,8,unmatched_candidate,,43078,
32,5,4,matched,42868,42868,0
32,5,4,matched,43022,43022,0
32,5,4,matched,42797,42798,1
32,5,4,matched,42813,42812,-1
32,5,4,matched,42941,42942,1
32,5,4,matched,43079,43078,-1
32,5,4,matched,42915,42913,-2
32,5,4,matched,42960,42958,-2
32,5,4,matched,42976,42974,-2
32,5,4,matched,42997,42995,-2
32,5,4,matched,42841,42838,-3
32,5,4,unmatched_gt,42887,,
32,5,4,unmatched_candidate,,42238,
32,5,4,unmatched_candidate,,42263,
32,5,4,unmatched_candidate,,42318,
32,5,4,unmatched_candidate,,42343,
32,5,4,unmatched_candidate,,42380,
32,5,4,unmatched_candidate,,42411,
32,5,4,unmatched_candidate,,42460,
32,5,4,unmatched_candidate,,42542,
32,5,4,unmatched_candidate,,42561,
32,5,4,unmatched_candidate,,42574,
32,5,4,unmatched_candidate,,42593,
32,5,4,unmatched_candidate,,42613,
32,5,4,unmatched_candidate,,42623,
32,5,4,unmatched_candidate,,42635,
32,5,4,unmatched_candidate,,42648,
32,5,4,unmatched_candidate,,42686,
32,5,4,unmatched_candidate,,42695,
32,5,4,unmatched_candidate,,42710,
32,5,4,unmatched_candidate,,42755,
32,5,4,unmatched_candidate,,42786,
32,5,4,unmatched_candidate,,42878,
32,10,8,matched,42868,42868,0
32,10,8,matched,43022,43022,0
32,10,8,matched,42797,42798,1
32,10,8,matched,42813,42812,-1
32,10,8,matched,42941,42942,1
32,10,8,matched,43079,43078,-1
32,10,8,matched,42915,42913,-2
32,10,8,matched,42960,42958,-2
32,10,8,matched,42976,42974,-2
32,10,8,matched,42997,42995,-2
32,10,8,matched,42841,42838,-3
32,10,8,unmatched_gt,42887,,
32,10,8,unmatched_candidate,,42238,
32,10,8,unmatched_candidate,,42263,
32,10,8,unmatched_candidate,,42318,
32,10,8,unmatched_candidate,,42343,
32,10,8,unmatched_candidate,,42380,
32,10,8,unmatched_candidate,,42411,
32,10,8,unmatched_candidate,,42460,
32,10,8,unmatched_candidate,,42542,
32,10,8,unmatched_candidate,,42561,
32,10,8,unmatched_candidate,,42574,
32,10,8,unmatched_candidate,,42593,
32,10,8,unmatched_candidate,,42613,
32,10,8,unmatched_candidate,,42623,
32,10,8,unmatched_candidate,,42635,
32,10,8,unmatched_candidate,,42648,
32,10,8,unmatched_candidate,,42686,
32,10,8,unmatched_candidate,,42695,
32,10,8,unmatched_candidate,,42710,
32,10,8,unmatched_candidate,,42755,
32,10,8,unmatched_candidate,,42786,
32,10,8,unmatched_candidate,,42878,
33,5,4,matched,43753,43751,-2
33,5,4,matched,43783,43781,-2
33,5,4,matched,43722,43719,-3
33,5,4,matched,43701,43697,-4
33,5,4,unmatched_candidate,,43809,
33,5,4,unmatched_candidate,,43825,
33,10,8,matched,43753,43751,-2
33,10,8,matched,43783,43781,-2
33,10,8,matched,43722,43719,-3
33,10,8,matched,43701,43697,-4
33,10,8,unmatched_candidate,,43809,
33,10,8,unmatched_candidate,,43825,
34,5,4,matched,44111,44109,-2
34,5,4,matched,44137,44135,-2
34,5,4,unmatched_candidate,,44177,
34,5,4,unmatched_candidate,,44190,
34,5,4,unmatched_candidate,,44225,
34,5,4,unmatched_candidate,,44238,
34,10,8,matched,44111,44109,-2
34,10,8,matched,44137,44135,-2
34,10,8,unmatched_candidate,,44177,
34,10,8,unmatched_candidate,,44190,
34,10,8,unmatched_candidate,,44225,
34,10,8,unmatched_candidate,,44238,
35,5,4,matched,44411,44411,0
35,5,4,matched,44662,44662,0
35,5,4,matched,44726,44726,0
35,5,4,matched,44745,44745,0
35,5,4,matched,44774,44773,-1
35,5,4,matched,44507,44505,-2
35,5,4,matched,44582,44580,-2
35,5,4,matched,44640,44638,-2
35,5,4,matched,44694,44692,-2
35,5,4,matched,44534,44531,-3
35,5,4,matched,44612,44609,-3
35,5,4,matched,44458,44454,-4
35,5,4,unmatched_gt,44440,,
35,5,4,unmatched_gt,44489,,
35,5,4,unmatched_gt,44561,,
35,5,4,unmatched_gt,44597,,
35,5,4,unmatched_gt,44623,,
35,5,4,unmatched_candidate,,44401,
35,5,4,unmatched_candidate,,44433,
35,5,4,unmatched_candidate,,44497,
35,5,4,unmatched_candidate,,44782,
35,5,4,unmatched_candidate,,44850,
35,10,8,matched,44411,44411,0
35,10,8,matched,44662,44662,0
35,10,8,matched,44726,44726,0
35,10,8,matched,44745,44745,0
35,10,8,matched,44774,44773,-1
35,10,8,matched,44507,44505,-2
35,10,8,matched,44582,44580,-2
35,10,8,matched,44640,44638,-2
35,10,8,matched,44694,44692,-2
35,10,8,matched,44534,44531,-3
35,10,8,matched,44612,44609,-3
35,10,8,matched,44458,44454,-4
35,10,8,matched,44440,44433,-7
35,10,8,matched,44489,44497,8
35,10,8,unmatched_gt,44561,,
35,10,8,unmatched_gt,44597,,
35,10,8,unmatched_gt,44623,,
35,10,8,unmatched_candidate,,44401,
35,10,8,unmatched_candidate,,44782,
35,10,8,unmatched_candidate,,44850,
36,5,4,matched,48529,48526,-3
36,5,4,matched,48555,48551,-4
36,5,4,matched,48587,48583,-4
36,5,4,unmatched_gt,48521,,
36,5,4,unmatched_candidate,,48321,
36,5,4,unmatched_candidate,,48334,
36,5,4,unmatched_candidate,,48369,
36,5,4,unmatched_candidate,,48384,
36,5,4,unmatched_candidate,,48398,
36,5,4,unmatched_candidate,,48451,
36,5,4,unmatched_candidate,,48474,
36,5,4,unmatched_candidate,,48493,
36,5,4,unmatched_candidate,,48606,
36,10,8,matched,48529,48526,-3
36,10,8,matched,48555,48551,-4
36,10,8,matched,48587,48583,-4
36,10,8,unmatched_gt,48521,,
36,10,8,unmatched_candidate,,48321,
36,10,8,unmatched_candidate,,48334,
36,10,8,unmatched_candidate,,48369,
36,10,8,unmatched_candidate,,48384,
36,10,8,unmatched_candidate,,48398,
36,10,8,unmatched_candidate,,48451,
36,10,8,unmatched_candidate,,48474,
36,10,8,unmatched_candidate,,48493,
36,10,8,unmatched_candidate,,48606,
37,5,4,matched,49032,49028,-4
37,5,4,unmatched_gt,48966,,
37,5,4,unmatched_gt,49013,,
37,5,4,unmatched_gt,49083,,
37,5,4,unmatched_candidate,,48993,
37,5,4,unmatched_candidate,,49007,
37,5,4,unmatched_candidate,,49075,
37,5,4,unmatched_candidate,,49089,
37,5,4,unmatched_candidate,,49118,
37,10,8,matched,49032,49028,-4
37,10,8,matched,49013,49007,-6
37,10,8,matched,49083,49089,6
37,10,8,unmatched_gt,48966,,
37,10,8,unmatched_candidate,,48993,
37,10,8,unmatched_candidate,,49075,
37,10,8,unmatched_candidate,,49118,
38,5,4,matched,49643,49641,-2
38,5,4,matched,49676,49674,-2
38,5,4,matched,49623,49619,-4
38,5,4,unmatched_gt,49590,,
38,5,4,unmatched_gt,49605,,
38,5,4,unmatched_candidate,,49585,
38,5,4,unmatched_candidate,,49699,
38,5,4,unmatched_candidate,,49713,
38,10,8,matched,49643,49641,-2
38,10,8,matched,49676,49674,-2
38,10,8,matched,49623,49619,-4
38,10,8,matched,49590,49585,-5
38,10,8,unmatched_gt,49605,,
38,10,8,unmatched_candidate,,49699,
38,10,8,unmatched_candidate,,49713,
39,5,4,matched,50030,50030,0
39,5,4,unmatched_gt,50046,,
39,5,4,unmatched_candidate,,50017,
39,5,4,unmatched_candidate,,50038,
39,5,4,unmatched_candidate,,50062,
39,5,4,unmatched_candidate,,50081,
39,5,4,unmatched_candidate,,50110,
39,10,8,matched,50030,50030,0
39,10,8,matched,50046,50038,-8
39,10,8,unmatched_candidate,,50017,
39,10,8,unmatched_candidate,,50062,
39,10,8,unmatched_candidate,,50081,
39,10,8,unmatched_candidate,,50110,
40,5,4,matched,50322,50321,-1
40,5,4,matched,50338,50337,-1
40,5,4,matched,50362,50366,4
40,5,4,unmatched_candidate,,50382,
40,5,4,unmatched_candidate,,50401,
40,10,8,matched,50322,50321,-1
40,10,8,matched,50338,50337,-1
40,10,8,matched,50362,50366,4
40,10,8,unmatched_candidate,,50382,
40,10,8,unmatched_candidate,,50401,
41,5,4,matched,50809,50809,0
41,5,4,matched,50786,50785,-1
41,5,4,matched,50883,50881,-2
41,5,4,matched,50752,50755,3
41,5,4,unmatched_gt,50767,,
41,5,4,unmatched_gt,50845,,
41,5,4,unmatched_gt,50867,,
41,5,4,unmatched_candidate,,50857,
41,5,4,unmatched_candidate,,50910,
41,5,4,unmatched_candidate,,50926,
41,10,8,matched,50809,50809,0
41,10,8,matched,50786,50785,-1
41,10,8,matched,50883,50881,-2
41,10,8,matched,50752,50755,3
41,10,8,unmatched_gt,50767,,
41,10,8,unmatched_gt,50845,,
41,10,8,unmatched_gt,50867,,
41,10,8,unmatched_candidate,,50857,
41,10,8,unmatched_candidate,,50910,
41,10,8,unmatched_candidate,,50926,
42,5,4,matched,51298,51297,-1
42,5,4,matched,51471,51470,-1
42,5,4,matched,51579,51578,-1
42,5,4,matched,51604,51603,-1
42,5,4,matched,51392,51390,-2
42,5,4,matched,51652,51650,-2
42,5,4,matched,51341,51338,-3
42,5,4,matched,51429,51426,-3
42,5,4,matched,51630,51627,-3
42,5,4,matched,51320,51324,4
42,5,4,matched,51381,51377,-4
42,5,4,matched,51453,51457,4
42,5,4,matched,51498,51494,-4
42,5,4,matched,51690,51694,4
42,5,4,unmatched_gt,51285,,
42,5,4,unmatched_gt,51406,,
42,5,4,unmatched_gt,51543,,
42,5,4,unmatched_gt,51557,,
42,5,4,unmatched_candidate,,51550,
42,5,4,unmatched_candidate,,51665,
42,5,4,unmatched_candidate,,51705,
42,5,4,unmatched_candidate,,51713,
42,10,8,matched,51298,51297,-1
42,10,8,matched,51471,51470,-1
42,10,8,matched,51579,51578,-1
42,10,8,matched,51604,51603,-1
42,10,8,matched,51392,51390,-2
42,10,8,matched,51652,51650,-2
42,10,8,matched,51341,51338,-3
42,10,8,matched,51429,51426,-3
42,10,8,matched,51630,51627,-3
42,10,8,matched,51320,51324,4
42,10,8,matched,51381,51377,-4
42,10,8,matched,51453,51457,4
42,10,8,matched,51498,51494,-4
42,10,8,matched,51690,51694,4
42,10,8,matched,51543,51550,7
42,10,8,unmatched_gt,51285,,
42,10,8,unmatched_gt,51406,,
42,10,8,unmatched_gt,51557,,
42,10,8,unmatched_candidate,,51665,
42,10,8,unmatched_candidate,,51705,
42,10,8,unmatched_candidate,,51713,
43,5,4,unmatched_gt,52449,,
43,5,4,unmatched_candidate,,52401,
43,5,4,unmatched_candidate,,52465,
43,5,4,unmatched_candidate,,52497,
43,10,8,unmatched_gt,52449,,
43,10,8,unmatched_candidate,,52401,
43,10,8,unmatched_candidate,,52465,
43,10,8,unmatched_candidate,,52497,
44,5,4,matched,52958,52958,0
44,5,4,matched,52912,52913,1
44,5,4,matched,52943,52942,-1
44,5,4,matched,53091,53090,-1
44,5,4,matched,53124,53123,-1
44,5,4,matched,53350,53349,-1
44,5,4,matched,53391,53390,-1
44,5,4,matched,52875,52873,-2
44,5,4,matched,52999,52997,-2
44,5,4,matched,53172,53170,-2
44,5,4,matched,52987,52984,-3
44,5,4,matched,53034,53031,-3
44,5,4,matched,53057,53054,-3
44,5,4,matched,53150,53147,-3
44,5,4,matched,53236,53233,-3
44,5,4,matched,53293,53290,-3
44,5,4,matched,53317,53314,-3
44,5,4,matched,53377,53374,-3
44,5,4,matched,53423,53420,-3
44,5,4,matched,53448,53445,-3
44,5,4,matched,53475,53472,-3
44,5,4,matched,53518,53515,-3
44,5,4,matched,53256,53252,-4
44,5,4,matched,53618,53614,-4
44,5,4,matched,53648,53644,-4
44,5,4,unmatched_gt,52842,,
44,5,4,unmatched_gt,52852,,
44,5,4,unmatched_gt,53012,,
44,5,4,unmatched_gt,53207,,
44,5,4,unmatched_gt,53274,,
44,5,4,unmatched_gt,53559,,
44,5,4,unmatched_gt,53574,,
44,5,4,unmatched_gt,53599,,
44,5,4,unmatched_gt,53674,,
44,5,4,unmatched_candidate,,52833,
44,5,4,unmatched_candidate,,52862,
44,5,4,unmatched_candidate,,53681,
44,5,4,unmatched_candidate,,53697,
44,10,8,matched,52958,52958,0
44,10,8,matched,52912,52913,1
44,10,8,matched,52943,52942,-1
44,10,8,matched,53091,53090,-1
44,10,8,matched,53124,53123,-1
44,10,8,matched,53350,53349,-1
44,10,8,matched,53391,53390,-1
44,10,8,matched,52875,52873,-2
44,10,8,matched,52999,52997,-2
44,10,8,matched,53172,53170,-2
44,10,8,matched,52987,52984,-3
44,10,8,matched,53034,53031,-3
44,10,8,matched,53057,53054,-3
44,10,8,matched,53150,53147,-3
44,10,8,matched,53236,53233,-3
44,10,8,matched,53293,53290,-3
44,10,8,matched,53317,53314,-3
44,10,8,matched,53377,53374,-3
44,10,8,matched,53423,53420,-3
44,10,8,matched,53448,53445,-3
44,10,8,matched,53475,53472,-3
44,10,8,matched,53518,53515,-3
44,10,8,matched,53256,53252,-4
44,10,8,matched,53618,53614,-4
44,10,8,matched,53648,53644,-4
44,10,8,matched,53674,53681,7
44,10,8,unmatched_gt,52842,,
44,10,8,unmatched_gt,52852,,
44,10,8,unmatched_gt,53012,,
44,10,8,unmatched_gt,53207,,
44,10,8,unmatched_gt,53274,,
44,10,8,unmatched_gt,53559,,
44,10,8,unmatched_gt,53574,,
44,10,8,unmatched_gt,53599,,
44,10,8,unmatched_candidate,,52833,
44,10,8,unmatched_candidate,,52862,
44,10,8,unmatched_candidate,,53697,
45,5,4,matched,55118,55118,0
45,5,4,matched,55249,55249,0
45,5,4,matched,55361,55361,0
45,5,4,matched,55146,55144,-2
45,5,4,matched,55287,55285,-2
45,5,4,matched,55179,55176,-3
45,5,4,matched,55391,55388,-3
45,5,4,matched,55216,55212,-4
45,5,4,matched,55321,55317,-4
45,5,4,unmatched_gt,55100,,
45,5,4,unmatched_gt,55134,,
45,5,4,unmatched_gt,55160,,
45,5,4,unmatched_gt,55268,,
45,5,4,unmatched_gt,55349,,
45,5,4,unmatched_gt,55384,,
45,5,4,unmatched_candidate,,55073,
45,5,4,unmatched_candidate,,55091,
45,5,4,unmatched_candidate,,55437,
45,5,4,unmatched_candidate,,55454,
45,10,8,matched,55118,55118,0
45,10,8,matched,55249,55249,0
45,10,8,matched,55361,55361,0
45,10,8,matched,55146,55144,-2
45,10,8,matched,55287,55285,-2
45,10,8,matched,55179,55176,-3
45,10,8,matched,55391,55388,-3
45,10,8,matched,55216,55212,-4
45,10,8,matched,55321,55317,-4
45,10,8,unmatched_gt,55100,,
45,10,8,unmatched_gt,55134,,
45,10,8,unmatched_gt,55160,,
45,10,8,unmatched_gt,55268,,
45,10,8,unmatched_gt,55349,,
45,10,8,unmatched_gt,55384,,
45,10,8,unmatched_candidate,,55073,
45,10,8,unmatched_candidate,,55091,
45,10,8,unmatched_candidate,,55437,
45,10,8,unmatched_candidate,,55454,
46,5,4,unmatched_gt,55912,,
46,5,4,unmatched_gt,55940,,
46,5,4,unmatched_gt,55955,,
46,5,4,unmatched_gt,55974,,
46,5,4,unmatched_gt,55995,,
46,5,4,unmatched_gt,56015,,
46,5,4,unmatched_gt,56051,,
46,5,4,unmatched_gt,56076,,
46,5,4,unmatched_gt,56099,,
46,5,4,unmatched_gt,56122,,
46,5,4,unmatched_gt,56159,,
46,5,4,unmatched_gt,56176,,
46,5,4,unmatched_gt,56201,,
46,5,4,unmatched_gt,56224,,
46,5,4,unmatched_gt,56233,,
46,5,4,unmatched_gt,56249,,
46,5,4,unmatched_gt,56272,,
46,5,4,unmatched_gt,56299,,
46,5,4,unmatched_gt,56333,,
46,5,4,unmatched_gt,56351,,
46,10,8,unmatched_gt,55912,,
46,10,8,unmatched_gt,55940,,
46,10,8,unmatched_gt,55955,,
46,10,8,unmatched_gt,55974,,
46,10,8,unmatched_gt,55995,,
46,10,8,unmatched_gt,56015,,
46,10,8,unmatched_gt,56051,,
46,10,8,unmatched_gt,56076,,
46,10,8,unmatched_gt,56099,,
46,10,8,unmatched_gt,56122,,
46,10,8,unmatched_gt,56159,,
46,10,8,unmatched_gt,56176,,
46,10,8,unmatched_gt,56201,,
46,10,8,unmatched_gt,56224,,
46,10,8,unmatched_gt,56233,,
46,10,8,unmatched_gt,56249,,
46,10,8,unmatched_gt,56272,,
46,10,8,unmatched_gt,56299,,
46,10,8,unmatched_gt,56333,,
46,10,8,unmatched_gt,56351,,
47,5,4,matched,56808,56808,0
47,5,4,matched,56882,56882,0
47,5,4,matched,56948,56948,0
47,5,4,matched,57006,57005,-1
47,5,4,matched,57029,57028,-1
47,5,4,matched,57107,57106,-1
47,5,4,matched,56935,56933,-2
47,5,4,matched,57054,57056,2
47,5,4,matched,57129,57127,-2
47,5,4,unmatched_gt,56790,,
47,5,4,unmatched_gt,56840,,
47,5,4,unmatched_gt,56855,,
47,5,4,unmatched_gt,56916,,
47,5,4,unmatched_gt,56983,,
47,5,4,unmatched_gt,57155,,
47,5,4,unmatched_candidate,,56785,
47,5,4,unmatched_candidate,,56846,
47,5,4,unmatched_candidate,,56977,
47,5,4,unmatched_candidate,,57150,
47,5,4,unmatched_candidate,,57166,
47,5,4,unmatched_candidate,,57185,
47,5,4,unmatched_candidate,,57198,
47,10,8,matched,56808,56808,0
47,10,8,matched,56882,56882,0
47,10,8,matched,56948,56948,0
47,10,8,matched,57006,57005,-1
47,10,8,matched,57029,57028,-1
47,10,8,matched,57107,57106,-1
47,10,8,matched,56935,56933,-2
47,10,8,matched,57054,57056,2
47,10,8,matched,57129,57127,-2
47,10,8,matched,56790,56785,-5
47,10,8,matched,57155,57150,-5
47,10,8,matched,56840,56846,6
47,10,8,matched,56983,56977,-6
47,10,8,unmatched_gt,56855,,
47,10,8,unmatched_gt,56916,,
47,10,8,unmatched_candidate,,57166,
47,10,8,unmatched_candidate,,57185,
47,10,8,unmatched_candidate,,57198,
48,5,4,matched,58008,58006,-2
48,5,4,matched,58032,58030,-2
48,5,4,matched,58052,58050,-2
48,5,4,matched,58107,58110,3
48,5,4,unmatched_gt,57990,,
48,5,4,unmatched_candidate,,57953,
48,5,4,unmatched_candidate,,57985,
48,5,4,unmatched_candidate,,58145,
48,10,8,matched,58008,58006,-2
48,10,8,matched,58032,58030,-2
48,10,8,matched,58052,58050,-2
48,10,8,matched,58107,58110,3
48,10,8,matched,57990,57985,-5
48,10,8,unmatched_candidate,,57953,
48,10,8,unmatched_candidate,,58145,
49,5,4,matched,58930,58930,0
49,5,4,matched,58831,58830,-1
49,5,4,matched,58855,58853,-2
49,5,4,matched,58886,58884,-2
49,5,4,matched,58976,58974,-2
49,5,4,matched,58908,58905,-3
49,5,4,matched,58960,58957,-3
49,5,4,unmatched_gt,58820,,
49,5,4,unmatched_candidate,,58785,
49,5,4,unmatched_candidate,,58813,
49,5,4,unmatched_candidate,,58990,
49,10,8,matched,58930,58930,0
49,10,8,matched,58831,58830,-1
49,10,8,matched,58855,58853,-2
49,10,8,matched,58886,58884,-2
49,10,8,matched,58976,58974,-2
49,10,8,matched,58908,58905,-3
49,10,8,matched,58960,58957,-3
49,10,8,matched,58820,58813,-7
49,10,8,unmatched_candidate,,58785,
49,10,8,unmatched_candidate,,58990,
50,5,4,matched,59541,59540,-1
50,5,4,matched,59451,59449,-2
50,5,4,matched,59522,59520,-2
50,5,4,matched,59565,59563,-2
50,5,4,matched,59482,59479,-3
50,5,4,matched,59410,59406,-4
50,5,4,unmatched_gt,59395,,
50,5,4,unmatched_gt,59427,,
50,5,4,unmatched_gt,59495,,
50,5,4,unmatched_candidate,,59377,
50,5,4,unmatched_candidate,,59502,
50,5,4,unmatched_candidate,,59601,
50,5,4,unmatched_candidate,,59630,
50,10,8,matched,59541,59540,-1
50,10,8,matched,59451,59449,-2
50,10,8,matched,59522,59520,-2
50,10,8,matched,59565,59563,-2
50,10,8,matched,59482,59479,-3
50,10,8,matched,59410,59406,-4
50,10,8,matched,59495,59502,7
50,10,8,unmatched_gt,59395,,
50,10,8,unmatched_gt,59427,,
50,10,8,unmatched_candidate,,59377,
50,10,8,unmatched_candidate,,59601,
50,10,8,unmatched_candidate,,59630,
51,5,4,matched,60009,60009,0
51,5,4,matched,59988,59987,-1
51,5,4,matched,60033,60032,-1
51,5,4,matched,60069,60068,-1
51,5,4,matched,60200,60199,-1
51,5,4,matched,59963,59961,-2
51,5,4,matched,60104,60102,-2
51,5,4,matched,60140,60138,-2
51,5,4,matched,60164,60161,-3
51,5,4,unmatched_gt,60118,,
51,5,4,unmatched_gt,60235,,
51,5,4,unmatched_candidate,,60257,
51,5,4,unmatched_candidate,,60267,
51,10,8,matched,60009,60009,0
51,10,8,matched,59988,59987,-1
51,10,8,matched,60033,60032,-1
51,10,8,matched,60069,60068,-1
51,10,8,matched,60200,60199,-1
51,10,8,matched,59963,59961,-2
51,10,8,matched,60104,60102,-2
51,10,8,matched,60140,60138,-2
51,10,8,matched,60164,60161,-3
51,10,8,unmatched_gt,60118,,
51,10,8,unmatched_gt,60235,,
51,10,8,unmatched_candidate,,60257,
51,10,8,unmatched_candidate,,60267,
52,5,4,unmatched_gt,60652,,
52,5,4,unmatched_gt,60663,,
52,5,4,unmatched_gt,60683,,
52,5,4,unmatched_gt,60715,,
52,5,4,unmatched_gt,60727,,
52,5,4,unmatched_gt,60752,,
52,5,4,unmatched_gt,60773,,
52,5,4,unmatched_gt,60803,,
52,10,8,unmatched_gt,60652,,
52,10,8,unmatched_gt,60663,,
52,10,8,unmatched_gt,60683,,
52,10,8,unmatched_gt,60715,,
52,10,8,unmatched_gt,60727,,
52,10,8,unmatched_gt,60752,,
52,10,8,unmatched_gt,60773,,
52,10,8,unmatched_gt,60803,,
53,5,4,matched,62828,62828,0
53,5,4,matched,62949,62949,0
53,5,4,matched,62790,62788,-2
53,5,4,matched,62851,62849,-2
53,5,4,matched,62923,62925,2
53,5,4,matched,62818,62815,-3
53,5,4,matched,62987,62990,3
53,5,4,matched,63027,63024,-3
53,5,4,matched,62885,62881,-4
53,5,4,unmatched_gt,62748,,
53,5,4,unmatched_gt,62768,,
53,5,4,unmatched_gt,62904,,
53,5,4,unmatched_gt,63007,,
53,5,4,unmatched_candidate,,62718,
53,5,4,unmatched_candidate,,62738,
53,5,4,unmatched_candidate,,63073,
53,5,4,unmatched_candidate,,63102,
53,10,8,matched,62828,62828,0
53,10,8,matched,62949,62949,0
53,10,8,matched,62790,62788,-2
53,10,8,matched,62851,62849,-2
53,10,8,matched,62923,62925,2
53,10,8,matched,62818,62815,-3
53,10,8,matched,62987,62990,3
53,10,8,matched,63027,63024,-3
53,10,8,matched,62885,62881,-4
53,10,8,unmatched_gt,62748,,
53,10,8,unmatched_gt,62768,,
53,10,8,unmatched_gt,62904,,
53,10,8,unmatched_gt,63007,,
53,10,8,unmatched_candidate,,62718,
53,10,8,unmatched_candidate,,62738,
53,10,8,unmatched_candidate,,63073,
53,10,8,unmatched_candidate,,63102,
54,5,4,matched,64030,64030,0
54,5,4,matched,64174,64174,0
54,5,4,matched,63770,63769,-1
54,5,4,matched,63830,63831,1
54,5,4,matched,63861,63860,-1
54,5,4,matched,63895,63894,-1
54,5,4,matched,64002,64001,-1
54,5,4,matched,64207,64206,-1
54,5,4,matched,63802,63800,-2
54,5,4,matched,63839,63841,2
54,5,4,matched,63927,63925,-2
54,5,4,matched,64098,64096,-2
54,5,4,matched,64133,64129,-4
54,5,4,matched,64221,64225,4
54,5,4,unmatched_gt,63753,,
54,5,4,unmatched_gt,63874,,
54,5,4,unmatched_gt,63956,,
54,5,4,unmatched_gt,63979,,
54,5,4,unmatched_gt,64062,,
54,5,4,unmatched_gt,64154,,
54,5,4,unmatched_candidate,,63697,
54,5,4,unmatched_candidate,,63745,
54,5,4,unmatched_candidate,,63974,
54,5,4,unmatched_candidate,,64055,
54,5,4,unmatched_candidate,,64238,
54,10,8,matched,64030,64030,0
54,10,8,matched,64174,64174,0
54,10,8,matched,63770,63769,-1
54,10,8,matched,63830,63831,1
54,10,8,matched,63861,63860,-1
54,10,8,matched,63895,63894,-1
54,10,8,matched,64002,64001,-1
54,10,8,matched,64207,64206,-1
54,10,8,matched,63802,63800,-2
54,10,8,matched,63839,63841,2
54,10,8,matched,63927,63925,-2
54,10,8,matched,64098,64096,-2
54,10,8,matched,64133,64129,-4
54,10,8,matched,64221,64225,4
54,10,8,matched,63979,63974,-5
54,10,8,matched,64062,64055,-7
54,10,8,matched,63753,63745,-8
54,10,8,unmatched_gt,63874,,
54,10,8,unmatched_gt,63956,,
54,10,8,unmatched_gt,64154,,
54,10,8,unmatched_candidate,,63697,
54,10,8,unmatched_candidate,,64238,
55,5,4,unmatched_gt,64711,,
55,5,4,unmatched_gt,64745,,
55,5,4,unmatched_gt,64759,,
55,5,4,unmatched_candidate,,64542,
55,5,4,unmatched_candidate,,64601,
55,5,4,unmatched_candidate,,64621,
55,5,4,unmatched_candidate,,64630,
55,5,4,unmatched_candidate,,64705,
55,5,4,unmatched_candidate,,64737,
55,5,4,unmatched_candidate,,64764,
55,5,4,unmatched_candidate,,64836,
55,5,4,unmatched_candidate,,64846,
55,5,4,unmatched_candidate,,64945,
55,5,4,unmatched_candidate,,65105,
55,5,4,unmatched_candidate,,65233,
55,5,4,unmatched_candidate,,65254,
55,5,4,unmatched_candidate,,65282,
55,5,4,unmatched_candidate,,65311,
55,5,4,unmatched_candidate,,65339,
55,5,4,unmatched_candidate,,65361,
55,5,4,unmatched_candidate,,65387,
55,5,4,unmatched_candidate,,65409,
55,5,4,unmatched_candidate,,65430,
55,5,4,unmatched_candidate,,65453,
55,5,4,unmatched_candidate,,65470,
55,5,4,unmatched_candidate,,65489,
55,5,4,unmatched_candidate,,65502,
55,10,8,matched,64759,64764,5
55,10,8,matched,64711,64705,-6
55,10,8,matched,64745,64737,-8
55,10,8,unmatched_candidate,,64542,
55,10,8,unmatched_candidate,,64601,
55,10,8,unmatched_candidate,,64621,
55,10,8,unmatched_candidate,,64630,
55,10,8,unmatched_candidate,,64836,
55,10,8,unmatched_candidate,,64846,
55,10,8,unmatched_candidate,,64945,
55,10,8,unmatched_candidate,,65105,
55,10,8,unmatched_candidate,,65233,
55,10,8,unmatched_candidate,,65254,
55,10,8,unmatched_candidate,,65282,
55,10,8,unmatched_candidate,,65311,
55,10,8,unmatched_candidate,,65339,
55,10,8,unmatched_candidate,,65361,
55,10,8,unmatched_candidate,,65387,
55,10,8,unmatched_candidate,,65409,
55,10,8,unmatched_candidate,,65430,
55,10,8,unmatched_candidate,,65453,
55,10,8,unmatched_candidate,,65470,
55,10,8,unmatched_candidate,,65489,
55,10,8,unmatched_candidate,,65502,
56,5,4,matched,65311,65311,0
56,5,4,matched,65410,65409,-1
56,5,4,matched,65431,65430,-1
56,5,4,matched,65256,65254,-2
56,5,4,matched,65284,65282,-2
56,5,4,matched,65363,65361,-2
56,5,4,matched,65389,65387,-2
56,5,4,matched,65342,65339,-3
56,5,4,matched,65456,65453,-3
56,5,4,unmatched_gt,65242,,
56,5,4,unmatched_gt,65464,,
56,5,4,unmatched_candidate,,64542,
56,5,4,unmatched_candidate,,64601,
56,5,4,unmatched_candidate,,64621,
56,5,4,unmatched_candidate,,64630,
56,5,4,unmatched_candidate,,64705,
56,5,4,unmatched_candidate,,64737,
56,5,4,unmatched_candidate,,64764,
56,5,4,unmatched_candidate,,64836,
56,5,4,unmatched_candidate,,64846,
56,5,4,unmatched_candidate,,64945,
56,5,4,unmatched_candidate,,65105,
56,5,4,unmatched_candidate,,65233,
56,5,4,unmatched_candidate,,65470,
56,5,4,unmatched_candidate,,65489,
56,5,4,unmatched_candidate,,65502,
56,10,8,matched,65311,65311,0
56,10,8,matched,65410,65409,-1
56,10,8,matched,65431,65430,-1
56,10,8,matched,65256,65254,-2
56,10,8,matched,65284,65282,-2
56,10,8,matched,65363,65361,-2
56,10,8,matched,65389,65387,-2
56,10,8,matched,65342,65339,-3
56,10,8,matched,65456,65453,-3
56,10,8,matched,65464,65470,6
56,10,8,unmatched_gt,65242,,
56,10,8,unmatched_candidate,,64542,
56,10,8,unmatched_candidate,,64601,
56,10,8,unmatched_candidate,,64621,
56,10,8,unmatched_candidate,,64630,
56,10,8,unmatched_candidate,,64705,
56,10,8,unmatched_candidate,,64737,
56,10,8,unmatched_candidate,,64764,
56,10,8,unmatched_candidate,,64836,
56,10,8,unmatched_candidate,,64846,
56,10,8,unmatched_candidate,,64945,
56,10,8,unmatched_candidate,,65105,
56,10,8,unmatched_candidate,,65233,
56,10,8,unmatched_candidate,,65489,
56,10,8,unmatched_candidate,,65502,
57,5,4,matched,66137,66137,0
57,5,4,matched,66256,66257,1
57,5,4,matched,66065,66063,-2
57,5,4,matched,66178,66175,-3
57,5,4,matched,66199,66196,-3
57,5,4,unmatched_gt,66019,,
57,5,4,unmatched_gt,66035,,
57,5,4,unmatched_gt,66083,,
57,5,4,unmatched_gt,66106,,
57,5,4,unmatched_gt,66160,,
57,5,4,unmatched_gt,66237,,
57,5,4,unmatched_candidate,,65971,
57,5,4,unmatched_candidate,,65990,
57,5,4,unmatched_candidate,,66030,
57,5,4,unmatched_candidate,,66078,
57,5,4,unmatched_candidate,,66097,
57,5,4,unmatched_candidate,,66145,
57,5,4,unmatched_candidate,,66243,
57,10,8,matched,66137,66137,0
57,10,8,matched,66256,66257,1
57,10,8,matched,66065,66063,-2
57,10,8,matched,66178,66175,-3
57,10,8,matched,66199,66196,-3
57,10,8,matched,66035,66030,-5
57,10,8,matched,66083,66078,-5
57,10,8,matched,66237,66243,6
57,10,8,unmatched_gt,66019,,
57,10,8,unmatched_gt,66106,,
57,10,8,unmatched_gt,66160,,
57,10,8,unmatched_candidate,,65971,
57,10,8,unmatched_candidate,,65990,
57,10,8,unmatched_candidate,,66097,
57,10,8,unmatched_candidate,,66145,
58,5,4,matched,66779,66778,-1
58,5,4,matched,66820,66822,2
58,5,4,matched,66857,66855,-2
58,5,4,matched,66740,66737,-3
58,5,4,matched,66837,66833,-4
58,5,4,matched,66880,66876,-4
58,5,4,unmatched_gt,66724,,
58,5,4,unmatched_gt,66758,,
58,5,4,unmatched_gt,66917,,
58,5,4,unmatched_candidate,,66769,
58,5,4,unmatched_candidate,,66814,
58,5,4,unmatched_candidate,,66942,
58,10,8,matched,66779,66778,-1
58,10,8,matched,66820,66822,2
58,10,8,matched,66857,66855,-2
58,10,8,matched,66740,66737,-3
58,10,8,matched,66837,66833,-4
58,10,8,matched,66880,66876,-4
58,10,8,unmatched_gt,66724,,
58,10,8,unmatched_gt,66758,,
58,10,8,unmatched_gt,66917,,
58,10,8,unmatched_candidate,,66769,
58,10,8,unmatched_candidate,,66814,
58,10,8,unmatched_candidate,,66942,
59,5,4,matched,68305,68305,0
59,5,4,matched,68391,68391,0
59,5,4,matched,68638,68638,0
59,5,4,matched,67778,67777,-1
59,5,4,matched,67909,67908,-1
59,5,4,matched,67949,67950,1
59,5,4,matched,68094,68093,-1
59,5,4,matched,68223,68222,-1
59,5,4,matched,67619,67617,-2
59,5,4,matched,67696,67694,-2
59,5,4,matched,67884,67882,-2
59,5,4,matched,68000,67998,-2
59,5,4,matched,68138,68136,-2
59,5,4,matched,68189,68187,-2
59,5,4,matched,68261,68259,-2
59,5,4,matched,68330,68328,-2
59,5,4,matched,68366,68368,2
59,5,4,matched,68536,68534,-2
59,5,4,matched,68619,68617,-2
59,5,4,matched,67803,67800,-3
59,5,4,matched,67968,67965,-3
59,5,4,matched,68580,68577,-3
59,5,4,matched,67654,67650,-4
59,5,4,matched,67717,67713,-4
59,5,4,matched,67747,67743,-4
59,5,4,matched,68045,68041,-4
59,5,4,matched,68240,68236,-4
59,5,4,matched,68295,68291,-4
59,5,4,matched,68460,68456,-4
59,5,4,matched,68558,68554,-4
59,5,4,unmatched_gt,67634,,
59,5,4,unmatched_gt,67682,,
59,5,4,unmatched_gt,67759,,
59,5,4,unmatched_gt,67835,,
59,5,4,unmatched_gt,67866,,
59,5,4,unmatched_gt,68021,,
59,5,4,unmatched_gt,68069,,
59,5,4,unmatched_gt,68163,,
59,5,4,unmatched_gt,68426,,
59,5,4,unmatched_gt,68492,,
59,5,4,unmatched_gt,68513,,
59,5,4,unmatched_gt,68667,,
59,5,4,unmatched_candidate,,67822,
59,5,4,unmatched_candidate,,67861,
59,5,4,unmatched_candidate,,68158,
59,5,4,unmatched_candidate,,68497,
59,5,4,unmatched_candidate,,68653,
59,5,4,unmatched_candidate,,68674,
59,5,4,unmatched_candidate,,68718,
59,10,8,matched,68305,68305,0
59,10,8,matched,68391,68391,0
59,10,8,matched,68638,68638,0
59,10,8,matched,67778,67777,-1
59,10,8,matched,67909,67908,-1
59,10,8,matched,67949,67950,1
59,10,8,matched,68094,68093,-1
59,10,8,matched,68223,68222,-1
59,10,8,matched,67619,67617,-2
59,10,8,matched,67696,67694,-2
59,10,8,matched,67884,67882,-2
59,10,8,matched,68000,67998,-2
59,10,8,matched,68138,68136,-2
59,10,8,matched,68189,68187,-2
59,10,8,matched,68261,68259,-2
59,10,8,matched,68330,68328,-2
59,10,8,matched,68366,68368,2
59,10,8,matched,68536,68534,-2
59,10,8,matched,68619,68617,-2
59,10,8,matched,67803,67800,-3
59,10,8,matched,67968,67965,-3
59,10,8,matched,68580,68577,-3
59,10,8,matched,67654,67650,-4
59,10,8,matched,67717,67713,-4
59,10,8,matched,67747,67743,-4
59,10,8,matched,68045,68041,-4
59,10,8,matched,68240,68236,-4
59,10,8,matched,68295,68291,-4
59,10,8,matched,68460,68456,-4
59,10,8,matched,68558,68554,-4
59,10,8,matched,67866,67861,-5
59,10,8,matched,68163,68158,-5
59,10,8,matched,68492,68497,5
59,10,8,matched,68667,68674,7
59,10,8,unmatched_gt,67634,,
59,10,8,unmatched_gt,67682,,
59,10,8,unmatched_gt,67759,,
59,10,8,unmatched_gt,67835,,
59,10,8,unmatched_gt,68021,,
59,10,8,unmatched_gt,68069,,
59,10,8,unmatched_gt,68426,,
59,10,8,unmatched_gt,68513,,
59,10,8,unmatched_candidate,,67822,
59,10,8,unmatched_candidate,,68653,
59,10,8,unmatched_candidate,,68718,
60,5,4,matched,70244,70244,0
60,5,4,matched,70668,70668,0
60,5,4,matched,70341,70340,-1
60,5,4,matched,70548,70549,1
60,5,4,matched,70573,70572,-1
60,5,4,matched,70730,70729,-1
60,5,4,matched,70901,70902,1
60,5,4,matched,70266,70264,-2
60,5,4,matched,70400,70398,-2
60,5,4,matched,70511,70513,2
60,5,4,matched,70642,70640,-2
60,5,4,matched,70713,70711,-2
60,5,4,matched,70803,70801,-2
60,5,4,matched,70892,70894,2
60,5,4,matched,70478,70475,-3
60,5,4,matched,70773,70770,-3
60,5,4,matched,70877,70874,-3
60,5,4,matched,70306,70302,-4
60,5,4,matched,70935,70931,-4
60,5,4,unmatched_gt,70177,,
60,5,4,unmatched_gt,70288,,
60,5,4,unmatched_gt,70359,,
60,5,4,unmatched_gt,70377,,
60,5,4,unmatched_gt,70435,,
60,5,4,unmatched_gt,70456,,
60,5,4,unmatched_gt,70499,,
60,5,4,unmatched_gt,70527,,
60,5,4,unmatched_gt,70606,,
60,5,4,unmatched_gt,70754,,
60,5,4,unmatched_gt,70828,,
60,5,4,unmatched_gt,70854,,
60,5,4,unmatched_gt,70951,,
60,5,4,unmatched_candidate,,70225,
60,5,4,unmatched_candidate,,70282,
60,5,4,unmatched_candidate,,70382,
60,5,4,unmatched_candidate,,70430,
60,5,4,unmatched_candidate,,70842,
60,5,4,unmatched_candidate,,70966,
60,10,8,matched,70244,70244,0
60,10,8,matched,70668,70668,0
60,10,8,matched,70341,70340,-1
60,10,8,matched,70548,70549,1
60,10,8,matched,70573,70572,-1
60,10,8,matched,70730,70729,-1
60,10,8,matched,70901,70902,1
60,10,8,matched,70266,70264,-2
60,10,8,matched,70400,70398,-2
60,10,8,matched,70511,70513,2
60,10,8,matched,70642,70640,-2
60,10,8,matched,70713,70711,-2
60,10,8,matched,70803,70801,-2
60,10,8,matched,70892,70894,2
60,10,8,matched,70478,70475,-3
60,10,8,matched,70773,70770,-3
60,10,8,matched,70877,70874,-3
60,10,8,matched,70306,70302,-4
60,10,8,matched,70935,70931,-4
60,10,8,matched,70377,70382,5
60,10,8,matched,70435,70430,-5
60,10,8,matched,70288,70282,-6
60,10,8,unmatched_gt,70177,,
60,10,8,unmatched_gt,70359,,
60,10,8,unmatched_gt,70456,,
60,10,8,unmatched_gt,70499,,
60,10,8,unmatched_gt,70527,,
60,10,8,unmatched_gt,70606,,
60,10,8,unmatched_gt,70754,,
60,10,8,unmatched_gt,70828,,
60,10,8,unmatched_gt,70854,,
60,10,8,unmatched_gt,70951,,
60,10,8,unmatched_candidate,,70225,
60,10,8,unmatched_candidate,,70842,
60,10,8,unmatched_candidate,,70966,
61,5,4,matched,71649,71648,-1
61,5,4,matched,71593,71589,-4
61,5,4,matched,71622,71618,-4
61,5,4,unmatched_gt,71547,,
61,5,4,unmatched_gt,71575,,
61,5,4,unmatched_candidate,,71537,
61,5,4,unmatched_candidate,,71569,
61,5,4,unmatched_candidate,,71678,
61,5,4,unmatched_candidate,,71710,
61,10,8,matched,71649,71648,-1
61,10,8,matched,71593,71589,-4
61,10,8,matched,71622,71618,-4
61,10,8,matched,71575,71569,-6
61,10,8,unmatched_gt,71547,,
61,10,8,unmatched_candidate,,71537,
61,10,8,unmatched_candidate,,71678,
61,10,8,unmatched_candidate,,71710,
62,5,4,matched,72206,72206,0
62,5,4,matched,72066,72065,-1
62,5,4,matched,72159,72158,-1
62,5,4,matched,72123,72121,-2
62,5,4,matched,72183,72181,-2
62,5,4,matched,72094,72091,-3
62,5,4,unmatched_gt,72144,,
62,5,4,unmatched_candidate,,72017,
62,5,4,unmatched_candidate,,72258,
62,5,4,unmatched_candidate,,72286,
62,10,8,matched,72206,72206,0
62,10,8,matched,72066,72065,-1
62,10,8,matched,72159,72158,-1
62,10,8,matched,72123,72121,-2
62,10,8,matched,72183,72181,-2
62,10,8,matched,72094,72091,-3
62,10,8,unmatched_gt,72144,,
62,10,8,unmatched_candidate,,72017,
62,10,8,unmatched_candidate,,72258,
62,10,8,unmatched_candidate,,72286,
63,5,4,matched,73062,73062,0
63,5,4,matched,72930,72929,-1
63,5,4,matched,72945,72944,-1
63,5,4,matched,73036,73035,-1
63,5,4,matched,73267,73266,-1
63,5,4,matched,73317,73316,-1
63,5,4,matched,73375,73374,-1
63,5,4,matched,73477,73476,-1
63,5,4,matched,73502,73501,-1
63,5,4,matched,72988,72986,-2
63,5,4,matched,73165,73163,-2
63,5,4,matched,73293,73291,-2
63,5,4,matched,73609,73607,-2
63,5,4,matched,73632,73630,-2
63,5,4,matched,73729,73727,-2
63,5,4,matched,73796,73794,-2
63,5,4,matched,72904,72901,-3
63,5,4,matched,72969,72966,-3
63,5,4,matched,73078,73075,-3
63,5,4,matched,73194,73191,-3
63,5,4,matched,73349,73346,-3
63,5,4,matched,73406,73403,-3
63,5,4,matched,73545,73542,-3
63,5,4,matched,73573,73570,-3
63,5,4,matched,73585,73582,-3
63,5,4,matched,73663,73660,-3
63,5,4,matched,73758,73755,-3
63,5,4,unmatched_gt,72885,,
63,5,4,unmatched_gt,73021,,
63,5,4,unmatched_gt,73093,,
63,5,4,unmatched_gt,73114,,
63,5,4,unmatched_gt,73145,,
63,5,4,unmatched_gt,73224,,
63,5,4,unmatched_gt,73252,,
63,5,4,unmatched_gt,73434,,
63,5,4,unmatched_gt,73454,,
63,5,4,unmatched_gt,73697,,
63,5,4,unmatched_gt,73832,,
63,5,4,unmatched_candidate,,72833,
63,5,4,unmatched_candidate,,72845,
63,5,4,unmatched_candidate,,73016,
63,5,4,unmatched_candidate,,73219,
63,5,4,unmatched_candidate,,73489,
63,5,4,unmatched_candidate,,73822,
63,5,4,unmatched_candidate,,73841,
63,5,4,unmatched_candidate,,73870,
63,5,4,unmatched_candidate,,73886,
63,10,8,matched,73062,73062,0
63,10,8,matched,72930,72929,-1
63,10,8,matched,72945,72944,-1
63,10,8,matched,73036,73035,-1
63,10,8,matched,73267,73266,-1
63,10,8,matched,73317,73316,-1
63,10,8,matched,73375,73374,-1
63,10,8,matched,73477,73476,-1
63,10,8,matched,73502,73501,-1
63,10,8,matched,72988,72986,-2
63,10,8,matched,73165,73163,-2
63,10,8,matched,73293,73291,-2
63,10,8,matched,73609,73607,-2
63,10,8,matched,73632,73630,-2
63,10,8,matched,73729,73727,-2
63,10,8,matched,73796,73794,-2
63,10,8,matched,72904,72901,-3
63,10,8,matched,72969,72966,-3
63,10,8,matched,73078,73075,-3
63,10,8,matched,73194,73191,-3
63,10,8,matched,73349,73346,-3
63,10,8,matched,73406,73403,-3
63,10,8,matched,73545,73542,-3
63,10,8,matched,73573,73570,-3
63,10,8,matched,73585,73582,-3
63,10,8,matched,73663,73660,-3
63,10,8,matched,73758,73755,-3
63,10,8,matched,73021,73016,-5
63,10,8,matched,73224,73219,-5
63,10,8,unmatched_gt,72885,,
63,10,8,unmatched_gt,73093,,
63,10,8,unmatched_gt,73114,,
63,10,8,unmatched_gt,73145,,
63,10,8,unmatched_gt,73252,,
63,10,8,unmatched_gt,73434,,
63,10,8,unmatched_gt,73454,,
63,10,8,unmatched_gt,73697,,
63,10,8,unmatched_gt,73832,,
63,10,8,unmatched_candidate,,72833,
63,10,8,unmatched_candidate,,72845,
63,10,8,unmatched_candidate,,73489,
63,10,8,unmatched_candidate,,73822,
63,10,8,unmatched_candidate,,73841,
63,10,8,unmatched_candidate,,73870,
63,10,8,unmatched_candidate,,73886,
64,5,4,matched,74536,74535,-1
64,5,4,matched,74569,74567,-2
64,5,4,unmatched_gt,74519,,
64,5,4,unmatched_gt,74599,,
64,5,4,unmatched_candidate,,74382,
64,5,4,unmatched_candidate,,74400,
64,5,4,unmatched_candidate,,74513,
64,5,4,unmatched_candidate,,74594,
64,5,4,unmatched_candidate,,74609,
64,5,4,unmatched_candidate,,74633,
64,5,4,unmatched_candidate,,74641,
64,5,4,unmatched_candidate,,74654,
64,10,8,matched,74536,74535,-1
64,10,8,matched,74569,74567,-2
64,10,8,matched,74599,74594,-5
64,10,8,matched,74519,74513,-6
64,10,8,unmatched_candidate,,74382,
64,10,8,unmatched_candidate,,74400,
64,10,8,unmatched_candidate,,74609,
64,10,8,unmatched_candidate,,74633,
64,10,8,unmatched_candidate,,74641,
64,10,8,unmatched_candidate,,74654,
65,5,4,matched,75057,75057,0
65,5,4,matched,75139,75139,0
65,5,4,matched,75353,75352,-1
65,5,4,matched,75389,75390,1
65,5,4,matched,75420,75419,-1
65,5,4,matched,75537,75536,-1
65,5,4,matched,75117,75114,-3
65,5,4,matched,75185,75182,-3
65,5,4,matched,75327,75324,-3
65,5,4,matched,75473,75470,-3
65,5,4,matched,75587,75584,-3
65,5,4,matched,75264,75260,-4
65,5,4,unmatched_gt,75080,,
65,5,4,unmatched_gt,75094,,
65,5,4,unmatched_gt,75160,,
65,5,4,unmatched_gt,75214,,
65,5,4,unmatched_gt,75235,,
65,5,4,unmatched_gt,75292,,
65,5,4,unmatched_gt,75304,,
65,5,4,unmatched_gt,75445,,
65,5,4,unmatched_gt,75504,,
65,5,4,unmatched_gt,75568,,
65,5,4,unmatched_candidate,,75086,
65,5,4,unmatched_candidate,,75105,
65,5,4,unmatched_candidate,,75230,
65,5,4,unmatched_candidate,,75382,
65,5,4,unmatched_candidate,,75406,
65,5,4,unmatched_candidate,,75438,
65,5,4,unmatched_candidate,,75562,
65,5,4,unmatched_candidate,,75614,
65,10,8,matched,75057,75057,0
65,10,8,matched,75139,75139,0
65,10,8,matched,75353,75352,-1
65,10,8,matched,75389,75390,1
65,10,8,matched,75420,75419,-1
65,10,8,matched,75537,75536,-1
65,10,8,matched,75117,75114,-3
65,10,8,matched,75185,75182,-3
65,10,8,matched,75327,75324,-3
65,10,8,matched,75473,75470,-3
65,10,8,matched,75587,75584,-3
65,10,8,matched,75264,75260,-4
65,10,8,matched,75235,75230,-5
65,10,8,matched,75080,75086,6
65,10,8,matched,75568,75562,-6
65,10,8,matched,75445,75438,-7
65,10,8,unmatched_gt,75094,,
65,10,8,unmatched_gt,75160,,
65,10,8,unmatched_gt,75214,,
65,10,8,unmatched_gt,75292,,
65,10,8,unmatched_gt,75304,,
65,10,8,unmatched_gt,75504,,
65,10,8,unmatched_candidate,,75105,
65,10,8,unmatched_candidate,,75382,
65,10,8,unmatched_candidate,,75406,
65,10,8,unmatched_candidate,,75614,
66,5,4,matched,76989,76988,-1
66,5,4,matched,77026,77023,-3
66,5,4,matched,77057,77054,-3
66,5,4,matched,77002,77006,4
66,5,4,unmatched_gt,76925,,
66,5,4,unmatched_gt,76938,,
66,5,4,unmatched_gt,76966,,
66,5,4,unmatched_gt,77075,,
66,5,4,unmatched_candidate,,76918,
66,5,4,unmatched_candidate,,76933,
66,5,4,unmatched_candidate,,76961,
66,5,4,unmatched_candidate,,77089,
66,5,4,unmatched_candidate,,77102,
66,10,8,matched,76989,76988,-1
66,10,8,matched,77026,77023,-3
66,10,8,matched,77057,77054,-3
66,10,8,matched,77002,77006,4
66,10,8,matched,76938,76933,-5
66,10,8,matched,76966,76961,-5
66,10,8,matched,76925,76918,-7
66,10,8,unmatched_gt,77075,,
66,10,8,unmatched_candidate,,77089,
66,10,8,unmatched_candidate,,77102,
67,5,4,matched,77803,77806,3
67,5,4,unmatched_gt,77788,,
67,5,4,unmatched_gt,77827,,
67,5,4,unmatched_gt,77859,,
67,5,4,unmatched_gt,77874,,
67,5,4,unmatched_candidate,,77747,
67,5,4,unmatched_candidate,,77777,
67,5,4,unmatched_candidate,,77905,
67,5,4,unmatched_candidate,,77922,
67,10,8,matched,77803,77806,3
67,10,8,unmatched_gt,77788,,
67,10,8,unmatched_gt,77827,,
67,10,8,unmatched_gt,77859,,
67,10,8,unmatched_gt,77874,,
67,10,8,unmatched_candidate,,77747,
67,10,8,unmatched_candidate,,77777,
67,10,8,unmatched_candidate,,77905,
67,10,8,unmatched_candidate,,77922,
68,5,4,matched,78433,78433,0
68,5,4,matched,78358,78357,-1
68,5,4,matched,78375,78374,-1
68,5,4,matched,78589,78590,1
68,5,4,matched,78614,78613,-1
68,5,4,matched,78703,78702,-1
68,5,4,matched,78325,78323,-2
68,5,4,matched,78654,78652,-2
68,5,4,matched,78404,78401,-3
68,5,4,matched,78534,78531,-3
68,5,4,matched,78689,78686,-3
68,5,4,matched,78226,78222,-4
68,5,4,matched,78277,78273,-4
68,5,4,unmatched_gt,78247,,
68,5,4,unmatched_gt,78295,,
68,5,4,unmatched_gt,78471,,
68,5,4,unmatched_gt,78485,,
68,5,4,unmatched_gt,78513,,
68,5,4,unmatched_gt,78567,,
68,5,4,unmatched_candidate,,78238,
68,5,4,unmatched_candidate,,78290,
68,5,4,unmatched_candidate,,78366,
68,5,4,unmatched_candidate,,78734,
68,5,4,unmatched_candidate,,78753,
68,5,4,unmatched_candidate,,78766,
68,10,8,matched,78433,78433,0
68,10,8,matched,78358,78357,-1
68,10,8,matched,78375,78374,-1
68,10,8,matched,78589,78590,1
68,10,8,matched,78614,78613,-1
68,10,8,matched,78703,78702,-1
68,10,8,matched,78325,78323,-2
68,10,8,matched,78654,78652,-2
68,10,8,matched,78404,78401,-3
68,10,8,matched,78534,78531,-3
68,10,8,matched,78689,78686,-3
68,10,8,matched,78226,78222,-4
68,10,8,matched,78277,78273,-4
68,10,8,matched,78295,78290,-5
68,10,8,unmatched_gt,78247,,
68,10,8,unmatched_gt,78471,,
68,10,8,unmatched_gt,78485,,
68,10,8,unmatched_gt,78513,,
68,10,8,unmatched_gt,78567,,
68,10,8,unmatched_candidate,,78238,
68,10,8,unmatched_candidate,,78366,
68,10,8,unmatched_candidate,,78734,
68,10,8,unmatched_candidate,,78753,
68,10,8,unmatched_candidate,,78766,
69,5,4,matched,79847,79847,0
69,5,4,matched,79872,79872,0
69,5,4,matched,79902,79902,0
69,5,4,matched,79921,79921,0
69,5,4,matched,80315,80315,0
69,5,4,matched,80334,80334,0
69,5,4,matched,80423,80423,0
69,5,4,matched,80002,80001,-1
69,5,4,matched,80217,80216,-1
69,5,4,matched,80354,80355,1
69,5,4,matched,80382,80381,-1
69,5,4,matched,80486,80485,-1
69,5,4,matched,80504,80505,1
69,5,4,matched,80536,80535,-1
69,5,4,matched,80024,80022,-2
69,5,4,matched,80096,80094,-2
69,5,4,matched,80249,80247,-2
69,5,4,matched,80396,80398,2
69,5,4,matched,80140,80137,-3
69,5,4,matched,80169,80166,-3
69,5,4,matched,80282,80279,-3
69,5,4,matched,80187,80183,-4
69,5,4,unmatched_gt,79832,,
69,5,4,unmatched_gt,79959,,
69,5,4,unmatched_gt,79982,,
69,5,4,unmatched_gt,80055,,
69,5,4,unmatched_gt,80073,,
69,5,4,unmatched_gt,80121,,
69,5,4,unmatched_gt,80458,,
69,5,4,unmatched_candidate,,79777,
69,5,4,unmatched_candidate,,79825,
69,5,4,unmatched_candidate,,79950,
69,5,4,unmatched_candidate,,79976,
69,5,4,unmatched_candidate,,80046,
69,5,4,unmatched_candidate,,80067,
69,5,4,unmatched_candidate,,80449,
69,5,4,unmatched_candidate,,80558,
69,5,4,unmatched_candidate,,80574,
69,10,8,matched,79847,79847,0
69,10,8,matched,79872,79872,0
69,10,8,matched,79902,79902,0
69,10,8,matched,79921,79921,0
69,10,8,matched,80315,80315,0
69,10,8,matched,80334,80334,0
69,10,8,matched,80423,80423,0
69,10,8,matched,80002,80001,-1
69,10,8,matched,80217,80216,-1
69,10,8,matched,80354,80355,1
69,10,8,matched,80382,80381,-1
69,10,8,matched,80486,80485,-1
69,10,8,matched,80504,80505,1
69,10,8,matched,80536,80535,-1
69,10,8,matched,80024,80022,-2
69,10,8,matched,80096,80094,-2
69,10,8,matched,80249,80247,-2
69,10,8,matched,80396,80398,2
69,10,8,matched,80140,80137,-3
69,10,8,matched,80169,80166,-3
69,10,8,matched,80282,80279,-3
69,10,8,matched,80187,80183,-4
69,10,8,matched,79982,79976,-6
69,10,8,matched,80073,80067,-6
69,10,8,matched,79832,79825,-7
69,10,8,unmatched_gt,79959,,
69,10,8,unmatched_gt,80055,,
69,10,8,unmatched_gt,80121,,
69,10,8,unmatched_gt,80458,,
69,10,8,unmatched_candidate,,79777,
69,10,8,unmatched_candidate,,79950,
69,10,8,unmatched_candidate,,80046,
69,10,8,unmatched_candidate,,80449,
69,10,8,unmatched_candidate,,80558,
69,10,8,unmatched_candidate,,80574,
70,5,4,matched,82455,82452,-3
70,5,4,matched,82474,82471,-3
70,5,4,matched,82436,82432,-4
70,5,4,matched,82490,82494,4
70,5,4,unmatched_gt,82419,,
70,5,4,unmatched_candidate,,82377,
70,5,4,unmatched_candidate,,82406,
70,10,8,matched,82455,82452,-3
70,10,8,matched,82474,82471,-3
70,10,8,matched,82436,82432,-4
70,10,8,matched,82490,82494,4
70,10,8,unmatched_gt,82419,,
70,10,8,unmatched_candidate,,82377,
70,10,8,unmatched_candidate,,82406,
71,5,4,matched,83857,83857,0
71,5,4,matched,84190,84190,0
71,5,4,matched,84273,84273,0
71,5,4,matched,84625,84625,0
71,5,4,matched,84660,84660,0
71,5,4,matched,83936,83937,1
71,5,4,matched,84015,84014,-1
71,5,4,matched,84076,84075,-1
71,5,4,matched,84434,84433,-1
71,5,4,matched,84516,84515,-1
71,5,4,matched,83980,83978,-2
71,5,4,matched,84102,84100,-2
71,5,4,matched,84256,84254,-2
71,5,4,matched,84488,84486,-2
71,5,4,matched,83873,83870,-3
71,5,4,matched,83921,83918,-3
71,5,4,matched,84144,84141,-3
71,5,4,matched,84230,84227,-3
71,5,4,matched,84600,84597,-3
71,5,4,matched,83893,83889,-4
71,5,4,matched,84205,84201,-4
71,5,4,matched,84317,84313,-4
71,5,4,matched,84369,84365,-4
71,5,4,matched,84397,84393,-4
71,5,4,matched,84541,84537,-4
71,5,4,unmatched_gt,83958,,
71,5,4,unmatched_gt,83997,,
71,5,4,unmatched_gt,84042,,
71,5,4,unmatched_gt,84052,,
71,5,4,unmatched_gt,84125,,
71,5,4,unmatched_gt,84294,,
71,5,4,unmatched_gt,84347,,
71,5,4,unmatched_gt,84467,,
71,5,4,unmatched_gt,84579,,
71,5,4,unmatched_candidate,,83793,
71,5,4,unmatched_candidate,,83992,
71,5,4,unmatched_candidate,,84003,
71,5,4,unmatched_candidate,,84120,
71,5,4,unmatched_candidate,,84158,
71,5,4,unmatched_candidate,,84174,
71,5,4,unmatched_candidate,,84302,
71,5,4,unmatched_candidate,,84569,
71,5,4,unmatched_candidate,,84686,
71,10,8,matched,83857,83857,0
71,10,8,matched,84190,84190,0
71,10,8,matched,84273,84273,0
71,10,8,matched,84625,84625,0
71,10,8,matched,84660,84660,0
71,10,8,matched,83936,83937,1
71,10,8,matched,84015,84014,-1
71,10,8,matched,84076,84075,-1
71,10,8,matched,84434,84433,-1
71,10,8,matched,84516,84515,-1
71,10,8,matched,83980,83978,-2
71,10,8,matched,84102,84100,-2
71,10,8,matched,84256,84254,-2
71,10,8,matched,84488,84486,-2
71,10,8,matched,83873,83870,-3
71,10,8,matched,83921,83918,-3
71,10,8,matched,84144,84141,-3
71,10,8,matched,84230,84227,-3
71,10,8,matched,84600,84597,-3
71,10,8,matched,83893,83889,-4
71,10,8,matched,84205,84201,-4
71,10,8,matched,84317,84313,-4
71,10,8,matched,84369,84365,-4
71,10,8,matched,84397,84393,-4
71,10,8,matched,84541,84537,-4
71,10,8,matched,83997,83992,-5
71,10,8,matched,84125,84120,-5
71,10,8,matched,84294,84302,8
71,10,8,unmatched_gt,83958,,
71,10,8,unmatched_gt,84042,,
71,10,8,unmatched_gt,84052,,
71,10,8,unmatched_gt,84347,,
71,10,8,unmatched_gt,84467,,
71,10,8,unmatched_gt,84579,,
71,10,8,unmatched_candidate,,83793,
71,10,8,unmatched_candidate,,84003,
71,10,8,unmatched_candidate,,84158,
71,10,8,unmatched_candidate,,84174,
71,10,8,unmatched_candidate,,84569,
71,10,8,unmatched_candidate,,84686,
72,5,4,matched,85902,85902,0
72,5,4,matched,86013,86014,1
72,5,4,matched,85859,85857,-2
72,5,4,matched,85885,85883,-2
72,5,4,matched,85954,85952,-2
72,5,4,matched,85971,85969,-2
72,5,4,matched,85999,85997,-2
72,5,4,matched,86141,86139,-2
72,5,4,matched,86033,86030,-3
72,5,4,matched,86065,86062,-3
72,5,4,matched,86083,86080,-3
72,5,4,matched,86152,86149,-3
72,5,4,matched,85934,85930,-4
72,5,4,matched,86093,86089,-4
72,5,4,unmatched_gt,85916,,
72,5,4,unmatched_gt,86115,,
72,5,4,unmatched_gt,86123,,
72,5,4,unmatched_gt,86167,,
72,5,4,unmatched_candidate,,86110,
72,5,4,unmatched_candidate,,86193,
72,5,4,unmatched_candidate,,86206,
72,10,8,matched,85902,85902,0
72,10,8,matched,86013,86014,1
72,10,8,matched,85859,85857,-2
72,10,8,matched,85885,85883,-2
72,10,8,matched,85954,85952,-2
72,10,8,matched,85971,85969,-2
72,10,8,matched,85999,85997,-2
72,10,8,matched,86141,86139,-2
72,10,8,matched,86033,86030,-3
72,10,8,matched,86065,86062,-3
72,10,8,matched,86083,86080,-3
72,10,8,matched,86152,86149,-3
72,10,8,matched,85934,85930,-4
72,10,8,matched,86093,86089,-4
72,10,8,matched,86115,86110,-5
72,10,8,unmatched_gt,85916,,
72,10,8,unmatched_gt,86123,,
72,10,8,unmatched_gt,86167,,
72,10,8,unmatched_candidate,,86193,
72,10,8,unmatched_candidate,,86206,
73,5,4,matched,87396,87396,0
73,5,4,matched,87466,87467,1
73,5,4,matched,87304,87302,-2
73,5,4,matched,87356,87358,2
73,5,4,matched,87242,87239,-3
73,5,4,matched,87258,87255,-3
73,5,4,matched,87281,87278,-3
73,5,4,matched,87328,87325,-3
73,5,4,matched,87493,87490,-3
73,5,4,matched,87424,87420,-4
73,5,4,matched,87435,87431,-4
73,5,4,unmatched_gt,87211,,
73,5,4,unmatched_gt,87370,,
73,5,4,unmatched_gt,87454,,
73,5,4,unmatched_gt,87481,,
73,5,4,unmatched_gt,87507,,
73,5,4,unmatched_candidate,,87201,
73,5,4,unmatched_candidate,,87534,
73,10,8,matched,87396,87396,0
73,10,8,matched,87466,87467,1
73,10,8,matched,87304,87302,-2
73,10,8,matched,87356,87358,2
73,10,8,matched,87242,87239,-3
73,10,8,matched,87258,87255,-3
73,10,8,matched,87281,87278,-3
73,10,8,matched,87328,87325,-3
73,10,8,matched,87493,87490,-3
73,10,8,matched,87424,87420,-4
73,10,8,matched,87435,87431,-4
73,10,8,unmatched_gt,87211,,
73,10,8,unmatched_gt,87370,,
73,10,8,unmatched_gt,87454,,
73,10,8,unmatched_gt,87481,,
73,10,8,unmatched_gt,87507,,
73,10,8,unmatched_candidate,,87201,
73,10,8,unmatched_candidate,,87534,
74,5,4,matched,91205,91203,-2
74,5,4,matched,91251,91249,-2
74,5,4,unmatched_gt,91191,,
74,5,4,unmatched_gt,91226,,
74,5,4,unmatched_gt,91270,,
74,5,4,unmatched_candidate,,91185,
74,5,4,unmatched_candidate,,91212,
74,5,4,unmatched_candidate,,91220,
74,10,8,matched,91205,91203,-2
74,10,8,matched,91251,91249,-2
74,10,8,matched,91191,91185,-6
74,10,8,matched,91226,91220,-6
74,10,8,unmatched_gt,91270,,
74,10,8,unmatched_candidate,,91212,
75,5,4,matched,91697,91697,0
75,5,4,matched,91658,91657,-1
75,5,4,matched,91733,91732,-1
75,5,4,matched,91778,91776,-2
75,5,4,matched,91903,91900,-3
75,5,4,matched,91960,91957,-3
75,5,4,matched,91830,91826,-4
75,5,4,unmatched_gt,91669,,
75,5,4,unmatched_gt,91716,,
75,5,4,unmatched_gt,91754,,
75,5,4,unmatched_gt,91813,,
75,5,4,unmatched_gt,91849,,
75,5,4,unmatched_gt,91881,,
75,5,4,unmatched_gt,91933,,
75,5,4,unmatched_candidate,,91742,
75,5,4,unmatched_candidate,,91838,
75,5,4,unmatched_candidate,,91889,
75,5,4,unmatched_candidate,,91976,
75,5,4,unmatched_candidate,,91985,
75,5,4,unmatched_candidate,,92001,
75,10,8,matched,91697,91697,0
75,10,8,matched,91658,91657,-1
75,10,8,matched,91733,91732,-1
75,10,8,matched,91778,91776,-2
75,10,8,matched,91903,91900,-3
75,10,8,matched,91960,91957,-3
75,10,8,matched,91830,91826,-4
75,10,8,matched,91881,91889,8
75,10,8,unmatched_gt,91669,,
75,10,8,unmatched_gt,91716,,
75,10,8,unmatched_gt,91754,,
75,10,8,unmatched_gt,91813,,
75,10,8,unmatched_gt,91849,,
75,10,8,unmatched_gt,91933,,
75,10,8,unmatched_candidate,,91742,
75,10,8,unmatched_candidate,,91838,
75,10,8,unmatched_candidate,,91976,
75,10,8,unmatched_candidate,,91985,
75,10,8,unmatched_candidate,,92001,
76,5,4,matched,92769,92769,0
76,5,4,matched,93011,93011,0
76,5,4,matched,92836,92835,-1
76,5,4,matched,93058,93057,-1
76,5,4,matched,92752,92750,-2
76,5,4,matched,92859,92857,-2
76,5,4,matched,92939,92937,-2
76,5,4,matched,92987,92985,-2
76,5,4,matched,93083,93081,-2
76,5,4,matched,92820,92817,-3
76,5,4,matched,92916,92913,-3
76,5,4,matched,93046,93043,-3
76,5,4,matched,92790,92786,-4
76,5,4,unmatched_gt,92887,,
76,5,4,unmatched_gt,92904,,
76,5,4,unmatched_gt,92966,,
76,5,4,unmatched_candidate,,92740,
76,5,4,unmatched_candidate,,92881,
76,5,4,unmatched_candidate,,93102,
76,5,4,unmatched_candidate,,93121,
76,5,4,unmatched_candidate,,93134,
76,10,8,matched,92769,92769,0
76,10,8,matched,93011,93011,0
76,10,8,matched,92836,92835,-1
76,10,8,matched,93058,93057,-1
76,10,8,matched,92752,92750,-2
76,10,8,matched,92859,92857,-2
76,10,8,matched,92939,92937,-2
76,10,8,matched,92987,92985,-2
76,10,8,matched,93083,93081,-2
76,10,8,matched,92820,92817,-3
76,10,8,matched,92916,92913,-3
76,10,8,matched,93046,93043,-3
76,10,8,matched,92790,92786,-4
76,10,8,matched,92887,92881,-6
76,10,8,unmatched_gt,92904,,
76,10,8,unmatched_gt,92966,,
76,10,8,unmatched_candidate,,92740,
76,10,8,unmatched_candidate,,93102,
76,10,8,unmatched_candidate,,93121,
76,10,8,unmatched_candidate,,93134,
77,5,4,matched,93716,93716,0
77,5,4,matched,93700,93701,1
77,5,4,matched,93759,93758,-1
77,5,4,matched,93648,93646,-2
77,5,4,matched,93680,93678,-2
77,5,4,matched,93808,93806,-2
77,5,4,matched,93887,93889,2
77,5,4,matched,93748,93744,-4
77,5,4,matched,93849,93845,-4
77,5,4,matched,93874,93870,-4
77,5,4,unmatched_gt,93607,,
77,5,4,unmatched_gt,93627,,
77,5,4,unmatched_gt,93658,,
77,5,4,unmatched_gt,93789,,
77,5,4,unmatched_candidate,,93553,
77,5,4,unmatched_candidate,,93601,
77,5,4,unmatched_candidate,,93616,
77,5,4,unmatched_candidate,,93784,
77,5,4,unmatched_candidate,,93918,
77,10,8,matched,93716,93716,0
77,10,8,matched,93700,93701,1
77,10,8,matched,93759,93758,-1
77,10,8,matched,93648,93646,-2
77,10,8,matched,93680,93678,-2
77,10,8,matched,93808,93806,-2
77,10,8,matched,93887,93889,2
77,10,8,matched,93748,93744,-4
77,10,8,matched,93849,93845,-4
77,10,8,matched,93874,93870,-4
77,10,8,matched,93789,93784,-5
77,10,8,matched,93607,93601,-6
77,10,8,unmatched_gt,93627,,
77,10,8,unmatched_gt,93658,,
77,10,8,unmatched_candidate,,93553,
77,10,8,unmatched_candidate,,93616,
77,10,8,unmatched_candidate,,93918,
78,5,4,matched,94979,94979,0
78,5,4,matched,95045,95045,0
78,5,4,matched,94945,94943,-2
78,5,4,matched,94994,94992,-2
78,5,4,unmatched_gt,94855,,
78,5,4,unmatched_gt,94870,,
78,5,4,unmatched_gt,94906,,
78,5,4,unmatched_gt,94926,,
78,5,4,unmatched_gt,95015,,
78,5,4,unmatched_gt,95062,,
78,5,4,unmatched_candidate,,94817,
78,5,4,unmatched_candidate,,94849,
78,5,4,unmatched_candidate,,94865,
78,5,4,unmatched_candidate,,94913,
78,5,4,unmatched_candidate,,95009,
78,5,4,unmatched_candidate,,95086,
78,5,4,unmatched_candidate,,95102,
78,10,8,matched,94979,94979,0
78,10,8,matched,95045,95045,0
78,10,8,matched,94945,94943,-2
78,10,8,matched,94994,94992,-2
78,10,8,matched,94870,94865,-5
78,10,8,matched,94855,94849,-6
78,10,8,matched,95015,95009,-6
78,10,8,matched,94906,94913,7
78,10,8,unmatched_gt,94926,,
78,10,8,unmatched_gt,95062,,
78,10,8,unmatched_candidate,,94817,
78,10,8,unmatched_candidate,,95086,
78,10,8,unmatched_candidate,,95102,
79,5,4,matched,96305,96305,0
79,5,4,matched,96525,96525,0
79,5,4,matched,95822,95821,-1
79,5,4,matched,95977,95976,-1
79,5,4,matched,95807,95809,2
79,5,4,matched,96123,96121,-2
79,5,4,matched,96192,96190,-2
79,5,4,matched,96235,96233,-2
79,5,4,matched,96424,96422,-2
79,5,4,matched,96454,96452,-2
79,5,4,matched,96549,96547,-2
79,5,4,matched,95845,95842,-3
79,5,4,matched,95876,95873,-3
79,5,4,matched,95918,95915,-3
79,5,4,matched,96001,95998,-3
79,5,4,matched,96212,96209,-3
79,5,4,matched,96574,96571,-3
79,5,4,matched,96023,96019,-4
79,5,4,matched,96174,96170,-4
79,5,4,matched,96392,96388,-4
79,5,4,unmatched_gt,95858,,
79,5,4,unmatched_gt,95896,,
79,5,4,unmatched_gt,95953,,
79,5,4,unmatched_gt,96059,,
79,5,4,unmatched_gt,96070,,
79,5,4,unmatched_gt,96090,,
79,5,4,unmatched_gt,96108,,
79,5,4,unmatched_gt,96154,,
79,5,4,unmatched_gt,96293,,
79,5,4,unmatched_gt,96333,,
79,5,4,unmatched_gt,96362,,
79,5,4,unmatched_gt,96493,,
79,5,4,unmatched_candidate,,95883,
79,5,4,unmatched_candidate,,96102,
79,5,4,unmatched_candidate,,96327,
79,5,4,unmatched_candidate,,96350,
79,5,4,unmatched_candidate,,96606,
79,5,4,unmatched_candidate,,96977,
79,5,4,unmatched_candidate,,96985,
79,5,4,unmatched_candidate,,96993,
79,5,4,unmatched_candidate,,97073,
79,5,4,unmatched_candidate,,97087,
79,5,4,unmatched_candidate,,97105,
79,5,4,unmatched_candidate,,97185,
79,5,4,unmatched_candidate,,97214,
79,5,4,unmatched_candidate,,97246,
79,5,4,unmatched_candidate,,97282,
79,5,4,unmatched_candidate,,97316,
79,5,4,unmatched_candidate,,97362,
79,5,4,unmatched_candidate,,97376,
79,5,4,unmatched_candidate,,97393,
79,5,4,unmatched_candidate,,97419,
79,5,4,unmatched_candidate,,97439,
79,5,4,unmatched_candidate,,97469,
79,5,4,unmatched_candidate,,97509,
79,5,4,unmatched_candidate,,97518,
79,5,4,unmatched_candidate,,97555,
79,5,4,unmatched_candidate,,97566,
79,10,8,matched,96305,96305,0
79,10,8,matched,96525,96525,0
79,10,8,matched,95822,95821,-1
79,10,8,matched,95977,95976,-1
79,10,8,matched,95807,95809,2
79,10,8,matched,96123,96121,-2
79,10,8,matched,96192,96190,-2
79,10,8,matched,96235,96233,-2
79,10,8,matched,96424,96422,-2
79,10,8,matched,96454,96452,-2
79,10,8,matched,96549,96547,-2
79,10,8,matched,95845,95842,-3
79,10,8,matched,95876,95873,-3
79,10,8,matched,95918,95915,-3
79,10,8,matched,96001,95998,-3
79,10,8,matched,96212,96209,-3
79,10,8,matched,96574,96571,-3
79,10,8,matched,96023,96019,-4
79,10,8,matched,96174,96170,-4
79,10,8,matched,96392,96388,-4
79,10,8,matched,96108,96102,-6
79,10,8,matched,96333,96327,-6
79,10,8,unmatched_gt,95858,,
79,10,8,unmatched_gt,95896,,
79,10,8,unmatched_gt,95953,,
79,10,8,unmatched_gt,96059,,
79,10,8,unmatched_gt,96070,,
79,10,8,unmatched_gt,96090,,
79,10,8,unmatched_gt,96154,,
79,10,8,unmatched_gt,96293,,
79,10,8,unmatched_gt,96362,,
79,10,8,unmatched_gt,96493,,
79,10,8,unmatched_candidate,,95883,
79,10,8,unmatched_candidate,,96350,
79,10,8,unmatched_candidate,,96606,
79,10,8,unmatched_candidate,,96977,
79,10,8,unmatched_candidate,,96985,
79,10,8,unmatched_candidate,,96993,
79,10,8,unmatched_candidate,,97073,
79,10,8,unmatched_candidate,,97087,
79,10,8,unmatched_candidate,,97105,
79,10,8,unmatched_candidate,,97185,
79,10,8,unmatched_candidate,,97214,
79,10,8,unmatched_candidate,,97246,
79,10,8,unmatched_candidate,,97282,
79,10,8,unmatched_candidate,,97316,
79,10,8,unmatched_candidate,,97362,
79,10,8,unmatched_candidate,,97376,
79,10,8,unmatched_candidate,,97393,
79,10,8,unmatched_candidate,,97419,
79,10,8,unmatched_candidate,,97439,
79,10,8,unmatched_candidate,,97469,
79,10,8,unmatched_candidate,,97509,
79,10,8,unmatched_candidate,,97518,
79,10,8,unmatched_candidate,,97555,
79,10,8,unmatched_candidate,,97566,
80,5,4,matched,97215,97214,-1
80,5,4,matched,97283,97282,-1
80,5,4,matched,97375,97376,1
80,5,4,matched,97318,97316,-2
80,5,4,matched,97395,97393,-2
80,5,4,matched,97511,97509,-2
80,5,4,matched,97422,97419,-3
80,5,4,matched,97250,97246,-4
80,5,4,matched,97443,97439,-4
80,5,4,unmatched_gt,97194,,
80,5,4,unmatched_gt,97298,,
80,5,4,unmatched_gt,97347,,
80,5,4,unmatched_gt,97478,,
80,5,4,unmatched_gt,97530,,
80,5,4,unmatched_candidate,,95809,
80,5,4,unmatched_candidate,,95821,
80,5,4,unmatched_candidate,,95842,
80,5,4,unmatched_candidate,,95873,
80,5,4,unmatched_candidate,,95883,
80,5,4,unmatched_candidate,,95915,
80,5,4,unmatched_candidate,,95976,
80,5,4,unmatched_candidate,,95998,
80,5,4,unmatched_candidate,,96019,
80,5,4,unmatched_candidate,,96102,
80,5,4,unmatched_candidate,,96121,
80,5,4,unmatched_candidate,,96170,
80,5,4,unmatched_candidate,,96190,
80,5,4,unmatched_candidate,,96209,
80,5,4,unmatched_candidate,,96233,
80,5,4,unmatched_candidate,,96305,
80,5,4,unmatched_candidate,,96327,
80,5,4,unmatched_candidate,,96350,
80,5,4,unmatched_candidate,,96388,
80,5,4,unmatched_candidate,,96422,
80,5,4,unmatched_candidate,,96452,
80,5,4,unmatched_candidate,,96525,
80,5,4,unmatched_candidate,,96547,
80,5,4,unmatched_candidate,,96571,
80,5,4,unmatched_candidate,,96606,
80,5,4,unmatched_candidate,,96977,
80,5,4,unmatched_candidate,,96985,
80,5,4,unmatched_candidate,,96993,
80,5,4,unmatched_candidate,,97073,
80,5,4,unmatched_candidate,,97087,
80,5,4,unmatched_candidate,,97105,
80,5,4,unmatched_candidate,,97185,
80,5,4,unmatched_candidate,,97362,
80,5,4,unmatched_candidate,,97469,
80,5,4,unmatched_candidate,,97518,
80,5,4,unmatched_candidate,,97555,
80,5,4,unmatched_candidate,,97566,
80,10,8,matched,97215,97214,-1
80,10,8,matched,97283,97282,-1
80,10,8,matched,97375,97376,1
80,10,8,matched,97318,97316,-2
80,10,8,matched,97395,97393,-2
80,10,8,matched,97511,97509,-2
80,10,8,matched,97422,97419,-3
80,10,8,matched,97250,97246,-4
80,10,8,matched,97443,97439,-4
80,10,8,unmatched_gt,97194,,
80,10,8,unmatched_gt,97298,,
80,10,8,unmatched_gt,97347,,
80,10,8,unmatched_gt,97478,,
80,10,8,unmatched_gt,97530,,
80,10,8,unmatched_candidate,,95809,
80,10,8,unmatched_candidate,,95821,
80,10,8,unmatched_candidate,,95842,
80,10,8,unmatched_candidate,,95873,
80,10,8,unmatched_candidate,,95883,
80,10,8,unmatched_candidate,,95915,
80,10,8,unmatched_candidate,,95976,
80,10,8,unmatched_candidate,,95998,
80,10,8,unmatched_candidate,,96019,
80,10,8,unmatched_candidate,,96102,
80,10,8,unmatched_candidate,,96121,
80,10,8,unmatched_candidate,,96170,
80,10,8,unmatched_candidate,,96190,
80,10,8,unmatched_candidate,,96209,
80,10,8,unmatched_candidate,,96233,
80,10,8,unmatched_candidate,,96305,
80,10,8,unmatched_candidate,,96327,
80,10,8,unmatched_candidate,,96350,
80,10,8,unmatched_candidate,,96388,
80,10,8,unmatched_candidate,,96422,
80,10,8,unmatched_candidate,,96452,
80,10,8,unmatched_candidate,,96525,
80,10,8,unmatched_candidate,,96547,
80,10,8,unmatched_candidate,,96571,
80,10,8,unmatched_candidate,,96606,
80,10,8,unmatched_candidate,,96977,
80,10,8,unmatched_candidate,,96985,
80,10,8,unmatched_candidate,,96993,
80,10,8,unmatched_candidate,,97073,
80,10,8,unmatched_candidate,,97087,
80,10,8,unmatched_candidate,,97105,
80,10,8,unmatched_candidate,,97185,
80,10,8,unmatched_candidate,,97362,
80,10,8,unmatched_candidate,,97469,
80,10,8,unmatched_candidate,,97518,
80,10,8,unmatched_candidate,,97555,
80,10,8,unmatched_candidate,,97566,
81,5,4,matched,98158,98158,0
81,5,4,matched,98254,98254,0
81,5,4,matched,98366,98366,0
81,5,4,matched,98394,98394,0
81,5,4,matched,98066,98065,-1
81,5,4,matched,98093,98091,-2
81,5,4,matched,98214,98212,-2
81,5,4,matched,98184,98181,-3
81,5,4,matched,98288,98285,-3
81,5,4,matched,98324,98321,-3
81,5,4,matched,98340,98337,-3
81,5,4,matched,98125,98121,-4
81,5,4,unmatched_gt,98104,,
81,5,4,unmatched_candidate,,98433,
81,10,8,matched,98158,98158,0
81,10,8,matched,98254,98254,0
81,10,8,matched,98366,98366,0
81,10,8,matched,98394,98394,0
81,10,8,matched,98066,98065,-1
81,10,8,matched,98093,98091,-2
81,10,8,matched,98214,98212,-2
81,10,8,matched,98184,98181,-3
81,10,8,matched,98288,98285,-3
81,10,8,matched,98324,98321,-3
81,10,8,matched,98340,98337,-3
81,10,8,matched,98125,98121,-4
81,10,8,unmatched_gt,98104,,
81,10,8,unmatched_candidate,,98433,
82,5,4,matched,100030,100030,0
82,5,4,matched,100113,100113,0
82,5,4,matched,100301,100301,0
82,5,4,matched,100321,100321,0
82,5,4,matched,100050,100049,-1
82,5,4,matched,100199,100198,-1
82,5,4,matched,100276,100275,-1
82,5,4,matched,100089,100087,-2
82,5,4,matched,100137,100135,-2
82,5,4,matched,100160,100158,-2
82,5,4,matched,100245,100243,-2
82,5,4,matched,99960,99957,-3
82,5,4,matched,99981,99978,-3
82,5,4,matched,100017,100014,-3
82,5,4,matched,99942,99938,-4
82,5,4,unmatched_gt,99927,,
82,5,4,unmatched_gt,100077,,
82,5,4,unmatched_gt,100209,,
82,5,4,unmatched_gt,100232,,
82,5,4,unmatched_gt,100258,,
82,5,4,unmatched_candidate,,99921,
82,5,4,unmatched_candidate,,100337,
82,5,4,unmatched_candidate,,100356,
82,10,8,matched,100030,100030,0
82,10,8,matched,100113,100113,0
82,10,8,matched,100301,100301,0
82,10,8,matched,100321,100321,0
82,10,8,matched,100050,100049,-1
82,10,8,matched,100199,100198,-1
82,10,8,matched,100276,100275,-1
82,10,8,matched,100089,100087,-2
82,10,8,matched,100137,100135,-2
82,10,8,matched,100160,100158,-2
82,10,8,matched,100245,100243,-2
82,10,8,matched,99960,99957,-3
82,10,8,matched,99981,99978,-3
82,10,8,matched,100017,100014,-3
82,10,8,matched,99942,99938,-4
82,10,8,matched,99927,99921,-6
82,10,8,unmatched_gt,100077,,
82,10,8,unmatched_gt,100209,,
82,10,8,unmatched_gt,100232,,
82,10,8,unmatched_gt,100258,,
82,10,8,unmatched_candidate,,100337,
82,10,8,unmatched_candidate,,100356,
83,5,4,matched,101867,101867,0
83,5,4,matched,101625,101624,-1
83,5,4,matched,101740,101739,-1
83,5,4,matched,101774,101773,-1
83,5,4,matched,101816,101815,-1
83,5,4,matched,101947,101946,-1
83,5,4,matched,101975,101974,-1
83,5,4,matched,102016,102017,1
83,5,4,matched,102045,102044,-1
83,5,4,matched,101650,101648,-2
83,5,4,matched,101856,101854,-2
83,5,4,matched,101929,101927,-2
83,5,4,matched,101576,101573,-3
83,5,4,matched,101677,101674,-3
83,5,4,matched,101898,101895,-3
83,5,4,matched,102001,101998,-3
83,5,4,matched,101556,101552,-4
83,5,4,matched,101693,101697,4
83,5,4,matched,101796,101792,-4
83,5,4,unmatched_gt,101606,,
83,5,4,unmatched_gt,101719,,
83,5,4,unmatched_gt,102070,,
83,5,4,unmatched_candidate,,101601,
83,5,4,unmatched_candidate,,101758,
83,5,4,unmatched_candidate,,101804,
83,5,4,unmatched_candidate,,102065,
83,5,4,unmatched_candidate,,102078,
83,5,4,unmatched_candidate,,102097,
83,5,4,unmatched_candidate,,102110,
83,10,8,matched,101867,101867,0
83,10,8,matched,101625,101624,-1
83,10,8,matched,101740,101739,-1
83,10,8,matched,101774,101773,-1
83,10,8,matched,101816,101815,-1
83,10,8,matched,101947,101946,-1
83,10,8,matched,101975,101974,-1
83,10,8,matched,102016,102017,1
83,10,8,matched,102045,102044,-1
83,10,8,matched,101650,101648,-2
83,10,8,matched,101856,101854,-2
83,10,8,matched,101929,101927,-2
83,10,8,matched,101576,101573,-3
83,10,8,matched,101677,101674,-3
83,10,8,matched,101898,101895,-3
83,10,8,matched,102001,101998,-3
83,10,8,matched,101556,101552,-4
83,10,8,matched,101693,101697,4
83,10,8,matched,101796,101792,-4
83,10,8,matched,101606,101601,-5
83,10,8,matched,102070,102065,-5
83,10,8,unmatched_gt,101719,,
83,10,8,unmatched_candidate,,101758,
83,10,8,unmatched_candidate,,101804,
83,10,8,unmatched_candidate,,102078,
83,10,8,unmatched_candidate,,102097,
83,10,8,unmatched_candidate,,102110,
84,5,4,matched,103137,103137,0
84,5,4,matched,103335,103335,0
84,5,4,matched,103216,103214,-2
84,5,4,matched,103248,103246,-2
84,5,4,matched,103163,103160,-3
84,5,4,matched,103066,103070,4
84,5,4,unmatched_gt,103087,,
84,5,4,unmatched_gt,103115,,
84,5,4,unmatched_gt,103193,,
84,5,4,unmatched_gt,103229,,
84,5,4,unmatched_gt,103272,,
84,5,4,unmatched_gt,103299,,
84,5,4,unmatched_gt,103316,,
84,5,4,unmatched_gt,103366,,
84,5,4,unmatched_candidate,,103057,
84,5,4,unmatched_candidate,,103121,
84,5,4,unmatched_candidate,,103294,
84,5,4,unmatched_candidate,,103390,
84,10,8,matched,103137,103137,0
84,10,8,matched,103335,103335,0
84,10,8,matched,103216,103214,-2
84,10,8,matched,103248,103246,-2
84,10,8,matched,103163,103160,-3
84,10,8,matched,103066,103070,4
84,10,8,matched,103299,103294,-5
84,10,8,matched,103115,103121,6
84,10,8,unmatched_gt,103087,,
84,10,8,unmatched_gt,103193,,
84,10,8,unmatched_gt,103229,,
84,10,8,unmatched_gt,103272,,
84,10,8,unmatched_gt,103316,,
84,10,8,unmatched_gt,103366,,
84,10,8,unmatched_candidate,,103057,
84,10,8,unmatched_candidate,,103390,
85,5,4,matched,103951,103950,-1
85,5,4,matched,103982,103981,-1
85,5,4,matched,103999,103998,-1
85,5,4,matched,104023,104022,-1
85,5,4,matched,103933,103929,-4
85,5,4,matched,104050,104046,-4
85,5,4,unmatched_candidate,,104064,
85,5,4,unmatched_candidate,,104094,
85,10,8,matched,103951,103950,-1
85,10,8,matched,103982,103981,-1
85,10,8,matched,103999,103998,-1
85,10,8,matched,104023,104022,-1
85,10,8,matched,103933,103929,-4
85,10,8,matched,104050,104046,-4
85,10,8,unmatched_candidate,,104064,
85,10,8,unmatched_candidate,,104094,
86,5,4,matched,104543,104542,-1
86,5,4,matched,104566,104565,-1
86,5,4,matched,104605,104606,1
86,5,4,matched,104581,104577,-4
86,5,4,unmatched_gt,104518,,
86,5,4,unmatched_candidate,,104598,
86,5,4,unmatched_candidate,,104638,
86,5,4,unmatched_candidate,,104657,
86,5,4,unmatched_candidate,,104670,
86,10,8,matched,104543,104542,-1
86,10,8,matched,104566,104565,-1
86,10,8,matched,104605,104606,1
86,10,8,matched,104581,104577,-4
86,10,8,unmatched_gt,104518,,
86,10,8,unmatched_candidate,,104598,
86,10,8,unmatched_candidate,,104638,
86,10,8,unmatched_candidate,,104657,
86,10,8,unmatched_candidate,,104670,
87,5,4,matched,105407,105406,-1
87,5,4,matched,105447,105446,-1
87,5,4,matched,105583,105582,-1
87,5,4,matched,105428,105426,-2
87,5,4,matched,105470,105468,-2
87,5,4,matched,105348,105345,-3
87,5,4,matched,105371,105374,3
87,5,4,matched,105563,105560,-3
87,5,4,matched,105594,105598,4
87,5,4,unmatched_gt,105331,,
87,5,4,unmatched_gt,105383,,
87,5,4,unmatched_gt,105515,,
87,5,4,unmatched_gt,105530,,
87,5,4,unmatched_gt,105546,,
87,5,4,unmatched_candidate,,105520,
87,5,4,unmatched_candidate,,105536,
87,5,4,unmatched_candidate,,105614,
87,5,4,unmatched_candidate,,105630,
87,10,8,matched,105407,105406,-1
87,10,8,matched,105447,105446,-1
87,10,8,matched,105583,105582,-1
87,10,8,matched,105428,105426,-2
87,10,8,matched,105470,105468,-2
87,10,8,matched,105348,105345,-3
87,10,8,matched,105371,105374,3
87,10,8,matched,105563,105560,-3
87,10,8,matched,105594,105598,4
87,10,8,matched,105515,105520,5
87,10,8,matched,105530,105536,6
87,10,8,unmatched_gt,105331,,
87,10,8,unmatched_gt,105383,,
87,10,8,unmatched_gt,105546,,
87,10,8,unmatched_candidate,,105614,
87,10,8,unmatched_candidate,,105630,
88,5,4,matched,106526,106525,-1
88,5,4,matched,106548,106545,-3
88,5,4,unmatched_candidate,,106590,
88,10,8,matched,106526,106525,-1
88,10,8,matched,106548,106545,-3
88,10,8,unmatched_candidate,,106590,
89,5,4,matched,107114,107114,0
89,5,4,matched,106936,106935,-1
89,5,4,matched,107017,107016,-1
89,5,4,matched,107079,107078,-1
89,5,4,matched,106950,106948,-2
89,5,4,matched,106971,106969,-2
89,5,4,matched,107134,107136,2
89,5,4,matched,106902,106905,3
89,5,4,matched,106995,106992,-3
89,5,4,matched,107044,107041,-3
89,5,4,unmatched_gt,107093,,
89,5,4,unmatched_gt,107158,,
89,5,4,unmatched_candidate,,106822,
89,5,4,unmatched_candidate,,106977,
89,5,4,unmatched_candidate,,107153,
89,10,8,matched,107114,107114,0
89,10,8,matched,106936,106935,-1
89,10,8,matched,107017,107016,-1
89,10,8,matched,107079,107078,-1
89,10,8,matched,106950,106948,-2
89,10,8,matched,106971,106969,-2
89,10,8,matched,107134,107136,2
89,10,8,matched,106902,106905,3
89,10,8,matched,106995,106992,-3
89,10,8,matched,107044,107041,-3
89,10,8,matched,107158,107153,-5
89,10,8,unmatched_gt,107093,,
89,10,8,unmatched_candidate,,106822,
89,10,8,unmatched_candidate,,106977,
90,5,4,matched,107716,107715,-1
90,5,4,matched,107754,107753,-1
90,5,4,matched,107785,107784,-1
90,5,4,matched,107587,107585,-2
90,5,4,matched,107664,107662,-2
90,5,4,matched,107804,107806,2
90,5,4,matched,107695,107692,-3
90,5,4,matched,107831,107828,-3
90,5,4,matched,107852,107849,-3
90,5,4,unmatched_gt,107609,,
90,5,4,unmatched_gt,107622,,
90,5,4,unmatched_gt,107644,,
90,5,4,unmatched_gt,107654,,
90,5,4,unmatched_gt,107676,,
90,5,4,unmatched_candidate,,107637,
90,5,4,unmatched_candidate,,107906,
90,5,4,unmatched_candidate,,107934,
90,10,8,matched,107716,107715,-1
90,10,8,matched,107754,107753,-1
90,10,8,matched,107785,107784,-1
90,10,8,matched,107587,107585,-2
90,10,8,matched,107664,107662,-2
90,10,8,matched,107804,107806,2
90,10,8,matched,107695,107692,-3
90,10,8,matched,107831,107828,-3
90,10,8,matched,107852,107849,-3
90,10,8,matched,107644,107637,-7
90,10,8,unmatched_gt,107609,,
90,10,8,unmatched_gt,107622,,
90,10,8,unmatched_gt,107654,,
90,10,8,unmatched_gt,107676,,
90,10,8,unmatched_candidate,,107906,
90,10,8,unmatched_candidate,,107934,
91,5,4,matched,108337,108334,-3
91,5,4,unmatched_gt,108317,,
91,5,4,unmatched_candidate,,108308,
91,5,4,unmatched_candidate,,108350,
91,5,4,unmatched_candidate,,108366,
91,10,8,matched,108337,108334,-3
91,10,8,unmatched_gt,108317,,
91,10,8,unmatched_candidate,,108308,
91,10,8,unmatched_candidate,,108350,
91,10,8,unmatched_candidate,,108366,
92,5,4,matched,109329,109329,0
92,5,4,matched,108944,108943,-1
92,5,4,matched,109147,109146,-1
92,5,4,matched,109457,109456,-1
92,5,4,matched,109599,109598,-1
92,5,4,matched,109027,109025,-2
92,5,4,matched,109072,109070,-2
92,5,4,matched,109216,109214,-2
92,5,4,matched,109251,109249,-2
92,5,4,matched,109263,109265,2
92,5,4,matched,109306,109304,-2
92,5,4,matched,109432,109430,-2
92,5,4,matched,109512,109510,-2
92,5,4,matched,109538,109536,-2
92,5,4,matched,109619,109617,-2
92,5,4,matched,109644,109642,-2
92,5,4,matched,109730,109728,-2
92,5,4,matched,109792,109790,-2
92,5,4,matched,109172,109169,-3
92,5,4,matched,109195,109192,-3
92,5,4,matched,109564,109561,-3
92,5,4,matched,109752,109749,-3
92,5,4,matched,108925,108921,-4
92,5,4,matched,109126,109122,-4
92,5,4,matched,109366,109362,-4
92,5,4,matched,109490,109486,-4
92,5,4,matched,109709,109713,4
92,5,4,unmatched_gt,108888,,
92,5,4,unmatched_gt,108907,,
92,5,4,unmatched_gt,108990,,
92,5,4,unmatched_gt,109006,,
92,5,4,unmatched_gt,109048,,
92,5,4,unmatched_gt,109105,,
92,5,4,unmatched_gt,109286,,
92,5,4,unmatched_gt,109378,,
92,5,4,unmatched_gt,109395,,
92,5,4,unmatched_gt,109414,,
92,5,4,unmatched_gt,109689,,
92,5,4,unmatched_candidate,,108897,
92,5,4,unmatched_candidate,,109281,
92,5,4,unmatched_candidate,,109390,
92,5,4,unmatched_candidate,,109582,
92,10,8,matched,109329,109329,0
92,10,8,matched,108944,108943,-1
92,10,8,matched,109147,109146,-1
92,10,8,matched,109457,109456,-1
92,10,8,matched,109599,109598,-1
92,10,8,matched,109027,109025,-2
92,10,8,matched,109072,109070,-2
92,10,8,matched,109216,109214,-2
92,10,8,matched,109251,109249,-2
92,10,8,matched,109263,109265,2
92,10,8,matched,109306,109304,-2
92,10,8,matched,109432,109430,-2
92,10,8,matched,109512,109510,-2
92,10,8,matched,109538,109536,-2
92,10,8,matched,109619,109617,-2
92,10,8,matched,109644,109642,-2
92,10,8,matched,109730,109728,-2
92,10,8,matched,109792,109790,-2
92,10,8,matched,109172,109169,-3
92,10,8,matched,109195,109192,-3
92,10,8,matched,109564,109561,-3
92,10,8,matched,109752,109749,-3
92,10,8,matched,108925,108921,-4
92,10,8,matched,109126,109122,-4
92,10,8,matched,109366,109362,-4
92,10,8,matched,109490,109486,-4
92,10,8,matched,109709,109713,4
92,10,8,matched,109286,109281,-5
92,10,8,matched,109395,109390,-5
92,10,8,unmatched_gt,108888,,
92,10,8,unmatched_gt,108907,,
92,10,8,unmatched_gt,108990,,
92,10,8,unmatched_gt,109006,,
92,10,8,unmatched_gt,109048,,
92,10,8,unmatched_gt,109105,,
92,10,8,unmatched_gt,109378,,
92,10,8,unmatched_gt,109414,,
92,10,8,unmatched_gt,109689,,
92,10,8,unmatched_candidate,,108897,
92,10,8,unmatched_candidate,,109582,
93,5,4,matched,110542,110542,0
93,5,4,matched,110606,110606,0
93,5,4,matched,110657,110657,0
93,5,4,matched,110639,110638,-1
93,5,4,matched,110483,110481,-2
93,5,4,matched,110683,110681,-2
93,5,4,matched,110720,110718,-2
93,5,4,matched,110756,110754,-2
93,5,4,matched,110506,110503,-3
93,5,4,matched,110578,110574,-4
93,5,4,unmatched_gt,110554,,
93,5,4,unmatched_gt,110620,,
93,5,4,unmatched_gt,110695,,
93,5,4,unmatched_gt,110790,,
93,5,4,unmatched_candidate,,110561,
93,5,4,unmatched_candidate,,110801,
93,5,4,unmatched_candidate,,110814,
93,10,8,matched,110542,110542,0
93,10,8,matched,110606,110606,0
93,10,8,matched,110657,110657,0
93,10,8,matched,110639,110638,-1
93,10,8,matched,110483,110481,-2
93,10,8,matched,110683,110681,-2
93,10,8,matched,110720,110718,-2
93,10,8,matched,110756,110754,-2
93,10,8,matched,110506,110503,-3
93,10,8,matched,110578,110574,-4
93,10,8,matched,110554,110561,7
93,10,8,unmatched_gt,110620,,
93,10,8,unmatched_gt,110695,,
93,10,8,unmatched_gt,110790,,
93,10,8,unmatched_candidate,,110801,
93,10,8,unmatched_candidate,,110814,
94,5,4,matched,113170,113169,-1
94,5,4,matched,113192,113191,-1
94,5,4,matched,113342,113341,-1
94,5,4,matched,113075,113073,-2
94,5,4,matched,113136,113134,-2
94,5,4,matched,113272,113270,-2
94,5,4,matched,113328,113326,-2
94,5,4,matched,113365,113367,2
94,5,4,matched,113108,113105,-3
94,5,4,matched,113089,113085,-4
94,5,4,matched,113249,113245,-4
94,5,4,unmatched_gt,113152,,
94,5,4,unmatched_gt,113239,,
94,5,4,unmatched_gt,113296,,
94,5,4,unmatched_gt,113384,,
94,5,4,unmatched_gt,113397,,
94,5,4,unmatched_candidate,,112849,
94,5,4,unmatched_candidate,,112862,
94,5,4,unmatched_candidate,,112897,
94,5,4,unmatched_candidate,,112913,
94,5,4,unmatched_candidate,,112961,
94,5,4,unmatched_candidate,,112974,
94,5,4,unmatched_candidate,,113233,
94,5,4,unmatched_candidate,,113291,
94,5,4,unmatched_candidate,,113390,
94,5,4,unmatched_candidate,,113409,
94,10,8,matched,113170,113169,-1
94,10,8,matched,113192,113191,-1
94,10,8,matched,113342,113341,-1
94,10,8,matched,113075,113073,-2
94,10,8,matched,113136,113134,-2
94,10,8,matched,113272,113270,-2
94,10,8,matched,113328,113326,-2
94,10,8,matched,113365,113367,2
94,10,8,matched,113108,113105,-3
94,10,8,matched,113089,113085,-4
94,10,8,matched,113249,113245,-4
94,10,8,matched,113296,113291,-5
94,10,8,matched,113239,113233,-6
94,10,8,matched,113384,113390,6
94,10,8,unmatched_gt,113152,,
94,10,8,unmatched_gt,113397,,
94,10,8,unmatched_candidate,,112849,
94,10,8,unmatched_candidate,,112862,
94,10,8,unmatched_candidate,,112897,
94,10,8,unmatched_candidate,,112913,
94,10,8,unmatched_candidate,,112961,
94,10,8,unmatched_candidate,,112974,
94,10,8,unmatched_candidate,,113409,
95,5,4,matched,114112,114111,-1
95,5,4,matched,114244,114243,-1
95,5,4,matched,113988,113986,-2
95,5,4,matched,114023,114021,-2
95,5,4,matched,114061,114059,-2
95,5,4,matched,114210,114208,-2
95,5,4,matched,114389,114387,-2
95,5,4,matched,114049,114046,-3
95,5,4,matched,114175,114172,-3
95,5,4,matched,114281,114278,-3
95,5,4,matched,114305,114302,-3
95,5,4,matched,114331,114328,-3
95,5,4,matched,114091,114087,-4
95,5,4,matched,114140,114136,-4
95,5,4,matched,114367,114363,-4
95,5,4,unmatched_gt,113940,,
95,5,4,unmatched_gt,113958,,
95,5,4,unmatched_gt,114408,,
95,5,4,unmatched_candidate,,113933,
95,5,4,unmatched_candidate,,113953,
95,5,4,unmatched_candidate,,114398,
95,5,4,unmatched_candidate,,114440,
95,10,8,matched,114112,114111,-1
95,10,8,matched,114244,114243,-1
95,10,8,matched,113988,113986,-2
95,10,8,matched,114023,114021,-2
95,10,8,matched,114061,114059,-2
95,10,8,matched,114210,114208,-2
95,10,8,matched,114389,114387,-2
95,10,8,matched,114049,114046,-3
95,10,8,matched,114175,114172,-3
95,10,8,matched,114281,114278,-3
95,10,8,matched,114305,114302,-3
95,10,8,matched,114331,114328,-3
95,10,8,matched,114091,114087,-4
95,10,8,matched,114140,114136,-4
95,10,8,matched,114367,114363,-4
95,10,8,matched,113958,113953,-5
95,10,8,matched,113940,113933,-7
95,10,8,unmatched_gt,114408,,
95,10,8,unmatched_candidate,,114398,
95,10,8,unmatched_candidate,,114440,
96,5,4,matched,115265,115265,0
96,5,4,matched,115105,115104,-1
96,5,4,matched,115031,115029,-2
96,5,4,matched,115133,115131,-2
96,5,4,matched,115215,115217,2
96,5,4,matched,115318,115316,-2
96,5,4,matched,115407,115405,-2
96,5,4,matched,115462,115460,-2
96,5,4,matched,115009,115006,-3
96,5,4,matched,115153,115150,-3
96,5,4,matched,115247,115244,-3
96,5,4,matched,115432,115429,-3
96,5,4,matched,115183,115179,-4
96,5,4,matched,115293,115289,-4
96,5,4,matched,115344,115340,-4
96,5,4,unmatched_gt,114993,,
96,5,4,unmatched_gt,115064,,
96,5,4,unmatched_gt,115084,,
96,5,4,unmatched_gt,115382,,
96,5,4,unmatched_gt,115491,,
96,5,4,unmatched_candidate,,114977,
96,5,4,unmatched_candidate,,115054,
96,5,4,unmatched_candidate,,115073,
96,5,4,unmatched_candidate,,115329,
96,5,4,unmatched_candidate,,115377,
96,5,4,unmatched_candidate,,115505,
96,5,4,unmatched_candidate,,115534,
96,10,8,matched,115265,115265,0
96,10,8,matched,115105,115104,-1
96,10,8,matched,115031,115029,-2
96,10,8,matched,115133,115131,-2
96,10,8,matched,115215,115217,2
96,10,8,matched,115318,115316,-2
96,10,8,matched,115407,115405,-2
96,10,8,matched,115462,115460,-2
96,10,8,matched,115009,115006,-3
96,10,8,matched,115153,115150,-3
96,10,8,matched,115247,115244,-3
96,10,8,matched,115432,115429,-3
96,10,8,matched,115183,115179,-4
96,10,8,matched,115293,115289,-4
96,10,8,matched,115344,115340,-4
96,10,8,matched,115382,115377,-5
96,10,8,unmatched_gt,114993,,
96,10,8,unmatched_gt,115064,,
96,10,8,unmatched_gt,115084,,
96,10,8,unmatched_gt,115491,,
96,10,8,unmatched_candidate,,114977,
96,10,8,unmatched_candidate,,115054,
96,10,8,unmatched_candidate,,115073,
96,10,8,unmatched_candidate,,115329,
96,10,8,unmatched_candidate,,115505,
96,10,8,unmatched_candidate,,115534,
97,5,4,matched,116302,116300,-2
97,5,4,matched,116273,116270,-3
97,5,4,unmatched_gt,116220,,
97,5,4,unmatched_gt,116245,,
97,5,4,unmatched_candidate,,116225,
97,5,4,unmatched_candidate,,116238,
97,5,4,unmatched_candidate,,116318,
97,5,4,unmatched_candidate,,116350,
97,10,8,matched,116302,116300,-2
97,10,8,matched,116273,116270,-3
97,10,8,matched,116220,116225,5
97,10,8,matched,116245,116238,-7
97,10,8,unmatched_candidate,,116318,
97,10,8,unmatched_candidate,,116350,
98,5,4,matched,116930,116930,0
98,5,4,matched,116790,116789,-1
98,5,4,matched,116909,116910,1
98,5,4,matched,117044,117043,-1
98,5,4,matched,117127,117126,-1
98,5,4,matched,117174,117173,-1
98,5,4,matched,117224,117223,-1
98,5,4,matched,117308,117307,-1
98,5,4,matched,117327,117326,-1
98,5,4,matched,116813,116811,-2
98,5,4,matched,116835,116833,-2
98,5,4,matched,117000,116998,-2
98,5,4,matched,117023,117021,-2
98,5,4,matched,116875,116872,-3
98,5,4,matched,116977,116974,-3
98,5,4,matched,117202,117199,-3
98,5,4,matched,117160,117156,-4
98,5,4,matched,117251,117247,-4
98,5,4,unmatched_gt,116775,,
98,5,4,unmatched_gt,116887,,
98,5,4,unmatched_gt,116951,,
98,5,4,unmatched_gt,117066,,
98,5,4,unmatched_gt,117094,,
98,5,4,unmatched_gt,117109,,
98,5,4,unmatched_gt,117287,,
98,5,4,unmatched_candidate,,116769,
98,5,4,unmatched_candidate,,116945,
98,5,4,unmatched_candidate,,117061,
98,5,4,unmatched_candidate,,117089,
98,5,4,unmatched_candidate,,117282,
98,5,4,unmatched_candidate,,117345,
98,5,4,unmatched_candidate,,117355,
98,10,8,matched,116930,116930,0
98,10,8,matched,116790,116789,-1
98,10,8,matched,116909,116910,1
98,10,8,matched,117044,117043,-1
98,10,8,matched,117127,117126,-1
98,10,8,matched,117174,117173,-1
98,10,8,matched,117224,117223,-1
98,10,8,matched,117308,117307,-1
98,10,8,matched,117327,117326,-1
98,10,8,matched,116813,116811,-2
98,10,8,matched,116835,116833,-2
98,10,8,matched,117000,116998,-2
98,10,8,matched,117023,117021,-2
98,10,8,matched,116875,116872,-3
98,10,8,matched,116977,116974,-3
98,10,8,matched,117202,117199,-3
98,10,8,matched,117160,117156,-4
98,10,8,matched,117251,117247,-4
98,10,8,matched,117066,117061,-5
98,10,8,matched,117094,117089,-5
98,10,8,matched,117287,117282,-5
98,10,8,matched,116775,116769,-6
98,10,8,matched,116951,116945,-6
98,10,8,unmatched_gt,116887,,
98,10,8,unmatched_gt,117109,,
98,10,8,unmatched_candidate,,117345,
98,10,8,unmatched_candidate,,117355,
99,5,4,matched,119457,119457,0
99,5,4,matched,119582,119582,0
99,5,4,matched,119934,119934,0
99,5,4,matched,119953,119953,0
99,5,4,matched,118938,118937,-1
99,5,4,matched,119014,119013,-1
99,5,4,matched,119170,119169,-1
99,5,4,matched,119316,119315,-1
99,5,4,matched,119351,119350,-1
99,5,4,matched,119618,119617,-1
99,5,4,matched,119775,119774,-1
99,5,4,matched,118918,118916,-2
99,5,4,matched,118972,118974,2
99,5,4,matched,119135,119133,-2
99,5,4,matched,119204,119202,-2
99,5,4,matched,119237,119235,-2
99,5,4,matched,119378,119376,-2
99,5,4,matched,119396,119398,2
99,5,4,matched,119638,119636,-2
99,5,4,matched,119746,119744,-2
99,5,4,matched,119815,119813,-2
99,5,4,matched,119042,119039,-3
99,5,4,matched,119297,119294,-3
99,5,4,matched,119420,119417,-3
99,5,4,matched,119484,119481,-3
99,5,4,matched,119531,119528,-3
99,5,4,matched,119649,119646,-3
99,5,4,matched,119891,119888,-3
99,5,4,matched,119062,119058,-4
99,5,4,matched,119278,119274,-4
99,5,4,unmatched_gt,118904,,
99,5,4,unmatched_gt,118987,,
99,5,4,unmatched_gt,119099,,
99,5,4,unmatched_gt,119111,,
99,5,4,unmatched_gt,119184,,
99,5,4,unmatched_gt,119252,,
99,5,4,unmatched_gt,119515,,
99,5,4,unmatched_gt,119558,,
99,5,4,unmatched_gt,119672,,
99,5,4,unmatched_gt,119684,,
99,5,4,unmatched_gt,119712,,
99,5,4,unmatched_gt,119796,,
99,5,4,unmatched_gt,119863,,
99,5,4,unmatched_candidate,,119246,
99,5,4,unmatched_candidate,,119390,
99,5,4,unmatched_candidate,,119510,
99,5,4,unmatched_candidate,,119657,
99,5,4,unmatched_candidate,,119678,
99,5,4,unmatched_candidate,,119707,
99,5,4,unmatched_candidate,,119857,
99,5,4,unmatched_candidate,,119923,
99,10,8,matched,119457,119457,0
99,10,8,matched,119582,119582,0
99,10,8,matched,119934,119934,0
99,10,8,matched,119953,119953,0
99,10,8,matched,118938,118937,-1
99,10,8,matched,119014,119013,-1
99,10,8,matched,119170,119169,-1
99,10,8,matched,119316,119315,-1
99,10,8,matched,119351,119350,-1
99,10,8,matched,119618,119617,-1
99,10,8,matched,119775,119774,-1
99,10,8,matched,118918,118916,-2
99,10,8,matched,118972,118974,2
99,10,8,matched,119135,119133,-2
99,10,8,matched,119204,119202,-2
99,10,8,matched,119237,119235,-2
99,10,8,matched,119378,119376,-2
99,10,8,matched,119396,119398,2
99,10,8,matched,119638,119636,-2
99,10,8,matched,119746,119744,-2
99,10,8,matched,119815,119813,-2
99,10,8,matched,119042,119039,-3
99,10,8,matched,119297,119294,-3
99,10,8,matched,119420,119417,-3
99,10,8,matched,119484,119481,-3
99,10,8,matched,119531,119528,-3
99,10,8,matched,119649,119646,-3
99,10,8,matched,119891,119888,-3
99,10,8,matched,119062,119058,-4
99,10,8,matched,119278,119274,-4
99,10,8,matched,119515,119510,-5
99,10,8,matched,119712,119707,-5
99,10,8,matched,119252,119246,-6
99,10,8,matched,119672,119678,6
99,10,8,matched,119863,119857,-6
99,10,8,unmatched_gt,118904,,
99,10,8,unmatched_gt,118987,,
99,10,8,unmatched_gt,119099,,
99,10,8,unmatched_gt,119111,,
99,10,8,unmatched_gt,119184,,
99,10,8,unmatched_gt,119558,,
99,10,8,unmatched_gt,119684,,
99,10,8,unmatched_gt,119796,,
99,10,8,unmatched_candidate,,119390,
99,10,8,unmatched_candidate,,119657,
99,10,8,unmatched_candidate,,119923,
100,5,4,matched,121566,121566,0
100,5,4,matched,121646,121645,-1
100,5,4,matched,121679,121678,-1
100,5,4,matched,121539,121537,-2
100,5,4,matched,121742,121739,-3
100,5,4,unmatched_gt,121592,,
100,5,4,unmatched_gt,121660,,
100,5,4,unmatched_gt,121698,,
100,5,4,unmatched_gt,121717,,
100,5,4,unmatched_candidate,,121582,
100,5,4,unmatched_candidate,,121710,
100,5,4,unmatched_candidate,,121774,
100,5,4,unmatched_candidate,,121808,
100,10,8,matched,121566,121566,0
100,10,8,matched,121646,121645,-1
100,10,8,matched,121679,121678,-1
100,10,8,matched,121539,121537,-2
100,10,8,matched,121742,121739,-3
100,10,8,matched,121717,121710,-7
100,10,8,unmatched_gt,121592,,
100,10,8,unmatched_gt,121660,,
100,10,8,unmatched_gt,121698,,
100,10,8,unmatched_candidate,,121582,
100,10,8,unmatched_candidate,,121774,
100,10,8,unmatched_candidate,,121808,
101,5,4,matched,122339,122338,-1
101,5,4,matched,122461,122462,1
101,5,4,matched,122422,122419,-3
101,5,4,unmatched_gt,122326,,
101,5,4,unmatched_gt,122350,,
101,5,4,unmatched_gt,122375,,
101,5,4,unmatched_gt,122389,,
101,5,4,unmatched_gt,122403,,
101,5,4,unmatched_gt,122437,,
101,5,4,unmatched_gt,122447,,
101,5,4,unmatched_candidate,,122312,
101,5,4,unmatched_candidate,,122382,
101,5,4,unmatched_candidate,,122442,
101,10,8,matched,122339,122338,-1
101,10,8,matched,122461,122462,1
101,10,8,matched,122422,122419,-3
101,10,8,matched,122437,122442,5
101,10,8,matched,122375,122382,7
101,10,8,unmatched_gt,122326,,
101,10,8,unmatched_gt,122350,,
101,10,8,unmatched_gt,122389,,
101,10,8,unmatched_gt,122403,,
101,10,8,unmatched_gt,122447,,
101,10,8,unmatched_candidate,,122312,
102,5,4,matched,122976,122975,-1
102,5,4,matched,123043,123042,-1
102,5,4,matched,123112,123110,-2
102,5,4,matched,122950,122947,-3
102,5,4,matched,123085,123082,-3
102,5,4,matched,123137,123134,-3
102,5,4,matched,123012,123008,-4
102,5,4,matched,123064,123060,-4
102,5,4,unmatched_gt,122926,,
102,5,4,unmatched_candidate,,122920,
102,10,8,matched,122976,122975,-1
102,10,8,matched,123043,123042,-1
102,10,8,matched,123112,123110,-2
102,10,8,matched,122950,122947,-3
102,10,8,matched,123085,123082,-3
102,10,8,matched,123137,123134,-3
102,10,8,matched,123012,123008,-4
102,10,8,matched,123064,123060,-4
102,10,8,matched,122926,122920,-6
103,5,4,matched,124855,124855,0
103,5,4,matched,124755,124753,-2
103,5,4,matched,124835,124833,-2
103,5,4,matched,125036,125034,-2
103,5,4,matched,125145,125143,-2
103,5,4,matched,124779,124776,-3
103,5,4,matched,124794,124791,-3
103,5,4,matched,124889,124886,-3
103,5,4,matched,124992,124989,-3
103,5,4,matched,125017,125014,-3
103,5,4,matched,125173,125170,-3
103,5,4,matched,125060,125056,-4
103,5,4,unmatched_gt,124819,,
103,5,4,unmatched_gt,124911,,
103,5,4,unmatched_gt,124936,,
103,5,4,unmatched_gt,124967,,
103,5,4,unmatched_gt,125113,,
103,5,4,unmatched_gt,125127,,
103,5,4,unmatched_gt,125197,,
103,5,4,unmatched_candidate,,124801,
103,5,4,unmatched_candidate,,124878,
103,5,4,unmatched_candidate,,124904,
103,5,4,unmatched_candidate,,124926,
103,5,4,unmatched_candidate,,125217,
103,10,8,matched,124855,124855,0
103,10,8,matched,124755,124753,-2
103,10,8,matched,124835,124833,-2
103,10,8,matched,125036,125034,-2
103,10,8,matched,125145,125143,-2
103,10,8,matched,124779,124776,-3
103,10,8,matched,124794,124791,-3
103,10,8,matched,124889,124886,-3
103,10,8,matched,124992,124989,-3
103,10,8,matched,125017,125014,-3
103,10,8,matched,125173,125170,-3
103,10,8,matched,125060,125056,-4
103,10,8,matched,124911,124904,-7
103,10,8,unmatched_gt,124819,,
103,10,8,unmatched_gt,124936,,
103,10,8,unmatched_gt,124967,,
103,10,8,unmatched_gt,125113,,
103,10,8,unmatched_gt,125127,,
103,10,8,unmatched_gt,125197,,
103,10,8,unmatched_candidate,,124801,
103,10,8,unmatched_candidate,,124878,
103,10,8,unmatched_candidate,,124926,
103,10,8,unmatched_candidate,,125217,
104,5,4,matched,125913,125912,-1
104,5,4,matched,126047,126046,-1
104,5,4,matched,126029,126027,-2
104,5,4,matched,126090,126088,-2
104,5,4,matched,126148,126146,-2
104,5,4,matched,126226,126224,-2
104,5,4,matched,126266,126264,-2
104,5,4,matched,126320,126318,-2
104,5,4,matched,126410,126408,-2
104,5,4,matched,126486,126484,-2
104,5,4,matched,126523,126521,-2
104,5,4,matched,126607,126605,-2
104,5,4,matched,126654,126656,2
104,5,4,matched,126742,126740,-2
104,5,4,matched,126789,126787,-2
104,5,4,matched,126816,126814,-2
104,5,4,matched,126071,126068,-3
104,5,4,matched,126128,126125,-3
104,5,4,matched,126282,126279,-3
104,5,4,matched,126685,126682,-3
104,5,4,matched,126767,126764,-3
104,5,4,matched,125942,125938,-4
104,5,4,matched,125980,125976,-4
104,5,4,matched,126342,126338,-4
104,5,4,matched,126459,126455,-4
104,5,4,matched,126583,126579,-4
104,5,4,unmatched_gt,125956,,
104,5,4,unmatched_gt,126007,,
104,5,4,unmatched_gt,126103,,
104,5,4,unmatched_gt,126183,,
104,5,4,unmatched_gt,126203,,
104,5,4,unmatched_gt,126300,,
104,5,4,unmatched_gt,126371,,
104,5,4,unmatched_gt,126387,,
104,5,4,unmatched_gt,126440,,
104,5,4,unmatched_gt,126561,,
104,5,4,unmatched_gt,126665,,
104,5,4,unmatched_gt,126716,,
104,5,4,unmatched_gt,126806,,
104,5,4,unmatched_candidate,,125950,
104,5,4,unmatched_candidate,,126001,
104,5,4,unmatched_candidate,,126177,
104,5,4,unmatched_candidate,,126198,
104,5,4,unmatched_candidate,,126366,
104,5,4,unmatched_candidate,,126382,
104,5,4,unmatched_candidate,,126645,
104,5,4,unmatched_candidate,,126865,
104,10,8,matched,125913,125912,-1
104,10,8,matched,126047,126046,-1
104,10,8,matched,126029,126027,-2
104,10,8,matched,126090,126088,-2
104,10,8,matched,126148,126146,-2
104,10,8,matched,126226,126224,-2
104,10,8,matched,126266,126264,-2
104,10,8,matched,126320,126318,-2
104,10,8,matched,126410,126408,-2
104,10,8,matched,126486,126484,-2
104,10,8,matched,126523,126521,-2
104,10,8,matched,126607,126605,-2
104,10,8,matched,126654,126656,2
104,10,8,matched,126742,126740,-2
104,10,8,matched,126789,126787,-2
104,10,8,matched,126816,126814,-2
104,10,8,matched,126071,126068,-3
104,10,8,matched,126128,126125,-3
104,10,8,matched,126282,126279,-3
104,10,8,matched,126685,126682,-3
104,10,8,matched,126767,126764,-3
104,10,8,matched,125942,125938,-4
104,10,8,matched,125980,125976,-4
104,10,8,matched,126342,126338,-4
104,10,8,matched,126459,126455,-4
104,10,8,matched,126583,126579,-4
104,10,8,matched,126203,126198,-5
104,10,8,matched,126371,126366,-5
104,10,8,matched,126387,126382,-5
104,10,8,matched,125956,125950,-6
104,10,8,matched,126007,126001,-6
104,10,8,matched,126183,126177,-6
104,10,8,unmatched_gt,126103,,
104,10,8,unmatched_gt,126300,,
104,10,8,unmatched_gt,126440,,
104,10,8,unmatched_gt,126561,,
104,10,8,unmatched_gt,126665,,
104,10,8,unmatched_gt,126716,,
104,10,8,unmatched_gt,126806,,
104,10,8,unmatched_candidate,,126645,
104,10,8,unmatched_candidate,,126865,
105,5,4,matched,127904,127904,0
105,5,4,matched,127979,127980,1
105,5,4,matched,127886,127884,-2
105,5,4,matched,128083,128081,-2
105,5,4,matched,128003,128000,-3
105,5,4,matched,128026,128023,-3
105,5,4,matched,128066,128062,-4
105,5,4,unmatched_gt,127853,,
105,5,4,unmatched_gt,127868,,
105,5,4,unmatched_gt,127944,,
105,5,4,unmatched_gt,127956,,
105,5,4,unmatched_candidate,,127777,
105,5,4,unmatched_candidate,,127792,
105,5,4,unmatched_candidate,,127841,
105,5,4,unmatched_candidate,,127863,
105,5,4,unmatched_candidate,,127950,
105,5,4,unmatched_candidate,,128049,
105,5,4,unmatched_candidate,,128110,
105,5,4,unmatched_candidate,,128145,
105,5,4,unmatched_candidate,,128158,
105,10,8,matched,127904,127904,0
105,10,8,matched,127979,127980,1
105,10,8,matched,127886,127884,-2
105,10,8,matched,128083,128081,-2
105,10,8,matched,128003,128000,-3
105,10,8,matched,128026,128023,-3
105,10,8,matched,128066,128062,-4
105,10,8,matched,127868,127863,-5
105,10,8,matched,127944,127950,6
105,10,8,unmatched_gt,127853,,
105,10,8,unmatched_gt,127956,,
105,10,8,unmatched_candidate,,127777,
105,10,8,unmatched_candidate,,127792,
105,10,8,unmatched_candidate,,127841,
105,10,8,unmatched_candidate,,128049,
105,10,8,unmatched_candidate,,128110,
105,10,8,unmatched_candidate,,128145,
105,10,8,unmatched_candidate,,128158,
106,5,4,matched,128910,128909,-1
106,5,4,matched,128800,128798,-2
106,5,4,matched,128888,128884,-4
106,5,4,unmatched_gt,128771,,
106,5,4,unmatched_gt,128819,,
106,5,4,unmatched_gt,128840,,
106,5,4,unmatched_gt,128866,,
106,5,4,unmatched_candidate,,128545,
106,5,4,unmatched_candidate,,128766,
106,5,4,unmatched_candidate,,128814,
106,5,4,unmatched_candidate,,128861,
106,5,4,unmatched_candidate,,128926,
106,5,4,unmatched_candidate,,128955,
106,10,8,matched,128910,128909,-1
106,10,8,matched,128800,128798,-2
106,10,8,matched,128888,128884,-4
106,10,8,matched,128771,128766,-5
106,10,8,matched,128819,128814,-5
106,10,8,matched,128866,128861,-5
106,10,8,unmatched_gt,128840,,
106,10,8,unmatched_candidate,,128545,
106,10,8,unmatched_candidate,,128926,
106,10,8,unmatched_candidate,,128955,
107,5,4,matched,129590,129589,-1
107,5,4,matched,129616,129613,-3
107,5,4,unmatched_gt,129575,,
107,5,4,unmatched_gt,129631,,
107,5,4,unmatched_gt,129654,,
107,5,4,unmatched_gt,129672,,
107,5,4,unmatched_gt,129683,,
107,5,4,unmatched_candidate,,129569,
107,5,4,unmatched_candidate,,129646,
107,5,4,unmatched_candidate,,129697,
107,5,4,unmatched_candidate,,129742,
107,10,8,matched,129590,129589,-1
107,10,8,matched,129616,129613,-3
107,10,8,matched,129575,129569,-6
107,10,8,matched,129654,129646,-8
107,10,8,unmatched_gt,129631,,
107,10,8,unmatched_gt,129672,,
107,10,8,unmatched_gt,129683,,
107,10,8,unmatched_candidate,,129697,
107,10,8,unmatched_candidate,,129742,
108,5,4,matched,131681,131681,0
108,5,4,matched,131758,131758,0
108,5,4,matched,131473,131472,-1
108,5,4,matched,131247,131249,2
108,5,4,matched,131362,131360,-2
108,5,4,matched,131496,131494,-2
108,5,4,matched,131532,131530,-2
108,5,4,matched,131555,131553,-2
108,5,4,matched,131581,131579,-2
108,5,4,matched,131645,131643,-2
108,5,4,matched,131277,131274,-3
108,5,4,matched,131292,131289,-3
108,5,4,matched,131329,131326,-3
108,5,4,matched,131451,131448,-3
108,5,4,matched,131617,131614,-3
108,5,4,matched,131737,131734,-3
108,5,4,unmatched_gt,131311,,
108,5,4,unmatched_gt,131340,,
108,5,4,unmatched_gt,131385,,
108,5,4,unmatched_gt,131416,,
108,5,4,unmatched_gt,131432,,
108,5,4,unmatched_gt,131659,,
108,5,4,unmatched_gt,131719,,
108,5,4,unmatched_gt,131750,,
108,5,4,unmatched_candidate,,131070,
108,5,4,unmatched_candidate,,131089,
108,5,4,unmatched_candidate,,131380,
108,5,4,unmatched_candidate,,131409,
108,5,4,unmatched_candidate,,131486,
108,5,4,unmatched_candidate,,131654,
108,5,4,unmatched_candidate,,131665,
108,5,4,unmatched_candidate,,131713,
108,5,4,unmatched_candidate,,131742,
108,5,4,unmatched_candidate,,131779,
108,10,8,matched,131681,131681,0
108,10,8,matched,131758,131758,0
108,10,8,matched,131473,131472,-1
108,10,8,matched,131247,131249,2
108,10,8,matched,131362,131360,-2
108,10,8,matched,131496,131494,-2
108,10,8,matched,131532,131530,-2
108,10,8,matched,131555,131553,-2
108,10,8,matched,131581,131579,-2
108,10,8,matched,131645,131643,-2
108,10,8,matched,131277,131274,-3
108,10,8,matched,131292,131289,-3
108,10,8,matched,131329,131326,-3
108,10,8,matched,131451,131448,-3
108,10,8,matched,131617,131614,-3
108,10,8,matched,131737,131734,-3
108,10,8,matched,131385,131380,-5
108,10,8,matched,131659,131654,-5
108,10,8,matched,131719,131713,-6
108,10,8,matched,131416,131409,-7
108,10,8,matched,131750,131742,-8
108,10,8,unmatched_gt,131311,,
108,10,8,unmatched_gt,131340,,
108,10,8,unmatched_gt,131432,,
108,10,8,unmatched_candidate,,131070,
108,10,8,unmatched_candidate,,131089,
108,10,8,unmatched_candidate,,131486,
108,10,8,unmatched_candidate,,131665,
108,10,8,unmatched_candidate,,131779,
109,5,4,matched,132590,132587,-3
109,5,4,unmatched_gt,132577,,
109,5,4,unmatched_candidate,,132513,
109,5,4,unmatched_candidate,,132526,
109,5,4,unmatched_candidate,,132539,
109,5,4,unmatched_candidate,,132558,
109,5,4,unmatched_candidate,,132625,
109,5,4,unmatched_candidate,,132638,
109,10,8,matched,132590,132587,-3
109,10,8,unmatched_gt,132577,,
109,10,8,unmatched_candidate,,132513,
109,10,8,unmatched_candidate,,132526,
109,10,8,unmatched_candidate,,132539,
109,10,8,unmatched_candidate,,132558,
109,10,8,unmatched_candidate,,132625,
109,10,8,unmatched_candidate,,132638,
110,5,4,matched,133358,133358,0
110,5,4,matched,133276,133275,-1
110,5,4,matched,133295,133294,-1
110,5,4,matched,133346,133344,-2
110,5,4,matched,133316,133312,-4
110,5,4,unmatched_gt,133265,,
110,5,4,unmatched_candidate,,133249,
110,5,4,unmatched_candidate,,133374,
110,5,4,unmatched_candidate,,133390,
110,10,8,matched,133358,133358,0
110,10,8,matched,133276,133275,-1
110,10,8,matched,133295,133294,-1
110,10,8,matched,133346,133344,-2
110,10,8,matched,133316,133312,-4
110,10,8,unmatched_gt,133265,,
110,10,8,unmatched_candidate,,133249,
110,10,8,unmatched_candidate,,133374,
110,10,8,unmatched_candidate,,133390,
111,5,4,matched,134429,134429,0
111,5,4,matched,134447,134446,-1
111,5,4,matched,134235,134233,-2
111,5,4,matched,134215,134212,-3
111,5,4,matched,134262,134258,-4
111,5,4,matched,134296,134292,-4
111,5,4,matched,134338,134334,-4
111,5,4,matched,134466,134462,-4
111,5,4,unmatched_gt,134201,,
111,5,4,unmatched_gt,134279,,
111,5,4,unmatched_gt,134317,,
111,5,4,unmatched_gt,134354,,
111,5,4,unmatched_gt,134375,,
111,5,4,unmatched_gt,134394,,
111,5,4,unmatched_gt,134478,,
111,5,4,unmatched_gt,134489,,
111,5,4,unmatched_gt,134498,,
111,5,4,unmatched_candidate,,133937,
111,5,4,unmatched_candidate,,133950,
111,5,4,unmatched_candidate,,133969,
111,5,4,unmatched_candidate,,133985,
111,5,4,unmatched_candidate,,134033,
111,5,4,unmatched_candidate,,134045,
111,5,4,unmatched_candidate,,134081,
111,5,4,unmatched_candidate,,134094,
111,5,4,unmatched_candidate,,134129,
111,5,4,unmatched_candidate,,134162,
111,5,4,unmatched_candidate,,134174,
111,5,4,unmatched_candidate,,134220,
111,5,4,unmatched_candidate,,134312,
111,5,4,unmatched_candidate,,134366,
111,5,4,unmatched_candidate,,134382,
111,5,4,unmatched_candidate,,134484,
111,5,4,unmatched_candidate,,134526,
111,5,4,unmatched_candidate,,134558,
111,5,4,unmatched_candidate,,134574,
111,10,8,matched,134429,134429,0
111,10,8,matched,134447,134446,-1
111,10,8,matched,134235,134233,-2
111,10,8,matched,134215,134212,-3
111,10,8,matched,134262,134258,-4
111,10,8,matched,134296,134292,-4
111,10,8,matched,134338,134334,-4
111,10,8,matched,134466,134462,-4
111,10,8,matched,134317,134312,-5
111,10,8,matched,134489,134484,-5
111,10,8,matched,134375,134382,7
111,10,8,unmatched_gt,134201,,
111,10,8,unmatched_gt,134279,,
111,10,8,unmatched_gt,134354,,
111,10,8,unmatched_gt,134394,,
111,10,8,unmatched_gt,134478,,
111,10,8,unmatched_gt,134498,,
111,10,8,unmatched_candidate,,133937,
111,10,8,unmatched_candidate,,133950,
111,10,8,unmatched_candidate,,133969,
111,10,8,unmatched_candidate,,133985,
111,10,8,unmatched_candidate,,134033,
111,10,8,unmatched_candidate,,134045,
111,10,8,unmatched_candidate,,134081,
111,10,8,unmatched_candidate,,134094,
111,10,8,unmatched_candidate,,134129,
111,10,8,unmatched_candidate,,134162,
111,10,8,unmatched_candidate,,134174,
111,10,8,unmatched_candidate,,134220,
111,10,8,unmatched_candidate,,134366,
111,10,8,unmatched_candidate,,134526,
111,10,8,unmatched_candidate,,134558,
111,10,8,unmatched_candidate,,134574,
112,5,4,matched,135479,135478,-1
112,5,4,matched,135557,135555,-2
112,5,4,matched,135576,135574,-2
112,5,4,matched,135450,135447,-3
112,5,4,matched,135500,135504,4
112,5,4,matched,135537,135533,-4
112,5,4,unmatched_gt,135374,,
112,5,4,unmatched_gt,135393,,
112,5,4,unmatched_gt,135416,,
112,5,4,unmatched_gt,135432,,
112,5,4,unmatched_gt,135461,,
112,5,4,unmatched_gt,135511,,
112,5,4,unmatched_gt,135521,,
112,5,4,unmatched_candidate,,135380,
112,5,4,unmatched_candidate,,135406,
112,5,4,unmatched_candidate,,135601,
112,5,4,unmatched_candidate,,135614,
112,5,4,unmatched_candidate,,135628,
112,10,8,matched,135479,135478,-1
112,10,8,matched,135557,135555,-2
112,10,8,matched,135576,135574,-2
112,10,8,matched,135450,135447,-3
112,10,8,matched,135500,135504,4
112,10,8,matched,135537,135533,-4
112,10,8,matched,135374,135380,6
112,10,8,unmatched_gt,135393,,
112,10,8,unmatched_gt,135416,,
112,10,8,unmatched_gt,135432,,
112,10,8,unmatched_gt,135461,,
112,10,8,unmatched_gt,135511,,
112,10,8,unmatched_gt,135521,,
112,10,8,unmatched_candidate,,135406,
112,10,8,unmatched_candidate,,135601,
112,10,8,unmatched_candidate,,135614,
112,10,8,unmatched_candidate,,135628,
