video_id,case_id,court_parent,scene_index,start_frame,end_frame,n_frames,sampled_frame_indices,quad_source,raw_tl_x,raw_tl_y,raw_tr_x,raw_tr_y,raw_br_x,raw_br_y,raw_bl_x,raw_bl_y,peak_tl,peak_tr,peak_br,peak_bl,corner_source_tl,corner_source_tr,corner_source_br,corner_source_bl,fallback_reproj_line_px,fallback_reproj_anchor_px,fallback_gate_line_frac,fallback_gate_anchor_frac,fallback_n_lines_used,fallback_n_correspondences,fallback_max_sagitta_px,exactly_two_frame_count,exactly_two_frame_fraction,scene_valid,consensus_distance_px,consensus_flagged,active_tl_x,active_tl_y,active_tr_x,active_tr_y,active_br_x,active_br_y,active_bl_x,active_bl_y
15,sset_15/tracknet-stride-8,static_shuttleset_homography,0,0,751,751,[],,173.76,101.28,334.08000000000004,100.80000000000001,392.56,264.40000000000003,117.2,265.12,,,,,,,,,,,,,,,,20,0.02663115845539281,false,,,173.76,101.28,334.08000000000004,100.80000000000001,392.56,264.40000000000003,117.2,265.12
15,sset_15/tracknet-stride-8,static_shuttleset_homography,1,751,768,17,[],,173.76,101.28,334.08000000000004,100.80000000000001,392.56,264.40000000000003,117.2,265.12,,,,,,,,,,,,,,,,0,0.0,false,,,173.76,101.28,334.08000000000004,100.80000000000001,392.56,264.40000000000003,117.2,265.12
15,sset_15/tracknet-stride-8,static_shuttleset_homography,2,768,1500,732,[],,173.76,101.28,334.08000000000004,100.80000000000001,392.56,264.40000000000003,117.2,265.12,,,,,,,,,,,,,,,,16,0.02185792349726776,false,,,173.76,101.28,334.08000000000004,100.80000000000001,392.56,264.40000000000003,117.2,265.12
15,sset_15/tracknet-stride-8,static_shuttleset_homography,3,1500,1536,36,[],,173.76,101.28,334.08000000000004,100.80000000000001,392.56,264.40000000000003,117.2,265.12,,,,,,,,,,,,,,,,0,0.0,false,,,173.76,101.28,334.08000000000004,100.80000000000001,392.56,264.40000000000003,117.2,265.12
15,sset_15/tracknet-stride-8,static_shuttleset_homography,4,1536,2260,724,[],,173.76,101.28,334.08000000000004,100.80000000000001,392.56,264.40000000000003,117.2,265.12,,,,,,,,,,,,,,,,19,0.026243093922651933,false,,,173.76,101.28,334.08000000000004,100.80000000000001,392.56,264.40000000000003,117.2,265.12
15,sset_15/tracknet-stride-8,static_shuttleset_homography,5,2260,2304,44,[],,173.76,101.28,334.08000000000004,100.80000000000001,392.56,264.40000000000003,117.2,265.12,,,,,,,,,,,,,,,,2,0.045454545454545456,false,,,173.76,101.28,334.08000000000004,100.80000000000001,392.56,264.40000000000003,117.2,265.12
15,sset_15/tracknet-stride-8,static_shuttleset_homography,6,2304,3009,705,[],,173.76,101.28,334.08000000000004,100.80000000000001,392.56,264.40000000000003,117.2,265.12,,,,,,,,,,,,,,,,21,0.029787234042553193,false,,,173.76,101.28,334.08000000000004,100.80000000000001,392.56,264.40000000000003,117.2,265.12
15,sset_15/tracknet-stride-8,static_shuttleset_homography,7,3009,3072,63,[],,173.76,101.28,334.08000000000004,100.80000000000001,392.56,264.40000000000003,117.2,265.12,,,,,,,,,,,,,,,,2,0.031746031746031744,false,,,173.76,101.28,334.08000000000004,100.80000000000001,392.56,264.40000000000003,117.2,265.12
15,sset_15/tracknet-stride-8,static_shuttleset_homography,8,3072,3747,675,[],,173.76,101.28,334.08000000000004,100.80000000000001,392.56,264.40000000000003,117.2,265.12,,,,,,,,,,,,,,,,12,0.017777777777777778,false,,,173.76,101.28,334.08000000000004,100.80000000000001,392.56,264.40000000000003,117.2,265.12
15,sset_15/tracknet-stride-8,static_shuttleset_homography,9,3747,3840,93,[],,173.76,101.28,334.08000000000004,100.80000000000001,392.56,264.40000000000003,117.2,265.12,,,,,,,,,,,,,,,,2,0.021505376344086023,false,,,173.76,101.28,334.08000000000004,100.80000000000001,392.56,264.40000000000003,117.2,265.12
15,sset_15/tracknet-stride-8,static_shuttleset_homography,10,3840,5246,1406,[],,173.76,101.28,334.08000000000004,100.80000000000001,392.56,264.40000000000003,117.2,265.12,,,,,,,,,,,,,,,,40,0.02844950213371266,false,,,173.76,101.28,334.08000000000004,100.80000000000001,392.56,264.40000000000003,117.2,265.12
15,sset_15/tracknet-stride-8,static_shuttleset_homography,11,5246,5376,130,[],,173.76,101.28,334.08000000000004,100.80000000000001,392.56,264.40000000000003,117.2,265.12,,,,,,,,,,,,,,,,7,0.05384615384615385,false,,,173.76,101.28,334.08000000000004,100.80000000000001,392.56,264.40000000000003,117.2,265.12
15,sset_15/tracknet-stride-8,static_shuttleset_homography,12,5376,6005,629,[],,173.76,101.28,334.08000000000004,100.80000000000001,392.56,264.40000000000003,117.2,265.12,,,,,,,,,,,,,,,,11,0.017488076311605722,false,,,173.76,101.28,334.08000000000004,100.80000000000001,392.56,264.40000000000003,117.2,265.12
15,sset_15/tracknet-stride-8,static_shuttleset_homography,13,6005,6784,779,[],,173.76,101.28,334.08000000000004,100.80000000000001,392.56,264.40000000000003,117.2,265.12,,,,,,,,,,,,,,,,18,0.023106546854942234,false,,,173.76,101.28,334.08000000000004,100.80000000000001,392.56,264.40000000000003,117.2,265.12
15,sset_15/tracknet-stride-8,static_shuttleset_homography,14,6784,7492,708,[],,173.76,101.28,334.08000000000004,100.80000000000001,392.56,264.40000000000003,117.2,265.12,,,,,,,,,,,,,,,,16,0.022598870056497175,false,,,173.76,101.28,334.08000000000004,100.80000000000001,392.56,264.40000000000003,117.2,265.12
15,sset_15/tracknet-stride-8,static_shuttleset_homography,15,7492,7552,60,[],,173.76,101.28,334.08000000000004,100.80000000000001,392.56,264.40000000000003,117.2,265.12,,,,,,,,,,,,,,,,2,0.03333333333333333,false,,,173.76,101.28,334.08000000000004,100.80000000000001,392.56,264.40000000000003,117.2,265.12
15,sset_15/tracknet-stride-8,static_shuttleset_homography,16,7552,8242,690,[],,173.76,101.28,334.08000000000004,100.80000000000001,392.56,264.40000000000003,117.2,265.12,,,,,,,,,,,,,,,,18,0.02608695652173913,false,,,173.76,101.28,334.08000000000004,100.80000000000001,392.56,264.40000000000003,117.2,265.12
15,sset_15/tracknet-stride-8,static_shuttleset_homography,17,8242,8318,76,[],,173.76,101.28,334.08000000000004,100.80000000000001,392.56,264.40000000000003,117.2,265.12,,,,,,,,,,,,,,,,1,0.013157894736842105,false,,,173.76,101.28,334.08000000000004,100.80000000000001,392.56,264.40000000000003,117.2,265.12
15,sset_15/tracknet-stride-8,static_shuttleset_homography,18,8318,9751,1433,[],,173.76,101.28,334.08000000000004,100.80000000000001,392.56,264.40000000000003,117.2,265.12,,,,,,,,,,,,,,,,32,0.022330774598743892,false,,,173.76,101.28,334.08000000000004,100.80000000000001,392.56,264.40000000000003,117.2,265.12
15,sset_15/tracknet-stride-8,static_shuttleset_homography,19,9751,9856,105,[],,173.76,101.28,334.08000000000004,100.80000000000001,392.56,264.40000000000003,117.2,265.12,,,,,,,,,,,,,,,,7,0.06666666666666667,false,,,173.76,101.28,334.08000000000004,100.80000000000001,392.56,264.40000000000003,117.2,265.12
15,sset_15/tracknet-stride-8,static_shuttleset_homography,20,9856,10487,631,[],,173.76,101.28,334.08000000000004,100.80000000000001,392.56,264.40000000000003,117.2,265.12,,,,,,,,,,,,,,,,4,0.006339144215530904,false,,,173.76,101.28,334.08000000000004,100.80000000000001,392.56,264.40000000000003,117.2,265.12
15,sset_15/tracknet-stride-8,static_shuttleset_homography,21,10487,11104,617,[],,173.76,101.28,334.08000000000004,100.80000000000001,392.56,264.40000000000003,117.2,265.12,,,,,,,,,,,,,,,,13,0.02106969205834684,false,,,173.76,101.28,334.08000000000004,100.80000000000001,392.56,264.40000000000003,117.2,265.12
15,sset_15/tracknet-stride-8,static_shuttleset_homography,22,11104,11167,63,[],,173.76,101.28,334.08000000000004,100.80000000000001,392.56,264.40000000000003,117.2,265.12,,,,,,,,,,,,,,,,0,0.0,false,,,173.76,101.28,334.08000000000004,100.80000000000001,392.56,264.40000000000003,117.2,265.12
15,sset_15/tracknet-stride-8,static_shuttleset_homography,23,11167,11311,144,[],,173.76,101.28,334.08000000000004,100.80000000000001,392.56,264.40000000000003,117.2,265.12,,,,,,,,,,,,,,,,5,0.034722222222222224,false,,,173.76,101.28,334.08000000000004,100.80000000000001,392.56,264.40000000000003,117.2,265.12
15,sset_15/tracknet-stride-8,static_shuttleset_homography,24,11311,12825,1514,[],,173.76,101.28,334.08000000000004,100.80000000000001,392.56,264.40000000000003,117.2,265.12,,,,,,,,,,,,,,,,55,0.03632760898282695,false,,,173.76,101.28,334.08000000000004,100.80000000000001,392.56,264.40000000000003,117.2,265.12
15,sset_15/tracknet-stride-8,static_shuttleset_homography,25,12825,12951,126,[],,173.76,101.28,334.08000000000004,100.80000000000001,392.56,264.40000000000003,117.2,265.12,,,,,,,,,,,,,,,,0,0.0,false,,,173.76,101.28,334.08000000000004,100.80000000000001,392.56,264.40000000000003,117.2,265.12
15,sset_15/tracknet-stride-8,static_shuttleset_homography,26,12951,13091,140,[],,173.76,101.28,334.08000000000004,100.80000000000001,392.56,264.40000000000003,117.2,265.12,,,,,,,,,,,,,,,,0,0.0,false,,,173.76,101.28,334.08000000000004,100.80000000000001,392.56,264.40000000000003,117.2,265.12
15,sset_15/tracknet-stride-8,static_shuttleset_homography,27,13091,14203,1112,[],,173.76,101.28,334.08000000000004,100.80000000000001,392.56,264.40000000000003,117.2,265.12,,,,,,,,,,,,,,,,176,0.15827338129496402,false,,,173.76,101.28,334.08000000000004,100.80000000000001,392.56,264.40000000000003,117.2,265.12
15,sset_15/tracknet-stride-8,static_shuttleset_homography,28,14203,14271,68,[],,173.76,101.28,334.08000000000004,100.80000000000001,392.56,264.40000000000003,117.2,265.12,,,,,,,,,,,,,,,,0,0.0,false,,,173.76,101.28,334.08000000000004,100.80000000000001,392.56,264.40000000000003,117.2,265.12
15,sset_15/tracknet-stride-8,static_shuttleset_homography,29,14271,14369,98,[],,173.76,101.28,334.08000000000004,100.80000000000001,392.56,264.40000000000003,117.2,265.12,,,,,,,,,,,,,,,,0,0.0,false,,,173.76,101.28,334.08000000000004,100.80000000000001,392.56,264.40000000000003,117.2,265.12
15,sset_15/tracknet-stride-8,static_shuttleset_homography,30,14369,14445,76,[],,173.76,101.28,334.08000000000004,100.80000000000001,392.56,264.40000000000003,117.2,265.12,,,,,,,,,,,,,,,,4,0.05263157894736842,false,,,173.76,101.28,334.08000000000004,100.80000000000001,392.56,264.40000000000003,117.2,265.12
15,sset_15/tracknet-stride-8,static_shuttleset_homography,31,14445,14593,148,[],,173.76,101.28,334.08000000000004,100.80000000000001,392.56,264.40000000000003,117.2,265.12,,,,,,,,,,,,,,,,0,0.0,false,,,173.76,101.28,334.08000000000004,100.80000000000001,392.56,264.40000000000003,117.2,265.12
15,sset_15/tracknet-stride-8,static_shuttleset_homography,32,14593,14682,89,[],,173.76,101.28,334.08000000000004,100.80000000000001,392.56,264.40000000000003,117.2,265.12,,,,,,,,,,,,,,,,0,0.0,false,,,173.76,101.28,334.08000000000004,100.80000000000001,392.56,264.40000000000003,117.2,265.12
15,sset_15/tracknet-stride-8,static_shuttleset_homography,33,14682,14778,96,[],,173.76,101.28,334.08000000000004,100.80000000000001,392.56,264.40000000000003,117.2,265.12,,,,,,,,,,,,,,,,61,0.6354166666666666,true,,,173.76,101.28,334.08000000000004,100.80000000000001,392.56,264.40000000000003,117.2,265.12
15,sset_15/tracknet-stride-8,static_shuttleset_homography,34,14778,14798,20,[],,173.76,101.28,334.08000000000004,100.80000000000001,392.56,264.40000000000003,117.2,265.12,,,,,,,,,,,,,,,,0,0.0,false,,,173.76,101.28,334.08000000000004,100.80000000000001,392.56,264.40000000000003,117.2,265.12
15,sset_15/tracknet-stride-8,static_shuttleset_homography,35,14798,14821,23,[],,173.76,101.28,334.08000000000004,100.80000000000001,392.56,264.40000000000003,117.2,265.12,,,,,,,,,,,,,,,,0,0.0,false,,,173.76,101.28,334.08000000000004,100.80000000000001,392.56,264.40000000000003,117.2,265.12
15,sset_15/tracknet-stride-8,static_shuttleset_homography,36,14821,14839,18,[],,173.76,101.28,334.08000000000004,100.80000000000001,392.56,264.40000000000003,117.2,265.12,,,,,,,,,,,,,,,,3,0.16666666666666666,false,,,173.76,101.28,334.08000000000004,100.80000000000001,392.56,264.40000000000003,117.2,265.12
15,sset_15/tracknet-stride-8,static_shuttleset_homography,37,14839,14918,79,[],,173.76,101.28,334.08000000000004,100.80000000000001,392.56,264.40000000000003,117.2,265.12,,,,,,,,,,,,,,,,25,0.31645569620253167,false,,,173.76,101.28,334.08000000000004,100.80000000000001,392.56,264.40000000000003,117.2,265.12
15,sset_15/tracknet-stride-8,static_shuttleset_homography,38,14918,14938,20,[],,173.76,101.28,334.08000000000004,100.80000000000001,392.56,264.40000000000003,117.2,265.12,,,,,,,,,,,,,,,,3,0.15,false,,,173.76,101.28,334.08000000000004,100.80000000000001,392.56,264.40000000000003,117.2,265.12
15,sset_15/tracknet-stride-8,static_shuttleset_homography,39,14938,15054,116,[],,173.76,101.28,334.08000000000004,100.80000000000001,392.56,264.40000000000003,117.2,265.12,,,,,,,,,,,,,,,,29,0.25,false,,,173.76,101.28,334.08000000000004,100.80000000000001,392.56,264.40000000000003,117.2,265.12
15,sset_15/tracknet-stride-8,static_shuttleset_homography,40,15054,15694,640,[],,173.76,101.28,334.08000000000004,100.80000000000001,392.56,264.40000000000003,117.2,265.12,,,,,,,,,,,,,,,,104,0.1625,false,,,173.76,101.28,334.08000000000004,100.80000000000001,392.56,264.40000000000003,117.2,265.12
15,sset_15/tracknet-stride-8,static_shuttleset_homography,41,15694,15876,182,[],,173.76,101.28,334.08000000000004,100.80000000000001,392.56,264.40000000000003,117.2,265.12,,,,,,,,,,,,,,,,5,0.027472527472527472,false,,,173.76,101.28,334.08000000000004,100.80000000000001,392.56,264.40000000000003,117.2,265.12
15,sset_15/tracknet-stride-8,static_shuttleset_homography,42,15876,15900,24,[],,173.76,101.28,334.08000000000004,100.80000000000001,392.56,264.40000000000003,117.2,265.12,,,,,,,,,,,,,,,,24,1.0,true,,,173.76,101.28,334.08000000000004,100.80000000000001,392.56,264.40000000000003,117.2,265.12
15,sset_15/tracknet-stride-8,static_shuttleset_homography,43,15900,15974,74,[],,173.76,101.28,334.08000000000004,100.80000000000001,392.56,264.40000000000003,117.2,265.12,,,,,,,,,,,,,,,,40,0.5405405405405406,true,,,173.76,101.28,334.08000000000004,100.80000000000001,392.56,264.40000000000003,117.2,265.12
15,sset_15/tracknet-stride-8,static_shuttleset_homography,44,15974,15989,15,[],,173.76,101.28,334.08000000000004,100.80000000000001,392.56,264.40000000000003,117.2,265.12,,,,,,,,,,,,,,,,1,0.06666666666666667,false,,,173.76,101.28,334.08000000000004,100.80000000000001,392.56,264.40000000000003,117.2,265.12
15,sset_15/tracknet-stride-8,static_shuttleset_homography,45,15989,16053,64,[],,173.76,101.28,334.08000000000004,100.80000000000001,392.56,264.40000000000003,117.2,265.12,,,,,,,,,,,,,,,,11,0.171875,false,,,173.76,101.28,334.08000000000004,100.80000000000001,392.56,264.40000000000003,117.2,265.12
15,sset_15/tracknet-stride-8,static_shuttleset_homography,46,16053,16072,19,[],,173.76,101.28,334.08000000000004,100.80000000000001,392.56,264.40000000000003,117.2,265.12,,,,,,,,,,,,,,,,0,0.0,false,,,173.76,101.28,334.08000000000004,100.80000000000001,392.56,264.40000000000003,117.2,265.12
15,sset_15/tracknet-stride-8,static_shuttleset_homography,47,16072,16086,14,[],,173.76,101.28,334.08000000000004,100.80000000000001,392.56,264.40000000000003,117.2,265.12,,,,,,,,,,,,,,,,0,0.0,false,,,173.76,101.28,334.08000000000004,100.80000000000001,392.56,264.40000000000003,117.2,265.12
15,sset_15/tracknet-stride-8,static_shuttleset_homography,48,16086,16615,529,[],,173.76,101.28,334.08000000000004,100.80000000000001,392.56,264.40000000000003,117.2,265.12,,,,,,,,,,,,,,,,151,0.28544423440453687,false,,,173.76,101.28,334.08000000000004,100.80000000000001,392.56,264.40000000000003,117.2,265.12
15,sset_15/tracknet-stride-8,static_shuttleset_homography,49,16615,17439,824,[],,173.76,101.28,334.08000000000004,100.80000000000001,392.56,264.40000000000003,117.2,265.12,,,,,,,,,,,,,,,,344,0.4174757281553398,false,,,173.76,101.28,334.08000000000004,100.80000000000001,392.56,264.40000000000003,117.2,265.12
15,sset_15/tracknet-stride-8,static_shuttleset_homography,50,17439,17695,256,[],,173.76,101.28,334.08000000000004,100.80000000000001,392.56,264.40000000000003,117.2,265.12,,,,,,,,,,,,,,,,25,0.09765625,false,,,173.76,101.28,334.08000000000004,100.80000000000001,392.56,264.40000000000003,117.2,265.12
15,sset_15/tracknet-stride-8,static_shuttleset_homography,51,17695,18276,581,[],,173.76,101.28,334.08000000000004,100.80000000000001,392.56,264.40000000000003,117.2,265.12,,,,,,,,,,,,,,,,33,0.05679862306368331,false,,,173.76,101.28,334.08000000000004,100.80000000000001,392.56,264.40000000000003,117.2,265.12
15,sset_15/tracknet-stride-8,static_shuttleset_homography,52,18276,18324,48,[],,173.76,101.28,334.08000000000004,100.80000000000001,392.56,264.40000000000003,117.2,265.12,,,,,,,,,,,,,,,,0,0.0,false,,,173.76,101.28,334.08000000000004,100.80000000000001,392.56,264.40000000000003,117.2,265.12
15,sset_15/tracknet-stride-8,static_shuttleset_homography,53,18324,18419,95,[],,173.76,101.28,334.08000000000004,100.80000000000001,392.56,264.40000000000003,117.2,265.12,,,,,,,,,,,,,,,,0,0.0,false,,,173.76,101.28,334.08000000000004,100.80000000000001,392.56,264.40000000000003,117.2,265.12
15,sset_15/tracknet-stride-8,static_shuttleset_homography,54,18419,19269,850,[],,173.76,101.28,334.08000000000004,100.80000000000001,392.56,264.40000000000003,117.2,265.12,,,,,,,,,,,,,,,,70,0.08235294117647059,false,,,173.76,101.28,334.08000000000004,100.80000000000001,392.56,264.40000000000003,117.2,265.12
15,sset_15/tracknet-stride-8,static_shuttleset_homography,55,19269,20820,1551,[],,173.76,101.28,334.08000000000004,100.80000000000001,392.56,264.40000000000003,117.2,265.12,,,,,,,,,,,,,,,,244,0.15731785944551901,false,,,173.76,101.28,334.08000000000004,100.80000000000001,392.56,264.40000000000003,117.2,265.12
15,sset_15/tracknet-stride-8,static_shuttleset_homography,56,20820,21000,180,[],,173.76,101.28,334.08000000000004,100.80000000000001,392.56,264.40000000000003,117.2,265.12,,,,,,,,,,,,,,,,0,0.0,false,,,173.76,101.28,334.08000000000004,100.80000000000001,392.56,264.40000000000003,117.2,265.12
15,sset_15/tracknet-stride-8,static_shuttleset_homography,57,21000,21151,151,[],,173.76,101.28,334.08000000000004,100.80000000000001,392.56,264.40000000000003,117.2,265.12,,,,,,,,,,,,,,,,60,0.3973509933774834,false,,,173.76,101.28,334.08000000000004,100.80000000000001,392.56,264.40000000000003,117.2,265.12
15,sset_15/tracknet-stride-8,static_shuttleset_homography,58,21151,21311,160,[],,173.76,101.28,334.08000000000004,100.80000000000001,392.56,264.40000000000003,117.2,265.12,,,,,,,,,,,,,,,,1,0.00625,false,,,173.76,101.28,334.08000000000004,100.80000000000001,392.56,264.40000000000003,117.2,265.12
15,sset_15/tracknet-stride-8,static_shuttleset_homography,59,21311,21777,466,[],,173.76,101.28,334.08000000000004,100.80000000000001,392.56,264.40000000000003,117.2,265.12,,,,,,,,,,,,,,,,112,0.24034334763948498,false,,,173.76,101.28,334.08000000000004,100.80000000000001,392.56,264.40000000000003,117.2,265.12
15,sset_15/tracknet-stride-8,static_shuttleset_homography,60,21777,22065,288,[],,173.76,101.28,334.08000000000004,100.80000000000001,392.56,264.40000000000003,117.2,265.12,,,,,,,,,,,,,,,,33,0.11458333333333333,false,,,173.76,101.28,334.08000000000004,100.80000000000001,392.56,264.40000000000003,117.2,265.12
15,sset_15/tracknet-stride-8,static_shuttleset_homography,61,22065,22172,107,[],,173.76,101.28,334.08000000000004,100.80000000000001,392.56,264.40000000000003,117.2,265.12,,,,,,,,,,,,,,,,7,0.06542056074766354,false,,,173.76,101.28,334.08000000000004,100.80000000000001,392.56,264.40000000000003,117.2,265.12
15,sset_15/tracknet-stride-8,static_shuttleset_homography,62,22172,22331,159,[],,173.76,101.28,334.08000000000004,100.80000000000001,392.56,264.40000000000003,117.2,265.12,,,,,,,,,,,,,,,,3,0.018867924528301886,false,,,173.76,101.28,334.08000000000004,100.80000000000001,392.56,264.40000000000003,117.2,265.12
15,sset_15/tracknet-stride-8,static_shuttleset_homography,63,22331,22628,297,[],,173.76,101.28,334.08000000000004,100.80000000000001,392.56,264.40000000000003,117.2,265.12,,,,,,,,,,,,,,,,35,0.11784511784511785,false,,,173.76,101.28,334.08000000000004,100.80000000000001,392.56,264.40000000000003,117.2,265.12
15,sset_15/tracknet-stride-8,static_shuttleset_homography,64,22628,22764,136,[],,173.76,101.28,334.08000000000004,100.80000000000001,392.56,264.40000000000003,117.2,265.12,,,,,,,,,,,,,,,,36,0.2647058823529412,false,,,173.76,101.28,334.08000000000004,100.80000000000001,392.56,264.40000000000003,117.2,265.12
15,sset_15/tracknet-stride-8,static_shuttleset_homography,65,22764,23014,250,[],,173.76,101.28,334.08000000000004,100.80000000000001,392.56,264.40000000000003,117.2,265.12,,,,,,,,,,,,,,,,0,0.0,false,,,173.76,101.28,334.08000000000004,100.80000000000001,392.56,264.40000000000003,117.2,265.12
15,sset_15/tracknet-stride-8,static_shuttleset_homography,66,23014,23145,131,[],,173.76,101.28,334.08000000000004,100.80000000000001,392.56,264.40000000000003,117.2,265.12,,,,,,,,,,,,,,,,19,0.1450381679389313,false,,,173.76,101.28,334.08000000000004,100.80000000000001,392.56,264.40000000000003,117.2,265.12
15,sset_15/tracknet-stride-8,static_shuttleset_homography,67,23145,23222,77,[],,173.76,101.28,334.08000000000004,100.80000000000001,392.56,264.40000000000003,117.2,265.12,,,,,,,,,,,,,,,,0,0.0,false,,,173.76,101.28,334.08000000000004,100.80000000000001,392.56,264.40000000000003,117.2,265.12
15,sset_15/tracknet-stride-8,static_shuttleset_homography,68,23222,23422,200,[],,173.76,101.28,334.08000000000004,100.80000000000001,392.56,264.40000000000003,117.2,265.12,,,,,,,,,,,,,,,,21,0.105,false,,,173.76,101.28,334.08000000000004,100.80000000000001,392.56,264.40000000000003,117.2,265.12
15,sset_15/tracknet-stride-8,static_shuttleset_homography,69,23422,23970,548,[],,173.76,101.28,334.08000000000004,100.80000000000001,392.56,264.40000000000003,117.2,265.12,,,,,,,,,,,,,,,,507,0.9251824817518248,true,,,173.76,101.28,334.08000000000004,100.80000000000001,392.56,264.40000000000003,117.2,265.12
15,sset_15/tracknet-stride-8,static_shuttleset_homography,70,23970,24038,68,[],,173.76,101.28,334.08000000000004,100.80000000000001,392.56,264.40000000000003,117.2,265.12,,,,,,,,,,,,,,,,0,0.0,false,,,173.76,101.28,334.08000000000004,100.80000000000001,392.56,264.40000000000003,117.2,265.12
15,sset_15/tracknet-stride-8,static_shuttleset_homography,71,24038,24065,27,[],,173.76,101.28,334.08000000000004,100.80000000000001,392.56,264.40000000000003,117.2,265.12,,,,,,,,,,,,,,,,11,0.4074074074074074,false,,,173.76,101.28,334.08000000000004,100.80000000000001,392.56,264.40000000000003,117.2,265.12
15,sset_15/tracknet-stride-8,static_shuttleset_homography,72,24065,24248,183,[],,173.76,101.28,334.08000000000004,100.80000000000001,392.56,264.40000000000003,117.2,265.12,,,,,,,,,,,,,,,,33,0.18032786885245902,false,,,173.76,101.28,334.08000000000004,100.80000000000001,392.56,264.40000000000003,117.2,265.12
15,sset_15/tracknet-stride-8,static_shuttleset_homography,73,24248,24365,117,[],,173.76,101.28,334.08000000000004,100.80000000000001,392.56,264.40000000000003,117.2,265.12,,,,,,,,,,,,,,,,0,0.0,false,,,173.76,101.28,334.08000000000004,100.80000000000001,392.56,264.40000000000003,117.2,265.12
15,sset_15/tracknet-stride-8,static_shuttleset_homography,74,24365,24710,345,[],,173.76,101.28,334.08000000000004,100.80000000000001,392.56,264.40000000000003,117.2,265.12,,,,,,,,,,,,,,,,340,0.9855072463768116,true,,,173.76,101.28,334.08000000000004,100.80000000000001,392.56,264.40000000000003,117.2,265.12
15,sset_15/tracknet-stride-8,static_shuttleset_homography,75,24710,24814,104,[],,173.76,101.28,334.08000000000004,100.80000000000001,392.56,264.40000000000003,117.2,265.12,,,,,,,,,,,,,,,,33,0.3173076923076923,false,,,173.76,101.28,334.08000000000004,100.80000000000001,392.56,264.40000000000003,117.2,265.12
15,sset_15/tracknet-stride-8,static_shuttleset_homography,76,24814,24998,184,[],,173.76,101.28,334.08000000000004,100.80000000000001,392.56,264.40000000000003,117.2,265.12,,,,,,,,,,,,,,,,28,0.15217391304347827,false,,,173.76,101.28,334.08000000000004,100.80000000000001,392.56,264.40000000000003,117.2,265.12
15,sset_15/tracknet-stride-8,static_shuttleset_homography,77,24998,25111,113,[],,173.76,101.28,334.08000000000004,100.80000000000001,392.56,264.40000000000003,117.2,265.12,,,,,,,,,,,,,,,,2,0.017699115044247787,false,,,173.76,101.28,334.08000000000004,100.80000000000001,392.56,264.40000000000003,117.2,265.12
15,sset_15/tracknet-stride-8,static_shuttleset_homography,78,25111,25270,159,[],,173.76,101.28,334.08000000000004,100.80000000000001,392.56,264.40000000000003,117.2,265.12,,,,,,,,,,,,,,,,159,1.0,true,,,173.76,101.28,334.08000000000004,100.80000000000001,392.56,264.40000000000003,117.2,265.12
15,sset_15/tracknet-stride-8,static_shuttleset_homography,79,25270,25321,51,[],,173.76,101.28,334.08000000000004,100.80000000000001,392.56,264.40000000000003,117.2,265.12,,,,,,,,,,,,,,,,0,0.0,false,,,173.76,101.28,334.08000000000004,100.80000000000001,392.56,264.40000000000003,117.2,265.12
15,sset_15/tracknet-stride-8,static_shuttleset_homography,80,25321,25359,38,[],,173.76,101.28,334.08000000000004,100.80000000000001,392.56,264.40000000000003,117.2,265.12,,,,,,,,,,,,,,,,10,0.2631578947368421,false,,,173.76,101.28,334.08000000000004,100.80000000000001,392.56,264.40000000000003,117.2,265.12
15,sset_15/tracknet-stride-8,static_shuttleset_homography,81,25359,25420,61,[],,173.76,101.28,334.08000000000004,100.80000000000001,392.56,264.40000000000003,117.2,265.12,,,,,,,,,,,,,,,,4,0.06557377049180328,false,,,173.76,101.28,334.08000000000004,100.80000000000001,392.56,264.40000000000003,117.2,265.12
15,sset_15/tracknet-stride-8,static_shuttleset_homography,82,25420,25604,184,[],,173.76,101.28,334.08000000000004,100.80000000000001,392.56,264.40000000000003,117.2,265.12,,,,,,,,,,,,,,,,113,0.6141304347826086,true,,,173.76,101.28,334.08000000000004,100.80000000000001,392.56,264.40000000000003,117.2,265.12
15,sset_15/tracknet-stride-8,static_shuttleset_homography,83,25604,25824,220,[],,173.76,101.28,334.08000000000004,100.80000000000001,392.56,264.40000000000003,117.2,265.12,,,,,,,,,,,,,,,,0,0.0,false,,,173.76,101.28,334.08000000000004,100.80000000000001,392.56,264.40000000000003,117.2,265.12
15,sset_15/tracknet-stride-8,static_shuttleset_homography,84,25824,25925,101,[],,173.76,101.28,334.08000000000004,100.80000000000001,392.56,264.40000000000003,117.2,265.12,,,,,,,,,,,,,,,,101,1.0,true,,,173.76,101.28,334.08000000000004,100.80000000000001,392.56,264.40000000000003,117.2,265.12
15,sset_15/tracknet-stride-8,static_shuttleset_homography,85,25925,26017,92,[],,173.76,101.28,334.08000000000004,100.80000000000001,392.56,264.40000000000003,117.2,265.12,,,,,,,,,,,,,,,,0,0.0,false,,,173.76,101.28,334.08000000000004,100.80000000000001,392.56,264.40000000000003,117.2,265.12
15,sset_15/tracknet-stride-8,static_shuttleset_homography,86,26017,26172,155,[],,173.76,101.28,334.08000000000004,100.80000000000001,392.56,264.40000000000003,117.2,265.12,,,,,,,,,,,,,,,,6,0.03870967741935484,false,,,173.76,101.28,334.08000000000004,100.80000000000001,392.56,264.40000000000003,117.2,265.12
15,sset_15/tracknet-stride-8,static_shuttleset_homography,87,26172,26203,31,[],,173.76,101.28,334.08000000000004,100.80000000000001,392.56,264.40000000000003,117.2,265.12,,,,,,,,,,,,,,,,0,0.0,false,,,173.76,101.28,334.08000000000004,100.80000000000001,392.56,264.40000000000003,117.2,265.12
15,sset_15/tracknet-stride-8,static_shuttleset_homography,88,26203,26433,230,[],,173.76,101.28,334.08000000000004,100.80000000000001,392.56,264.40000000000003,117.2,265.12,,,,,,,,,,,,,,,,228,0.991304347826087,true,,,173.76,101.28,334.08000000000004,100.80000000000001,392.56,264.40000000000003,117.2,265.12
15,sset_15/tracknet-stride-8,static_shuttleset_homography,89,26433,26483,50,[],,173.76,101.28,334.08000000000004,100.80000000000001,392.56,264.40000000000003,117.2,265.12,,,,,,,,,,,,,,,,0,0.0,false,,,173.76,101.28,334.08000000000004,100.80000000000001,392.56,264.40000000000003,117.2,265.12
15,sset_15/tracknet-stride-8,static_shuttleset_homography,90,26483,26789,306,[],,173.76,101.28,334.08000000000004,100.80000000000001,392.56,264.40000000000003,117.2,265.12,,,,,,,,,,,,,,,,6,0.0196078431372549,false,,,173.76,101.28,334.08000000000004,100.80000000000001,392.56,264.40000000000003,117.2,265.12
15,sset_15/tracknet-stride-8,static_shuttleset_homography,91,26789,26985,196,[],,173.76,101.28,334.08000000000004,100.80000000000001,392.56,264.40000000000003,117.2,265.12,,,,,,,,,,,,,,,,0,0.0,false,,,173.76,101.28,334.08000000000004,100.80000000000001,392.56,264.40000000000003,117.2,265.12
15,sset_15/tracknet-stride-8,static_shuttleset_homography,92,26985,27051,66,[],,173.76,101.28,334.08000000000004,100.80000000000001,392.56,264.40000000000003,117.2,265.12,,,,,,,,,,,,,,,,0,0.0,false,,,173.76,101.28,334.08000000000004,100.80000000000001,392.56,264.40000000000003,117.2,265.12
15,sset_15/tracknet-stride-8,static_shuttleset_homography,93,27051,27210,159,[],,173.76,101.28,334.08000000000004,100.80000000000001,392.56,264.40000000000003,117.2,265.12,,,,,,,,,,,,,,,,41,0.2578616352201258,false,,,173.76,101.28,334.08000000000004,100.80000000000001,392.56,264.40000000000003,117.2,265.12
15,sset_15/tracknet-stride-8,static_shuttleset_homography,94,27210,27511,301,[],,173.76,101.28,334.08000000000004,100.80000000000001,392.56,264.40000000000003,117.2,265.12,,,,,,,,,,,,,,,,13,0.04318936877076412,false,,,173.76,101.28,334.08000000000004,100.80000000000001,392.56,264.40000000000003,117.2,265.12
15,sset_15/tracknet-stride-8,static_shuttleset_homography,95,27511,27662,151,[],,173.76,101.28,334.08000000000004,100.80000000000001,392.56,264.40000000000003,117.2,265.12,,,,,,,,,,,,,,,,151,1.0,true,,,173.76,101.28,334.08000000000004,100.80000000000001,392.56,264.40000000000003,117.2,265.12
15,sset_15/tracknet-stride-8,static_shuttleset_homography,96,27662,27761,99,[],,173.76,101.28,334.08000000000004,100.80000000000001,392.56,264.40000000000003,117.2,265.12,,,,,,,,,,,,,,,,25,0.25252525252525254,false,,,173.76,101.28,334.08000000000004,100.80000000000001,392.56,264.40000000000003,117.2,265.12
15,sset_15/tracknet-stride-8,static_shuttleset_homography,97,27761,28003,242,[],,173.76,101.28,334.08000000000004,100.80000000000001,392.56,264.40000000000003,117.2,265.12,,,,,,,,,,,,,,,,7,0.028925619834710745,false,,,173.76,101.28,334.08000000000004,100.80000000000001,392.56,264.40000000000003,117.2,265.12
15,sset_15/tracknet-stride-8,static_shuttleset_homography,98,28003,28504,501,[],,173.76,101.28,334.08000000000004,100.80000000000001,392.56,264.40000000000003,117.2,265.12,,,,,,,,,,,,,,,,496,0.9900199600798403,true,,,173.76,101.28,334.08000000000004,100.80000000000001,392.56,264.40000000000003,117.2,265.12
15,sset_15/tracknet-stride-8,static_shuttleset_homography,99,28504,28594,90,[],,173.76,101.28,334.08000000000004,100.80000000000001,392.56,264.40000000000003,117.2,265.12,,,,,,,,,,,,,,,,16,0.17777777777777778,false,,,173.76,101.28,334.08000000000004,100.80000000000001,392.56,264.40000000000003,117.2,265.12
15,sset_15/tracknet-stride-8,static_shuttleset_homography,100,28594,28670,76,[],,173.76,101.28,334.08000000000004,100.80000000000001,392.56,264.40000000000003,117.2,265.12,,,,,,,,,,,,,,,,4,0.05263157894736842,false,,,173.76,101.28,334.08000000000004,100.80000000000001,392.56,264.40000000000003,117.2,265.12
15,sset_15/tracknet-stride-8,static_shuttleset_homography,101,28670,28858,188,[],,173.76,101.28,334.08000000000004,100.80000000000001,392.56,264.40000000000003,117.2,265.12,,,,,,,,,,,,,,,,171,0.9095744680851063,true,,,173.76,101.28,334.08000000000004,100.80000000000001,392.56,264.40000000000003,117.2,265.12
15,sset_15/tracknet-stride-8,static_shuttleset_homography,102,28858,29117,259,[],,173.76,101.28,334.08000000000004,100.80000000000001,392.56,264.40000000000003,117.2,265.12,,,,,,,,,,,,,,,,31,0.11969111969111969,false,,,173.76,101.28,334.08000000000004,100.80000000000001,392.56,264.40000000000003,117.2,265.12
15,sset_15/tracknet-stride-8,static_shuttleset_homography,103,29117,29261,144,[],,173.76,101.28,334.08000000000004,100.80000000000001,392.56,264.40000000000003,117.2,265.12,,,,,,,,,,,,,,,,144,1.0,true,,,173.76,101.28,334.08000000000004,100.80000000000001,392.56,264.40000000000003,117.2,265.12
15,sset_15/tracknet-stride-8,static_shuttleset_homography,104,29261,29341,80,[],,173.76,101.28,334.08000000000004,100.80000000000001,392.56,264.40000000000003,117.2,265.12,,,,,,,,,,,,,,,,9,0.1125,false,,,173.76,101.28,334.08000000000004,100.80000000000001,392.56,264.40000000000003,117.2,265.12
15,sset_15/tracknet-stride-8,static_shuttleset_homography,105,29341,29425,84,[],,173.76,101.28,334.08000000000004,100.80000000000001,392.56,264.40000000000003,117.2,265.12,,,,,,,,,,,,,,,,9,0.10714285714285714,false,,,173.76,101.28,334.08000000000004,100.80000000000001,392.56,264.40000000000003,117.2,265.12
15,sset_15/tracknet-stride-8,static_shuttleset_homography,106,29425,29568,143,[],,173.76,101.28,334.08000000000004,100.80000000000001,392.56,264.40000000000003,117.2,265.12,,,,,,,,,,,,,,,,120,0.8391608391608392,true,,,173.76,101.28,334.08000000000004,100.80000000000001,392.56,264.40000000000003,117.2,265.12
15,sset_15/tracknet-stride-8,static_shuttleset_homography,107,29568,29745,177,[],,173.76,101.28,334.08000000000004,100.80000000000001,392.56,264.40000000000003,117.2,265.12,,,,,,,,,,,,,,,,0,0.0,false,,,173.76,101.28,334.08000000000004,100.80000000000001,392.56,264.40000000000003,117.2,265.12
15,sset_15/tracknet-stride-8,static_shuttleset_homography,108,29745,30156,411,[],,173.76,101.28,334.08000000000004,100.80000000000001,392.56,264.40000000000003,117.2,265.12,,,,,,,,,,,,,,,,407,0.9902676399026764,true,,,173.76,101.28,334.08000000000004,100.80000000000001,392.56,264.40000000000003,117.2,265.12
15,sset_15/tracknet-stride-8,static_shuttleset_homography,109,30156,30206,50,[],,173.76,101.28,334.08000000000004,100.80000000000001,392.56,264.40000000000003,117.2,265.12,,,,,,,,,,,,,,,,0,0.0,false,,,173.76,101.28,334.08000000000004,100.80000000000001,392.56,264.40000000000003,117.2,265.12
15,sset_15/tracknet-stride-8,static_shuttleset_homography,110,30206,30246,40,[],,173.76,101.28,334.08000000000004,100.80000000000001,392.56,264.40000000000003,117.2,265.12,,,,,,,,,,,,,,,,5,0.125,false,,,173.76,101.28,334.08000000000004,100.80000000000001,392.56,264.40000000000003,117.2,265.12
15,sset_15/tracknet-stride-8,static_shuttleset_homography,111,30246,30313,67,[],,173.76,101.28,334.08000000000004,100.80000000000001,392.56,264.40000000000003,117.2,265.12,,,,,,,,,,,,,,,,15,0.22388059701492538,false,,,173.76,101.28,334.08000000000004,100.80000000000001,392.56,264.40000000000003,117.2,265.12
15,sset_15/tracknet-stride-8,static_shuttleset_homography,112,30313,30667,354,[],,173.76,101.28,334.08000000000004,100.80000000000001,392.56,264.40000000000003,117.2,265.12,,,,,,,,,,,,,,,,129,0.3644067796610169,false,,,173.76,101.28,334.08000000000004,100.80000000000001,392.56,264.40000000000003,117.2,265.12
15,sset_15/tracknet-stride-8,static_shuttleset_homography,113,30667,30841,174,[],,173.76,101.28,334.08000000000004,100.80000000000001,392.56,264.40000000000003,117.2,265.12,,,,,,,,,,,,,,,,5,0.028735632183908046,false,,,173.76,101.28,334.08000000000004,100.80000000000001,392.56,264.40000000000003,117.2,265.12
15,sset_15/tracknet-stride-8,static_shuttleset_homography,114,30841,30940,99,[],,173.76,101.28,334.08000000000004,100.80000000000001,392.56,264.40000000000003,117.2,265.12,,,,,,,,,,,,,,,,0,0.0,false,,,173.76,101.28,334.08000000000004,100.80000000000001,392.56,264.40000000000003,117.2,265.12
15,sset_15/tracknet-stride-8,static_shuttleset_homography,115,30940,31075,135,[],,173.76,101.28,334.08000000000004,100.80000000000001,392.56,264.40000000000003,117.2,265.12,,,,,,,,,,,,,,,,129,0.9555555555555556,true,,,173.76,101.28,334.08000000000004,100.80000000000001,392.56,264.40000000000003,117.2,265.12
15,sset_15/tracknet-stride-8,static_shuttleset_homography,116,31075,31098,23,[],,173.76,101.28,334.08000000000004,100.80000000000001,392.56,264.40000000000003,117.2,265.12,,,,,,,,,,,,,,,,0,0.0,false,,,173.76,101.28,334.08000000000004,100.80000000000001,392.56,264.40000000000003,117.2,265.12
15,sset_15/tracknet-stride-8,static_shuttleset_homography,117,31098,31233,135,[],,173.76,101.28,334.08000000000004,100.80000000000001,392.56,264.40000000000003,117.2,265.12,,,,,,,,,,,,,,,,43,0.31851851851851853,false,,,173.76,101.28,334.08000000000004,100.80000000000001,392.56,264.40000000000003,117.2,265.12
15,sset_15/tracknet-stride-8,static_shuttleset_homography,118,31233,31391,158,[],,173.76,101.28,334.08000000000004,100.80000000000001,392.56,264.40000000000003,117.2,265.12,,,,,,,,,,,,,,,,139,0.879746835443038,true,,,173.76,101.28,334.08000000000004,100.80000000000001,392.56,264.40000000000003,117.2,265.12
15,sset_15/tracknet-stride-8,static_shuttleset_homography,119,31391,31536,145,[],,173.76,101.28,334.08000000000004,100.80000000000001,392.56,264.40000000000003,117.2,265.12,,,,,,,,,,,,,,,,0,0.0,false,,,173.76,101.28,334.08000000000004,100.80000000000001,392.56,264.40000000000003,117.2,265.12
15,sset_15/tracknet-stride-8,static_shuttleset_homography,120,31536,31704,168,[],,173.76,101.28,334.08000000000004,100.80000000000001,392.56,264.40000000000003,117.2,265.12,,,,,,,,,,,,,,,,159,0.9464285714285714,true,,,173.76,101.28,334.08000000000004,100.80000000000001,392.56,264.40000000000003,117.2,265.12
15,sset_15/tracknet-stride-8,static_shuttleset_homography,121,31704,31774,70,[],,173.76,101.28,334.08000000000004,100.80000000000001,392.56,264.40000000000003,117.2,265.12,,,,,,,,,,,,,,,,5,0.07142857142857142,false,,,173.76,101.28,334.08000000000004,100.80000000000001,392.56,264.40000000000003,117.2,265.12
15,sset_15/tracknet-stride-8,static_shuttleset_homography,122,31774,31863,89,[],,173.76,101.28,334.08000000000004,100.80000000000001,392.56,264.40000000000003,117.2,265.12,,,,,,,,,,,,,,,,1,0.011235955056179775,false,,,173.76,101.28,334.08000000000004,100.80000000000001,392.56,264.40000000000003,117.2,265.12
15,sset_15/tracknet-stride-8,static_shuttleset_homography,123,31863,32084,221,[],,173.76,101.28,334.08000000000004,100.80000000000001,392.56,264.40000000000003,117.2,265.12,,,,,,,,,,,,,,,,150,0.6787330316742082,true,,,173.76,101.28,334.08000000000004,100.80000000000001,392.56,264.40000000000003,117.2,265.12
15,sset_15/tracknet-stride-8,static_shuttleset_homography,124,32084,32442,358,[],,173.76,101.28,334.08000000000004,100.80000000000001,392.56,264.40000000000003,117.2,265.12,,,,,,,,,,,,,,,,2,0.00558659217877095,false,,,173.76,101.28,334.08000000000004,100.80000000000001,392.56,264.40000000000003,117.2,265.12
15,sset_15/tracknet-stride-8,static_shuttleset_homography,125,32442,32456,14,[],,173.76,101.28,334.08000000000004,100.80000000000001,392.56,264.40000000000003,117.2,265.12,,,,,,,,,,,,,,,,3,0.21428571428571427,false,,,173.76,101.28,334.08000000000004,100.80000000000001,392.56,264.40000000000003,117.2,265.12
15,sset_15/tracknet-stride-8,static_shuttleset_homography,126,32456,32471,15,[],,173.76,101.28,334.08000000000004,100.80000000000001,392.56,264.40000000000003,117.2,265.12,,,,,,,,,,,,,,,,13,0.8666666666666667,true,,,173.76,101.28,334.08000000000004,100.80000000000001,392.56,264.40000000000003,117.2,265.12
15,sset_15/tracknet-stride-8,static_shuttleset_homography,127,32471,32568,97,[],,173.76,101.28,334.08000000000004,100.80000000000001,392.56,264.40000000000003,117.2,265.12,,,,,,,,,,,,,,,,4,0.041237113402061855,false,,,173.76,101.28,334.08000000000004,100.80000000000001,392.56,264.40000000000003,117.2,265.12
15,sset_15/tracknet-stride-8,static_shuttleset_homography,128,32568,32582,14,[],,173.76,101.28,334.08000000000004,100.80000000000001,392.56,264.40000000000003,117.2,265.12,,,,,,,,,,,,,,,,1,0.07142857142857142,false,,,173.76,101.28,334.08000000000004,100.80000000000001,392.56,264.40000000000003,117.2,265.12
15,sset_15/tracknet-stride-8,static_shuttleset_homography,129,32582,32630,48,[],,173.76,101.28,334.08000000000004,100.80000000000001,392.56,264.40000000000003,117.2,265.12,,,,,,,,,,,,,,,,11,0.22916666666666666,false,,,173.76,101.28,334.08000000000004,100.80000000000001,392.56,264.40000000000003,117.2,265.12
15,sset_15/tracknet-stride-8,static_shuttleset_homography,130,32630,32735,105,[],,173.76,101.28,334.08000000000004,100.80000000000001,392.56,264.40000000000003,117.2,265.12,,,,,,,,,,,,,,,,53,0.5047619047619047,true,,,173.76,101.28,334.08000000000004,100.80000000000001,392.56,264.40000000000003,117.2,265.12
15,sset_15/tracknet-stride-8,static_shuttleset_homography,131,32735,32853,118,[],,173.76,101.28,334.08000000000004,100.80000000000001,392.56,264.40000000000003,117.2,265.12,,,,,,,,,,,,,,,,0,0.0,false,,,173.76,101.28,334.08000000000004,100.80000000000001,392.56,264.40000000000003,117.2,265.12
15,sset_15/tracknet-stride-8,static_shuttleset_homography,132,32853,33239,386,[],,173.76,101.28,334.08000000000004,100.80000000000001,392.56,264.40000000000003,117.2,265.12,,,,,,,,,,,,,,,,384,0.9948186528497409,true,,,173.76,101.28,334.08000000000004,100.80000000000001,392.56,264.40000000000003,117.2,265.12
15,sset_15/tracknet-stride-8,static_shuttleset_homography,133,33239,33275,36,[],,173.76,101.28,334.08000000000004,100.80000000000001,392.56,264.40000000000003,117.2,265.12,,,,,,,,,,,,,,,,2,0.05555555555555555,false,,,173.76,101.28,334.08000000000004,100.80000000000001,392.56,264.40000000000003,117.2,265.12
15,sset_15/tracknet-stride-8,static_shuttleset_homography,134,33275,33363,88,[],,173.76,101.28,334.08000000000004,100.80000000000001,392.56,264.40000000000003,117.2,265.12,,,,,,,,,,,,,,,,0,0.0,false,,,173.76,101.28,334.08000000000004,100.80000000000001,392.56,264.40000000000003,117.2,265.12
15,sset_15/tracknet-stride-8,static_shuttleset_homography,135,33363,33535,172,[],,173.76,101.28,334.08000000000004,100.80000000000001,392.56,264.40000000000003,117.2,265.12,,,,,,,,,,,,,,,,155,0.9011627906976745,true,,,173.76,101.28,334.08000000000004,100.80000000000001,392.56,264.40000000000003,117.2,265.12
15,sset_15/tracknet-stride-8,static_shuttleset_homography,136,33535,33881,346,[],,173.76,101.28,334.08000000000004,100.80000000000001,392.56,264.40000000000003,117.2,265.12,,,,,,,,,,,,,,,,3,0.008670520231213872,false,,,173.76,101.28,334.08000000000004,100.80000000000001,392.56,264.40000000000003,117.2,265.12
15,sset_15/tracknet-stride-8,static_shuttleset_homography,137,33881,33981,100,[],,173.76,101.28,334.08000000000004,100.80000000000001,392.56,264.40000000000003,117.2,265.12,,,,,,,,,,,,,,,,5,0.05,false,,,173.76,101.28,334.08000000000004,100.80000000000001,392.56,264.40000000000003,117.2,265.12
15,sset_15/tracknet-stride-8,static_shuttleset_homography,138,33981,34194,213,[],,173.76,101.28,334.08000000000004,100.80000000000001,392.56,264.40000000000003,117.2,265.12,,,,,,,,,,,,,,,,210,0.9859154929577465,true,,,173.76,101.28,334.08000000000004,100.80000000000001,392.56,264.40000000000003,117.2,265.12
15,sset_15/tracknet-stride-8,static_shuttleset_homography,139,34194,34251,57,[],,173.76,101.28,334.08000000000004,100.80000000000001,392.56,264.40000000000003,117.2,265.12,,,,,,,,,,,,,,,,2,0.03508771929824561,false,,,173.76,101.28,334.08000000000004,100.80000000000001,392.56,264.40000000000003,117.2,265.12
15,sset_15/tracknet-stride-8,static_shuttleset_homography,140,34251,34284,33,[],,173.76,101.28,334.08000000000004,100.80000000000001,392.56,264.40000000000003,117.2,265.12,,,,,,,,,,,,,,,,8,0.24242424242424243,false,,,173.76,101.28,334.08000000000004,100.80000000000001,392.56,264.40000000000003,117.2,265.12
15,sset_15/tracknet-stride-8,static_shuttleset_homography,141,34284,34368,84,[],,173.76,101.28,334.08000000000004,100.80000000000001,392.56,264.40000000000003,117.2,265.12,,,,,,,,,,,,,,,,6,0.07142857142857142,false,,,173.76,101.28,334.08000000000004,100.80000000000001,392.56,264.40000000000003,117.2,265.12
15,sset_15/tracknet-stride-8,static_shuttleset_homography,142,34368,34522,154,[],,173.76,101.28,334.08000000000004,100.80000000000001,392.56,264.40000000000003,117.2,265.12,,,,,,,,,,,,,,,,121,0.7857142857142857,true,,,173.76,101.28,334.08000000000004,100.80000000000001,392.56,264.40000000000003,117.2,265.12
15,sset_15/tracknet-stride-8,static_shuttleset_homography,143,34522,34677,155,[],,173.76,101.28,334.08000000000004,100.80000000000001,392.56,264.40000000000003,117.2,265.12,,,,,,,,,,,,,,,,4,0.025806451612903226,false,,,173.76,101.28,334.08000000000004,100.80000000000001,392.56,264.40000000000003,117.2,265.12
15,sset_15/tracknet-stride-8,static_shuttleset_homography,144,34677,34896,219,[],,173.76,101.28,334.08000000000004,100.80000000000001,392.56,264.40000000000003,117.2,265.12,,,,,,,,,,,,,,,,71,0.3242009132420091,false,,,173.76,101.28,334.08000000000004,100.80000000000001,392.56,264.40000000000003,117.2,265.12
15,sset_15/tracknet-stride-8,static_shuttleset_homography,145,34896,35096,200,[],,173.76,101.28,334.08000000000004,100.80000000000001,392.56,264.40000000000003,117.2,265.12,,,,,,,,,,,,,,,,0,0.0,false,,,173.76,101.28,334.08000000000004,100.80000000000001,392.56,264.40000000000003,117.2,265.12
15,sset_15/tracknet-stride-8,static_shuttleset_homography,146,35096,35552,456,[],,173.76,101.28,334.08000000000004,100.80000000000001,392.56,264.40000000000003,117.2,265.12,,,,,,,,,,,,,,,,422,0.9254385964912281,true,,,173.76,101.28,334.08000000000004,100.80000000000001,392.56,264.40000000000003,117.2,265.12
15,sset_15/tracknet-stride-8,static_shuttleset_homography,147,35552,35624,72,[],,173.76,101.28,334.08000000000004,100.80000000000001,392.56,264.40000000000003,117.2,265.12,,,,,,,,,,,,,,,,8,0.1111111111111111,false,,,173.76,101.28,334.08000000000004,100.80000000000001,392.56,264.40000000000003,117.2,265.12
15,sset_15/tracknet-stride-8,static_shuttleset_homography,148,35624,35639,15,[],,173.76,101.28,334.08000000000004,100.80000000000001,392.56,264.40000000000003,117.2,265.12,,,,,,,,,,,,,,,,5,0.3333333333333333,false,,,173.76,101.28,334.08000000000004,100.80000000000001,392.56,264.40000000000003,117.2,265.12
15,sset_15/tracknet-stride-8,static_shuttleset_homography,149,35639,35678,39,[],,173.76,101.28,334.08000000000004,100.80000000000001,392.56,264.40000000000003,117.2,265.12,,,,,,,,,,,,,,,,12,0.3076923076923077,false,,,173.76,101.28,334.08000000000004,100.80000000000001,392.56,264.40000000000003,117.2,265.12
15,sset_15/tracknet-stride-8,static_shuttleset_homography,150,35678,35768,90,[],,173.76,101.28,334.08000000000004,100.80000000000001,392.56,264.40000000000003,117.2,265.12,,,,,,,,,,,,,,,,8,0.08888888888888889,false,,,173.76,101.28,334.08000000000004,100.80000000000001,392.56,264.40000000000003,117.2,265.12
15,sset_15/tracknet-stride-8,static_shuttleset_homography,151,35768,36015,247,[],,173.76,101.28,334.08000000000004,100.80000000000001,392.56,264.40000000000003,117.2,265.12,,,,,,,,,,,,,,,,48,0.19433198380566802,false,,,173.76,101.28,334.08000000000004,100.80000000000001,392.56,264.40000000000003,117.2,265.12
15,sset_15/tracknet-stride-8,static_shuttleset_homography,152,36015,36048,33,[],,173.76,101.28,334.08000000000004,100.80000000000001,392.56,264.40000000000003,117.2,265.12,,,,,,,,,,,,,,,,0,0.0,false,,,173.76,101.28,334.08000000000004,100.80000000000001,392.56,264.40000000000003,117.2,265.12
15,sset_15/tracknet-stride-8,static_shuttleset_homography,153,36048,36246,198,[],,173.76,101.28,334.08000000000004,100.80000000000001,392.56,264.40000000000003,117.2,265.12,,,,,,,,,,,,,,,,197,0.9949494949494949,true,,,173.76,101.28,334.08000000000004,100.80000000000001,392.56,264.40000000000003,117.2,265.12
15,sset_15/tracknet-stride-8,static_shuttleset_homography,154,36246,36528,282,[],,173.76,101.28,334.08000000000004,100.80000000000001,392.56,264.40000000000003,117.2,265.12,,,,,,,,,,,,,,,,1,0.0035460992907801418,false,,,173.76,101.28,334.08000000000004,100.80000000000001,392.56,264.40000000000003,117.2,265.12
15,sset_15/tracknet-stride-8,static_shuttleset_homography,155,36528,36612,84,[],,173.76,101.28,334.08000000000004,100.80000000000001,392.56,264.40000000000003,117.2,265.12,,,,,,,,,,,,,,,,0,0.0,false,,,173.76,101.28,334.08000000000004,100.80000000000001,392.56,264.40000000000003,117.2,265.12
15,sset_15/tracknet-stride-8,static_shuttleset_homography,156,36612,36745,133,[],,173.76,101.28,334.08000000000004,100.80000000000001,392.56,264.40000000000003,117.2,265.12,,,,,,,,,,,,,,,,0,0.0,false,,,173.76,101.28,334.08000000000004,100.80000000000001,392.56,264.40000000000003,117.2,265.12
15,sset_15/tracknet-stride-8,static_shuttleset_homography,157,36745,36909,164,[],,173.76,101.28,334.08000000000004,100.80000000000001,392.56,264.40000000000003,117.2,265.12,,,,,,,,,,,,,,,,7,0.042682926829268296,false,,,173.76,101.28,334.08000000000004,100.80000000000001,392.56,264.40000000000003,117.2,265.12
15,sset_15/tracknet-stride-8,static_shuttleset_homography,158,36909,37002,93,[],,173.76,101.28,334.08000000000004,100.80000000000001,392.56,264.40000000000003,117.2,265.12,,,,,,,,,,,,,,,,15,0.16129032258064516,false,,,173.76,101.28,334.08000000000004,100.80000000000001,392.56,264.40000000000003,117.2,265.12
15,sset_15/tracknet-stride-8,static_shuttleset_homography,159,37002,37032,30,[],,173.76,101.28,334.08000000000004,100.80000000000001,392.56,264.40000000000003,117.2,265.12,,,,,,,,,,,,,,,,2,0.06666666666666667,false,,,173.76,101.28,334.08000000000004,100.80000000000001,392.56,264.40000000000003,117.2,265.12
15,sset_15/tracknet-stride-8,static_shuttleset_homography,160,37032,37341,309,[],,173.76,101.28,334.08000000000004,100.80000000000001,392.56,264.40000000000003,117.2,265.12,,,,,,,,,,,,,,,,56,0.18122977346278318,false,,,173.76,101.28,334.08000000000004,100.80000000000001,392.56,264.40000000000003,117.2,265.12
15,sset_15/tracknet-stride-8,static_shuttleset_homography,161,37341,37441,100,[],,173.76,101.28,334.08000000000004,100.80000000000001,392.56,264.40000000000003,117.2,265.12,,,,,,,,,,,,,,,,0,0.0,false,,,173.76,101.28,334.08000000000004,100.80000000000001,392.56,264.40000000000003,117.2,265.12
15,sset_15/tracknet-stride-8,static_shuttleset_homography,162,37441,37793,352,[],,173.76,101.28,334.08000000000004,100.80000000000001,392.56,264.40000000000003,117.2,265.12,,,,,,,,,,,,,,,,291,0.8267045454545454,true,,,173.76,101.28,334.08000000000004,100.80000000000001,392.56,264.40000000000003,117.2,265.12
15,sset_15/tracknet-stride-8,static_shuttleset_homography,163,37793,37817,24,[],,173.76,101.28,334.08000000000004,100.80000000000001,392.56,264.40000000000003,117.2,265.12,,,,,,,,,,,,,,,,9,0.375,false,,,173.76,101.28,334.08000000000004,100.80000000000001,392.56,264.40000000000003,117.2,265.12
15,sset_15/tracknet-stride-8,static_shuttleset_homography,164,37817,37899,82,[],,173.76,101.28,334.08000000000004,100.80000000000001,392.56,264.40000000000003,117.2,265.12,,,,,,,,,,,,,,,,42,0.5121951219512195,true,,,173.76,101.28,334.08000000000004,100.80000000000001,392.56,264.40000000000003,117.2,265.12
15,sset_15/tracknet-stride-8,static_shuttleset_homography,165,37899,37934,35,[],,173.76,101.28,334.08000000000004,100.80000000000001,392.56,264.40000000000003,117.2,265.12,,,,,,,,,,,,,,,,1,0.02857142857142857,false,,,173.76,101.28,334.08000000000004,100.80000000000001,392.56,264.40000000000003,117.2,265.12
15,sset_15/tracknet-stride-8,static_shuttleset_homography,166,37934,38066,132,[],,173.76,101.28,334.08000000000004,100.80000000000001,392.56,264.40000000000003,117.2,265.12,,,,,,,,,,,,,,,,15,0.11363636363636363,false,,,173.76,101.28,334.08000000000004,100.80000000000001,392.56,264.40000000000003,117.2,265.12
15,sset_15/tracknet-stride-8,static_shuttleset_homography,167,38066,38204,138,[],,173.76,101.28,334.08000000000004,100.80000000000001,392.56,264.40000000000003,117.2,265.12,,,,,,,,,,,,,,,,0,0.0,false,,,173.76,101.28,334.08000000000004,100.80000000000001,392.56,264.40000000000003,117.2,265.12
15,sset_15/tracknet-stride-8,static_shuttleset_homography,168,38204,38471,267,[],,173.76,101.28,334.08000000000004,100.80000000000001,392.56,264.40000000000003,117.2,265.12,,,,,,,,,,,,,,,,230,0.8614232209737828,true,,,173.76,101.28,334.08000000000004,100.80000000000001,392.56,264.40000000000003,117.2,265.12
15,sset_15/tracknet-stride-8,static_shuttleset_homography,169,38471,38671,200,[],,173.76,101.28,334.08000000000004,100.80000000000001,392.56,264.40000000000003,117.2,265.12,,,,,,,,,,,,,,,,16,0.08,false,,,173.76,101.28,334.08000000000004,100.80000000000001,392.56,264.40000000000003,117.2,265.12
15,sset_15/tracknet-stride-8,static_shuttleset_homography,170,38671,38800,129,[],,173.76,101.28,334.08000000000004,100.80000000000001,392.56,264.40000000000003,117.2,265.12,,,,,,,,,,,,,,,,0,0.0,false,,,173.76,101.28,334.08000000000004,100.80000000000001,392.56,264.40000000000003,117.2,265.12
15,sset_15/tracknet-stride-8,static_shuttleset_homography,171,38800,38843,43,[],,173.76,101.28,334.08000000000004,100.80000000000001,392.56,264.40000000000003,117.2,265.12,,,,,,,,,,,,,,,,0,0.0,false,,,173.76,101.28,334.08000000000004,100.80000000000001,392.56,264.40000000000003,117.2,265.12
15,sset_15/tracknet-stride-8,static_shuttleset_homography,172,38843,39042,199,[],,173.76,101.28,334.08000000000004,100.80000000000001,392.56,264.40000000000003,117.2,265.12,,,,,,,,,,,,,,,,195,0.9798994974874372,true,,,173.76,101.28,334.08000000000004,100.80000000000001,392.56,264.40000000000003,117.2,265.12
15,sset_15/tracknet-stride-8,static_shuttleset_homography,173,39042,39093,51,[],,173.76,101.28,334.08000000000004,100.80000000000001,392.56,264.40000000000003,117.2,265.12,,,,,,,,,,,,,,,,1,0.0196078431372549,false,,,173.76,101.28,334.08000000000004,100.80000000000001,392.56,264.40000000000003,117.2,265.12
15,sset_15/tracknet-stride-8,static_shuttleset_homography,174,39093,39149,56,[],,173.76,101.28,334.08000000000004,100.80000000000001,392.56,264.40000000000003,117.2,265.12,,,,,,,,,,,,,,,,0,0.0,false,,,173.76,101.28,334.08000000000004,100.80000000000001,392.56,264.40000000000003,117.2,265.12
15,sset_15/tracknet-stride-8,static_shuttleset_homography,175,39149,39190,41,[],,173.76,101.28,334.08000000000004,100.80000000000001,392.56,264.40000000000003,117.2,265.12,,,,,,,,,,,,,,,,2,0.04878048780487805,false,,,173.76,101.28,334.08000000000004,100.80000000000001,392.56,264.40000000000003,117.2,265.12
15,sset_15/tracknet-stride-8,static_shuttleset_homography,176,39190,39211,21,[],,173.76,101.28,334.08000000000004,100.80000000000001,392.56,264.40000000000003,117.2,265.12,,,,,,,,,,,,,,,,4,0.19047619047619047,false,,,173.76,101.28,334.08000000000004,100.80000000000001,392.56,264.40000000000003,117.2,265.12
15,sset_15/tracknet-stride-8,static_shuttleset_homography,177,39211,39345,134,[],,173.76,101.28,334.08000000000004,100.80000000000001,392.56,264.40000000000003,117.2,265.12,,,,,,,,,,,,,,,,101,0.753731343283582,true,,,173.76,101.28,334.08000000000004,100.80000000000001,392.56,264.40000000000003,117.2,265.12
15,sset_15/tracknet-stride-8,static_shuttleset_homography,178,39345,39543,198,[],,173.76,101.28,334.08000000000004,100.80000000000001,392.56,264.40000000000003,117.2,265.12,,,,,,,,,,,,,,,,0,0.0,false,,,173.76,101.28,334.08000000000004,100.80000000000001,392.56,264.40000000000003,117.2,265.12
15,sset_15/tracknet-stride-8,static_shuttleset_homography,179,39543,39686,143,[],,173.76,101.28,334.08000000000004,100.80000000000001,392.56,264.40000000000003,117.2,265.12,,,,,,,,,,,,,,,,143,1.0,true,,,173.76,101.28,334.08000000000004,100.80000000000001,392.56,264.40000000000003,117.2,265.12
15,sset_15/tracknet-stride-8,static_shuttleset_homography,180,39686,39753,67,[],,173.76,101.28,334.08000000000004,100.80000000000001,392.56,264.40000000000003,117.2,265.12,,,,,,,,,,,,,,,,7,0.1044776119402985,false,,,173.76,101.28,334.08000000000004,100.80000000000001,392.56,264.40000000000003,117.2,265.12
15,sset_15/tracknet-stride-8,static_shuttleset_homography,181,39753,39796,43,[],,173.76,101.28,334.08000000000004,100.80000000000001,392.56,264.40000000000003,117.2,265.12,,,,,,,,,,,,,,,,7,0.16279069767441862,false,,,173.76,101.28,334.08000000000004,100.80000000000001,392.56,264.40000000000003,117.2,265.12
15,sset_15/tracknet-stride-8,static_shuttleset_homography,182,39796,39886,90,[],,173.76,101.28,334.08000000000004,100.80000000000001,392.56,264.40000000000003,117.2,265.12,,,,,,,,,,,,,,,,3,0.03333333333333333,false,,,173.76,101.28,334.08000000000004,100.80000000000001,392.56,264.40000000000003,117.2,265.12
15,sset_15/tracknet-stride-8,static_shuttleset_homography,183,39886,39992,106,[],,173.76,101.28,334.08000000000004,100.80000000000001,392.56,264.40000000000003,117.2,265.12,,,,,,,,,,,,,,,,4,0.03773584905660377,false,,,173.76,101.28,334.08000000000004,100.80000000000001,392.56,264.40000000000003,117.2,265.12
15,sset_15/tracknet-stride-8,static_shuttleset_homography,184,39992,40093,101,[],,173.76,101.28,334.08000000000004,100.80000000000001,392.56,264.40000000000003,117.2,265.12,,,,,,,,,,,,,,,,0,0.0,false,,,173.76,101.28,334.08000000000004,100.80000000000001,392.56,264.40000000000003,117.2,265.12
15,sset_15/tracknet-stride-8,static_shuttleset_homography,185,40093,40446,353,[],,173.76,101.28,334.08000000000004,100.80000000000001,392.56,264.40000000000003,117.2,265.12,,,,,,,,,,,,,,,,324,0.9178470254957507,true,,,173.76,101.28,334.08000000000004,100.80000000000001,392.56,264.40000000000003,117.2,265.12
15,sset_15/tracknet-stride-8,static_shuttleset_homography,186,40446,40672,226,[],,173.76,101.28,334.08000000000004,100.80000000000001,392.56,264.40000000000003,117.2,265.12,,,,,,,,,,,,,,,,2,0.008849557522123894,false,,,173.76,101.28,334.08000000000004,100.80000000000001,392.56,264.40000000000003,117.2,265.12
15,sset_15/tracknet-stride-8,static_shuttleset_homography,187,40672,40954,282,[],,173.76,101.28,334.08000000000004,100.80000000000001,392.56,264.40000000000003,117.2,265.12,,,,,,,,,,,,,,,,35,0.12411347517730496,false,,,173.76,101.28,334.08000000000004,100.80000000000001,392.56,264.40000000000003,117.2,265.12
15,sset_15/tracknet-stride-8,static_shuttleset_homography,188,40954,41464,510,[],,173.76,101.28,334.08000000000004,100.80000000000001,392.56,264.40000000000003,117.2,265.12,,,,,,,,,,,,,,,,4,0.00784313725490196,false,,,173.76,101.28,334.08000000000004,100.80000000000001,392.56,264.40000000000003,117.2,265.12
15,sset_15/tracknet-stride-8,static_shuttleset_homography,189,41464,41663,199,[],,173.76,101.28,334.08000000000004,100.80000000000001,392.56,264.40000000000003,117.2,265.12,,,,,,,,,,,,,,,,116,0.5829145728643216,true,,,173.76,101.28,334.08000000000004,100.80000000000001,392.56,264.40000000000003,117.2,265.12
15,sset_15/tracknet-stride-8,static_shuttleset_homography,190,41663,41769,106,[],,173.76,101.28,334.08000000000004,100.80000000000001,392.56,264.40000000000003,117.2,265.12,,,,,,,,,,,,,,,,23,0.2169811320754717,false,,,173.76,101.28,334.08000000000004,100.80000000000001,392.56,264.40000000000003,117.2,265.12
15,sset_15/tracknet-stride-8,static_shuttleset_homography,191,41769,41788,19,[],,173.76,101.28,334.08000000000004,100.80000000000001,392.56,264.40000000000003,117.2,265.12,,,,,,,,,,,,,,,,0,0.0,false,,,173.76,101.28,334.08000000000004,100.80000000000001,392.56,264.40000000000003,117.2,265.12
15,sset_15/tracknet-stride-8,static_shuttleset_homography,192,41788,41986,198,[],,173.76,101.28,334.08000000000004,100.80000000000001,392.56,264.40000000000003,117.2,265.12,,,,,,,,,,,,,,,,17,0.08585858585858586,false,,,173.76,101.28,334.08000000000004,100.80000000000001,392.56,264.40000000000003,117.2,265.12
15,sset_15/tracknet-stride-8,static_shuttleset_homography,193,41986,42270,284,[],,173.76,101.28,334.08000000000004,100.80000000000001,392.56,264.40000000000003,117.2,265.12,,,,,,,,,,,,,,,,0,0.0,false,,,173.76,101.28,334.08000000000004,100.80000000000001,392.56,264.40000000000003,117.2,265.12
15,sset_15/tracknet-stride-8,static_shuttleset_homography,194,42270,42397,127,[],,173.76,101.28,334.08000000000004,100.80000000000001,392.56,264.40000000000003,117.2,265.12,,,,,,,,,,,,,,,,127,1.0,true,,,173.76,101.28,334.08000000000004,100.80000000000001,392.56,264.40000000000003,117.2,265.12
15,sset_15/tracknet-stride-8,static_shuttleset_homography,195,42397,42512,115,[],,173.76,101.28,334.08000000000004,100.80000000000001,392.56,264.40000000000003,117.2,265.12,,,,,,,,,,,,,,,,34,0.2956521739130435,false,,,173.76,101.28,334.08000000000004,100.80000000000001,392.56,264.40000000000003,117.2,265.12
15,sset_15/tracknet-stride-8,static_shuttleset_homography,196,42512,42705,193,[],,173.76,101.28,334.08000000000004,100.80000000000001,392.56,264.40000000000003,117.2,265.12,,,,,,,,,,,,,,,,9,0.046632124352331605,false,,,173.76,101.28,334.08000000000004,100.80000000000001,392.56,264.40000000000003,117.2,265.12
15,sset_15/tracknet-stride-8,static_shuttleset_homography,197,42705,42743,38,[],,173.76,101.28,334.08000000000004,100.80000000000001,392.56,264.40000000000003,117.2,265.12,,,,,,,,,,,,,,,,2,0.05263157894736842,false,,,173.76,101.28,334.08000000000004,100.80000000000001,392.56,264.40000000000003,117.2,265.12
15,sset_15/tracknet-stride-8,static_shuttleset_homography,198,42743,43346,603,[],,173.76,101.28,334.08000000000004,100.80000000000001,392.56,264.40000000000003,117.2,265.12,,,,,,,,,,,,,,,,597,0.9900497512437811,true,,,173.76,101.28,334.08000000000004,100.80000000000001,392.56,264.40000000000003,117.2,265.12
15,sset_15/tracknet-stride-8,static_shuttleset_homography,199,43346,43509,163,[],,173.76,101.28,334.08000000000004,100.80000000000001,392.56,264.40000000000003,117.2,265.12,,,,,,,,,,,,,,,,16,0.09815950920245399,false,,,173.76,101.28,334.08000000000004,100.80000000000001,392.56,264.40000000000003,117.2,265.12
15,sset_15/tracknet-stride-8,static_shuttleset_homography,200,43509,43724,215,[],,173.76,101.28,334.08000000000004,100.80000000000001,392.56,264.40000000000003,117.2,265.12,,,,,,,,,,,,,,,,126,0.586046511627907,true,,,173.76,101.28,334.08000000000004,100.80000000000001,392.56,264.40000000000003,117.2,265.12
15,sset_15/tracknet-stride-8,static_shuttleset_homography,201,43724,43937,213,[],,173.76,101.28,334.08000000000004,100.80000000000001,392.56,264.40000000000003,117.2,265.12,,,,,,,,,,,,,,,,25,0.11737089201877934,false,,,173.76,101.28,334.08000000000004,100.80000000000001,392.56,264.40000000000003,117.2,265.12
15,sset_15/tracknet-stride-8,static_shuttleset_homography,202,43937,44332,395,[],,173.76,101.28,334.08000000000004,100.80000000000001,392.56,264.40000000000003,117.2,265.12,,,,,,,,,,,,,,,,16,0.04050632911392405,false,,,173.76,101.28,334.08000000000004,100.80000000000001,392.56,264.40000000000003,117.2,265.12
15,sset_15/tracknet-stride-8,static_shuttleset_homography,203,44332,44590,258,[],,173.76,101.28,334.08000000000004,100.80000000000001,392.56,264.40000000000003,117.2,265.12,,,,,,,,,,,,,,,,229,0.8875968992248062,true,,,173.76,101.28,334.08000000000004,100.80000000000001,392.56,264.40000000000003,117.2,265.12
15,sset_15/tracknet-stride-8,static_shuttleset_homography,204,44590,44986,396,[],,173.76,101.28,334.08000000000004,100.80000000000001,392.56,264.40000000000003,117.2,265.12,,,,,,,,,,,,,,,,1,0.0025252525252525255,false,,,173.76,101.28,334.08000000000004,100.80000000000001,392.56,264.40000000000003,117.2,265.12
15,sset_15/tracknet-stride-8,static_shuttleset_homography,205,44986,45198,212,[],,173.76,101.28,334.08000000000004,100.80000000000001,392.56,264.40000000000003,117.2,265.12,,,,,,,,,,,,,,,,0,0.0,false,,,173.76,101.28,334.08000000000004,100.80000000000001,392.56,264.40000000000003,117.2,265.12
15,sset_15/tracknet-stride-8,static_shuttleset_homography,206,45198,45532,334,[],,173.76,101.28,334.08000000000004,100.80000000000001,392.56,264.40000000000003,117.2,265.12,,,,,,,,,,,,,,,,11,0.03293413173652695,false,,,173.76,101.28,334.08000000000004,100.80000000000001,392.56,264.40000000000003,117.2,265.12
15,sset_15/tracknet-stride-8,static_shuttleset_homography,207,45532,45675,143,[],,173.76,101.28,334.08000000000004,100.80000000000001,392.56,264.40000000000003,117.2,265.12,,,,,,,,,,,,,,,,10,0.06993006993006994,false,,,173.76,101.28,334.08000000000004,100.80000000000001,392.56,264.40000000000003,117.2,265.12
15,sset_15/tracknet-stride-8,static_shuttleset_homography,208,45675,45771,96,[],,173.76,101.28,334.08000000000004,100.80000000000001,392.56,264.40000000000003,117.2,265.12,,,,,,,,,,,,,,,,34,0.3541666666666667,false,,,173.76,101.28,334.08000000000004,100.80000000000001,392.56,264.40000000000003,117.2,265.12
15,sset_15/tracknet-stride-8,static_shuttleset_homography,209,45771,45884,113,[],,173.76,101.28,334.08000000000004,100.80000000000001,392.56,264.40000000000003,117.2,265.12,,,,,,,,,,,,,,,,6,0.05309734513274336,false,,,173.76,101.28,334.08000000000004,100.80000000000001,392.56,264.40000000000003,117.2,265.12
15,sset_15/tracknet-stride-8,static_shuttleset_homography,210,45884,46192,308,[],,173.76,101.28,334.08000000000004,100.80000000000001,392.56,264.40000000000003,117.2,265.12,,,,,,,,,,,,,,,,302,0.9805194805194806,true,,,173.76,101.28,334.08000000000004,100.80000000000001,392.56,264.40000000000003,117.2,265.12
15,sset_15/tracknet-stride-8,static_shuttleset_homography,211,46192,46368,176,[],,173.76,101.28,334.08000000000004,100.80000000000001,392.56,264.40000000000003,117.2,265.12,,,,,,,,,,,,,,,,7,0.03977272727272727,false,,,173.76,101.28,334.08000000000004,100.80000000000001,392.56,264.40000000000003,117.2,265.12
15,sset_15/tracknet-stride-8,static_shuttleset_homography,212,46368,46519,151,[],,173.76,101.28,334.08000000000004,100.80000000000001,392.56,264.40000000000003,117.2,265.12,,,,,,,,,,,,,,,,16,0.10596026490066225,false,,,173.76,101.28,334.08000000000004,100.80000000000001,392.56,264.40000000000003,117.2,265.12
15,sset_15/tracknet-stride-8,static_shuttleset_homography,213,46519,46576,57,[],,173.76,101.28,334.08000000000004,100.80000000000001,392.56,264.40000000000003,117.2,265.12,,,,,,,,,,,,,,,,0,0.0,false,,,173.76,101.28,334.08000000000004,100.80000000000001,392.56,264.40000000000003,117.2,265.12
15,sset_15/tracknet-stride-8,static_shuttleset_homography,214,46576,47167,591,[],,173.76,101.28,334.08000000000004,100.80000000000001,392.56,264.40000000000003,117.2,265.12,,,,,,,,,,,,,,,,581,0.9830795262267343,true,,,173.76,101.28,334.08000000000004,100.80000000000001,392.56,264.40000000000003,117.2,265.12
15,sset_15/tracknet-stride-8,static_shuttleset_homography,215,47167,47315,148,[],,173.76,101.28,334.08000000000004,100.80000000000001,392.56,264.40000000000003,117.2,265.12,,,,,,,,,,,,,,,,29,0.19594594594594594,false,,,173.76,101.28,334.08000000000004,100.80000000000001,392.56,264.40000000000003,117.2,265.12
15,sset_15/tracknet-stride-8,static_shuttleset_homography,216,47315,47454,139,[],,173.76,101.28,334.08000000000004,100.80000000000001,392.56,264.40000000000003,117.2,265.12,,,,,,,,,,,,,,,,9,0.06474820143884892,false,,,173.76,101.28,334.08000000000004,100.80000000000001,392.56,264.40000000000003,117.2,265.12
15,sset_15/tracknet-stride-8,static_shuttleset_homography,217,47454,47625,171,[],,173.76,101.28,334.08000000000004,100.80000000000001,392.56,264.40000000000003,117.2,265.12,,,,,,,,,,,,,,,,6,0.03508771929824561,false,,,173.76,101.28,334.08000000000004,100.80000000000001,392.56,264.40000000000003,117.2,265.12
15,sset_15/tracknet-stride-8,static_shuttleset_homography,218,47625,47766,141,[],,173.76,101.28,334.08000000000004,100.80000000000001,392.56,264.40000000000003,117.2,265.12,,,,,,,,,,,,,,,,2,0.014184397163120567,false,,,173.76,101.28,334.08000000000004,100.80000000000001,392.56,264.40000000000003,117.2,265.12
15,sset_15/tracknet-stride-8,static_shuttleset_homography,219,47766,47873,107,[],,173.76,101.28,334.08000000000004,100.80000000000001,392.56,264.40000000000003,117.2,265.12,,,,,,,,,,,,,,,,0,0.0,false,,,173.76,101.28,334.08000000000004,100.80000000000001,392.56,264.40000000000003,117.2,265.12
15,sset_15/tracknet-stride-8,static_shuttleset_homography,220,47873,48062,189,[],,173.76,101.28,334.08000000000004,100.80000000000001,392.56,264.40000000000003,117.2,265.12,,,,,,,,,,,,,,,,146,0.7724867724867724,true,,,173.76,101.28,334.08000000000004,100.80000000000001,392.56,264.40000000000003,117.2,265.12
15,sset_15/tracknet-stride-8,static_shuttleset_homography,221,48062,48216,154,[],,173.76,101.28,334.08000000000004,100.80000000000001,392.56,264.40000000000003,117.2,265.12,,,,,,,,,,,,,,,,0,0.0,false,,,173.76,101.28,334.08000000000004,100.80000000000001,392.56,264.40000000000003,117.2,265.12
15,sset_15/tracknet-stride-8,static_shuttleset_homography,222,48216,48407,191,[],,173.76,101.28,334.08000000000004,100.80000000000001,392.56,264.40000000000003,117.2,265.12,,,,,,,,,,,,,,,,11,0.05759162303664921,false,,,173.76,101.28,334.08000000000004,100.80000000000001,392.56,264.40000000000003,117.2,265.12
15,sset_15/tracknet-stride-8,static_shuttleset_homography,223,48407,48485,78,[],,173.76,101.28,334.08000000000004,100.80000000000001,392.56,264.40000000000003,117.2,265.12,,,,,,,,,,,,,,,,0,0.0,false,,,173.76,101.28,334.08000000000004,100.80000000000001,392.56,264.40000000000003,117.2,265.12
15,sset_15/tracknet-stride-8,static_shuttleset_homography,224,48485,48950,465,[],,173.76,101.28,334.08000000000004,100.80000000000001,392.56,264.40000000000003,117.2,265.12,,,,,,,,,,,,,,,,461,0.9913978494623656,true,,,173.76,101.28,334.08000000000004,100.80000000000001,392.56,264.40000000000003,117.2,265.12
15,sset_15/tracknet-stride-8,static_shuttleset_homography,225,48950,48995,45,[],,173.76,101.28,334.08000000000004,100.80000000000001,392.56,264.40000000000003,117.2,265.12,,,,,,,,,,,,,,,,12,0.26666666666666666,false,,,173.76,101.28,334.08000000000004,100.80000000000001,392.56,264.40000000000003,117.2,265.12
15,sset_15/tracknet-stride-8,static_shuttleset_homography,226,48995,49107,112,[],,173.76,101.28,334.08000000000004,100.80000000000001,392.56,264.40000000000003,117.2,265.12,,,,,,,,,,,,,,,,10,0.08928571428571429,false,,,173.76,101.28,334.08000000000004,100.80000000000001,392.56,264.40000000000003,117.2,265.12
15,sset_15/tracknet-stride-8,static_shuttleset_homography,227,49107,49286,179,[],,173.76,101.28,334.08000000000004,100.80000000000001,392.56,264.40000000000003,117.2,265.12,,,,,,,,,,,,,,,,119,0.664804469273743,true,,,173.76,101.28,334.08000000000004,100.80000000000001,392.56,264.40000000000003,117.2,265.12
15,sset_15/tracknet-stride-8,static_shuttleset_homography,228,49286,49370,84,[],,173.76,101.28,334.08000000000004,100.80000000000001,392.56,264.40000000000003,117.2,265.12,,,,,,,,,,,,,,,,1,0.011904761904761904,false,,,173.76,101.28,334.08000000000004,100.80000000000001,392.56,264.40000000000003,117.2,265.12
15,sset_15/tracknet-stride-8,static_shuttleset_homography,229,49370,49545,175,[],,173.76,101.28,334.08000000000004,100.80000000000001,392.56,264.40000000000003,117.2,265.12,,,,,,,,,,,,,,,,15,0.08571428571428572,false,,,173.76,101.28,334.08000000000004,100.80000000000001,392.56,264.40000000000003,117.2,265.12
15,sset_15/tracknet-stride-8,static_shuttleset_homography,230,49545,49589,44,[],,173.76,101.28,334.08000000000004,100.80000000000001,392.56,264.40000000000003,117.2,265.12,,,,,,,,,,,,,,,,0,0.0,false,,,173.76,101.28,334.08000000000004,100.80000000000001,392.56,264.40000000000003,117.2,265.12
15,sset_15/tracknet-stride-8,static_shuttleset_homography,231,49589,49701,112,[],,173.76,101.28,334.08000000000004,100.80000000000001,392.56,264.40000000000003,117.2,265.12,,,,,,,,,,,,,,,,112,1.0,true,,,173.76,101.28,334.08000000000004,100.80000000000001,392.56,264.40000000000003,117.2,265.12
15,sset_15/tracknet-stride-8,static_shuttleset_homography,232,49701,49817,116,[],,173.76,101.28,334.08000000000004,100.80000000000001,392.56,264.40000000000003,117.2,265.12,,,,,,,,,,,,,,,,5,0.04310344827586207,false,,,173.76,101.28,334.08000000000004,100.80000000000001,392.56,264.40000000000003,117.2,265.12
15,sset_15/tracknet-stride-8,static_shuttleset_homography,233,49817,49944,127,[],,173.76,101.28,334.08000000000004,100.80000000000001,392.56,264.40000000000003,117.2,265.12,,,,,,,,,,,,,,,,51,0.4015748031496063,false,,,173.76,101.28,334.08000000000004,100.80000000000001,392.56,264.40000000000003,117.2,265.12
15,sset_15/tracknet-stride-8,static_shuttleset_homography,234,49944,50116,172,[],,173.76,101.28,334.08000000000004,100.80000000000001,392.56,264.40000000000003,117.2,265.12,,,,,,,,,,,,,,,,3,0.01744186046511628,false,,,173.76,101.28,334.08000000000004,100.80000000000001,392.56,264.40000000000003,117.2,265.12
15,sset_15/tracknet-stride-8,static_shuttleset_homography,235,50116,50256,140,[],,173.76,101.28,334.08000000000004,100.80000000000001,392.56,264.40000000000003,117.2,265.12,,,,,,,,,,,,,,,,0,0.0,false,,,173.76,101.28,334.08000000000004,100.80000000000001,392.56,264.40000000000003,117.2,265.12
15,sset_15/tracknet-stride-8,static_shuttleset_homography,236,50256,50523,267,[],,173.76,101.28,334.08000000000004,100.80000000000001,392.56,264.40000000000003,117.2,265.12,,,,,,,,,,,,,,,,46,0.17228464419475656,false,,,173.76,101.28,334.08000000000004,100.80000000000001,392.56,264.40000000000003,117.2,265.12
15,sset_15/tracknet-stride-8,static_shuttleset_homography,237,50523,50718,195,[],,173.76,101.28,334.08000000000004,100.80000000000001,392.56,264.40000000000003,117.2,265.12,,,,,,,,,,,,,,,,0,0.0,false,,,173.76,101.28,334.08000000000004,100.80000000000001,392.56,264.40000000000003,117.2,265.12
15,sset_15/tracknet-stride-8,static_shuttleset_homography,238,50718,51089,371,[],,173.76,101.28,334.08000000000004,100.80000000000001,392.56,264.40000000000003,117.2,265.12,,,,,,,,,,,,,,,,21,0.05660377358490566,false,,,173.76,101.28,334.08000000000004,100.80000000000001,392.56,264.40000000000003,117.2,265.12
15,sset_15/tracknet-stride-8,static_shuttleset_homography,239,51089,51591,502,[],,173.76,101.28,334.08000000000004,100.80000000000001,392.56,264.40000000000003,117.2,265.12,,,,,,,,,,,,,,,,494,0.9840637450199203,true,,,173.76,101.28,334.08000000000004,100.80000000000001,392.56,264.40000000000003,117.2,265.12
15,sset_15/tracknet-stride-8,static_shuttleset_homography,240,51591,51872,281,[],,173.76,101.28,334.08000000000004,100.80000000000001,392.56,264.40000000000003,117.2,265.12,,,,,,,,,,,,,,,,25,0.08896797153024912,false,,,173.76,101.28,334.08000000000004,100.80000000000001,392.56,264.40000000000003,117.2,265.12
15,sset_15/tracknet-stride-8,static_shuttleset_homography,241,51872,52004,132,[],,173.76,101.28,334.08000000000004,100.80000000000001,392.56,264.40000000000003,117.2,265.12,,,,,,,,,,,,,,,,0,0.0,false,,,173.76,101.28,334.08000000000004,100.80000000000001,392.56,264.40000000000003,117.2,265.12
15,sset_15/tracknet-stride-8,static_shuttleset_homography,242,52004,52216,212,[],,173.76,101.28,334.08000000000004,100.80000000000001,392.56,264.40000000000003,117.2,265.12,,,,,,,,,,,,,,,,22,0.10377358490566038,false,,,173.76,101.28,334.08000000000004,100.80000000000001,392.56,264.40000000000003,117.2,265.12
15,sset_15/tracknet-stride-8,static_shuttleset_homography,243,52216,52427,211,[],,173.76,101.28,334.08000000000004,100.80000000000001,392.56,264.40000000000003,117.2,265.12,,,,,,,,,,,,,,,,29,0.13744075829383887,false,,,173.76,101.28,334.08000000000004,100.80000000000001,392.56,264.40000000000003,117.2,265.12
15,sset_15/tracknet-stride-8,static_shuttleset_homography,244,52427,52840,413,[],,173.76,101.28,334.08000000000004,100.80000000000001,392.56,264.40000000000003,117.2,265.12,,,,,,,,,,,,,,,,26,0.06295399515738499,false,,,173.76,101.28,334.08000000000004,100.80000000000001,392.56,264.40000000000003,117.2,265.12
15,sset_15/tracknet-stride-8,static_shuttleset_homography,245,52840,52982,142,[],,173.76,101.28,334.08000000000004,100.80000000000001,392.56,264.40000000000003,117.2,265.12,,,,,,,,,,,,,,,,141,0.9929577464788732,true,,,173.76,101.28,334.08000000000004,100.80000000000001,392.56,264.40000000000003,117.2,265.12
15,sset_15/tracknet-stride-8,static_shuttleset_homography,246,52982,53133,151,[],,173.76,101.28,334.08000000000004,100.80000000000001,392.56,264.40000000000003,117.2,265.12,,,,,,,,,,,,,,,,15,0.09933774834437085,false,,,173.76,101.28,334.08000000000004,100.80000000000001,392.56,264.40000000000003,117.2,265.12
15,sset_15/tracknet-stride-8,static_shuttleset_homography,247,53133,53312,179,[],,173.76,101.28,334.08000000000004,100.80000000000001,392.56,264.40000000000003,117.2,265.12,,,,,,,,,,,,,,,,163,0.9106145251396648,true,,,173.76,101.28,334.08000000000004,100.80000000000001,392.56,264.40000000000003,117.2,265.12
15,sset_15/tracknet-stride-8,static_shuttleset_homography,248,53312,53412,100,[],,173.76,101.28,334.08000000000004,100.80000000000001,392.56,264.40000000000003,117.2,265.12,,,,,,,,,,,,,,,,16,0.16,false,,,173.76,101.28,334.08000000000004,100.80000000000001,392.56,264.40000000000003,117.2,265.12
15,sset_15/tracknet-stride-8,static_shuttleset_homography,249,53412,53528,116,[],,173.76,101.28,334.08000000000004,100.80000000000001,392.56,264.40000000000003,117.2,265.12,,,,,,,,,,,,,,,,6,0.05172413793103448,false,,,173.76,101.28,334.08000000000004,100.80000000000001,392.56,264.40000000000003,117.2,265.12
15,sset_15/tracknet-stride-8,static_shuttleset_homography,250,53528,53625,97,[],,173.76,101.28,334.08000000000004,100.80000000000001,392.56,264.40000000000003,117.2,265.12,,,,,,,,,,,,,,,,0,0.0,false,,,173.76,101.28,334.08000000000004,100.80000000000001,392.56,264.40000000000003,117.2,265.12
15,sset_15/tracknet-stride-8,static_shuttleset_homography,251,53625,54007,382,[],,173.76,101.28,334.08000000000004,100.80000000000001,392.56,264.40000000000003,117.2,265.12,,,,,,,,,,,,,,,,379,0.9921465968586387,true,,,173.76,101.28,334.08000000000004,100.80000000000001,392.56,264.40000000000003,117.2,265.12
15,sset_15/tracknet-stride-8,static_shuttleset_homography,252,54007,54070,63,[],,173.76,101.28,334.08000000000004,100.80000000000001,392.56,264.40000000000003,117.2,265.12,,,,,,,,,,,,,,,,16,0.25396825396825395,false,,,173.76,101.28,334.08000000000004,100.80000000000001,392.56,264.40000000000003,117.2,265.12
15,sset_15/tracknet-stride-8,static_shuttleset_homography,253,54070,54110,40,[],,173.76,101.28,334.08000000000004,100.80000000000001,392.56,264.40000000000003,117.2,265.12,,,,,,,,,,,,,,,,10,0.25,false,,,173.76,101.28,334.08000000000004,100.80000000000001,392.56,264.40000000000003,117.2,265.12
15,sset_15/tracknet-stride-8,static_shuttleset_homography,254,54110,54328,218,[],,173.76,101.28,334.08000000000004,100.80000000000001,392.56,264.40000000000003,117.2,265.12,,,,,,,,,,,,,,,,12,0.05504587155963303,false,,,173.76,101.28,334.08000000000004,100.80000000000001,392.56,264.40000000000003,117.2,265.12
15,sset_15/tracknet-stride-8,static_shuttleset_homography,255,54328,54556,228,[],,173.76,101.28,334.08000000000004,100.80000000000001,392.56,264.40000000000003,117.2,265.12,,,,,,,,,,,,,,,,0,0.0,false,,,173.76,101.28,334.08000000000004,100.80000000000001,392.56,264.40000000000003,117.2,265.12
15,sset_15/tracknet-stride-8,static_shuttleset_homography,256,54556,54875,319,[],,173.76,101.28,334.08000000000004,100.80000000000001,392.56,264.40000000000003,117.2,265.12,,,,,,,,,,,,,,,,18,0.05642633228840126,false,,,173.76,101.28,334.08000000000004,100.80000000000001,392.56,264.40000000000003,117.2,265.12
15,sset_15/tracknet-stride-8,static_shuttleset_homography,257,54875,55199,324,[],,173.76,101.28,334.08000000000004,100.80000000000001,392.56,264.40000000000003,117.2,265.12,,,,,,,,,,,,,,,,19,0.05864197530864197,false,,,173.76,101.28,334.08000000000004,100.80000000000001,392.56,264.40000000000003,117.2,265.12
15,sset_15/tracknet-stride-8,static_shuttleset_homography,258,55199,55292,93,[],,173.76,101.28,334.08000000000004,100.80000000000001,392.56,264.40000000000003,117.2,265.12,,,,,,,,,,,,,,,,0,0.0,false,,,173.76,101.28,334.08000000000004,100.80000000000001,392.56,264.40000000000003,117.2,265.12
15,sset_15/tracknet-stride-8,static_shuttleset_homography,259,55292,55430,138,[],,173.76,101.28,334.08000000000004,100.80000000000001,392.56,264.40000000000003,117.2,265.12,,,,,,,,,,,,,,,,138,1.0,true,,,173.76,101.28,334.08000000000004,100.80000000000001,392.56,264.40000000000003,117.2,265.12
15,sset_15/tracknet-stride-8,static_shuttleset_homography,260,55430,55573,143,[],,173.76,101.28,334.08000000000004,100.80000000000001,392.56,264.40000000000003,117.2,265.12,,,,,,,,,,,,,,,,5,0.03496503496503497,false,,,173.76,101.28,334.08000000000004,100.80000000000001,392.56,264.40000000000003,117.2,265.12
15,sset_15/tracknet-stride-8,static_shuttleset_homography,261,55573,55707,134,[],,173.76,101.28,334.08000000000004,100.80000000000001,392.56,264.40000000000003,117.2,265.12,,,,,,,,,,,,,,,,88,0.6567164179104478,true,,,173.76,101.28,334.08000000000004,100.80000000000001,392.56,264.40000000000003,117.2,265.12
15,sset_15/tracknet-stride-8,static_shuttleset_homography,262,55707,56059,352,[],,173.76,101.28,334.08000000000004,100.80000000000001,392.56,264.40000000000003,117.2,265.12,,,,,,,,,,,,,,,,15,0.04261363636363636,false,,,173.76,101.28,334.08000000000004,100.80000000000001,392.56,264.40000000000003,117.2,265.12
15,sset_15/tracknet-stride-8,static_shuttleset_homography,263,56059,56246,187,[],,173.76,101.28,334.08000000000004,100.80000000000001,392.56,264.40000000000003,117.2,265.12,,,,,,,,,,,,,,,,183,0.9786096256684492,true,,,173.76,101.28,334.08000000000004,100.80000000000001,392.56,264.40000000000003,117.2,265.12
15,sset_15/tracknet-stride-8,static_shuttleset_homography,264,56246,56320,74,[],,173.76,101.28,334.08000000000004,100.80000000000001,392.56,264.40000000000003,117.2,265.12,,,,,,,,,,,,,,,,1,0.013513513513513514,false,,,173.76,101.28,334.08000000000004,100.80000000000001,392.56,264.40000000000003,117.2,265.12
15,sset_15/tracknet-stride-8,static_shuttleset_homography,265,56320,56415,95,[],,173.76,101.28,334.08000000000004,100.80000000000001,392.56,264.40000000000003,117.2,265.12,,,,,,,,,,,,,,,,10,0.10526315789473684,false,,,173.76,101.28,334.08000000000004,100.80000000000001,392.56,264.40000000000003,117.2,265.12
15,sset_15/tracknet-stride-8,static_shuttleset_homography,266,56415,56592,177,[],,173.76,101.28,334.08000000000004,100.80000000000001,392.56,264.40000000000003,117.2,265.12,,,,,,,,,,,,,,,,51,0.288135593220339,false,,,173.76,101.28,334.08000000000004,100.80000000000001,392.56,264.40000000000003,117.2,265.12
15,sset_15/tracknet-stride-8,static_shuttleset_homography,267,56592,56698,106,[],,173.76,101.28,334.08000000000004,100.80000000000001,392.56,264.40000000000003,117.2,265.12,,,,,,,,,,,,,,,,0,0.0,false,,,173.76,101.28,334.08000000000004,100.80000000000001,392.56,264.40000000000003,117.2,265.12
15,sset_15/tracknet-stride-8,static_shuttleset_homography,268,56698,56812,114,[],,173.76,101.28,334.08000000000004,100.80000000000001,392.56,264.40000000000003,117.2,265.12,,,,,,,,,,,,,,,,114,1.0,true,,,173.76,101.28,334.08000000000004,100.80000000000001,392.56,264.40000000000003,117.2,265.12
15,sset_15/tracknet-stride-8,static_shuttleset_homography,269,56812,56989,177,[],,173.76,101.28,334.08000000000004,100.80000000000001,392.56,264.40000000000003,117.2,265.12,,,,,,,,,,,,,,,,0,0.0,false,,,173.76,101.28,334.08000000000004,100.80000000000001,392.56,264.40000000000003,117.2,265.12
15,sset_15/tracknet-stride-8,static_shuttleset_homography,270,56989,57180,191,[],,173.76,101.28,334.08000000000004,100.80000000000001,392.56,264.40000000000003,117.2,265.12,,,,,,,,,,,,,,,,78,0.4083769633507853,false,,,173.76,101.28,334.08000000000004,100.80000000000001,392.56,264.40000000000003,117.2,265.12
15,sset_15/tracknet-stride-8,static_shuttleset_homography,271,57180,57256,76,[],,173.76,101.28,334.08000000000004,100.80000000000001,392.56,264.40000000000003,117.2,265.12,,,,,,,,,,,,,,,,0,0.0,false,,,173.76,101.28,334.08000000000004,100.80000000000001,392.56,264.40000000000003,117.2,265.12
15,sset_15/tracknet-stride-8,static_shuttleset_homography,272,57256,57523,267,[],,173.76,101.28,334.08000000000004,100.80000000000001,392.56,264.40000000000003,117.2,265.12,,,,,,,,,,,,,,,,31,0.11610486891385768,false,,,173.76,101.28,334.08000000000004,100.80000000000001,392.56,264.40000000000003,117.2,265.12
15,sset_15/tracknet-stride-8,static_shuttleset_homography,273,57523,57748,225,[],,173.76,101.28,334.08000000000004,100.80000000000001,392.56,264.40000000000003,117.2,265.12,,,,,,,,,,,,,,,,13,0.057777777777777775,false,,,173.76,101.28,334.08000000000004,100.80000000000001,392.56,264.40000000000003,117.2,265.12
15,sset_15/tracknet-stride-8,static_shuttleset_homography,274,57748,57921,173,[],,173.76,101.28,334.08000000000004,100.80000000000001,392.56,264.40000000000003,117.2,265.12,,,,,,,,,,,,,,,,62,0.3583815028901734,false,,,173.76,101.28,334.08000000000004,100.80000000000001,392.56,264.40000000000003,117.2,265.12
15,sset_15/tracknet-stride-8,static_shuttleset_homography,275,57921,58028,107,[],,173.76,101.28,334.08000000000004,100.80000000000001,392.56,264.40000000000003,117.2,265.12,,,,,,,,,,,,,,,,107,1.0,true,,,173.76,101.28,334.08000000000004,100.80000000000001,392.56,264.40000000000003,117.2,265.12
15,sset_15/tracknet-stride-8,static_shuttleset_homography,276,58028,58138,110,[],,173.76,101.28,334.08000000000004,100.80000000000001,392.56,264.40000000000003,117.2,265.12,,,,,,,,,,,,,,,,0,0.0,false,,,173.76,101.28,334.08000000000004,100.80000000000001,392.56,264.40000000000003,117.2,265.12
15,sset_15/tracknet-stride-8,static_shuttleset_homography,277,58138,58168,30,[],,173.76,101.28,334.08000000000004,100.80000000000001,392.56,264.40000000000003,117.2,265.12,,,,,,,,,,,,,,,,0,0.0,false,,,173.76,101.28,334.08000000000004,100.80000000000001,392.56,264.40000000000003,117.2,265.12
15,sset_15/tracknet-stride-8,static_shuttleset_homography,278,58168,58312,144,[],,173.76,101.28,334.08000000000004,100.80000000000001,392.56,264.40000000000003,117.2,265.12,,,,,,,,,,,,,,,,144,1.0,true,,,173.76,101.28,334.08000000000004,100.80000000000001,392.56,264.40000000000003,117.2,265.12
15,sset_15/tracknet-stride-8,static_shuttleset_homography,279,58312,58347,35,[],,173.76,101.28,334.08000000000004,100.80000000000001,392.56,264.40000000000003,117.2,265.12,,,,,,,,,,,,,,,,1,0.02857142857142857,false,,,173.76,101.28,334.08000000000004,100.80000000000001,392.56,264.40000000000003,117.2,265.12
15,sset_15/tracknet-stride-8,static_shuttleset_homography,280,58347,58508,161,[],,173.76,101.28,334.08000000000004,100.80000000000001,392.56,264.40000000000003,117.2,265.12,,,,,,,,,,,,,,,,44,0.2732919254658385,false,,,173.76,101.28,334.08000000000004,100.80000000000001,392.56,264.40000000000003,117.2,265.12
15,sset_15/tracknet-stride-8,static_shuttleset_homography,281,58508,58941,433,[],,173.76,101.28,334.08000000000004,100.80000000000001,392.56,264.40000000000003,117.2,265.12,,,,,,,,,,,,,,,,64,0.14780600461893764,false,,,173.76,101.28,334.08000000000004,100.80000000000001,392.56,264.40000000000003,117.2,265.12
15,sset_15/tracknet-stride-8,static_shuttleset_homography,282,58941,59245,304,[],,173.76,101.28,334.08000000000004,100.80000000000001,392.56,264.40000000000003,117.2,265.12,,,,,,,,,,,,,,,,47,0.15460526315789475,false,,,173.76,101.28,334.08000000000004,100.80000000000001,392.56,264.40000000000003,117.2,265.12
15,sset_15/tracknet-stride-8,static_shuttleset_homography,283,59245,59979,734,[],,173.76,101.28,334.08000000000004,100.80000000000001,392.56,264.40000000000003,117.2,265.12,,,,,,,,,,,,,,,,727,0.9904632152588556,true,,,173.76,101.28,334.08000000000004,100.80000000000001,392.56,264.40000000000003,117.2,265.12
15,sset_15/tracknet-stride-8,static_shuttleset_homography,284,59979,60022,43,[],,173.76,101.28,334.08000000000004,100.80000000000001,392.56,264.40000000000003,117.2,265.12,,,,,,,,,,,,,,,,1,0.023255813953488372,false,,,173.76,101.28,334.08000000000004,100.80000000000001,392.56,264.40000000000003,117.2,265.12
15,sset_15/tracknet-stride-8,static_shuttleset_homography,285,60022,60193,171,[],,173.76,101.28,334.08000000000004,100.80000000000001,392.56,264.40000000000003,117.2,265.12,,,,,,,,,,,,,,,,41,0.23976608187134502,false,,,173.76,101.28,334.08000000000004,100.80000000000001,392.56,264.40000000000003,117.2,265.12
15,sset_15/tracknet-stride-8,static_shuttleset_homography,286,60193,60568,375,[],,173.76,101.28,334.08000000000004,100.80000000000001,392.56,264.40000000000003,117.2,265.12,,,,,,,,,,,,,,,,156,0.416,false,,,173.76,101.28,334.08000000000004,100.80000000000001,392.56,264.40000000000003,117.2,265.12
15,sset_15/tracknet-stride-8,static_shuttleset_homography,287,60568,60794,226,[],,173.76,101.28,334.08000000000004,100.80000000000001,392.56,264.40000000000003,117.2,265.12,,,,,,,,,,,,,,,,42,0.18584070796460178,false,,,173.76,101.28,334.08000000000004,100.80000000000001,392.56,264.40000000000003,117.2,265.12
15,sset_15/tracknet-stride-8,static_shuttleset_homography,288,60794,61127,333,[],,173.76,101.28,334.08000000000004,100.80000000000001,392.56,264.40000000000003,117.2,265.12,,,,,,,,,,,,,,,,8,0.024024024024024024,false,,,173.76,101.28,334.08000000000004,100.80000000000001,392.56,264.40000000000003,117.2,265.12
15,sset_15/tracknet-stride-8,static_shuttleset_homography,289,61127,61485,358,[],,173.76,101.28,334.08000000000004,100.80000000000001,392.56,264.40000000000003,117.2,265.12,,,,,,,,,,,,,,,,30,0.08379888268156424,false,,,173.76,101.28,334.08000000000004,100.80000000000001,392.56,264.40000000000003,117.2,265.12
15,sset_15/tracknet-stride-8,static_shuttleset_homography,290,61485,61660,175,[],,173.76,101.28,334.08000000000004,100.80000000000001,392.56,264.40000000000003,117.2,265.12,,,,,,,,,,,,,,,,169,0.9657142857142857,true,,,173.76,101.28,334.08000000000004,100.80000000000001,392.56,264.40000000000003,117.2,265.12
15,sset_15/tracknet-stride-8,static_shuttleset_homography,291,61660,61764,104,[],,173.76,101.28,334.08000000000004,100.80000000000001,392.56,264.40000000000003,117.2,265.12,,,,,,,,,,,,,,,,10,0.09615384615384616,false,,,173.76,101.28,334.08000000000004,100.80000000000001,392.56,264.40000000000003,117.2,265.12
15,sset_15/tracknet-stride-8,static_shuttleset_homography,292,61764,61909,145,[],,173.76,101.28,334.08000000000004,100.80000000000001,392.56,264.40000000000003,117.2,265.12,,,,,,,,,,,,,,,,2,0.013793103448275862,false,,,173.76,101.28,334.08000000000004,100.80000000000001,392.56,264.40000000000003,117.2,265.12
15,sset_15/tracknet-stride-8,static_shuttleset_homography,293,61909,62073,164,[],,173.76,101.28,334.08000000000004,100.80000000000001,392.56,264.40000000000003,117.2,265.12,,,,,,,,,,,,,,,,0,0.0,false,,,173.76,101.28,334.08000000000004,100.80000000000001,392.56,264.40000000000003,117.2,265.12
15,sset_15/tracknet-stride-8,static_shuttleset_homography,294,62073,62217,144,[],,173.76,101.28,334.08000000000004,100.80000000000001,392.56,264.40000000000003,117.2,265.12,,,,,,,,,,,,,,,,0,0.0,false,,,173.76,101.28,334.08000000000004,100.80000000000001,392.56,264.40000000000003,117.2,265.12
15,sset_15/tracknet-stride-8,static_shuttleset_homography,295,62217,62610,393,[],,173.76,101.28,334.08000000000004,100.80000000000001,392.56,264.40000000000003,117.2,265.12,,,,,,,,,,,,,,,,389,0.989821882951654,true,,,173.76,101.28,334.08000000000004,100.80000000000001,392.56,264.40000000000003,117.2,265.12
15,sset_15/tracknet-stride-8,static_shuttleset_homography,296,62610,62821,211,[],,173.76,101.28,334.08000000000004,100.80000000000001,392.56,264.40000000000003,117.2,265.12,,,,,,,,,,,,,,,,16,0.07582938388625593,false,,,173.76,101.28,334.08000000000004,100.80000000000001,392.56,264.40000000000003,117.2,265.12
15,sset_15/tracknet-stride-8,static_shuttleset_homography,297,62821,63329,508,[],,173.76,101.28,334.08000000000004,100.80000000000001,392.56,264.40000000000003,117.2,265.12,,,,,,,,,,,,,,,,248,0.4881889763779528,false,,,173.76,101.28,334.08000000000004,100.80000000000001,392.56,264.40000000000003,117.2,265.12
15,sset_15/tracknet-stride-8,static_shuttleset_homography,298,63329,63906,577,[],,173.76,101.28,334.08000000000004,100.80000000000001,392.56,264.40000000000003,117.2,265.12,,,,,,,,,,,,,,,,9,0.01559792027729636,false,,,173.76,101.28,334.08000000000004,100.80000000000001,392.56,264.40000000000003,117.2,265.12
15,sset_15/tracknet-stride-8,static_shuttleset_homography,299,63906,64649,743,[],,173.76,101.28,334.08000000000004,100.80000000000001,392.56,264.40000000000003,117.2,265.12,,,,,,,,,,,,,,,,116,0.15612382234185734,false,,,173.76,101.28,334.08000000000004,100.80000000000001,392.56,264.40000000000003,117.2,265.12
15,sset_15/tracknet-stride-8,static_shuttleset_homography,300,64649,65071,422,[],,173.76,101.28,334.08000000000004,100.80000000000001,392.56,264.40000000000003,117.2,265.12,,,,,,,,,,,,,,,,42,0.0995260663507109,false,,,173.76,101.28,334.08000000000004,100.80000000000001,392.56,264.40000000000003,117.2,265.12
15,sset_15/tracknet-stride-8,static_shuttleset_homography,301,65071,65325,254,[],,173.76,101.28,334.08000000000004,100.80000000000001,392.56,264.40000000000003,117.2,265.12,,,,,,,,,,,,,,,,23,0.09055118110236221,false,,,173.76,101.28,334.08000000000004,100.80000000000001,392.56,264.40000000000003,117.2,265.12
15,sset_15/tracknet-stride-8,static_shuttleset_homography,302,65325,65590,265,[],,173.76,101.28,334.08000000000004,100.80000000000001,392.56,264.40000000000003,117.2,265.12,,,,,,,,,,,,,,,,12,0.045283018867924525,false,,,173.76,101.28,334.08000000000004,100.80000000000001,392.56,264.40000000000003,117.2,265.12
15,sset_15/tracknet-stride-8,static_shuttleset_homography,303,65590,65665,75,[],,173.76,101.28,334.08000000000004,100.80000000000001,392.56,264.40000000000003,117.2,265.12,,,,,,,,,,,,,,,,0,0.0,false,,,173.76,101.28,334.08000000000004,100.80000000000001,392.56,264.40000000000003,117.2,265.12
15,sset_15/tracknet-stride-8,static_shuttleset_homography,304,65665,65831,166,[],,173.76,101.28,334.08000000000004,100.80000000000001,392.56,264.40000000000003,117.2,265.12,,,,,,,,,,,,,,,,10,0.060240963855421686,false,,,173.76,101.28,334.08000000000004,100.80000000000001,392.56,264.40000000000003,117.2,265.12
15,sset_15/tracknet-stride-8,static_shuttleset_homography,305,65831,65946,115,[],,173.76,101.28,334.08000000000004,100.80000000000001,392.56,264.40000000000003,117.2,265.12,,,,,,,,,,,,,,,,36,0.3130434782608696,false,,,173.76,101.28,334.08000000000004,100.80000000000001,392.56,264.40000000000003,117.2,265.12
15,sset_15/tracknet-stride-8,static_shuttleset_homography,306,65946,66055,109,[],,173.76,101.28,334.08000000000004,100.80000000000001,392.56,264.40000000000003,117.2,265.12,,,,,,,,,,,,,,,,17,0.1559633027522936,false,,,173.76,101.28,334.08000000000004,100.80000000000001,392.56,264.40000000000003,117.2,265.12
15,sset_15/tracknet-stride-8,static_shuttleset_homography,307,66055,66510,455,[],,173.76,101.28,334.08000000000004,100.80000000000001,392.56,264.40000000000003,117.2,265.12,,,,,,,,,,,,,,,,450,0.989010989010989,true,,,173.76,101.28,334.08000000000004,100.80000000000001,392.56,264.40000000000003,117.2,265.12
15,sset_15/tracknet-stride-8,static_shuttleset_homography,308,66510,66656,146,[],,173.76,101.28,334.08000000000004,100.80000000000001,392.56,264.40000000000003,117.2,265.12,,,,,,,,,,,,,,,,18,0.1232876712328767,false,,,173.76,101.28,334.08000000000004,100.80000000000001,392.56,264.40000000000003,117.2,265.12
15,sset_15/tracknet-stride-8,static_shuttleset_homography,309,66656,66697,41,[],,173.76,101.28,334.08000000000004,100.80000000000001,392.56,264.40000000000003,117.2,265.12,,,,,,,,,,,,,,,,9,0.21951219512195122,false,,,173.76,101.28,334.08000000000004,100.80000000000001,392.56,264.40000000000003,117.2,265.12
15,sset_15/tracknet-stride-8,static_shuttleset_homography,310,66697,66831,134,[],,173.76,101.28,334.08000000000004,100.80000000000001,392.56,264.40000000000003,117.2,265.12,,,,,,,,,,,,,,,,83,0.6194029850746269,true,,,173.76,101.28,334.08000000000004,100.80000000000001,392.56,264.40000000000003,117.2,265.12
15,sset_15/tracknet-stride-8,static_shuttleset_homography,311,66831,67016,185,[],,173.76,101.28,334.08000000000004,100.80000000000001,392.56,264.40000000000003,117.2,265.12,,,,,,,,,,,,,,,,18,0.0972972972972973,false,,,173.76,101.28,334.08000000000004,100.80000000000001,392.56,264.40000000000003,117.2,265.12
15,sset_15/tracknet-stride-8,static_shuttleset_homography,312,67016,67149,133,[],,173.76,101.28,334.08000000000004,100.80000000000001,392.56,264.40000000000003,117.2,265.12,,,,,,,,,,,,,,,,7,0.05263157894736842,false,,,173.76,101.28,334.08000000000004,100.80000000000001,392.56,264.40000000000003,117.2,265.12
15,sset_15/tracknet-stride-8,static_shuttleset_homography,313,67149,67210,61,[],,173.76,101.28,334.08000000000004,100.80000000000001,392.56,264.40000000000003,117.2,265.12,,,,,,,,,,,,,,,,0,0.0,false,,,173.76,101.28,334.08000000000004,100.80000000000001,392.56,264.40000000000003,117.2,265.12
15,sset_15/tracknet-stride-8,static_shuttleset_homography,314,67210,67363,153,[],,173.76,101.28,334.08000000000004,100.80000000000001,392.56,264.40000000000003,117.2,265.12,,,,,,,,,,,,,,,,150,0.9803921568627451,true,,,173.76,101.28,334.08000000000004,100.80000000000001,392.56,264.40000000000003,117.2,265.12
15,sset_15/tracknet-stride-8,static_shuttleset_homography,315,67363,67632,269,[],,173.76,101.28,334.08000000000004,100.80000000000001,392.56,264.40000000000003,117.2,265.12,,,,,,,,,,,,,,,,14,0.05204460966542751,false,,,173.76,101.28,334.08000000000004,100.80000000000001,392.56,264.40000000000003,117.2,265.12
15,sset_15/tracknet-stride-8,static_shuttleset_homography,316,67632,67718,86,[],,173.76,101.28,334.08000000000004,100.80000000000001,392.56,264.40000000000003,117.2,265.12,,,,,,,,,,,,,,,,0,0.0,false,,,173.76,101.28,334.08000000000004,100.80000000000001,392.56,264.40000000000003,117.2,265.12
15,sset_15/tracknet-stride-8,static_shuttleset_homography,317,67718,67743,25,[],,173.76,101.28,334.08000000000004,100.80000000000001,392.56,264.40000000000003,117.2,265.12,,,,,,,,,,,,,,,,3,0.12,false,,,173.76,101.28,334.08000000000004,100.80000000000001,392.56,264.40000000000003,117.2,265.12
15,sset_15/tracknet-stride-8,static_shuttleset_homography,318,67743,67866,123,[],,173.76,101.28,334.08000000000004,100.80000000000001,392.56,264.40000000000003,117.2,265.12,,,,,,,,,,,,,,,,120,0.975609756097561,true,,,173.76,101.28,334.08000000000004,100.80000000000001,392.56,264.40000000000003,117.2,265.12
15,sset_15/tracknet-stride-8,static_shuttleset_homography,319,67866,68008,142,[],,173.76,101.28,334.08000000000004,100.80000000000001,392.56,264.40000000000003,117.2,265.12,,,,,,,,,,,,,,,,24,0.16901408450704225,false,,,173.76,101.28,334.08000000000004,100.80000000000001,392.56,264.40000000000003,117.2,265.12
15,sset_15/tracknet-stride-8,static_shuttleset_homography,320,68008,68150,142,[],,173.76,101.28,334.08000000000004,100.80000000000001,392.56,264.40000000000003,117.2,265.12,,,,,,,,,,,,,,,,140,0.9859154929577465,true,,,173.76,101.28,334.08000000000004,100.80000000000001,392.56,264.40000000000003,117.2,265.12
15,sset_15/tracknet-stride-8,static_shuttleset_homography,321,68150,68265,115,[],,173.76,101.28,334.08000000000004,100.80000000000001,392.56,264.40000000000003,117.2,265.12,,,,,,,,,,,,,,,,0,0.0,false,,,173.76,101.28,334.08000000000004,100.80000000000001,392.56,264.40000000000003,117.2,265.12
15,sset_15/tracknet-stride-8,static_shuttleset_homography,322,68265,68467,202,[],,173.76,101.28,334.08000000000004,100.80000000000001,392.56,264.40000000000003,117.2,265.12,,,,,,,,,,,,,,,,192,0.9504950495049505,true,,,173.76,101.28,334.08000000000004,100.80000000000001,392.56,264.40000000000003,117.2,265.12
15,sset_15/tracknet-stride-8,static_shuttleset_homography,323,68467,68560,93,[],,173.76,101.28,334.08000000000004,100.80000000000001,392.56,264.40000000000003,117.2,265.12,,,,,,,,,,,,,,,,1,0.010752688172043012,false,,,173.76,101.28,334.08000000000004,100.80000000000001,392.56,264.40000000000003,117.2,265.12
15,sset_15/tracknet-stride-8,static_shuttleset_homography,324,68560,68654,94,[],,173.76,101.28,334.08000000000004,100.80000000000001,392.56,264.40000000000003,117.2,265.12,,,,,,,,,,,,,,,,90,0.9574468085106383,true,,,173.76,101.28,334.08000000000004,100.80000000000001,392.56,264.40000000000003,117.2,265.12
15,sset_15/tracknet-stride-8,static_shuttleset_homography,325,68654,68961,307,[],,173.76,101.28,334.08000000000004,100.80000000000001,392.56,264.40000000000003,117.2,265.12,,,,,,,,,,,,,,,,90,0.2931596091205212,false,,,173.76,101.28,334.08000000000004,100.80000000000001,392.56,264.40000000000003,117.2,265.12
15,sset_15/tracknet-stride-8,static_shuttleset_homography,326,68961,69393,432,[],,173.76,101.28,334.08000000000004,100.80000000000001,392.56,264.40000000000003,117.2,265.12,,,,,,,,,,,,,,,,422,0.9768518518518519,true,,,173.76,101.28,334.08000000000004,100.80000000000001,392.56,264.40000000000003,117.2,265.12
15,sset_15/tracknet-stride-8,static_shuttleset_homography,327,69393,69537,144,[],,173.76,101.28,334.08000000000004,100.80000000000001,392.56,264.40000000000003,117.2,265.12,,,,,,,,,,,,,,,,24,0.16666666666666666,false,,,173.76,101.28,334.08000000000004,100.80000000000001,392.56,264.40000000000003,117.2,265.12
15,sset_15/tracknet-stride-8,static_shuttleset_homography,328,69537,69699,162,[],,173.76,101.28,334.08000000000004,100.80000000000001,392.56,264.40000000000003,117.2,265.12,,,,,,,,,,,,,,,,47,0.29012345679012347,false,,,173.76,101.28,334.08000000000004,100.80000000000001,392.56,264.40000000000003,117.2,265.12
15,sset_15/tracknet-stride-8,static_shuttleset_homography,329,69699,69840,141,[],,173.76,101.28,334.08000000000004,100.80000000000001,392.56,264.40000000000003,117.2,265.12,,,,,,,,,,,,,,,,137,0.9716312056737588,true,,,173.76,101.28,334.08000000000004,100.80000000000001,392.56,264.40000000000003,117.2,265.12
15,sset_15/tracknet-stride-8,static_shuttleset_homography,330,69840,70046,206,[],,173.76,101.28,334.08000000000004,100.80000000000001,392.56,264.40000000000003,117.2,265.12,,,,,,,,,,,,,,,,46,0.22330097087378642,false,,,173.76,101.28,334.08000000000004,100.80000000000001,392.56,264.40000000000003,117.2,265.12
15,sset_15/tracknet-stride-8,static_shuttleset_homography,331,70046,70330,284,[],,173.76,101.28,334.08000000000004,100.80000000000001,392.56,264.40000000000003,117.2,265.12,,,,,,,,,,,,,,,,63,0.22183098591549297,false,,,173.76,101.28,334.08000000000004,100.80000000000001,392.56,264.40000000000003,117.2,265.12
15,sset_15/tracknet-stride-8,static_shuttleset_homography,332,70330,70521,191,[],,173.76,101.28,334.08000000000004,100.80000000000001,392.56,264.40000000000003,117.2,265.12,,,,,,,,,,,,,,,,117,0.612565445026178,true,,,173.76,101.28,334.08000000000004,100.80000000000001,392.56,264.40000000000003,117.2,265.12
15,sset_15/tracknet-stride-8,static_shuttleset_homography,333,70521,70630,109,[],,173.76,101.28,334.08000000000004,100.80000000000001,392.56,264.40000000000003,117.2,265.12,,,,,,,,,,,,,,,,0,0.0,false,,,173.76,101.28,334.08000000000004,100.80000000000001,392.56,264.40000000000003,117.2,265.12
15,sset_15/tracknet-stride-8,static_shuttleset_homography,334,70630,70838,208,[],,173.76,101.28,334.08000000000004,100.80000000000001,392.56,264.40000000000003,117.2,265.12,,,,,,,,,,,,,,,,203,0.9759615384615384,true,,,173.76,101.28,334.08000000000004,100.80000000000001,392.56,264.40000000000003,117.2,265.12
15,sset_15/tracknet-stride-8,static_shuttleset_homography,335,70838,70962,124,[],,173.76,101.28,334.08000000000004,100.80000000000001,392.56,264.40000000000003,117.2,265.12,,,,,,,,,,,,,,,,36,0.2903225806451613,false,,,173.76,101.28,334.08000000000004,100.80000000000001,392.56,264.40000000000003,117.2,265.12
15,sset_15/tracknet-stride-8,static_shuttleset_homography,336,70962,71168,206,[],,173.76,101.28,334.08000000000004,100.80000000000001,392.56,264.40000000000003,117.2,265.12,,,,,,,,,,,,,,,,8,0.038834951456310676,false,,,173.76,101.28,334.08000000000004,100.80000000000001,392.56,264.40000000000003,117.2,265.12
15,sset_15/tracknet-stride-8,static_shuttleset_homography,337,71168,71350,182,[],,173.76,101.28,334.08000000000004,100.80000000000001,392.56,264.40000000000003,117.2,265.12,,,,,,,,,,,,,,,,177,0.9725274725274725,true,,,173.76,101.28,334.08000000000004,100.80000000000001,392.56,264.40000000000003,117.2,265.12
15,sset_15/tracknet-stride-8,static_shuttleset_homography,338,71350,71456,106,[],,173.76,101.28,334.08000000000004,100.80000000000001,392.56,264.40000000000003,117.2,265.12,,,,,,,,,,,,,,,,14,0.1320754716981132,false,,,173.76,101.28,334.08000000000004,100.80000000000001,392.56,264.40000000000003,117.2,265.12
15,sset_15/tracknet-stride-8,static_shuttleset_homography,339,71456,71797,341,[],,173.76,101.28,334.08000000000004,100.80000000000001,392.56,264.40000000000003,117.2,265.12,,,,,,,,,,,,,,,,154,0.45161290322580644,false,,,173.76,101.28,334.08000000000004,100.80000000000001,392.56,264.40000000000003,117.2,265.12
15,sset_15/tracknet-stride-8,static_shuttleset_homography,340,71797,72028,231,[],,173.76,101.28,334.08000000000004,100.80000000000001,392.56,264.40000000000003,117.2,265.12,,,,,,,,,,,,,,,,15,0.06493506493506493,false,,,173.76,101.28,334.08000000000004,100.80000000000001,392.56,264.40000000000003,117.2,265.12
15,sset_15/tracknet-stride-8,static_shuttleset_homography,341,72028,72189,161,[],,173.76,101.28,334.08000000000004,100.80000000000001,392.56,264.40000000000003,117.2,265.12,,,,,,,,,,,,,,,,10,0.062111801242236024,false,,,173.76,101.28,334.08000000000004,100.80000000000001,392.56,264.40000000000003,117.2,265.12
15,sset_15/tracknet-stride-8,static_shuttleset_homography,342,72189,72352,163,[],,173.76,101.28,334.08000000000004,100.80000000000001,392.56,264.40000000000003,117.2,265.12,,,,,,,,,,,,,,,,0,0.0,false,,,173.76,101.28,334.08000000000004,100.80000000000001,392.56,264.40000000000003,117.2,265.12
15,sset_15/tracknet-stride-8,static_shuttleset_homography,343,72352,72645,293,[],,173.76,101.28,334.08000000000004,100.80000000000001,392.56,264.40000000000003,117.2,265.12,,,,,,,,,,,,,,,,292,0.9965870307167235,true,,,173.76,101.28,334.08000000000004,100.80000000000001,392.56,264.40000000000003,117.2,265.12
15,sset_15/tracknet-stride-8,static_shuttleset_homography,344,72645,72780,135,[],,173.76,101.28,334.08000000000004,100.80000000000001,392.56,264.40000000000003,117.2,265.12,,,,,,,,,,,,,,,,67,0.4962962962962963,false,,,173.76,101.28,334.08000000000004,100.80000000000001,392.56,264.40000000000003,117.2,265.12
15,sset_15/tracknet-stride-8,static_shuttleset_homography,345,72780,73011,231,[],,173.76,101.28,334.08000000000004,100.80000000000001,392.56,264.40000000000003,117.2,265.12,,,,,,,,,,,,,,,,168,0.7272727272727273,true,,,173.76,101.28,334.08000000000004,100.80000000000001,392.56,264.40000000000003,117.2,265.12
15,sset_15/tracknet-stride-8,static_shuttleset_homography,346,73011,73255,244,[],,173.76,101.28,334.08000000000004,100.80000000000001,392.56,264.40000000000003,117.2,265.12,,,,,,,,,,,,,,,,7,0.028688524590163935,false,,,173.76,101.28,334.08000000000004,100.80000000000001,392.56,264.40000000000003,117.2,265.12
15,sset_15/tracknet-stride-8,static_shuttleset_homography,347,73255,73463,208,[],,173.76,101.28,334.08000000000004,100.80000000000001,392.56,264.40000000000003,117.2,265.12,,,,,,,,,,,,,,,,206,0.9903846153846154,true,,,173.76,101.28,334.08000000000004,100.80000000000001,392.56,264.40000000000003,117.2,265.12
15,sset_15/tracknet-stride-8,static_shuttleset_homography,348,73463,73517,54,[],,173.76,101.28,334.08000000000004,100.80000000000001,392.56,264.40000000000003,117.2,265.12,,,,,,,,,,,,,,,,0,0.0,false,,,173.76,101.28,334.08000000000004,100.80000000000001,392.56,264.40000000000003,117.2,265.12
15,sset_15/tracknet-stride-8,static_shuttleset_homography,349,73517,73603,86,[],,173.76,101.28,334.08000000000004,100.80000000000001,392.56,264.40000000000003,117.2,265.12,,,,,,,,,,,,,,,,85,0.9883720930232558,true,,,173.76,101.28,334.08000000000004,100.80000000000001,392.56,264.40000000000003,117.2,265.12
15,sset_15/tracknet-stride-8,static_shuttleset_homography,350,73603,73772,169,[],,173.76,101.28,334.08000000000004,100.80000000000001,392.56,264.40000000000003,117.2,265.12,,,,,,,,,,,,,,,,160,0.9467455621301775,true,,,173.76,101.28,334.08000000000004,100.80000000000001,392.56,264.40000000000003,117.2,265.12
15,sset_15/tracknet-stride-8,static_shuttleset_homography,351,73772,73914,142,[],,173.76,101.28,334.08000000000004,100.80000000000001,392.56,264.40000000000003,117.2,265.12,,,,,,,,,,,,,,,,0,0.0,false,,,173.76,101.28,334.08000000000004,100.80000000000001,392.56,264.40000000000003,117.2,265.12
15,sset_15/tracknet-stride-8,static_shuttleset_homography,352,73914,74084,170,[],,173.76,101.28,334.08000000000004,100.80000000000001,392.56,264.40000000000003,117.2,265.12,,,,,,,,,,,,,,,,170,1.0,true,,,173.76,101.28,334.08000000000004,100.80000000000001,392.56,264.40000000000003,117.2,265.12
15,sset_15/tracknet-stride-8,static_shuttleset_homography,353,74084,74243,159,[],,173.76,101.28,334.08000000000004,100.80000000000001,392.56,264.40000000000003,117.2,265.12,,,,,,,,,,,,,,,,14,0.0880503144654088,false,,,173.76,101.28,334.08000000000004,100.80000000000001,392.56,264.40000000000003,117.2,265.12
15,sset_15/tracknet-stride-8,static_shuttleset_homography,354,74243,74434,191,[],,173.76,101.28,334.08000000000004,100.80000000000001,392.56,264.40000000000003,117.2,265.12,,,,,,,,,,,,,,,,109,0.5706806282722513,true,,,173.76,101.28,334.08000000000004,100.80000000000001,392.56,264.40000000000003,117.2,265.12
15,sset_15/tracknet-stride-8,static_shuttleset_homography,355,74434,74556,122,[],,173.76,101.28,334.08000000000004,100.80000000000001,392.56,264.40000000000003,117.2,265.12,,,,,,,,,,,,,,,,0,0.0,false,,,173.76,101.28,334.08000000000004,100.80000000000001,392.56,264.40000000000003,117.2,265.12
15,sset_15/tracknet-stride-8,static_shuttleset_homography,356,74556,75327,771,[],,173.76,101.28,334.08000000000004,100.80000000000001,392.56,264.40000000000003,117.2,265.12,,,,,,,,,,,,,,,,752,0.9753566796368353,true,,,173.76,101.28,334.08000000000004,100.80000000000001,392.56,264.40000000000003,117.2,265.12
15,sset_15/tracknet-stride-8,static_shuttleset_homography,357,75327,75459,132,[],,173.76,101.28,334.08000000000004,100.80000000000001,392.56,264.40000000000003,117.2,265.12,,,,,,,,,,,,,,,,35,0.26515151515151514,false,,,173.76,101.28,334.08000000000004,100.80000000000001,392.56,264.40000000000003,117.2,265.12
15,sset_15/tracknet-stride-8,static_shuttleset_homography,358,75459,75688,229,[],,173.76,101.28,334.08000000000004,100.80000000000001,392.56,264.40000000000003,117.2,265.12,,,,,,,,,,,,,,,,194,0.8471615720524017,true,,,173.76,101.28,334.08000000000004,100.80000000000001,392.56,264.40000000000003,117.2,265.12
15,sset_15/tracknet-stride-8,static_shuttleset_homography,359,75688,75890,202,[],,173.76,101.28,334.08000000000004,100.80000000000001,392.56,264.40000000000003,117.2,265.12,,,,,,,,,,,,,,,,2,0.009900990099009901,false,,,173.76,101.28,334.08000000000004,100.80000000000001,392.56,264.40000000000003,117.2,265.12
15,sset_15/tracknet-stride-8,static_shuttleset_homography,360,75890,76092,202,[],,173.76,101.28,334.08000000000004,100.80000000000001,392.56,264.40000000000003,117.2,265.12,,,,,,,,,,,,,,,,200,0.9900990099009901,true,,,173.76,101.28,334.08000000000004,100.80000000000001,392.56,264.40000000000003,117.2,265.12
15,sset_15/tracknet-stride-8,static_shuttleset_homography,361,76092,76193,101,[],,173.76,101.28,334.08000000000004,100.80000000000001,392.56,264.40000000000003,117.2,265.12,,,,,,,,,,,,,,,,0,0.0,false,,,173.76,101.28,334.08000000000004,100.80000000000001,392.56,264.40000000000003,117.2,265.12
15,sset_15/tracknet-stride-8,static_shuttleset_homography,362,76193,76321,128,[],,173.76,101.28,334.08000000000004,100.80000000000001,392.56,264.40000000000003,117.2,265.12,,,,,,,,,,,,,,,,5,0.0390625,false,,,173.76,101.28,334.08000000000004,100.80000000000001,392.56,264.40000000000003,117.2,265.12
15,sset_15/tracknet-stride-8,static_shuttleset_homography,363,76321,76680,359,[],,173.76,101.28,334.08000000000004,100.80000000000001,392.56,264.40000000000003,117.2,265.12,,,,,,,,,,,,,,,,119,0.33147632311977715,false,,,173.76,101.28,334.08000000000004,100.80000000000001,392.56,264.40000000000003,117.2,265.12
15,sset_15/tracknet-stride-8,static_shuttleset_homography,364,76680,76884,204,[],,173.76,101.28,334.08000000000004,100.80000000000001,392.56,264.40000000000003,117.2,265.12,,,,,,,,,,,,,,,,11,0.05392156862745098,false,,,173.76,101.28,334.08000000000004,100.80000000000001,392.56,264.40000000000003,117.2,265.12
15,sset_15/tracknet-stride-8,static_shuttleset_homography,365,76884,77011,127,[],,173.76,101.28,334.08000000000004,100.80000000000001,392.56,264.40000000000003,117.2,265.12,,,,,,,,,,,,,,,,0,0.0,false,,,173.76,101.28,334.08000000000004,100.80000000000001,392.56,264.40000000000003,117.2,265.12
15,sset_15/tracknet-stride-8,static_shuttleset_homography,366,77011,77270,259,[],,173.76,101.28,334.08000000000004,100.80000000000001,392.56,264.40000000000003,117.2,265.12,,,,,,,,,,,,,,,,170,0.6563706563706564,true,,,173.76,101.28,334.08000000000004,100.80000000000001,392.56,264.40000000000003,117.2,265.12
15,sset_15/tracknet-stride-8,static_shuttleset_homography,367,77270,77377,107,[],,173.76,101.28,334.08000000000004,100.80000000000001,392.56,264.40000000000003,117.2,265.12,,,,,,,,,,,,,,,,42,0.3925233644859813,false,,,173.76,101.28,334.08000000000004,100.80000000000001,392.56,264.40000000000003,117.2,265.12
15,sset_15/tracknet-stride-8,static_shuttleset_homography,368,77377,77543,166,[],,173.76,101.28,334.08000000000004,100.80000000000001,392.56,264.40000000000003,117.2,265.12,,,,,,,,,,,,,,,,73,0.4397590361445783,false,,,173.76,101.28,334.08000000000004,100.80000000000001,392.56,264.40000000000003,117.2,265.12
15,sset_15/tracknet-stride-8,static_shuttleset_homography,369,77543,77636,93,[],,173.76,101.28,334.08000000000004,100.80000000000001,392.56,264.40000000000003,117.2,265.12,,,,,,,,,,,,,,,,0,0.0,false,,,173.76,101.28,334.08000000000004,100.80000000000001,392.56,264.40000000000003,117.2,265.12
15,sset_15/tracknet-stride-8,static_shuttleset_homography,370,77636,77860,224,[],,173.76,101.28,334.08000000000004,100.80000000000001,392.56,264.40000000000003,117.2,265.12,,,,,,,,,,,,,,,,42,0.1875,false,,,173.76,101.28,334.08000000000004,100.80000000000001,392.56,264.40000000000003,117.2,265.12
15,sset_15/tracknet-stride-8,static_shuttleset_homography,371,77860,77912,52,[],,173.76,101.28,334.08000000000004,100.80000000000001,392.56,264.40000000000003,117.2,265.12,,,,,,,,,,,,,,,,0,0.0,false,,,173.76,101.28,334.08000000000004,100.80000000000001,392.56,264.40000000000003,117.2,265.12
15,sset_15/tracknet-stride-8,static_shuttleset_homography,372,77912,78304,392,[],,173.76,101.28,334.08000000000004,100.80000000000001,392.56,264.40000000000003,117.2,265.12,,,,,,,,,,,,,,,,377,0.9617346938775511,true,,,173.76,101.28,334.08000000000004,100.80000000000001,392.56,264.40000000000003,117.2,265.12
15,sset_15/tracknet-stride-8,static_shuttleset_homography,373,78304,78356,52,[],,173.76,101.28,334.08000000000004,100.80000000000001,392.56,264.40000000000003,117.2,265.12,,,,,,,,,,,,,,,,0,0.0,false,,,173.76,101.28,334.08000000000004,100.80000000000001,392.56,264.40000000000003,117.2,265.12
15,sset_15/tracknet-stride-8,static_shuttleset_homography,374,78356,78500,144,[],,173.76,101.28,334.08000000000004,100.80000000000001,392.56,264.40000000000003,117.2,265.12,,,,,,,,,,,,,,,,6,0.041666666666666664,false,,,173.76,101.28,334.08000000000004,100.80000000000001,392.56,264.40000000000003,117.2,265.12
15,sset_15/tracknet-stride-8,static_shuttleset_homography,375,78500,78696,196,[],,173.76,101.28,334.08000000000004,100.80000000000001,392.56,264.40000000000003,117.2,265.12,,,,,,,,,,,,,,,,75,0.3826530612244898,false,,,173.76,101.28,334.08000000000004,100.80000000000001,392.56,264.40000000000003,117.2,265.12
15,sset_15/tracknet-stride-8,static_shuttleset_homography,376,78696,78921,225,[],,173.76,101.28,334.08000000000004,100.80000000000001,392.56,264.40000000000003,117.2,265.12,,,,,,,,,,,,,,,,3,0.013333333333333334,false,,,173.76,101.28,334.08000000000004,100.80000000000001,392.56,264.40000000000003,117.2,265.12
15,sset_15/tracknet-stride-8,static_shuttleset_homography,377,78921,78997,76,[],,173.76,101.28,334.08000000000004,100.80000000000001,392.56,264.40000000000003,117.2,265.12,,,,,,,,,,,,,,,,7,0.09210526315789473,false,,,173.76,101.28,334.08000000000004,100.80000000000001,392.56,264.40000000000003,117.2,265.12
15,sset_15/tracknet-stride-8,static_shuttleset_homography,378,78997,79145,148,[],,173.76,101.28,334.08000000000004,100.80000000000001,392.56,264.40000000000003,117.2,265.12,,,,,,,,,,,,,,,,148,1.0,true,,,173.76,101.28,334.08000000000004,100.80000000000001,392.56,264.40000000000003,117.2,265.12
15,sset_15/tracknet-stride-8,static_shuttleset_homography,379,79145,79232,87,[],,173.76,101.28,334.08000000000004,100.80000000000001,392.56,264.40000000000003,117.2,265.12,,,,,,,,,,,,,,,,0,0.0,false,,,173.76,101.28,334.08000000000004,100.80000000000001,392.56,264.40000000000003,117.2,265.12
15,sset_15/tracknet-stride-8,static_shuttleset_homography,380,79232,79384,152,[],,173.76,101.28,334.08000000000004,100.80000000000001,392.56,264.40000000000003,117.2,265.12,,,,,,,,,,,,,,,,44,0.2894736842105263,false,,,173.76,101.28,334.08000000000004,100.80000000000001,392.56,264.40000000000003,117.2,265.12
15,sset_15/tracknet-stride-8,static_shuttleset_homography,381,79384,79554,170,[],,173.76,101.28,334.08000000000004,100.80000000000001,392.56,264.40000000000003,117.2,265.12,,,,,,,,,,,,,,,,127,0.7470588235294118,true,,,173.76,101.28,334.08000000000004,100.80000000000001,392.56,264.40000000000003,117.2,265.12
15,sset_15/tracknet-stride-8,static_shuttleset_homography,382,79554,79687,133,[],,173.76,101.28,334.08000000000004,100.80000000000001,392.56,264.40000000000003,117.2,265.12,,,,,,,,,,,,,,,,0,0.0,false,,,173.76,101.28,334.08000000000004,100.80000000000001,392.56,264.40000000000003,117.2,265.12
15,sset_15/tracknet-stride-8,static_shuttleset_homography,383,79687,80009,322,[],,173.76,101.28,334.08000000000004,100.80000000000001,392.56,264.40000000000003,117.2,265.12,,,,,,,,,,,,,,,,321,0.9968944099378882,true,,,173.76,101.28,334.08000000000004,100.80000000000001,392.56,264.40000000000003,117.2,265.12
15,sset_15/tracknet-stride-8,static_shuttleset_homography,384,80009,80050,41,[],,173.76,101.28,334.08000000000004,100.80000000000001,392.56,264.40000000000003,117.2,265.12,,,,,,,,,,,,,,,,41,1.0,true,,,173.76,101.28,334.08000000000004,100.80000000000001,392.56,264.40000000000003,117.2,265.12
15,sset_15/tracknet-stride-8,static_shuttleset_homography,385,80050,80165,115,[],,173.76,101.28,334.08000000000004,100.80000000000001,392.56,264.40000000000003,117.2,265.12,,,,,,,,,,,,,,,,114,0.991304347826087,true,,,173.76,101.28,334.08000000000004,100.80000000000001,392.56,264.40000000000003,117.2,265.12
15,sset_15/tracknet-stride-8,static_shuttleset_homography,386,80165,80342,177,[],,173.76,101.28,334.08000000000004,100.80000000000001,392.56,264.40000000000003,117.2,265.12,,,,,,,,,,,,,,,,61,0.3446327683615819,false,,,173.76,101.28,334.08000000000004,100.80000000000001,392.56,264.40000000000003,117.2,265.12
15,sset_15/tracknet-stride-8,static_shuttleset_homography,387,80342,80480,138,[],,173.76,101.28,334.08000000000004,100.80000000000001,392.56,264.40000000000003,117.2,265.12,,,,,,,,,,,,,,,,3,0.021739130434782608,false,,,173.76,101.28,334.08000000000004,100.80000000000001,392.56,264.40000000000003,117.2,265.12
15,sset_15/tracknet-stride-8,static_shuttleset_homography,388,80480,80499,19,[],,173.76,101.28,334.08000000000004,100.80000000000001,392.56,264.40000000000003,117.2,265.12,,,,,,,,,,,,,,,,7,0.3684210526315789,false,,,173.76,101.28,334.08000000000004,100.80000000000001,392.56,264.40000000000003,117.2,265.12
15,sset_15/tracknet-stride-8,static_shuttleset_homography,389,80499,80810,311,[],,173.76,101.28,334.08000000000004,100.80000000000001,392.56,264.40000000000003,117.2,265.12,,,,,,,,,,,,,,,,5,0.01607717041800643,false,,,173.76,101.28,334.08000000000004,100.80000000000001,392.56,264.40000000000003,117.2,265.12
15,sset_15/tracknet-stride-8,static_shuttleset_homography,390,80810,80994,184,[],,173.76,101.28,334.08000000000004,100.80000000000001,392.56,264.40000000000003,117.2,265.12,,,,,,,,,,,,,,,,15,0.08152173913043478,false,,,173.76,101.28,334.08000000000004,100.80000000000001,392.56,264.40000000000003,117.2,265.12
15,sset_15/tracknet-stride-8,static_shuttleset_homography,391,80994,81276,282,[],,173.76,101.28,334.08000000000004,100.80000000000001,392.56,264.40000000000003,117.2,265.12,,,,,,,,,,,,,,,,269,0.9539007092198581,true,,,173.76,101.28,334.08000000000004,100.80000000000001,392.56,264.40000000000003,117.2,265.12
15,sset_15/tracknet-stride-8,static_shuttleset_homography,392,81276,81421,145,[],,173.76,101.28,334.08000000000004,100.80000000000001,392.56,264.40000000000003,117.2,265.12,,,,,,,,,,,,,,,,5,0.034482758620689655,false,,,173.76,101.28,334.08000000000004,100.80000000000001,392.56,264.40000000000003,117.2,265.12
15,sset_15/tracknet-stride-8,static_shuttleset_homography,393,81421,81581,160,[],,173.76,101.28,334.08000000000004,100.80000000000001,392.56,264.40000000000003,117.2,265.12,,,,,,,,,,,,,,,,124,0.775,true,,,173.76,101.28,334.08000000000004,100.80000000000001,392.56,264.40000000000003,117.2,265.12
15,sset_15/tracknet-stride-8,static_shuttleset_homography,394,81581,81901,320,[],,173.76,101.28,334.08000000000004,100.80000000000001,392.56,264.40000000000003,117.2,265.12,,,,,,,,,,,,,,,,18,0.05625,false,,,173.76,101.28,334.08000000000004,100.80000000000001,392.56,264.40000000000003,117.2,265.12
15,sset_15/tracknet-stride-8,static_shuttleset_homography,395,81901,82078,177,[],,173.76,101.28,334.08000000000004,100.80000000000001,392.56,264.40000000000003,117.2,265.12,,,,,,,,,,,,,,,,176,0.9943502824858758,true,,,173.76,101.28,334.08000000000004,100.80000000000001,392.56,264.40000000000003,117.2,265.12
15,sset_15/tracknet-stride-8,static_shuttleset_homography,396,82078,82293,215,[],,173.76,101.28,334.08000000000004,100.80000000000001,392.56,264.40000000000003,117.2,265.12,,,,,,,,,,,,,,,,1,0.004651162790697674,false,,,173.76,101.28,334.08000000000004,100.80000000000001,392.56,264.40000000000003,117.2,265.12
15,sset_15/tracknet-stride-8,static_shuttleset_homography,397,82293,82634,341,[],,173.76,101.28,334.08000000000004,100.80000000000001,392.56,264.40000000000003,117.2,265.12,,,,,,,,,,,,,,,,92,0.2697947214076246,false,,,173.76,101.28,334.08000000000004,100.80000000000001,392.56,264.40000000000003,117.2,265.12
15,sset_15/tracknet-stride-8,static_shuttleset_homography,398,82634,83231,597,[],,173.76,101.28,334.08000000000004,100.80000000000001,392.56,264.40000000000003,117.2,265.12,,,,,,,,,,,,,,,,20,0.03350083752093802,false,,,173.76,101.28,334.08000000000004,100.80000000000001,392.56,264.40000000000003,117.2,265.12
15,sset_15/tracknet-stride-8,static_shuttleset_homography,399,83231,83394,163,[],,173.76,101.28,334.08000000000004,100.80000000000001,392.56,264.40000000000003,117.2,265.12,,,,,,,,,,,,,,,,68,0.4171779141104294,false,,,173.76,101.28,334.08000000000004,100.80000000000001,392.56,264.40000000000003,117.2,265.12
15,sset_15/tracknet-stride-8,static_shuttleset_homography,400,83394,83603,209,[],,173.76,101.28,334.08000000000004,100.80000000000001,392.56,264.40000000000003,117.2,265.12,,,,,,,,,,,,,,,,57,0.2727272727272727,false,,,173.76,101.28,334.08000000000004,100.80000000000001,392.56,264.40000000000003,117.2,265.12
15,sset_15/tracknet-stride-8,static_shuttleset_homography,401,83603,83783,180,[],,173.76,101.28,334.08000000000004,100.80000000000001,392.56,264.40000000000003,117.2,265.12,,,,,,,,,,,,,,,,8,0.044444444444444446,false,,,173.76,101.28,334.08000000000004,100.80000000000001,392.56,264.40000000000003,117.2,265.12
15,sset_15/tracknet-stride-8,static_shuttleset_homography,402,83783,83893,110,[],,173.76,101.28,334.08000000000004,100.80000000000001,392.56,264.40000000000003,117.2,265.12,,,,,,,,,,,,,,,,0,0.0,false,,,173.76,101.28,334.08000000000004,100.80000000000001,392.56,264.40000000000003,117.2,265.12
15,sset_15/tracknet-stride-8,static_shuttleset_homography,403,83893,84113,220,[],,173.76,101.28,334.08000000000004,100.80000000000001,392.56,264.40000000000003,117.2,265.12,,,,,,,,,,,,,,,,220,1.0,true,,,173.76,101.28,334.08000000000004,100.80000000000001,392.56,264.40000000000003,117.2,265.12
15,sset_15/tracknet-stride-8,static_shuttleset_homography,404,84113,84254,141,[],,173.76,101.28,334.08000000000004,100.80000000000001,392.56,264.40000000000003,117.2,265.12,,,,,,,,,,,,,,,,33,0.23404255319148937,false,,,173.76,101.28,334.08000000000004,100.80000000000001,392.56,264.40000000000003,117.2,265.12
15,sset_15/tracknet-stride-8,static_shuttleset_homography,405,84254,84409,155,[],,173.76,101.28,334.08000000000004,100.80000000000001,392.56,264.40000000000003,117.2,265.12,,,,,,,,,,,,,,,,128,0.8258064516129032,true,,,173.76,101.28,334.08000000000004,100.80000000000001,392.56,264.40000000000003,117.2,265.12
15,sset_15/tracknet-stride-8,static_shuttleset_homography,406,84409,84529,120,[],,173.76,101.28,334.08000000000004,100.80000000000001,392.56,264.40000000000003,117.2,265.12,,,,,,,,,,,,,,,,4,0.03333333333333333,false,,,173.76,101.28,334.08000000000004,100.80000000000001,392.56,264.40000000000003,117.2,265.12
15,sset_15/tracknet-stride-8,static_shuttleset_homography,407,84529,84695,166,[],,173.76,101.28,334.08000000000004,100.80000000000001,392.56,264.40000000000003,117.2,265.12,,,,,,,,,,,,,,,,166,1.0,true,,,173.76,101.28,334.08000000000004,100.80000000000001,392.56,264.40000000000003,117.2,265.12
15,sset_15/tracknet-stride-8,static_shuttleset_homography,408,84695,84810,115,[],,173.76,101.28,334.08000000000004,100.80000000000001,392.56,264.40000000000003,117.2,265.12,,,,,,,,,,,,,,,,7,0.06086956521739131,false,,,173.76,101.28,334.08000000000004,100.80000000000001,392.56,264.40000000000003,117.2,265.12
15,sset_15/tracknet-stride-8,static_shuttleset_homography,409,84810,85066,256,[],,173.76,101.28,334.08000000000004,100.80000000000001,392.56,264.40000000000003,117.2,265.12,,,,,,,,,,,,,,,,8,0.03125,false,,,173.76,101.28,334.08000000000004,100.80000000000001,392.56,264.40000000000003,117.2,265.12
15,sset_15/tracknet-stride-8,static_shuttleset_homography,410,85066,85729,663,[],,173.76,101.28,334.08000000000004,100.80000000000001,392.56,264.40000000000003,117.2,265.12,,,,,,,,,,,,,,,,616,0.9291101055806938,true,,,173.76,101.28,334.08000000000004,100.80000000000001,392.56,264.40000000000003,117.2,265.12
15,sset_15/tracknet-stride-8,static_shuttleset_homography,411,85729,85907,178,[],,173.76,101.28,334.08000000000004,100.80000000000001,392.56,264.40000000000003,117.2,265.12,,,,,,,,,,,,,,,,0,0.0,false,,,173.76,101.28,334.08000000000004,100.80000000000001,392.56,264.40000000000003,117.2,265.12
15,sset_15/tracknet-stride-8,static_shuttleset_homography,412,85907,86201,294,[],,173.76,101.28,334.08000000000004,100.80000000000001,392.56,264.40000000000003,117.2,265.12,,,,,,,,,,,,,,,,71,0.24149659863945577,false,,,173.76,101.28,334.08000000000004,100.80000000000001,392.56,264.40000000000003,117.2,265.12
15,sset_15/tracknet-stride-8,static_shuttleset_homography,413,86201,86526,325,[],,173.76,101.28,334.08000000000004,100.80000000000001,392.56,264.40000000000003,117.2,265.12,,,,,,,,,,,,,,,,1,0.003076923076923077,false,,,173.76,101.28,334.08000000000004,100.80000000000001,392.56,264.40000000000003,117.2,265.12
15,sset_15/tracknet-stride-8,static_shuttleset_homography,414,86526,86675,149,[],,173.76,101.28,334.08000000000004,100.80000000000001,392.56,264.40000000000003,117.2,265.12,,,,,,,,,,,,,,,,149,1.0,true,,,173.76,101.28,334.08000000000004,100.80000000000001,392.56,264.40000000000003,117.2,265.12
15,sset_15/tracknet-stride-8,static_shuttleset_homography,415,86675,86960,285,[],,173.76,101.28,334.08000000000004,100.80000000000001,392.56,264.40000000000003,117.2,265.12,,,,,,,,,,,,,,,,4,0.014035087719298246,false,,,173.76,101.28,334.08000000000004,100.80000000000001,392.56,264.40000000000003,117.2,265.12
15,sset_15/tracknet-stride-8,static_shuttleset_homography,416,86960,87162,202,[],,173.76,101.28,334.08000000000004,100.80000000000001,392.56,264.40000000000003,117.2,265.12,,,,,,,,,,,,,,,,0,0.0,false,,,173.76,101.28,334.08000000000004,100.80000000000001,392.56,264.40000000000003,117.2,265.12
15,sset_15/tracknet-stride-8,static_shuttleset_homography,417,87162,87400,238,[],,173.76,101.28,334.08000000000004,100.80000000000001,392.56,264.40000000000003,117.2,265.12,,,,,,,,,,,,,,,,6,0.025210084033613446,false,,,173.76,101.28,334.08000000000004,100.80000000000001,392.56,264.40000000000003,117.2,265.12
15,sset_15/tracknet-stride-8,static_shuttleset_homography,418,87400,87726,326,[],,173.76,101.28,334.08000000000004,100.80000000000001,392.56,264.40000000000003,117.2,265.12,,,,,,,,,,,,,,,,39,0.1196319018404908,false,,,173.76,101.28,334.08000000000004,100.80000000000001,392.56,264.40000000000003,117.2,265.12
15,sset_15/tracknet-stride-8,static_shuttleset_homography,419,87726,88100,374,[],,173.76,101.28,334.08000000000004,100.80000000000001,392.56,264.40000000000003,117.2,265.12,,,,,,,,,,,,,,,,366,0.9786096256684492,true,,,173.76,101.28,334.08000000000004,100.80000000000001,392.56,264.40000000000003,117.2,265.12
15,sset_15/tracknet-stride-8,static_shuttleset_homography,420,88100,88212,112,[],,173.76,101.28,334.08000000000004,100.80000000000001,392.56,264.40000000000003,117.2,265.12,,,,,,,,,,,,,,,,28,0.25,false,,,173.76,101.28,334.08000000000004,100.80000000000001,392.56,264.40000000000003,117.2,265.12
15,sset_15/tracknet-stride-8,static_shuttleset_homography,421,88212,88240,28,[],,173.76,101.28,334.08000000000004,100.80000000000001,392.56,264.40000000000003,117.2,265.12,,,,,,,,,,,,,,,,0,0.0,false,,,173.76,101.28,334.08000000000004,100.80000000000001,392.56,264.40000000000003,117.2,265.12
15,sset_15/tracknet-stride-8,static_shuttleset_homography,422,88240,88259,19,[],,173.76,101.28,334.08000000000004,100.80000000000001,392.56,264.40000000000003,117.2,265.12,,,,,,,,,,,,,,,,0,0.0,false,,,173.76,101.28,334.08000000000004,100.80000000000001,392.56,264.40000000000003,117.2,265.12
15,sset_15/tracknet-stride-8,static_shuttleset_homography,423,88259,88436,177,[],,173.76,101.28,334.08000000000004,100.80000000000001,392.56,264.40000000000003,117.2,265.12,,,,,,,,,,,,,,,,87,0.4915254237288136,false,,,173.76,101.28,334.08000000000004,100.80000000000001,392.56,264.40000000000003,117.2,265.12
15,sset_15/tracknet-stride-8,static_shuttleset_homography,424,88436,88455,19,[],,173.76,101.28,334.08000000000004,100.80000000000001,392.56,264.40000000000003,117.2,265.12,,,,,,,,,,,,,,,,12,0.631578947368421,true,,,173.76,101.28,334.08000000000004,100.80000000000001,392.56,264.40000000000003,117.2,265.12
15,sset_15/tracknet-stride-8,static_shuttleset_homography,425,88455,88773,318,[],,173.76,101.28,334.08000000000004,100.80000000000001,392.56,264.40000000000003,117.2,265.12,,,,,,,,,,,,,,,,22,0.06918238993710692,false,,,173.76,101.28,334.08000000000004,100.80000000000001,392.56,264.40000000000003,117.2,265.12
15,sset_15/tracknet-stride-8,static_shuttleset_homography,426,88773,89000,227,[],,173.76,101.28,334.08000000000004,100.80000000000001,392.56,264.40000000000003,117.2,265.12,,,,,,,,,,,,,,,,207,0.9118942731277533,true,,,173.76,101.28,334.08000000000004,100.80000000000001,392.56,264.40000000000003,117.2,265.12
15,sset_15/tracknet-stride-8,static_shuttleset_homography,427,89000,89154,154,[],,173.76,101.28,334.08000000000004,100.80000000000001,392.56,264.40000000000003,117.2,265.12,,,,,,,,,,,,,,,,45,0.2922077922077922,false,,,173.76,101.28,334.08000000000004,100.80000000000001,392.56,264.40000000000003,117.2,265.12
15,sset_15/tracknet-stride-8,static_shuttleset_homography,428,89154,89284,130,[],,173.76,101.28,334.08000000000004,100.80000000000001,392.56,264.40000000000003,117.2,265.12,,,,,,,,,,,,,,,,106,0.8153846153846154,true,,,173.76,101.28,334.08000000000004,100.80000000000001,392.56,264.40000000000003,117.2,265.12
15,sset_15/tracknet-stride-8,static_shuttleset_homography,429,89284,89428,144,[],,173.76,101.28,334.08000000000004,100.80000000000001,392.56,264.40000000000003,117.2,265.12,,,,,,,,,,,,,,,,6,0.041666666666666664,false,,,173.76,101.28,334.08000000000004,100.80000000000001,392.56,264.40000000000003,117.2,265.12
15,sset_15/tracknet-stride-8,static_shuttleset_homography,430,89428,89746,318,[],,173.76,101.28,334.08000000000004,100.80000000000001,392.56,264.40000000000003,117.2,265.12,,,,,,,,,,,,,,,,316,0.9937106918238994,true,,,173.76,101.28,334.08000000000004,100.80000000000001,392.56,264.40000000000003,117.2,265.12
15,sset_15/tracknet-stride-8,static_shuttleset_homography,431,89746,89779,33,[],,173.76,101.28,334.08000000000004,100.80000000000001,392.56,264.40000000000003,117.2,265.12,,,,,,,,,,,,,,,,0,0.0,false,,,173.76,101.28,334.08000000000004,100.80000000000001,392.56,264.40000000000003,117.2,265.12
15,sset_15/tracknet-stride-8,static_shuttleset_homography,432,89779,89873,94,[],,173.76,101.28,334.08000000000004,100.80000000000001,392.56,264.40000000000003,117.2,265.12,,,,,,,,,,,,,,,,66,0.7021276595744681,true,,,173.76,101.28,334.08000000000004,100.80000000000001,392.56,264.40000000000003,117.2,265.12
15,sset_15/tracknet-stride-8,static_shuttleset_homography,433,89873,90070,197,[],,173.76,101.28,334.08000000000004,100.80000000000001,392.56,264.40000000000003,117.2,265.12,,,,,,,,,,,,,,,,79,0.4010152284263959,false,,,173.76,101.28,334.08000000000004,100.80000000000001,392.56,264.40000000000003,117.2,265.12
15,sset_15/tracknet-stride-8,static_shuttleset_homography,434,90070,90365,295,[],,173.76,101.28,334.08000000000004,100.80000000000001,392.56,264.40000000000003,117.2,265.12,,,,,,,,,,,,,,,,10,0.03389830508474576,false,,,173.76,101.28,334.08000000000004,100.80000000000001,392.56,264.40000000000003,117.2,265.12
15,sset_15/tracknet-stride-8,static_shuttleset_homography,435,90365,90530,165,[],,173.76,101.28,334.08000000000004,100.80000000000001,392.56,264.40000000000003,117.2,265.12,,,,,,,,,,,,,,,,12,0.07272727272727272,false,,,173.76,101.28,334.08000000000004,100.80000000000001,392.56,264.40000000000003,117.2,265.12
15,sset_15/tracknet-stride-8,static_shuttleset_homography,436,90530,90647,117,[],,173.76,101.28,334.08000000000004,100.80000000000001,392.56,264.40000000000003,117.2,265.12,,,,,,,,,,,,,,,,13,0.1111111111111111,false,,,173.76,101.28,334.08000000000004,100.80000000000001,392.56,264.40000000000003,117.2,265.12
15,sset_15/tracknet-stride-8,static_shuttleset_homography,437,90647,90681,34,[],,173.76,101.28,334.08000000000004,100.80000000000001,392.56,264.40000000000003,117.2,265.12,,,,,,,,,,,,,,,,8,0.23529411764705882,false,,,173.76,101.28,334.08000000000004,100.80000000000001,392.56,264.40000000000003,117.2,265.12
15,sset_15/tracknet-stride-8,static_shuttleset_homography,438,90681,90882,201,[],,173.76,101.28,334.08000000000004,100.80000000000001,392.56,264.40000000000003,117.2,265.12,,,,,,,,,,,,,,,,21,0.1044776119402985,false,,,173.76,101.28,334.08000000000004,100.80000000000001,392.56,264.40000000000003,117.2,265.12
15,sset_15/tracknet-stride-8,static_shuttleset_homography,439,90882,91073,191,[],,173.76,101.28,334.08000000000004,100.80000000000001,392.56,264.40000000000003,117.2,265.12,,,,,,,,,,,,,,,,182,0.9528795811518325,true,,,173.76,101.28,334.08000000000004,100.80000000000001,392.56,264.40000000000003,117.2,265.12
15,sset_15/tracknet-stride-8,static_shuttleset_homography,440,91073,91199,126,[],,173.76,101.28,334.08000000000004,100.80000000000001,392.56,264.40000000000003,117.2,265.12,,,,,,,,,,,,,,,,6,0.047619047619047616,false,,,173.76,101.28,334.08000000000004,100.80000000000001,392.56,264.40000000000003,117.2,265.12
15,sset_15/tracknet-stride-8,static_shuttleset_homography,441,91199,91391,192,[],,173.76,101.28,334.08000000000004,100.80000000000001,392.56,264.40000000000003,117.2,265.12,,,,,,,,,,,,,,,,153,0.796875,true,,,173.76,101.28,334.08000000000004,100.80000000000001,392.56,264.40000000000003,117.2,265.12
15,sset_15/tracknet-stride-8,static_shuttleset_homography,442,91391,91472,81,[],,173.76,101.28,334.08000000000004,100.80000000000001,392.56,264.40000000000003,117.2,265.12,,,,,,,,,,,,,,,,0,0.0,false,,,173.76,101.28,334.08000000000004,100.80000000000001,392.56,264.40000000000003,117.2,265.12
15,sset_15/tracknet-stride-8,static_shuttleset_homography,443,91472,91663,191,[],,173.76,101.28,334.08000000000004,100.80000000000001,392.56,264.40000000000003,117.2,265.12,,,,,,,,,,,,,,,,190,0.9947643979057592,true,,,173.76,101.28,334.08000000000004,100.80000000000001,392.56,264.40000000000003,117.2,265.12
15,sset_15/tracknet-stride-8,static_shuttleset_homography,444,91663,91796,133,[],,173.76,101.28,334.08000000000004,100.80000000000001,392.56,264.40000000000003,117.2,265.12,,,,,,,,,,,,,,,,30,0.22556390977443608,false,,,173.76,101.28,334.08000000000004,100.80000000000001,392.56,264.40000000000003,117.2,265.12
15,sset_15/tracknet-stride-8,static_shuttleset_homography,445,91796,91978,182,[],,173.76,101.28,334.08000000000004,100.80000000000001,392.56,264.40000000000003,117.2,265.12,,,,,,,,,,,,,,,,69,0.3791208791208791,false,,,173.76,101.28,334.08000000000004,100.80000000000001,392.56,264.40000000000003,117.2,265.12
15,sset_15/tracknet-stride-8,static_shuttleset_homography,446,91978,92274,296,[],,173.76,101.28,334.08000000000004,100.80000000000001,392.56,264.40000000000003,117.2,265.12,,,,,,,,,,,,,,,,66,0.22297297297297297,false,,,173.76,101.28,334.08000000000004,100.80000000000001,392.56,264.40000000000003,117.2,265.12
15,sset_15/tracknet-stride-8,static_shuttleset_homography,447,92274,92618,344,[],,173.76,101.28,334.08000000000004,100.80000000000001,392.56,264.40000000000003,117.2,265.12,,,,,,,,,,,,,,,,339,0.9854651162790697,true,,,173.76,101.28,334.08000000000004,100.80000000000001,392.56,264.40000000000003,117.2,265.12
15,sset_15/tracknet-stride-8,static_shuttleset_homography,448,92618,92804,186,[],,173.76,101.28,334.08000000000004,100.80000000000001,392.56,264.40000000000003,117.2,265.12,,,,,,,,,,,,,,,,20,0.10752688172043011,false,,,173.76,101.28,334.08000000000004,100.80000000000001,392.56,264.40000000000003,117.2,265.12
15,sset_15/tracknet-stride-8,static_shuttleset_homography,449,92804,93156,352,[],,173.76,101.28,334.08000000000004,100.80000000000001,392.56,264.40000000000003,117.2,265.12,,,,,,,,,,,,,,,,186,0.5284090909090909,true,,,173.76,101.28,334.08000000000004,100.80000000000001,392.56,264.40000000000003,117.2,265.12
15,sset_15/tracknet-stride-8,static_shuttleset_homography,450,93156,93249,93,[],,173.76,101.28,334.08000000000004,100.80000000000001,392.56,264.40000000000003,117.2,265.12,,,,,,,,,,,,,,,,0,0.0,false,,,173.76,101.28,334.08000000000004,100.80000000000001,392.56,264.40000000000003,117.2,265.12
15,sset_15/tracknet-stride-8,static_shuttleset_homography,451,93249,93289,40,[],,173.76,101.28,334.08000000000004,100.80000000000001,392.56,264.40000000000003,117.2,265.12,,,,,,,,,,,,,,,,0,0.0,false,,,173.76,101.28,334.08000000000004,100.80000000000001,392.56,264.40000000000003,117.2,265.12
15,sset_15/tracknet-stride-8,static_shuttleset_homography,452,93289,93705,416,[],,173.76,101.28,334.08000000000004,100.80000000000001,392.56,264.40000000000003,117.2,265.12,,,,,,,,,,,,,,,,409,0.9831730769230769,true,,,173.76,101.28,334.08000000000004,100.80000000000001,392.56,264.40000000000003,117.2,265.12
15,sset_15/tracknet-stride-8,static_shuttleset_homography,453,93705,93795,90,[],,173.76,101.28,334.08000000000004,100.80000000000001,392.56,264.40000000000003,117.2,265.12,,,,,,,,,,,,,,,,34,0.37777777777777777,false,,,173.76,101.28,334.08000000000004,100.80000000000001,392.56,264.40000000000003,117.2,265.12
15,sset_15/tracknet-stride-8,static_shuttleset_homography,454,93795,93820,25,[],,173.76,101.28,334.08000000000004,100.80000000000001,392.56,264.40000000000003,117.2,265.12,,,,,,,,,,,,,,,,4,0.16,false,,,173.76,101.28,334.08000000000004,100.80000000000001,392.56,264.40000000000003,117.2,265.12
15,sset_15/tracknet-stride-8,static_shuttleset_homography,455,93820,94030,210,[],,173.76,101.28,334.08000000000004,100.80000000000001,392.56,264.40000000000003,117.2,265.12,,,,,,,,,,,,,,,,24,0.11428571428571428,false,,,173.76,101.28,334.08000000000004,100.80000000000001,392.56,264.40000000000003,117.2,265.12
15,sset_15/tracknet-stride-8,static_shuttleset_homography,456,94030,94244,214,[],,173.76,101.28,334.08000000000004,100.80000000000001,392.56,264.40000000000003,117.2,265.12,,,,,,,,,,,,,,,,25,0.11682242990654206,false,,,173.76,101.28,334.08000000000004,100.80000000000001,392.56,264.40000000000003,117.2,265.12
15,sset_15/tracknet-stride-8,static_shuttleset_homography,457,94244,94540,296,[],,173.76,101.28,334.08000000000004,100.80000000000001,392.56,264.40000000000003,117.2,265.12,,,,,,,,,,,,,,,,283,0.956081081081081,true,,,173.76,101.28,334.08000000000004,100.80000000000001,392.56,264.40000000000003,117.2,265.12
15,sset_15/tracknet-stride-8,static_shuttleset_homography,458,94540,94671,131,[],,173.76,101.28,334.08000000000004,100.80000000000001,392.56,264.40000000000003,117.2,265.12,,,,,,,,,,,,,,,,53,0.40458015267175573,false,,,173.76,101.28,334.08000000000004,100.80000000000001,392.56,264.40000000000003,117.2,265.12
15,sset_15/tracknet-stride-8,static_shuttleset_homography,459,94671,94967,296,[],,173.76,101.28,334.08000000000004,100.80000000000001,392.56,264.40000000000003,117.2,265.12,,,,,,,,,,,,,,,,29,0.09797297297297297,false,,,173.76,101.28,334.08000000000004,100.80000000000001,392.56,264.40000000000003,117.2,265.12
15,sset_15/tracknet-stride-8,static_shuttleset_homography,460,94967,95055,88,[],,173.76,101.28,334.08000000000004,100.80000000000001,392.56,264.40000000000003,117.2,265.12,,,,,,,,,,,,,,,,0,0.0,false,,,173.76,101.28,334.08000000000004,100.80000000000001,392.56,264.40000000000003,117.2,265.12
15,sset_15/tracknet-stride-8,static_shuttleset_homography,461,95055,95417,362,[],,173.76,101.28,334.08000000000004,100.80000000000001,392.56,264.40000000000003,117.2,265.12,,,,,,,,,,,,,,,,362,1.0,true,,,173.76,101.28,334.08000000000004,100.80000000000001,392.56,264.40000000000003,117.2,265.12
15,sset_15/tracknet-stride-8,static_shuttleset_homography,462,95417,95484,67,[],,173.76,101.28,334.08000000000004,100.80000000000001,392.56,264.40000000000003,117.2,265.12,,,,,,,,,,,,,,,,1,0.014925373134328358,false,,,173.76,101.28,334.08000000000004,100.80000000000001,392.56,264.40000000000003,117.2,265.12
15,sset_15/tracknet-stride-8,static_shuttleset_homography,463,95484,95848,364,[],,173.76,101.28,334.08000000000004,100.80000000000001,392.56,264.40000000000003,117.2,265.12,,,,,,,,,,,,,,,,38,0.1043956043956044,false,,,173.76,101.28,334.08000000000004,100.80000000000001,392.56,264.40000000000003,117.2,265.12
15,sset_15/tracknet-stride-8,static_shuttleset_homography,464,95848,96247,399,[],,173.76,101.28,334.08000000000004,100.80000000000001,392.56,264.40000000000003,117.2,265.12,,,,,,,,,,,,,,,,384,0.9624060150375939,true,,,173.76,101.28,334.08000000000004,100.80000000000001,392.56,264.40000000000003,117.2,265.12
15,sset_15/tracknet-stride-8,static_shuttleset_homography,465,96247,96290,43,[],,173.76,101.28,334.08000000000004,100.80000000000001,392.56,264.40000000000003,117.2,265.12,,,,,,,,,,,,,,,,6,0.13953488372093023,false,,,173.76,101.28,334.08000000000004,100.80000000000001,392.56,264.40000000000003,117.2,265.12
15,sset_15/tracknet-stride-8,static_shuttleset_homography,466,96290,96419,129,[],,173.76,101.28,334.08000000000004,100.80000000000001,392.56,264.40000000000003,117.2,265.12,,,,,,,,,,,,,,,,125,0.9689922480620154,true,,,173.76,101.28,334.08000000000004,100.80000000000001,392.56,264.40000000000003,117.2,265.12
15,sset_15/tracknet-stride-8,static_shuttleset_homography,467,96419,96751,332,[],,173.76,101.28,334.08000000000004,100.80000000000001,392.56,264.40000000000003,117.2,265.12,,,,,,,,,,,,,,,,133,0.4006024096385542,false,,,173.76,101.28,334.08000000000004,100.80000000000001,392.56,264.40000000000003,117.2,265.12
15,sset_15/tracknet-stride-8,static_shuttleset_homography,468,96751,96983,232,[],,173.76,101.28,334.08000000000004,100.80000000000001,392.56,264.40000000000003,117.2,265.12,,,,,,,,,,,,,,,,2,0.008620689655172414,false,,,173.76,101.28,334.08000000000004,100.80000000000001,392.56,264.40000000000003,117.2,265.12
15,sset_15/tracknet-stride-8,static_shuttleset_homography,469,96983,97131,148,[],,173.76,101.28,334.08000000000004,100.80000000000001,392.56,264.40000000000003,117.2,265.12,,,,,,,,,,,,,,,,133,0.8986486486486487,true,,,173.76,101.28,334.08000000000004,100.80000000000001,392.56,264.40000000000003,117.2,265.12
15,sset_15/tracknet-stride-8,static_shuttleset_homography,470,97131,97346,215,[],,173.76,101.28,334.08000000000004,100.80000000000001,392.56,264.40000000000003,117.2,265.12,,,,,,,,,,,,,,,,29,0.13488372093023257,false,,,173.76,101.28,334.08000000000004,100.80000000000001,392.56,264.40000000000003,117.2,265.12
15,sset_15/tracknet-stride-8,static_shuttleset_homography,471,97346,97372,26,[],,173.76,101.28,334.08000000000004,100.80000000000001,392.56,264.40000000000003,117.2,265.12,,,,,,,,,,,,,,,,3,0.11538461538461539,false,,,173.76,101.28,334.08000000000004,100.80000000000001,392.56,264.40000000000003,117.2,265.12
15,sset_15/tracknet-stride-8,static_shuttleset_homography,472,97372,97667,295,[],,173.76,101.28,334.08000000000004,100.80000000000001,392.56,264.40000000000003,117.2,265.12,,,,,,,,,,,,,,,,37,0.12542372881355932,false,,,173.76,101.28,334.08000000000004,100.80000000000001,392.56,264.40000000000003,117.2,265.12
15,sset_15/tracknet-stride-8,static_shuttleset_homography,473,97667,97887,220,[],,173.76,101.28,334.08000000000004,100.80000000000001,392.56,264.40000000000003,117.2,265.12,,,,,,,,,,,,,,,,40,0.18181818181818182,false,,,173.76,101.28,334.08000000000004,100.80000000000001,392.56,264.40000000000003,117.2,265.12
15,sset_15/tracknet-stride-8,static_shuttleset_homography,474,97887,98060,173,[],,173.76,101.28,334.08000000000004,100.80000000000001,392.56,264.40000000000003,117.2,265.12,,,,,,,,,,,,,,,,172,0.9942196531791907,true,,,173.76,101.28,334.08000000000004,100.80000000000001,392.56,264.40000000000003,117.2,265.12
15,sset_15/tracknet-stride-8,static_shuttleset_homography,475,98060,98192,132,[],,173.76,101.28,334.08000000000004,100.80000000000001,392.56,264.40000000000003,117.2,265.12,,,,,,,,,,,,,,,,23,0.17424242424242425,false,,,173.76,101.28,334.08000000000004,100.80000000000001,392.56,264.40000000000003,117.2,265.12
15,sset_15/tracknet-stride-8,static_shuttleset_homography,476,98192,98213,21,[],,173.76,101.28,334.08000000000004,100.80000000000001,392.56,264.40000000000003,117.2,265.12,,,,,,,,,,,,,,,,1,0.047619047619047616,false,,,173.76,101.28,334.08000000000004,100.80000000000001,392.56,264.40000000000003,117.2,265.12
15,sset_15/tracknet-stride-8,static_shuttleset_homography,477,98213,98363,150,[],,173.76,101.28,334.08000000000004,100.80000000000001,392.56,264.40000000000003,117.2,265.12,,,,,,,,,,,,,,,,115,0.7666666666666667,true,,,173.76,101.28,334.08000000000004,100.80000000000001,392.56,264.40000000000003,117.2,265.12
15,sset_15/tracknet-stride-8,static_shuttleset_homography,478,98363,98566,203,[],,173.76,101.28,334.08000000000004,100.80000000000001,392.56,264.40000000000003,117.2,265.12,,,,,,,,,,,,,,,,17,0.08374384236453201,false,,,173.76,101.28,334.08000000000004,100.80000000000001,392.56,264.40000000000003,117.2,265.12
15,sset_15/tracknet-stride-8,static_shuttleset_homography,479,98566,98744,178,[],,173.76,101.28,334.08000000000004,100.80000000000001,392.56,264.40000000000003,117.2,265.12,,,,,,,,,,,,,,,,176,0.9887640449438202,true,,,173.76,101.28,334.08000000000004,100.80000000000001,392.56,264.40000000000003,117.2,265.12
15,sset_15/tracknet-stride-8,static_shuttleset_homography,480,98744,98810,66,[],,173.76,101.28,334.08000000000004,100.80000000000001,392.56,264.40000000000003,117.2,265.12,,,,,,,,,,,,,,,,10,0.15151515151515152,false,,,173.76,101.28,334.08000000000004,100.80000000000001,392.56,264.40000000000003,117.2,265.12
15,sset_15/tracknet-stride-8,static_shuttleset_homography,481,98810,98937,127,[],,173.76,101.28,334.08000000000004,100.80000000000001,392.56,264.40000000000003,117.2,265.12,,,,,,,,,,,,,,,,127,1.0,true,,,173.76,101.28,334.08000000000004,100.80000000000001,392.56,264.40000000000003,117.2,265.12
15,sset_15/tracknet-stride-8,static_shuttleset_homography,482,98937,99236,299,[],,173.76,101.28,334.08000000000004,100.80000000000001,392.56,264.40000000000003,117.2,265.12,,,,,,,,,,,,,,,,141,0.47157190635451507,false,,,173.76,101.28,334.08000000000004,100.80000000000001,392.56,264.40000000000003,117.2,265.12
15,sset_15/tracknet-stride-8,static_shuttleset_homography,483,99236,99501,265,[],,173.76,101.28,334.08000000000004,100.80000000000001,392.56,264.40000000000003,117.2,265.12,,,,,,,,,,,,,,,,242,0.9132075471698113,true,,,173.76,101.28,334.08000000000004,100.80000000000001,392.56,264.40000000000003,117.2,265.12
15,sset_15/tracknet-stride-8,static_shuttleset_homography,484,99501,99534,33,[],,173.76,101.28,334.08000000000004,100.80000000000001,392.56,264.40000000000003,117.2,265.12,,,,,,,,,,,,,,,,15,0.45454545454545453,false,,,173.76,101.28,334.08000000000004,100.80000000000001,392.56,264.40000000000003,117.2,265.12
15,sset_15/tracknet-stride-8,static_shuttleset_homography,485,99534,99550,16,[],,173.76,101.28,334.08000000000004,100.80000000000001,392.56,264.40000000000003,117.2,265.12,,,,,,,,,,,,,,,,5,0.3125,false,,,173.76,101.28,334.08000000000004,100.80000000000001,392.56,264.40000000000003,117.2,265.12
15,sset_15/tracknet-stride-8,static_shuttleset_homography,486,99550,99837,287,[],,173.76,101.28,334.08000000000004,100.80000000000001,392.56,264.40000000000003,117.2,265.12,,,,,,,,,,,,,,,,3,0.010452961672473868,false,,,173.76,101.28,334.08000000000004,100.80000000000001,392.56,264.40000000000003,117.2,265.12
15,sset_15/tracknet-stride-8,static_shuttleset_homography,487,99837,100017,180,[],,173.76,101.28,334.08000000000004,100.80000000000001,392.56,264.40000000000003,117.2,265.12,,,,,,,,,,,,,,,,0,0.0,false,,,173.76,101.28,334.08000000000004,100.80000000000001,392.56,264.40000000000003,117.2,265.12
15,sset_15/tracknet-stride-8,static_shuttleset_homography,488,100017,100153,136,[],,173.76,101.28,334.08000000000004,100.80000000000001,392.56,264.40000000000003,117.2,265.12,,,,,,,,,,,,,,,,9,0.0661764705882353,false,,,173.76,101.28,334.08000000000004,100.80000000000001,392.56,264.40000000000003,117.2,265.12
15,sset_15/tracknet-stride-8,static_shuttleset_homography,489,100153,100418,265,[],,173.76,101.28,334.08000000000004,100.80000000000001,392.56,264.40000000000003,117.2,265.12,,,,,,,,,,,,,,,,1,0.0037735849056603774,false,,,173.76,101.28,334.08000000000004,100.80000000000001,392.56,264.40000000000003,117.2,265.12
15,sset_15/tracknet-stride-8,static_shuttleset_homography,490,100418,100578,160,[],,173.76,101.28,334.08000000000004,100.80000000000001,392.56,264.40000000000003,117.2,265.12,,,,,,,,,,,,,,,,0,0.0,false,,,173.76,101.28,334.08000000000004,100.80000000000001,392.56,264.40000000000003,117.2,265.12
15,sset_15/tracknet-stride-8,static_shuttleset_homography,491,100578,100672,94,[],,173.76,101.28,334.08000000000004,100.80000000000001,392.56,264.40000000000003,117.2,265.12,,,,,,,,,,,,,,,,1,0.010638297872340425,false,,,173.76,101.28,334.08000000000004,100.80000000000001,392.56,264.40000000000003,117.2,265.12
15,sset_15/tracknet-stride-8,static_shuttleset_homography,492,100672,100755,83,[],,173.76,101.28,334.08000000000004,100.80000000000001,392.56,264.40000000000003,117.2,265.12,,,,,,,,,,,,,,,,12,0.14457831325301204,false,,,173.76,101.28,334.08000000000004,100.80000000000001,392.56,264.40000000000003,117.2,265.12
15,sset_15/tracknet-stride-8,static_shuttleset_homography,493,100755,101005,250,[],,173.76,101.28,334.08000000000004,100.80000000000001,392.56,264.40000000000003,117.2,265.12,,,,,,,,,,,,,,,,247,0.988,true,,,173.76,101.28,334.08000000000004,100.80000000000001,392.56,264.40000000000003,117.2,265.12
15,sset_15/tracknet-stride-8,static_shuttleset_homography,494,101005,101153,148,[],,173.76,101.28,334.08000000000004,100.80000000000001,392.56,264.40000000000003,117.2,265.12,,,,,,,,,,,,,,,,7,0.0472972972972973,false,,,173.76,101.28,334.08000000000004,100.80000000000001,392.56,264.40000000000003,117.2,265.12
15,sset_15/tracknet-stride-8,static_shuttleset_homography,495,101153,101440,287,[],,173.76,101.28,334.08000000000004,100.80000000000001,392.56,264.40000000000003,117.2,265.12,,,,,,,,,,,,,,,,100,0.34843205574912894,false,,,173.76,101.28,334.08000000000004,100.80000000000001,392.56,264.40000000000003,117.2,265.12
15,sset_15/tracknet-stride-8,static_shuttleset_homography,496,101440,101533,93,[],,173.76,101.28,334.08000000000004,100.80000000000001,392.56,264.40000000000003,117.2,265.12,,,,,,,,,,,,,,,,0,0.0,false,,,173.76,101.28,334.08000000000004,100.80000000000001,392.56,264.40000000000003,117.2,265.12
15,sset_15/tracknet-stride-8,static_shuttleset_homography,497,101533,101934,401,[],,173.76,101.28,334.08000000000004,100.80000000000001,392.56,264.40000000000003,117.2,265.12,,,,,,,,,,,,,,,,7,0.017456359102244388,false,,,173.76,101.28,334.08000000000004,100.80000000000001,392.56,264.40000000000003,117.2,265.12
15,sset_15/tracknet-stride-8,static_shuttleset_homography,498,101934,102351,417,[],,173.76,101.28,334.08000000000004,100.80000000000001,392.56,264.40000000000003,117.2,265.12,,,,,,,,,,,,,,,,411,0.9856115107913669,true,,,173.76,101.28,334.08000000000004,100.80000000000001,392.56,264.40000000000003,117.2,265.12
15,sset_15/tracknet-stride-8,static_shuttleset_homography,499,102351,102551,200,[],,173.76,101.28,334.08000000000004,100.80000000000001,392.56,264.40000000000003,117.2,265.12,,,,,,,,,,,,,,,,11,0.055,false,,,173.76,101.28,334.08000000000004,100.80000000000001,392.56,264.40000000000003,117.2,265.12
15,sset_15/tracknet-stride-8,static_shuttleset_homography,500,102551,102900,349,[],,173.76,101.28,334.08000000000004,100.80000000000001,392.56,264.40000000000003,117.2,265.12,,,,,,,,,,,,,,,,68,0.19484240687679083,false,,,173.76,101.28,334.08000000000004,100.80000000000001,392.56,264.40000000000003,117.2,265.12
15,sset_15/tracknet-stride-8,static_shuttleset_homography,501,102900,103455,555,[],,173.76,101.28,334.08000000000004,100.80000000000001,392.56,264.40000000000003,117.2,265.12,,,,,,,,,,,,,,,,258,0.4648648648648649,false,,,173.76,101.28,334.08000000000004,100.80000000000001,392.56,264.40000000000003,117.2,265.12
15,sset_15/tracknet-stride-8,static_shuttleset_homography,502,103455,104158,703,[],,173.76,101.28,334.08000000000004,100.80000000000001,392.56,264.40000000000003,117.2,265.12,,,,,,,,,,,,,,,,38,0.05405405405405406,false,,,173.76,101.28,334.08000000000004,100.80000000000001,392.56,264.40000000000003,117.2,265.12
15,sset_15/tracknet-stride-8,static_shuttleset_homography,503,104158,104245,87,[],,173.76,101.28,334.08000000000004,100.80000000000001,392.56,264.40000000000003,117.2,265.12,,,,,,,,,,,,,,,,0,0.0,false,,,173.76,101.28,334.08000000000004,100.80000000000001,392.56,264.40000000000003,117.2,265.12
15,sset_15/tracknet-stride-8,static_shuttleset_homography,504,104245,104267,22,[],,173.76,101.28,334.08000000000004,100.80000000000001,392.56,264.40000000000003,117.2,265.12,,,,,,,,,,,,,,,,0,0.0,false,,,173.76,101.28,334.08000000000004,100.80000000000001,392.56,264.40000000000003,117.2,265.12
15,sset_15/tracknet-stride-8,static_shuttleset_homography,505,104267,104298,31,[],,173.76,101.28,334.08000000000004,100.80000000000001,392.56,264.40000000000003,117.2,265.12,,,,,,,,,,,,,,,,0,0.0,false,,,173.76,101.28,334.08000000000004,100.80000000000001,392.56,264.40000000000003,117.2,265.12
15,sset_15/tracknet-stride-8,static_shuttleset_homography,506,104298,104346,48,[],,173.76,101.28,334.08000000000004,100.80000000000001,392.56,264.40000000000003,117.2,265.12,,,,,,,,,,,,,,,,0,0.0,false,,,173.76,101.28,334.08000000000004,100.80000000000001,392.56,264.40000000000003,117.2,265.12
15,sset_15/tracknet-stride-8,static_shuttleset_homography,507,104346,104791,445,[],,173.76,101.28,334.08000000000004,100.80000000000001,392.56,264.40000000000003,117.2,265.12,,,,,,,,,,,,,,,,237,0.5325842696629214,true,,,173.76,101.28,334.08000000000004,100.80000000000001,392.56,264.40000000000003,117.2,265.12
15,sset_15/tracknet-stride-8,static_shuttleset_homography,508,104791,104924,133,[],,173.76,101.28,334.08000000000004,100.80000000000001,392.56,264.40000000000003,117.2,265.12,,,,,,,,,,,,,,,,0,0.0,false,,,173.76,101.28,334.08000000000004,100.80000000000001,392.56,264.40000000000003,117.2,265.12
15,sset_15/tracknet-stride-8,static_shuttleset_homography,509,104924,105158,234,[],,173.76,101.28,334.08000000000004,100.80000000000001,392.56,264.40000000000003,117.2,265.12,,,,,,,,,,,,,,,,0,0.0,false,,,173.76,101.28,334.08000000000004,100.80000000000001,392.56,264.40000000000003,117.2,265.12
15,sset_15/tracknet-stride-8,static_shuttleset_homography,510,105158,105268,110,[],,173.76,101.28,334.08000000000004,100.80000000000001,392.56,264.40000000000003,117.2,265.12,,,,,,,,,,,,,,,,36,0.32727272727272727,false,,,173.76,101.28,334.08000000000004,100.80000000000001,392.56,264.40000000000003,117.2,265.12
15,sset_15/tracknet-stride-8,static_shuttleset_homography,511,105268,105504,236,[],,173.76,101.28,334.08000000000004,100.80000000000001,392.56,264.40000000000003,117.2,265.12,,,,,,,,,,,,,,,,37,0.15677966101694915,false,,,173.76,101.28,334.08000000000004,100.80000000000001,392.56,264.40000000000003,117.2,265.12
15,sset_15/tracknet-stride-8,static_shuttleset_homography,512,105504,105538,34,[],,173.76,101.28,334.08000000000004,100.80000000000001,392.56,264.40000000000003,117.2,265.12,,,,,,,,,,,,,,,,6,0.17647058823529413,false,,,173.76,101.28,334.08000000000004,100.80000000000001,392.56,264.40000000000003,117.2,265.12
15,sset_15/tracknet-stride-8,static_shuttleset_homography,513,105538,105557,19,[],,173.76,101.28,334.08000000000004,100.80000000000001,392.56,264.40000000000003,117.2,265.12,,,,,,,,,,,,,,,,4,0.21052631578947367,false,,,173.76,101.28,334.08000000000004,100.80000000000001,392.56,264.40000000000003,117.2,265.12
15,sset_15/tracknet-stride-8,static_shuttleset_homography,514,105557,105853,296,[],,173.76,101.28,334.08000000000004,100.80000000000001,392.56,264.40000000000003,117.2,265.12,,,,,,,,,,,,,,,,4,0.013513513513513514,false,,,173.76,101.28,334.08000000000004,100.80000000000001,392.56,264.40000000000003,117.2,265.12
15,sset_15/tracknet-stride-8,static_shuttleset_homography,515,105853,106065,212,[],,173.76,101.28,334.08000000000004,100.80000000000001,392.56,264.40000000000003,117.2,265.12,,,,,,,,,,,,,,,,12,0.05660377358490566,false,,,173.76,101.28,334.08000000000004,100.80000000000001,392.56,264.40000000000003,117.2,265.12
15,sset_15/tracknet-stride-8,static_shuttleset_homography,516,106065,106784,719,[],,173.76,101.28,334.08000000000004,100.80000000000001,392.56,264.40000000000003,117.2,265.12,,,,,,,,,,,,,,,,697,0.9694019471488178,true,,,173.76,101.28,334.08000000000004,100.80000000000001,392.56,264.40000000000003,117.2,265.12
15,sset_15/tracknet-stride-8,static_shuttleset_homography,517,106784,106849,65,[],,173.76,101.28,334.08000000000004,100.80000000000001,392.56,264.40000000000003,117.2,265.12,,,,,,,,,,,,,,,,12,0.18461538461538463,false,,,173.76,101.28,334.08000000000004,100.80000000000001,392.56,264.40000000000003,117.2,265.12
15,sset_15/tracknet-stride-8,static_shuttleset_homography,518,106849,106887,38,[],,173.76,101.28,334.08000000000004,100.80000000000001,392.56,264.40000000000003,117.2,265.12,,,,,,,,,,,,,,,,7,0.18421052631578946,false,,,173.76,101.28,334.08000000000004,100.80000000000001,392.56,264.40000000000003,117.2,265.12
15,sset_15/tracknet-stride-8,static_shuttleset_homography,519,106887,106920,33,[],,173.76,101.28,334.08000000000004,100.80000000000001,392.56,264.40000000000003,117.2,265.12,,,,,,,,,,,,,,,,2,0.06060606060606061,false,,,173.76,101.28,334.08000000000004,100.80000000000001,392.56,264.40000000000003,117.2,265.12
15,sset_15/tracknet-stride-8,static_shuttleset_homography,520,106920,107188,268,[],,173.76,101.28,334.08000000000004,100.80000000000001,392.56,264.40000000000003,117.2,265.12,,,,,,,,,,,,,,,,52,0.19402985074626866,false,,,173.76,101.28,334.08000000000004,100.80000000000001,392.56,264.40000000000003,117.2,265.12
15,sset_15/tracknet-stride-8,static_shuttleset_homography,521,107188,107377,189,[],,173.76,101.28,334.08000000000004,100.80000000000001,392.56,264.40000000000003,117.2,265.12,,,,,,,,,,,,,,,,186,0.9841269841269841,true,,,173.76,101.28,334.08000000000004,100.80000000000001,392.56,264.40000000000003,117.2,265.12
15,sset_15/tracknet-stride-8,static_shuttleset_homography,522,107377,107511,134,[],,173.76,101.28,334.08000000000004,100.80000000000001,392.56,264.40000000000003,117.2,265.12,,,,,,,,,,,,,,,,23,0.17164179104477612,false,,,173.76,101.28,334.08000000000004,100.80000000000001,392.56,264.40000000000003,117.2,265.12
15,sset_15/tracknet-stride-8,static_shuttleset_homography,523,107511,107669,158,[],,173.76,101.28,334.08000000000004,100.80000000000001,392.56,264.40000000000003,117.2,265.12,,,,,,,,,,,,,,,,128,0.810126582278481,true,,,173.76,101.28,334.08000000000004,100.80000000000001,392.56,264.40000000000003,117.2,265.12
15,sset_15/tracknet-stride-8,static_shuttleset_homography,524,107669,107691,22,[],,173.76,101.28,334.08000000000004,100.80000000000001,392.56,264.40000000000003,117.2,265.12,,,,,,,,,,,,,,,,3,0.13636363636363635,false,,,173.76,101.28,334.08000000000004,100.80000000000001,392.56,264.40000000000003,117.2,265.12
15,sset_15/tracknet-stride-8,static_shuttleset_homography,525,107691,107855,164,[],,173.76,101.28,334.08000000000004,100.80000000000001,392.56,264.40000000000003,117.2,265.12,,,,,,,,,,,,,,,,10,0.06097560975609756,false,,,173.76,101.28,334.08000000000004,100.80000000000001,392.56,264.40000000000003,117.2,265.12
15,sset_15/tracknet-stride-8,static_shuttleset_homography,526,107855,108291,436,[],,173.76,101.28,334.08000000000004,100.80000000000001,392.56,264.40000000000003,117.2,265.12,,,,,,,,,,,,,,,,417,0.9564220183486238,true,,,173.76,101.28,334.08000000000004,100.80000000000001,392.56,264.40000000000003,117.2,265.12
15,sset_15/tracknet-stride-8,static_shuttleset_homography,527,108291,108362,71,[],,173.76,101.28,334.08000000000004,100.80000000000001,392.56,264.40000000000003,117.2,265.12,,,,,,,,,,,,,,,,16,0.22535211267605634,false,,,173.76,101.28,334.08000000000004,100.80000000000001,392.56,264.40000000000003,117.2,265.12
15,sset_15/tracknet-stride-8,static_shuttleset_homography,528,108362,108551,189,[],,173.76,101.28,334.08000000000004,100.80000000000001,392.56,264.40000000000003,117.2,265.12,,,,,,,,,,,,,,,,1,0.005291005291005291,false,,,173.76,101.28,334.08000000000004,100.80000000000001,392.56,264.40000000000003,117.2,265.12
15,sset_15/tracknet-stride-8,static_shuttleset_homography,529,108551,108740,189,[],,173.76,101.28,334.08000000000004,100.80000000000001,392.56,264.40000000000003,117.2,265.12,,,,,,,,,,,,,,,,20,0.10582010582010581,false,,,173.76,101.28,334.08000000000004,100.80000000000001,392.56,264.40000000000003,117.2,265.12
15,sset_15/tracknet-stride-8,static_shuttleset_homography,530,108740,108954,214,[],,173.76,101.28,334.08000000000004,100.80000000000001,392.56,264.40000000000003,117.2,265.12,,,,,,,,,,,,,,,,81,0.37850467289719625,false,,,173.76,101.28,334.08000000000004,100.80000000000001,392.56,264.40000000000003,117.2,265.12
15,sset_15/tracknet-stride-8,static_shuttleset_homography,531,108954,109020,66,[],,173.76,101.28,334.08000000000004,100.80000000000001,392.56,264.40000000000003,117.2,265.12,,,,,,,,,,,,,,,,0,0.0,false,,,173.76,101.28,334.08000000000004,100.80000000000001,392.56,264.40000000000003,117.2,265.12
15,sset_15/tracknet-stride-8,static_shuttleset_homography,532,109020,109293,273,[],,173.76,101.28,334.08000000000004,100.80000000000001,392.56,264.40000000000003,117.2,265.12,,,,,,,,,,,,,,,,37,0.13553113553113552,false,,,173.76,101.28,334.08000000000004,100.80000000000001,392.56,264.40000000000003,117.2,265.12
15,sset_15/tracknet-stride-8,static_shuttleset_homography,533,109293,109347,54,[],,173.76,101.28,334.08000000000004,100.80000000000001,392.56,264.40000000000003,117.2,265.12,,,,,,,,,,,,,,,,11,0.2037037037037037,false,,,173.76,101.28,334.08000000000004,100.80000000000001,392.56,264.40000000000003,117.2,265.12
15,sset_15/tracknet-stride-8,static_shuttleset_homography,534,109347,109546,199,[],,173.76,101.28,334.08000000000004,100.80000000000001,392.56,264.40000000000003,117.2,265.12,,,,,,,,,,,,,,,,10,0.05025125628140704,false,,,173.76,101.28,334.08000000000004,100.80000000000001,392.56,264.40000000000003,117.2,265.12
15,sset_15/tracknet-stride-8,static_shuttleset_homography,535,109546,109591,45,[],,173.76,101.28,334.08000000000004,100.80000000000001,392.56,264.40000000000003,117.2,265.12,,,,,,,,,,,,,,,,0,0.0,false,,,173.76,101.28,334.08000000000004,100.80000000000001,392.56,264.40000000000003,117.2,265.12
15,sset_15/tracknet-stride-8,static_shuttleset_homography,536,109591,109826,235,[],,173.76,101.28,334.08000000000004,100.80000000000001,392.56,264.40000000000003,117.2,265.12,,,,,,,,,,,,,,,,226,0.9617021276595744,true,,,173.76,101.28,334.08000000000004,100.80000000000001,392.56,264.40000000000003,117.2,265.12
15,sset_15/tracknet-stride-8,static_shuttleset_homography,537,109826,109898,72,[],,173.76,101.28,334.08000000000004,100.80000000000001,392.56,264.40000000000003,117.2,265.12,,,,,,,,,,,,,,,,3,0.041666666666666664,false,,,173.76,101.28,334.08000000000004,100.80000000000001,392.56,264.40000000000003,117.2,265.12
15,sset_15/tracknet-stride-8,static_shuttleset_homography,538,109898,109980,82,[],,173.76,101.28,334.08000000000004,100.80000000000001,392.56,264.40000000000003,117.2,265.12,,,,,,,,,,,,,,,,10,0.12195121951219512,false,,,173.76,101.28,334.08000000000004,100.80000000000001,392.56,264.40000000000003,117.2,265.12
15,sset_15/tracknet-stride-8,static_shuttleset_homography,539,109980,110169,189,[],,173.76,101.28,334.08000000000004,100.80000000000001,392.56,264.40000000000003,117.2,265.12,,,,,,,,,,,,,,,,86,0.455026455026455,false,,,173.76,101.28,334.08000000000004,100.80000000000001,392.56,264.40000000000003,117.2,265.12
15,sset_15/tracknet-stride-8,static_shuttleset_homography,540,110169,110267,98,[],,173.76,101.28,334.08000000000004,100.80000000000001,392.56,264.40000000000003,117.2,265.12,,,,,,,,,,,,,,,,0,0.0,false,,,173.76,101.28,334.08000000000004,100.80000000000001,392.56,264.40000000000003,117.2,265.12
15,sset_15/tracknet-stride-8,static_shuttleset_homography,541,110267,110425,158,[],,173.76,101.28,334.08000000000004,100.80000000000001,392.56,264.40000000000003,117.2,265.12,,,,,,,,,,,,,,,,151,0.9556962025316456,true,,,173.76,101.28,334.08000000000004,100.80000000000001,392.56,264.40000000000003,117.2,265.12
15,sset_15/tracknet-stride-8,static_shuttleset_homography,542,110425,110550,125,[],,173.76,101.28,334.08000000000004,100.80000000000001,392.56,264.40000000000003,117.2,265.12,,,,,,,,,,,,,,,,13,0.104,false,,,173.76,101.28,334.08000000000004,100.80000000000001,392.56,264.40000000000003,117.2,265.12
15,sset_15/tracknet-stride-8,static_shuttleset_homography,543,110550,110748,198,[],,173.76,101.28,334.08000000000004,100.80000000000001,392.56,264.40000000000003,117.2,265.12,,,,,,,,,,,,,,,,2,0.010101010101010102,false,,,173.76,101.28,334.08000000000004,100.80000000000001,392.56,264.40000000000003,117.2,265.12
15,sset_15/tracknet-stride-8,static_shuttleset_homography,544,110748,110768,20,[],,173.76,101.28,334.08000000000004,100.80000000000001,392.56,264.40000000000003,117.2,265.12,,,,,,,,,,,,,,,,0,0.0,false,,,173.76,101.28,334.08000000000004,100.80000000000001,392.56,264.40000000000003,117.2,265.12
15,sset_15/tracknet-stride-8,static_shuttleset_homography,545,110768,111068,300,[],,173.76,101.28,334.08000000000004,100.80000000000001,392.56,264.40000000000003,117.2,265.12,,,,,,,,,,,,,,,,293,0.9766666666666667,true,,,173.76,101.28,334.08000000000004,100.80000000000001,392.56,264.40000000000003,117.2,265.12
15,sset_15/tracknet-stride-8,static_shuttleset_homography,546,111068,111126,58,[],,173.76,101.28,334.08000000000004,100.80000000000001,392.56,264.40000000000003,117.2,265.12,,,,,,,,,,,,,,,,0,0.0,false,,,173.76,101.28,334.08000000000004,100.80000000000001,392.56,264.40000000000003,117.2,265.12
15,sset_15/tracknet-stride-8,static_shuttleset_homography,547,111126,111153,27,[],,173.76,101.28,334.08000000000004,100.80000000000001,392.56,264.40000000000003,117.2,265.12,,,,,,,,,,,,,,,,1,0.037037037037037035,false,,,173.76,101.28,334.08000000000004,100.80000000000001,392.56,264.40000000000003,117.2,265.12
15,sset_15/tracknet-stride-8,static_shuttleset_homography,548,111153,111178,25,[],,173.76,101.28,334.08000000000004,100.80000000000001,392.56,264.40000000000003,117.2,265.12,,,,,,,,,,,,,,,,14,0.56,true,,,173.76,101.28,334.08000000000004,100.80000000000001,392.56,264.40000000000003,117.2,265.12
15,sset_15/tracknet-stride-8,static_shuttleset_homography,549,111178,111201,23,[],,173.76,101.28,334.08000000000004,100.80000000000001,392.56,264.40000000000003,117.2,265.12,,,,,,,,,,,,,,,,2,0.08695652173913043,false,,,173.76,101.28,334.08000000000004,100.80000000000001,392.56,264.40000000000003,117.2,265.12
15,sset_15/tracknet-stride-8,static_shuttleset_homography,550,111201,111222,21,[],,173.76,101.28,334.08000000000004,100.80000000000001,392.56,264.40000000000003,117.2,265.12,,,,,,,,,,,,,,,,3,0.14285714285714285,false,,,173.76,101.28,334.08000000000004,100.80000000000001,392.56,264.40000000000003,117.2,265.12
15,sset_15/tracknet-stride-8,static_shuttleset_homography,551,111222,111579,357,[],,173.76,101.28,334.08000000000004,100.80000000000001,392.56,264.40000000000003,117.2,265.12,,,,,,,,,,,,,,,,126,0.35294117647058826,false,,,173.76,101.28,334.08000000000004,100.80000000000001,392.56,264.40000000000003,117.2,265.12
15,sset_15/tracknet-stride-8,static_shuttleset_homography,552,111579,111722,143,[],,173.76,101.28,334.08000000000004,100.80000000000001,392.56,264.40000000000003,117.2,265.12,,,,,,,,,,,,,,,,1,0.006993006993006993,false,,,173.76,101.28,334.08000000000004,100.80000000000001,392.56,264.40000000000003,117.2,265.12
15,sset_15/tracknet-stride-8,static_shuttleset_homography,553,111722,112150,428,[],,173.76,101.28,334.08000000000004,100.80000000000001,392.56,264.40000000000003,117.2,265.12,,,,,,,,,,,,,,,,72,0.16822429906542055,false,,,173.76,101.28,334.08000000000004,100.80000000000001,392.56,264.40000000000003,117.2,265.12
15,sset_15/tracknet-stride-8,static_shuttleset_homography,554,112150,112360,210,[],,173.76,101.28,334.08000000000004,100.80000000000001,392.56,264.40000000000003,117.2,265.12,,,,,,,,,,,,,,,,207,0.9857142857142858,true,,,173.76,101.28,334.08000000000004,100.80000000000001,392.56,264.40000000000003,117.2,265.12
15,sset_15/tracknet-stride-8,static_shuttleset_homography,555,112360,112427,67,[],,173.76,101.28,334.08000000000004,100.80000000000001,392.56,264.40000000000003,117.2,265.12,,,,,,,,,,,,,,,,0,0.0,false,,,173.76,101.28,334.08000000000004,100.80000000000001,392.56,264.40000000000003,117.2,265.12
15,sset_15/tracknet-stride-8,static_shuttleset_homography,556,112427,112508,81,[],,173.76,101.28,334.08000000000004,100.80000000000001,392.56,264.40000000000003,117.2,265.12,,,,,,,,,,,,,,,,20,0.24691358024691357,false,,,173.76,101.28,334.08000000000004,100.80000000000001,392.56,264.40000000000003,117.2,265.12
15,sset_15/tracknet-stride-8,static_shuttleset_homography,557,112508,112658,150,[],,173.76,101.28,334.08000000000004,100.80000000000001,392.56,264.40000000000003,117.2,265.12,,,,,,,,,,,,,,,,101,0.6733333333333333,true,,,173.76,101.28,334.08000000000004,100.80000000000001,392.56,264.40000000000003,117.2,265.12
15,sset_15/tracknet-stride-8,static_shuttleset_homography,558,112658,112737,79,[],,173.76,101.28,334.08000000000004,100.80000000000001,392.56,264.40000000000003,117.2,265.12,,,,,,,,,,,,,,,,0,0.0,false,,,173.76,101.28,334.08000000000004,100.80000000000001,392.56,264.40000000000003,117.2,265.12
15,sset_15/tracknet-stride-8,static_shuttleset_homography,559,112737,113066,329,[],,173.76,101.28,334.08000000000004,100.80000000000001,392.56,264.40000000000003,117.2,265.12,,,,,,,,,,,,,,,,325,0.9878419452887538,true,,,173.76,101.28,334.08000000000004,100.80000000000001,392.56,264.40000000000003,117.2,265.12
15,sset_15/tracknet-stride-8,static_shuttleset_homography,560,113066,113123,57,[],,173.76,101.28,334.08000000000004,100.80000000000001,392.56,264.40000000000003,117.2,265.12,,,,,,,,,,,,,,,,30,0.5263157894736842,true,,,173.76,101.28,334.08000000000004,100.80000000000001,392.56,264.40000000000003,117.2,265.12
15,sset_15/tracknet-stride-8,static_shuttleset_homography,561,113123,113237,114,[],,173.76,101.28,334.08000000000004,100.80000000000001,392.56,264.40000000000003,117.2,265.12,,,,,,,,,,,,,,,,3,0.02631578947368421,false,,,173.76,101.28,334.08000000000004,100.80000000000001,392.56,264.40000000000003,117.2,265.12
15,sset_15/tracknet-stride-8,static_shuttleset_homography,562,113237,113415,178,[],,173.76,101.28,334.08000000000004,100.80000000000001,392.56,264.40000000000003,117.2,265.12,,,,,,,,,,,,,,,,96,0.5393258426966292,true,,,173.76,101.28,334.08000000000004,100.80000000000001,392.56,264.40000000000003,117.2,265.12
15,sset_15/tracknet-stride-8,static_shuttleset_homography,563,113415,113472,57,[],,173.76,101.28,334.08000000000004,100.80000000000001,392.56,264.40000000000003,117.2,265.12,,,,,,,,,,,,,,,,0,0.0,false,,,173.76,101.28,334.08000000000004,100.80000000000001,392.56,264.40000000000003,117.2,265.12
15,sset_15/tracknet-stride-8,static_shuttleset_homography,564,113472,113738,266,[],,173.76,101.28,334.08000000000004,100.80000000000001,392.56,264.40000000000003,117.2,265.12,,,,,,,,,,,,,,,,262,0.9849624060150376,true,,,173.76,101.28,334.08000000000004,100.80000000000001,392.56,264.40000000000003,117.2,265.12
15,sset_15/tracknet-stride-8,static_shuttleset_homography,565,113738,113844,106,[],,173.76,101.28,334.08000000000004,100.80000000000001,392.56,264.40000000000003,117.2,265.12,,,,,,,,,,,,,,,,37,0.3490566037735849,false,,,173.76,101.28,334.08000000000004,100.80000000000001,392.56,264.40000000000003,117.2,265.12
15,sset_15/tracknet-stride-8,static_shuttleset_homography,566,113844,114050,206,[],,173.76,101.28,334.08000000000004,100.80000000000001,392.56,264.40000000000003,117.2,265.12,,,,,,,,,,,,,,,,74,0.3592233009708738,false,,,173.76,101.28,334.08000000000004,100.80000000000001,392.56,264.40000000000003,117.2,265.12
15,sset_15/tracknet-stride-8,static_shuttleset_homography,567,114050,114267,217,[],,173.76,101.28,334.08000000000004,100.80000000000001,392.56,264.40000000000003,117.2,265.12,,,,,,,,,,,,,,,,213,0.9815668202764977,true,,,173.76,101.28,334.08000000000004,100.80000000000001,392.56,264.40000000000003,117.2,265.12
15,sset_15/tracknet-stride-8,static_shuttleset_homography,568,114267,114444,177,[],,173.76,101.28,334.08000000000004,100.80000000000001,392.56,264.40000000000003,117.2,265.12,,,,,,,,,,,,,,,,22,0.12429378531073447,false,,,173.76,101.28,334.08000000000004,100.80000000000001,392.56,264.40000000000003,117.2,265.12
15,sset_15/tracknet-stride-8,static_shuttleset_homography,569,114444,114660,216,[],,173.76,101.28,334.08000000000004,100.80000000000001,392.56,264.40000000000003,117.2,265.12,,,,,,,,,,,,,,,,185,0.8564814814814815,true,,,173.76,101.28,334.08000000000004,100.80000000000001,392.56,264.40000000000003,117.2,265.12
15,sset_15/tracknet-stride-8,static_shuttleset_homography,570,114660,114889,229,[],,173.76,101.28,334.08000000000004,100.80000000000001,392.56,264.40000000000003,117.2,265.12,,,,,,,,,,,,,,,,32,0.13973799126637554,false,,,173.76,101.28,334.08000000000004,100.80000000000001,392.56,264.40000000000003,117.2,265.12
15,sset_15/tracknet-stride-8,static_shuttleset_homography,571,114889,115084,195,[],,173.76,101.28,334.08000000000004,100.80000000000001,392.56,264.40000000000003,117.2,265.12,,,,,,,,,,,,,,,,195,1.0,true,,,173.76,101.28,334.08000000000004,100.80000000000001,392.56,264.40000000000003,117.2,265.12
15,sset_15/tracknet-stride-8,static_shuttleset_homography,572,115084,115140,56,[],,173.76,101.28,334.08000000000004,100.80000000000001,392.56,264.40000000000003,117.2,265.12,,,,,,,,,,,,,,,,0,0.0,false,,,173.76,101.28,334.08000000000004,100.80000000000001,392.56,264.40000000000003,117.2,265.12
15,sset_15/tracknet-stride-8,static_shuttleset_homography,573,115140,115402,262,[],,173.76,101.28,334.08000000000004,100.80000000000001,392.56,264.40000000000003,117.2,265.12,,,,,,,,,,,,,,,,0,0.0,false,,,173.76,101.28,334.08000000000004,100.80000000000001,392.56,264.40000000000003,117.2,265.12
15,sset_15/tracknet-stride-8,static_shuttleset_homography,574,115402,115570,168,[],,173.76,101.28,334.08000000000004,100.80000000000001,392.56,264.40000000000003,117.2,265.12,,,,,,,,,,,,,,,,0,0.0,false,,,173.76,101.28,334.08000000000004,100.80000000000001,392.56,264.40000000000003,117.2,265.12
15,sset_15/tracknet-stride-8,static_shuttleset_homography,575,115570,115769,199,[],,173.76,101.28,334.08000000000004,100.80000000000001,392.56,264.40000000000003,117.2,265.12,,,,,,,,,,,,,,,,0,0.0,false,,,173.76,101.28,334.08000000000004,100.80000000000001,392.56,264.40000000000003,117.2,265.12
15,sset_15/tracknet-stride-8,static_shuttleset_homography,576,115769,116056,287,[],,173.76,101.28,334.08000000000004,100.80000000000001,392.56,264.40000000000003,117.2,265.12,,,,,,,,,,,,,,,,8,0.027874564459930314,false,,,173.76,101.28,334.08000000000004,100.80000000000001,392.56,264.40000000000003,117.2,265.12
15,sset_15/tracknet-stride-8,static_shuttleset_homography,577,116056,116185,129,[],,173.76,101.28,334.08000000000004,100.80000000000001,392.56,264.40000000000003,117.2,265.12,,,,,,,,,,,,,,,,126,0.9767441860465116,true,,,173.76,101.28,334.08000000000004,100.80000000000001,392.56,264.40000000000003,117.2,265.12
15,sset_15/tracknet-stride-8,static_shuttleset_homography,578,116185,116298,113,[],,173.76,101.28,334.08000000000004,100.80000000000001,392.56,264.40000000000003,117.2,265.12,,,,,,,,,,,,,,,,7,0.061946902654867256,false,,,173.76,101.28,334.08000000000004,100.80000000000001,392.56,264.40000000000003,117.2,265.12
15,sset_15/tracknet-stride-8,static_shuttleset_homography,579,116298,116452,154,[],,173.76,101.28,334.08000000000004,100.80000000000001,392.56,264.40000000000003,117.2,265.12,,,,,,,,,,,,,,,,20,0.12987012987012986,false,,,173.76,101.28,334.08000000000004,100.80000000000001,392.56,264.40000000000003,117.2,265.12
15,sset_15/tracknet-stride-8,static_shuttleset_homography,580,116452,116491,39,[],,173.76,101.28,334.08000000000004,100.80000000000001,392.56,264.40000000000003,117.2,265.12,,,,,,,,,,,,,,,,1,0.02564102564102564,false,,,173.76,101.28,334.08000000000004,100.80000000000001,392.56,264.40000000000003,117.2,265.12
15,sset_15/tracknet-stride-8,static_shuttleset_homography,581,116491,116694,203,[],,173.76,101.28,334.08000000000004,100.80000000000001,392.56,264.40000000000003,117.2,265.12,,,,,,,,,,,,,,,,201,0.9901477832512315,true,,,173.76,101.28,334.08000000000004,100.80000000000001,392.56,264.40000000000003,117.2,265.12
15,sset_15/tracknet-stride-8,static_shuttleset_homography,582,116694,116745,51,[],,173.76,101.28,334.08000000000004,100.80000000000001,392.56,264.40000000000003,117.2,265.12,,,,,,,,,,,,,,,,30,0.5882352941176471,true,,,173.76,101.28,334.08000000000004,100.80000000000001,392.56,264.40000000000003,117.2,265.12
15,sset_15/tracknet-stride-8,static_shuttleset_homography,583,116745,116796,51,[],,173.76,101.28,334.08000000000004,100.80000000000001,392.56,264.40000000000003,117.2,265.12,,,,,,,,,,,,,,,,9,0.17647058823529413,false,,,173.76,101.28,334.08000000000004,100.80000000000001,392.56,264.40000000000003,117.2,265.12
15,sset_15/tracknet-stride-8,static_shuttleset_homography,584,116796,116831,35,[],,173.76,101.28,334.08000000000004,100.80000000000001,392.56,264.40000000000003,117.2,265.12,,,,,,,,,,,,,,,,11,0.3142857142857143,false,,,173.76,101.28,334.08000000000004,100.80000000000001,392.56,264.40000000000003,117.2,265.12
15,sset_15/tracknet-stride-8,static_shuttleset_homography,585,116831,117091,260,[],,173.76,101.28,334.08000000000004,100.80000000000001,392.56,264.40000000000003,117.2,265.12,,,,,,,,,,,,,,,,79,0.3038461538461538,false,,,173.76,101.28,334.08000000000004,100.80000000000001,392.56,264.40000000000003,117.2,265.12
15,sset_15/tracknet-stride-8,static_shuttleset_homography,586,117091,117302,211,[],,173.76,101.28,334.08000000000004,100.80000000000001,392.56,264.40000000000003,117.2,265.12,,,,,,,,,,,,,,,,211,1.0,true,,,173.76,101.28,334.08000000000004,100.80000000000001,392.56,264.40000000000003,117.2,265.12
15,sset_15/tracknet-stride-8,static_shuttleset_homography,587,117302,117487,185,[],,173.76,101.28,334.08000000000004,100.80000000000001,392.56,264.40000000000003,117.2,265.12,,,,,,,,,,,,,,,,29,0.15675675675675677,false,,,173.76,101.28,334.08000000000004,100.80000000000001,392.56,264.40000000000003,117.2,265.12
15,sset_15/tracknet-stride-8,static_shuttleset_homography,588,117487,117605,118,[],,173.76,101.28,334.08000000000004,100.80000000000001,392.56,264.40000000000003,117.2,265.12,,,,,,,,,,,,,,,,12,0.1016949152542373,false,,,173.76,101.28,334.08000000000004,100.80000000000001,392.56,264.40000000000003,117.2,265.12
15,sset_15/tracknet-stride-8,static_shuttleset_homography,589,117605,117664,59,[],,173.76,101.28,334.08000000000004,100.80000000000001,392.56,264.40000000000003,117.2,265.12,,,,,,,,,,,,,,,,0,0.0,false,,,173.76,101.28,334.08000000000004,100.80000000000001,392.56,264.40000000000003,117.2,265.12
15,sset_15/tracknet-stride-8,static_shuttleset_homography,590,117664,117934,270,[],,173.76,101.28,334.08000000000004,100.80000000000001,392.56,264.40000000000003,117.2,265.12,,,,,,,,,,,,,,,,255,0.9444444444444444,true,,,173.76,101.28,334.08000000000004,100.80000000000001,392.56,264.40000000000003,117.2,265.12
15,sset_15/tracknet-stride-8,static_shuttleset_homography,591,117934,118337,403,[],,173.76,101.28,334.08000000000004,100.80000000000001,392.56,264.40000000000003,117.2,265.12,,,,,,,,,,,,,,,,4,0.009925558312655087,false,,,173.76,101.28,334.08000000000004,100.80000000000001,392.56,264.40000000000003,117.2,265.12
15,sset_15/tracknet-stride-8,static_shuttleset_homography,592,118337,118405,68,[],,173.76,101.28,334.08000000000004,100.80000000000001,392.56,264.40000000000003,117.2,265.12,,,,,,,,,,,,,,,,0,0.0,false,,,173.76,101.28,334.08000000000004,100.80000000000001,392.56,264.40000000000003,117.2,265.12
15,sset_15/tracknet-stride-8,static_shuttleset_homography,593,118405,118542,137,[],,173.76,101.28,334.08000000000004,100.80000000000001,392.56,264.40000000000003,117.2,265.12,,,,,,,,,,,,,,,,0,0.0,false,,,173.76,101.28,334.08000000000004,100.80000000000001,392.56,264.40000000000003,117.2,265.12
15,sset_15/tracknet-stride-8,static_shuttleset_homography,594,118542,118676,134,[],,173.76,101.28,334.08000000000004,100.80000000000001,392.56,264.40000000000003,117.2,265.12,,,,,,,,,,,,,,,,17,0.12686567164179105,false,,,173.76,101.28,334.08000000000004,100.80000000000001,392.56,264.40000000000003,117.2,265.12
15,sset_15/tracknet-stride-8,static_shuttleset_homography,595,118676,118908,232,[],,173.76,101.28,334.08000000000004,100.80000000000001,392.56,264.40000000000003,117.2,265.12,,,,,,,,,,,,,,,,38,0.16379310344827586,false,,,173.76,101.28,334.08000000000004,100.80000000000001,392.56,264.40000000000003,117.2,265.12
15,sset_15/tracknet-stride-8,static_shuttleset_homography,596,118908,118991,83,[],,173.76,101.28,334.08000000000004,100.80000000000001,392.56,264.40000000000003,117.2,265.12,,,,,,,,,,,,,,,,7,0.08433734939759036,false,,,173.76,101.28,334.08000000000004,100.80000000000001,392.56,264.40000000000003,117.2,265.12
15,sset_15/tracknet-stride-8,static_shuttleset_homography,597,118991,119049,58,[],,173.76,101.28,334.08000000000004,100.80000000000001,392.56,264.40000000000003,117.2,265.12,,,,,,,,,,,,,,,,3,0.05172413793103448,false,,,173.76,101.28,334.08000000000004,100.80000000000001,392.56,264.40000000000003,117.2,265.12
15,sset_15/tracknet-stride-8,static_shuttleset_homography,598,119049,119072,23,[],,173.76,101.28,334.08000000000004,100.80000000000001,392.56,264.40000000000003,117.2,265.12,,,,,,,,,,,,,,,,15,0.6521739130434783,true,,,173.76,101.28,334.08000000000004,100.80000000000001,392.56,264.40000000000003,117.2,265.12
15,sset_15/tracknet-stride-8,static_shuttleset_homography,599,119072,119615,543,[],,173.76,101.28,334.08000000000004,100.80000000000001,392.56,264.40000000000003,117.2,265.12,,,,,,,,,,,,,,,,222,0.4088397790055249,false,,,173.76,101.28,334.08000000000004,100.80000000000001,392.56,264.40000000000003,117.2,265.12
15,sset_15/tracknet-stride-8,static_shuttleset_homography,600,119615,119855,240,[],,173.76,101.28,334.08000000000004,100.80000000000001,392.56,264.40000000000003,117.2,265.12,,,,,,,,,,,,,,,,2,0.008333333333333333,false,,,173.76,101.28,334.08000000000004,100.80000000000001,392.56,264.40000000000003,117.2,265.12
15,sset_15/tracknet-stride-8,static_shuttleset_homography,601,119855,119906,51,[],,173.76,101.28,334.08000000000004,100.80000000000001,392.56,264.40000000000003,117.2,265.12,,,,,,,,,,,,,,,,7,0.13725490196078433,false,,,173.76,101.28,334.08000000000004,100.80000000000001,392.56,264.40000000000003,117.2,265.12
15,sset_15/tracknet-stride-8,static_shuttleset_homography,602,119906,120089,183,[],,173.76,101.28,334.08000000000004,100.80000000000001,392.56,264.40000000000003,117.2,265.12,,,,,,,,,,,,,,,,26,0.14207650273224043,false,,,173.76,101.28,334.08000000000004,100.80000000000001,392.56,264.40000000000003,117.2,265.12
15,sset_15/tracknet-stride-8,static_shuttleset_homography,603,120089,120282,193,[],,173.76,101.28,334.08000000000004,100.80000000000001,392.56,264.40000000000003,117.2,265.12,,,,,,,,,,,,,,,,0,0.0,false,,,173.76,101.28,334.08000000000004,100.80000000000001,392.56,264.40000000000003,117.2,265.12
15,sset_15/tracknet-stride-8,static_shuttleset_homography,604,120282,120382,100,[],,173.76,101.28,334.08000000000004,100.80000000000001,392.56,264.40000000000003,117.2,265.12,,,,,,,,,,,,,,,,23,0.23,false,,,173.76,101.28,334.08000000000004,100.80000000000001,392.56,264.40000000000003,117.2,265.12
15,sset_15/tracknet-stride-8,static_shuttleset_homography,605,120382,120442,60,[],,173.76,101.28,334.08000000000004,100.80000000000001,392.56,264.40000000000003,117.2,265.12,,,,,,,,,,,,,,,,3,0.05,false,,,173.76,101.28,334.08000000000004,100.80000000000001,392.56,264.40000000000003,117.2,265.12
15,sset_15/tracknet-stride-8,static_shuttleset_homography,606,120442,121458,1016,[],,173.76,101.28,334.08000000000004,100.80000000000001,392.56,264.40000000000003,117.2,265.12,,,,,,,,,,,,,,,,1010,0.9940944881889764,true,,,173.76,101.28,334.08000000000004,100.80000000000001,392.56,264.40000000000003,117.2,265.12
15,sset_15/tracknet-stride-8,static_shuttleset_homography,607,121458,121623,165,[],,173.76,101.28,334.08000000000004,100.80000000000001,392.56,264.40000000000003,117.2,265.12,,,,,,,,,,,,,,,,37,0.22424242424242424,false,,,173.76,101.28,334.08000000000004,100.80000000000001,392.56,264.40000000000003,117.2,265.12
15,sset_15/tracknet-stride-8,static_shuttleset_homography,608,121623,121958,335,[],,173.76,101.28,334.08000000000004,100.80000000000001,392.56,264.40000000000003,117.2,265.12,,,,,,,,,,,,,,,,73,0.21791044776119403,false,,,173.76,101.28,334.08000000000004,100.80000000000001,392.56,264.40000000000003,117.2,265.12
15,sset_15/tracknet-stride-8,static_shuttleset_homography,609,121958,122159,201,[],,173.76,101.28,334.08000000000004,100.80000000000001,392.56,264.40000000000003,117.2,265.12,,,,,,,,,,,,,,,,0,0.0,false,,,173.76,101.28,334.08000000000004,100.80000000000001,392.56,264.40000000000003,117.2,265.12
15,sset_15/tracknet-stride-8,static_shuttleset_homography,610,122159,122241,82,[],,173.76,101.28,334.08000000000004,100.80000000000001,392.56,264.40000000000003,117.2,265.12,,,,,,,,,,,,,,,,2,0.024390243902439025,false,,,173.76,101.28,334.08000000000004,100.80000000000001,392.56,264.40000000000003,117.2,265.12
15,sset_15/tracknet-stride-8,static_shuttleset_homography,611,122241,122527,286,[],,173.76,101.28,334.08000000000004,100.80000000000001,392.56,264.40000000000003,117.2,265.12,,,,,,,,,,,,,,,,33,0.11538461538461539,false,,,173.76,101.28,334.08000000000004,100.80000000000001,392.56,264.40000000000003,117.2,265.12
15,sset_15/tracknet-stride-8,static_shuttleset_homography,612,122527,122718,191,[],,173.76,101.28,334.08000000000004,100.80000000000001,392.56,264.40000000000003,117.2,265.12,,,,,,,,,,,,,,,,59,0.3089005235602094,false,,,173.76,101.28,334.08000000000004,100.80000000000001,392.56,264.40000000000003,117.2,265.12
15,sset_15/tracknet-stride-8,static_shuttleset_homography,613,122718,122820,102,[],,173.76,101.28,334.08000000000004,100.80000000000001,392.56,264.40000000000003,117.2,265.12,,,,,,,,,,,,,,,,0,0.0,false,,,173.76,101.28,334.08000000000004,100.80000000000001,392.56,264.40000000000003,117.2,265.12
15,sset_15/tracknet-stride-8,static_shuttleset_homography,614,122820,123050,230,[],,173.76,101.28,334.08000000000004,100.80000000000001,392.56,264.40000000000003,117.2,265.12,,,,,,,,,,,,,,,,201,0.8739130434782608,true,,,173.76,101.28,334.08000000000004,100.80000000000001,392.56,264.40000000000003,117.2,265.12
15,sset_15/tracknet-stride-8,static_shuttleset_homography,615,123050,123096,46,[],,173.76,101.28,334.08000000000004,100.80000000000001,392.56,264.40000000000003,117.2,265.12,,,,,,,,,,,,,,,,0,0.0,false,,,173.76,101.28,334.08000000000004,100.80000000000001,392.56,264.40000000000003,117.2,265.12
15,sset_15/tracknet-stride-8,static_shuttleset_homography,616,123096,123206,110,[],,173.76,101.28,334.08000000000004,100.80000000000001,392.56,264.40000000000003,117.2,265.12,,,,,,,,,,,,,,,,29,0.2636363636363636,false,,,173.76,101.28,334.08000000000004,100.80000000000001,392.56,264.40000000000003,117.2,265.12
15,sset_15/tracknet-stride-8,static_shuttleset_homography,617,123206,123360,154,[],,173.76,101.28,334.08000000000004,100.80000000000001,392.56,264.40000000000003,117.2,265.12,,,,,,,,,,,,,,,,0,0.0,false,,,173.76,101.28,334.08000000000004,100.80000000000001,392.56,264.40000000000003,117.2,265.12
15,sset_15/tracknet-stride-8,static_shuttleset_homography,618,123360,123489,129,[],,173.76,101.28,334.08000000000004,100.80000000000001,392.56,264.40000000000003,117.2,265.12,,,,,,,,,,,,,,,,0,0.0,false,,,173.76,101.28,334.08000000000004,100.80000000000001,392.56,264.40000000000003,117.2,265.12
15,sset_15/tracknet-stride-8,static_shuttleset_homography,619,123489,123675,186,[],,173.76,101.28,334.08000000000004,100.80000000000001,392.56,264.40000000000003,117.2,265.12,,,,,,,,,,,,,,,,178,0.956989247311828,true,,,173.76,101.28,334.08000000000004,100.80000000000001,392.56,264.40000000000003,117.2,265.12
15,sset_15/tracknet-stride-8,static_shuttleset_homography,620,123675,123713,38,[],,173.76,101.28,334.08000000000004,100.80000000000001,392.56,264.40000000000003,117.2,265.12,,,,,,,,,,,,,,,,5,0.13157894736842105,false,,,173.76,101.28,334.08000000000004,100.80000000000001,392.56,264.40000000000003,117.2,265.12
15,sset_15/tracknet-stride-8,static_shuttleset_homography,621,123713,123818,105,[],,173.76,101.28,334.08000000000004,100.80000000000001,392.56,264.40000000000003,117.2,265.12,,,,,,,,,,,,,,,,0,0.0,false,,,173.76,101.28,334.08000000000004,100.80000000000001,392.56,264.40000000000003,117.2,265.12
15,sset_15/tracknet-stride-8,static_shuttleset_homography,622,123818,124115,297,[],,173.76,101.28,334.08000000000004,100.80000000000001,392.56,264.40000000000003,117.2,265.12,,,,,,,,,,,,,,,,98,0.32996632996632996,false,,,173.76,101.28,334.08000000000004,100.80000000000001,392.56,264.40000000000003,117.2,265.12
15,sset_15/tracknet-stride-8,static_shuttleset_homography,623,124115,124200,85,[],,173.76,101.28,334.08000000000004,100.80000000000001,392.56,264.40000000000003,117.2,265.12,,,,,,,,,,,,,,,,0,0.0,false,,,173.76,101.28,334.08000000000004,100.80000000000001,392.56,264.40000000000003,117.2,265.12
15,sset_15/tracknet-stride-8,static_shuttleset_homography,624,124200,124258,58,[],,173.76,101.28,334.08000000000004,100.80000000000001,392.56,264.40000000000003,117.2,265.12,,,,,,,,,,,,,,,,25,0.43103448275862066,false,,,173.76,101.28,334.08000000000004,100.80000000000001,392.56,264.40000000000003,117.2,265.12
15,sset_15/tracknet-stride-8,static_shuttleset_homography,625,124258,124482,224,[],,173.76,101.28,334.08000000000004,100.80000000000001,392.56,264.40000000000003,117.2,265.12,,,,,,,,,,,,,,,,220,0.9821428571428571,true,,,173.76,101.28,334.08000000000004,100.80000000000001,392.56,264.40000000000003,117.2,265.12
15,sset_15/tracknet-stride-8,static_shuttleset_homography,626,124482,124618,136,[],,173.76,101.28,334.08000000000004,100.80000000000001,392.56,264.40000000000003,117.2,265.12,,,,,,,,,,,,,,,,42,0.3088235294117647,false,,,173.76,101.28,334.08000000000004,100.80000000000001,392.56,264.40000000000003,117.2,265.12
15,sset_15/tracknet-stride-8,static_shuttleset_homography,627,124618,124848,230,[],,173.76,101.28,334.08000000000004,100.80000000000001,392.56,264.40000000000003,117.2,265.12,,,,,,,,,,,,,,,,36,0.1565217391304348,false,,,173.76,101.28,334.08000000000004,100.80000000000001,392.56,264.40000000000003,117.2,265.12
15,sset_15/tracknet-stride-8,static_shuttleset_homography,628,124848,124923,75,[],,173.76,101.28,334.08000000000004,100.80000000000001,392.56,264.40000000000003,117.2,265.12,,,,,,,,,,,,,,,,0,0.0,false,,,173.76,101.28,334.08000000000004,100.80000000000001,392.56,264.40000000000003,117.2,265.12
15,sset_15/tracknet-stride-8,static_shuttleset_homography,629,124923,125074,151,[],,173.76,101.28,334.08000000000004,100.80000000000001,392.56,264.40000000000003,117.2,265.12,,,,,,,,,,,,,,,,150,0.9933774834437086,true,,,173.76,101.28,334.08000000000004,100.80000000000001,392.56,264.40000000000003,117.2,265.12
15,sset_15/tracknet-stride-8,static_shuttleset_homography,630,125074,125285,211,[],,173.76,101.28,334.08000000000004,100.80000000000001,392.56,264.40000000000003,117.2,265.12,,,,,,,,,,,,,,,,32,0.15165876777251186,false,,,173.76,101.28,334.08000000000004,100.80000000000001,392.56,264.40000000000003,117.2,265.12
15,sset_15/tracknet-stride-8,static_shuttleset_homography,631,125285,125458,173,[],,173.76,101.28,334.08000000000004,100.80000000000001,392.56,264.40000000000003,117.2,265.12,,,,,,,,,,,,,,,,14,0.08092485549132948,false,,,173.76,101.28,334.08000000000004,100.80000000000001,392.56,264.40000000000003,117.2,265.12
15,sset_15/tracknet-stride-8,static_shuttleset_homography,632,125458,125556,98,[],,173.76,101.28,334.08000000000004,100.80000000000001,392.56,264.40000000000003,117.2,265.12,,,,,,,,,,,,,,,,0,0.0,false,,,173.76,101.28,334.08000000000004,100.80000000000001,392.56,264.40000000000003,117.2,265.12
15,sset_15/tracknet-stride-8,static_shuttleset_homography,633,125556,125986,430,[],,173.76,101.28,334.08000000000004,100.80000000000001,392.56,264.40000000000003,117.2,265.12,,,,,,,,,,,,,,,,429,0.9976744186046511,true,,,173.76,101.28,334.08000000000004,100.80000000000001,392.56,264.40000000000003,117.2,265.12
15,sset_15/tracknet-stride-8,static_shuttleset_homography,634,125986,126200,214,[],,173.76,101.28,334.08000000000004,100.80000000000001,392.56,264.40000000000003,117.2,265.12,,,,,,,,,,,,,,,,63,0.29439252336448596,false,,,173.76,101.28,334.08000000000004,100.80000000000001,392.56,264.40000000000003,117.2,265.12
15,sset_15/tracknet-stride-8,static_shuttleset_homography,635,126200,126349,149,[],,173.76,101.28,334.08000000000004,100.80000000000001,392.56,264.40000000000003,117.2,265.12,,,,,,,,,,,,,,,,6,0.040268456375838924,false,,,173.76,101.28,334.08000000000004,100.80000000000001,392.56,264.40000000000003,117.2,265.12
15,sset_15/tracknet-stride-8,static_shuttleset_homography,636,126349,126399,50,[],,173.76,101.28,334.08000000000004,100.80000000000001,392.56,264.40000000000003,117.2,265.12,,,,,,,,,,,,,,,,0,0.0,false,,,173.76,101.28,334.08000000000004,100.80000000000001,392.56,264.40000000000003,117.2,265.12
15,sset_15/tracknet-stride-8,static_shuttleset_homography,637,126399,126536,137,[],,173.76,101.28,334.08000000000004,100.80000000000001,392.56,264.40000000000003,117.2,265.12,,,,,,,,,,,,,,,,136,0.9927007299270073,true,,,173.76,101.28,334.08000000000004,100.80000000000001,392.56,264.40000000000003,117.2,265.12
15,sset_15/tracknet-stride-8,static_shuttleset_homography,638,126536,126694,158,[],,173.76,101.28,334.08000000000004,100.80000000000001,392.56,264.40000000000003,117.2,265.12,,,,,,,,,,,,,,,,4,0.02531645569620253,false,,,173.76,101.28,334.08000000000004,100.80000000000001,392.56,264.40000000000003,117.2,265.12
15,sset_15/tracknet-stride-8,static_shuttleset_homography,639,126694,126755,61,[],,173.76,101.28,334.08000000000004,100.80000000000001,392.56,264.40000000000003,117.2,265.12,,,,,,,,,,,,,,,,7,0.11475409836065574,false,,,173.76,101.28,334.08000000000004,100.80000000000001,392.56,264.40000000000003,117.2,265.12
15,sset_15/tracknet-stride-8,static_shuttleset_homography,640,126755,126875,120,[],,173.76,101.28,334.08000000000004,100.80000000000001,392.56,264.40000000000003,117.2,265.12,,,,,,,,,,,,,,,,12,0.1,false,,,173.76,101.28,334.08000000000004,100.80000000000001,392.56,264.40000000000003,117.2,265.12
15,sset_15/tracknet-stride-8,static_shuttleset_homography,641,126875,126904,29,[],,173.76,101.28,334.08000000000004,100.80000000000001,392.56,264.40000000000003,117.2,265.12,,,,,,,,,,,,,,,,0,0.0,false,,,173.76,101.28,334.08000000000004,100.80000000000001,392.56,264.40000000000003,117.2,265.12
15,sset_15/tracknet-stride-8,static_shuttleset_homography,642,126904,127028,124,[],,173.76,101.28,334.08000000000004,100.80000000000001,392.56,264.40000000000003,117.2,265.12,,,,,,,,,,,,,,,,124,1.0,true,,,173.76,101.28,334.08000000000004,100.80000000000001,392.56,264.40000000000003,117.2,265.12
15,sset_15/tracknet-stride-8,static_shuttleset_homography,643,127028,127225,197,[],,173.76,101.28,334.08000000000004,100.80000000000001,392.56,264.40000000000003,117.2,265.12,,,,,,,,,,,,,,,,26,0.1319796954314721,false,,,173.76,101.28,334.08000000000004,100.80000000000001,392.56,264.40000000000003,117.2,265.12
15,sset_15/tracknet-stride-8,static_shuttleset_homography,644,127225,127348,123,[],,173.76,101.28,334.08000000000004,100.80000000000001,392.56,264.40000000000003,117.2,265.12,,,,,,,,,,,,,,,,11,0.08943089430894309,false,,,173.76,101.28,334.08000000000004,100.80000000000001,392.56,264.40000000000003,117.2,265.12
15,sset_15/tracknet-stride-8,static_shuttleset_homography,645,127348,127473,125,[],,173.76,101.28,334.08000000000004,100.80000000000001,392.56,264.40000000000003,117.2,265.12,,,,,,,,,,,,,,,,0,0.0,false,,,173.76,101.28,334.08000000000004,100.80000000000001,392.56,264.40000000000003,117.2,265.12
15,sset_15/tracknet-stride-8,static_shuttleset_homography,646,127473,127758,285,[],,173.76,101.28,334.08000000000004,100.80000000000001,392.56,264.40000000000003,117.2,265.12,,,,,,,,,,,,,,,,241,0.8456140350877193,true,,,173.76,101.28,334.08000000000004,100.80000000000001,392.56,264.40000000000003,117.2,265.12
15,sset_15/tracknet-stride-8,static_shuttleset_homography,647,127758,127792,34,[],,173.76,101.28,334.08000000000004,100.80000000000001,392.56,264.40000000000003,117.2,265.12,,,,,,,,,,,,,,,,0,0.0,false,,,173.76,101.28,334.08000000000004,100.80000000000001,392.56,264.40000000000003,117.2,265.12
15,sset_15/tracknet-stride-8,static_shuttleset_homography,648,127792,127966,174,[],,173.76,101.28,334.08000000000004,100.80000000000001,392.56,264.40000000000003,117.2,265.12,,,,,,,,,,,,,,,,18,0.10344827586206896,false,,,173.76,101.28,334.08000000000004,100.80000000000001,392.56,264.40000000000003,117.2,265.12
15,sset_15/tracknet-stride-8,static_shuttleset_homography,649,127966,128276,310,[],,173.76,101.28,334.08000000000004,100.80000000000001,392.56,264.40000000000003,117.2,265.12,,,,,,,,,,,,,,,,55,0.1774193548387097,false,,,173.76,101.28,334.08000000000004,100.80000000000001,392.56,264.40000000000003,117.2,265.12
15,sset_15/tracknet-stride-8,static_shuttleset_homography,650,128276,128315,39,[],,173.76,101.28,334.08000000000004,100.80000000000001,392.56,264.40000000000003,117.2,265.12,,,,,,,,,,,,,,,,0,0.0,false,,,173.76,101.28,334.08000000000004,100.80000000000001,392.56,264.40000000000003,117.2,265.12
15,sset_15/tracknet-stride-8,static_shuttleset_homography,651,128315,128476,161,[],,173.76,101.28,334.08000000000004,100.80000000000001,392.56,264.40000000000003,117.2,265.12,,,,,,,,,,,,,,,,160,0.9937888198757764,true,,,173.76,101.28,334.08000000000004,100.80000000000001,392.56,264.40000000000003,117.2,265.12
15,sset_15/tracknet-stride-8,static_shuttleset_homography,652,128476,128624,148,[],,173.76,101.28,334.08000000000004,100.80000000000001,392.56,264.40000000000003,117.2,265.12,,,,,,,,,,,,,,,,12,0.08108108108108109,false,,,173.76,101.28,334.08000000000004,100.80000000000001,392.56,264.40000000000003,117.2,265.12
15,sset_15/tracknet-stride-8,static_shuttleset_homography,653,128624,128788,164,[],,173.76,101.28,334.08000000000004,100.80000000000001,392.56,264.40000000000003,117.2,265.12,,,,,,,,,,,,,,,,61,0.3719512195121951,false,,,173.76,101.28,334.08000000000004,100.80000000000001,392.56,264.40000000000003,117.2,265.12
15,sset_15/tracknet-stride-8,static_shuttleset_homography,654,128788,128938,150,[],,173.76,101.28,334.08000000000004,100.80000000000001,392.56,264.40000000000003,117.2,265.12,,,,,,,,,,,,,,,,149,0.9933333333333333,true,,,173.76,101.28,334.08000000000004,100.80000000000001,392.56,264.40000000000003,117.2,265.12
15,sset_15/tracknet-stride-8,static_shuttleset_homography,655,128938,128995,57,[],,173.76,101.28,334.08000000000004,100.80000000000001,392.56,264.40000000000003,117.2,265.12,,,,,,,,,,,,,,,,2,0.03508771929824561,false,,,173.76,101.28,334.08000000000004,100.80000000000001,392.56,264.40000000000003,117.2,265.12
15,sset_15/tracknet-stride-8,static_shuttleset_homography,656,128995,129198,203,[],,173.76,101.28,334.08000000000004,100.80000000000001,392.56,264.40000000000003,117.2,265.12,,,,,,,,,,,,,,,,45,0.22167487684729065,false,,,173.76,101.28,334.08000000000004,100.80000000000001,392.56,264.40000000000003,117.2,265.12
15,sset_15/tracknet-stride-8,static_shuttleset_homography,657,129198,129422,224,[],,173.76,101.28,334.08000000000004,100.80000000000001,392.56,264.40000000000003,117.2,265.12,,,,,,,,,,,,,,,,220,0.9821428571428571,true,,,173.76,101.28,334.08000000000004,100.80000000000001,392.56,264.40000000000003,117.2,265.12
15,sset_15/tracknet-stride-8,static_shuttleset_homography,658,129422,129444,22,[],,173.76,101.28,334.08000000000004,100.80000000000001,392.56,264.40000000000003,117.2,265.12,,,,,,,,,,,,,,,,7,0.3181818181818182,false,,,173.76,101.28,334.08000000000004,100.80000000000001,392.56,264.40000000000003,117.2,265.12
15,sset_15/tracknet-stride-8,static_shuttleset_homography,659,129444,129463,19,[],,173.76,101.28,334.08000000000004,100.80000000000001,392.56,264.40000000000003,117.2,265.12,,,,,,,,,,,,,,,,6,0.3157894736842105,false,,,173.76,101.28,334.08000000000004,100.80000000000001,392.56,264.40000000000003,117.2,265.12
15,sset_15/tracknet-stride-8,static_shuttleset_homography,660,129463,129562,99,[],,173.76,101.28,334.08000000000004,100.80000000000001,392.56,264.40000000000003,117.2,265.12,,,,,,,,,,,,,,,,80,0.8080808080808081,true,,,173.76,101.28,334.08000000000004,100.80000000000001,392.56,264.40000000000003,117.2,265.12
15,sset_15/tracknet-stride-8,static_shuttleset_homography,661,129562,129724,162,[],,173.76,101.28,334.08000000000004,100.80000000000001,392.56,264.40000000000003,117.2,265.12,,,,,,,,,,,,,,,,112,0.691358024691358,true,,,173.76,101.28,334.08000000000004,100.80000000000001,392.56,264.40000000000003,117.2,265.12
15,sset_15/tracknet-stride-8,static_shuttleset_homography,662,129724,129801,77,[],,173.76,101.28,334.08000000000004,100.80000000000001,392.56,264.40000000000003,117.2,265.12,,,,,,,,,,,,,,,,0,0.0,false,,,173.76,101.28,334.08000000000004,100.80000000000001,392.56,264.40000000000003,117.2,265.12
15,sset_15/tracknet-stride-8,static_shuttleset_homography,663,129801,130002,201,[],,173.76,101.28,334.08000000000004,100.80000000000001,392.56,264.40000000000003,117.2,265.12,,,,,,,,,,,,,,,,195,0.9701492537313433,true,,,173.76,101.28,334.08000000000004,100.80000000000001,392.56,264.40000000000003,117.2,265.12
15,sset_15/tracknet-stride-8,static_shuttleset_homography,664,130002,130227,225,[],,173.76,101.28,334.08000000000004,100.80000000000001,392.56,264.40000000000003,117.2,265.12,,,,,,,,,,,,,,,,54,0.24,false,,,173.76,101.28,334.08000000000004,100.80000000000001,392.56,264.40000000000003,117.2,265.12
15,sset_15/tracknet-stride-8,static_shuttleset_homography,665,130227,130323,96,[],,173.76,101.28,334.08000000000004,100.80000000000001,392.56,264.40000000000003,117.2,265.12,,,,,,,,,,,,,,,,13,0.13541666666666666,false,,,173.76,101.28,334.08000000000004,100.80000000000001,392.56,264.40000000000003,117.2,265.12
15,sset_15/tracknet-stride-8,static_shuttleset_homography,666,130323,130362,39,[],,173.76,101.28,334.08000000000004,100.80000000000001,392.56,264.40000000000003,117.2,265.12,,,,,,,,,,,,,,,,0,0.0,false,,,173.76,101.28,334.08000000000004,100.80000000000001,392.56,264.40000000000003,117.2,265.12
15,sset_15/tracknet-stride-8,static_shuttleset_homography,667,130362,130480,118,[],,173.76,101.28,334.08000000000004,100.80000000000001,392.56,264.40000000000003,117.2,265.12,,,,,,,,,,,,,,,,118,1.0,true,,,173.76,101.28,334.08000000000004,100.80000000000001,392.56,264.40000000000003,117.2,265.12
15,sset_15/tracknet-stride-8,static_shuttleset_homography,668,130480,130631,151,[],,173.76,101.28,334.08000000000004,100.80000000000001,392.56,264.40000000000003,117.2,265.12,,,,,,,,,,,,,,,,10,0.06622516556291391,false,,,173.76,101.28,334.08000000000004,100.80000000000001,392.56,264.40000000000003,117.2,265.12
15,sset_15/tracknet-stride-8,static_shuttleset_homography,669,130631,130694,63,[],,173.76,101.28,334.08000000000004,100.80000000000001,392.56,264.40000000000003,117.2,265.12,,,,,,,,,,,,,,,,17,0.2698412698412698,false,,,173.76,101.28,334.08000000000004,100.80000000000001,392.56,264.40000000000003,117.2,265.12
15,sset_15/tracknet-stride-8,static_shuttleset_homography,670,130694,130855,161,[],,173.76,101.28,334.08000000000004,100.80000000000001,392.56,264.40000000000003,117.2,265.12,,,,,,,,,,,,,,,,139,0.8633540372670807,true,,,173.76,101.28,334.08000000000004,100.80000000000001,392.56,264.40000000000003,117.2,265.12
15,sset_15/tracknet-stride-8,static_shuttleset_homography,671,130855,131017,162,[],,173.76,101.28,334.08000000000004,100.80000000000001,392.56,264.40000000000003,117.2,265.12,,,,,,,,,,,,,,,,11,0.06790123456790123,false,,,173.76,101.28,334.08000000000004,100.80000000000001,392.56,264.40000000000003,117.2,265.12
15,sset_15/tracknet-stride-8,static_shuttleset_homography,672,131017,131277,260,[],,173.76,101.28,334.08000000000004,100.80000000000001,392.56,264.40000000000003,117.2,265.12,,,,,,,,,,,,,,,,107,0.4115384615384615,false,,,173.76,101.28,334.08000000000004,100.80000000000001,392.56,264.40000000000003,117.2,265.12
15,sset_15/tracknet-stride-8,static_shuttleset_homography,673,131277,131395,118,[],,173.76,101.28,334.08000000000004,100.80000000000001,392.56,264.40000000000003,117.2,265.12,,,,,,,,,,,,,,,,0,0.0,false,,,173.76,101.28,334.08000000000004,100.80000000000001,392.56,264.40000000000003,117.2,265.12
15,sset_15/tracknet-stride-8,static_shuttleset_homography,674,131395,131431,36,[],,173.76,101.28,334.08000000000004,100.80000000000001,392.56,264.40000000000003,117.2,265.12,,,,,,,,,,,,,,,,14,0.3888888888888889,false,,,173.76,101.28,334.08000000000004,100.80000000000001,392.56,264.40000000000003,117.2,265.12
15,sset_15/tracknet-stride-8,static_shuttleset_homography,675,131431,131495,64,[],,173.76,101.28,334.08000000000004,100.80000000000001,392.56,264.40000000000003,117.2,265.12,,,,,,,,,,,,,,,,3,0.046875,false,,,173.76,101.28,334.08000000000004,100.80000000000001,392.56,264.40000000000003,117.2,265.12
15,sset_15/tracknet-stride-8,static_shuttleset_homography,676,131495,131566,71,[],,173.76,101.28,334.08000000000004,100.80000000000001,392.56,264.40000000000003,117.2,265.12,,,,,,,,,,,,,,,,33,0.4647887323943662,false,,,173.76,101.28,334.08000000000004,100.80000000000001,392.56,264.40000000000003,117.2,265.12
15,sset_15/tracknet-stride-8,static_shuttleset_homography,677,131566,131607,41,[],,173.76,101.28,334.08000000000004,100.80000000000001,392.56,264.40000000000003,117.2,265.12,,,,,,,,,,,,,,,,2,0.04878048780487805,false,,,173.76,101.28,334.08000000000004,100.80000000000001,392.56,264.40000000000003,117.2,265.12
15,sset_15/tracknet-stride-8,static_shuttleset_homography,678,131607,131782,175,[],,173.76,101.28,334.08000000000004,100.80000000000001,392.56,264.40000000000003,117.2,265.12,,,,,,,,,,,,,,,,40,0.22857142857142856,false,,,173.76,101.28,334.08000000000004,100.80000000000001,392.56,264.40000000000003,117.2,265.12
15,sset_15/tracknet-stride-8,static_shuttleset_homography,679,131782,131798,16,[],,173.76,101.28,334.08000000000004,100.80000000000001,392.56,264.40000000000003,117.2,265.12,,,,,,,,,,,,,,,,2,0.125,false,,,173.76,101.28,334.08000000000004,100.80000000000001,392.56,264.40000000000003,117.2,265.12
15,sset_15/tracknet-stride-8,static_shuttleset_homography,680,131798,131923,125,[],,173.76,101.28,334.08000000000004,100.80000000000001,392.56,264.40000000000003,117.2,265.12,,,,,,,,,,,,,,,,25,0.2,false,,,173.76,101.28,334.08000000000004,100.80000000000001,392.56,264.40000000000003,117.2,265.12
15,sset_15/tracknet-stride-8,static_shuttleset_homography,681,131923,131956,33,[],,173.76,101.28,334.08000000000004,100.80000000000001,392.56,264.40000000000003,117.2,265.12,,,,,,,,,,,,,,,,4,0.12121212121212122,false,,,173.76,101.28,334.08000000000004,100.80000000000001,392.56,264.40000000000003,117.2,265.12
15,sset_15/tracknet-stride-8,static_shuttleset_homography,682,131956,132163,207,[],,173.76,101.28,334.08000000000004,100.80000000000001,392.56,264.40000000000003,117.2,265.12,,,,,,,,,,,,,,,,75,0.36231884057971014,false,,,173.76,101.28,334.08000000000004,100.80000000000001,392.56,264.40000000000003,117.2,265.12
15,sset_15/tracknet-stride-8,static_shuttleset_homography,683,132163,132185,22,[],,173.76,101.28,334.08000000000004,100.80000000000001,392.56,264.40000000000003,117.2,265.12,,,,,,,,,,,,,,,,0,0.0,false,,,173.76,101.28,334.08000000000004,100.80000000000001,392.56,264.40000000000003,117.2,265.12
15,sset_15/tracknet-stride-8,static_shuttleset_homography,684,132185,132223,38,[],,173.76,101.28,334.08000000000004,100.80000000000001,392.56,264.40000000000003,117.2,265.12,,,,,,,,,,,,,,,,8,0.21052631578947367,false,,,173.76,101.28,334.08000000000004,100.80000000000001,392.56,264.40000000000003,117.2,265.12
15,sset_15/tracknet-stride-8,static_shuttleset_homography,685,132223,132261,38,[],,173.76,101.28,334.08000000000004,100.80000000000001,392.56,264.40000000000003,117.2,265.12,,,,,,,,,,,,,,,,5,0.13157894736842105,false,,,173.76,101.28,334.08000000000004,100.80000000000001,392.56,264.40000000000003,117.2,265.12
15,sset_15/tracknet-stride-8,static_shuttleset_homography,686,132261,132380,119,[],,173.76,101.28,334.08000000000004,100.80000000000001,392.56,264.40000000000003,117.2,265.12,,,,,,,,,,,,,,,,10,0.08403361344537816,false,,,173.76,101.28,334.08000000000004,100.80000000000001,392.56,264.40000000000003,117.2,265.12
15,sset_15/tracknet-stride-8,static_shuttleset_homography,687,132380,132505,125,[],,173.76,101.28,334.08000000000004,100.80000000000001,392.56,264.40000000000003,117.2,265.12,,,,,,,,,,,,,,,,0,0.0,false,,,173.76,101.28,334.08000000000004,100.80000000000001,392.56,264.40000000000003,117.2,265.12
15,sset_15/tracknet-stride-8,static_shuttleset_homography,688,132505,132783,278,[],,173.76,101.28,334.08000000000004,100.80000000000001,392.56,264.40000000000003,117.2,265.12,,,,,,,,,,,,,,,,0,0.0,false,,,173.76,101.28,334.08000000000004,100.80000000000001,392.56,264.40000000000003,117.2,265.12
15,sset_15/tracknet-stride-8,static_shuttleset_homography,689,132783,133302,519,[],,173.76,101.28,334.08000000000004,100.80000000000001,392.56,264.40000000000003,117.2,265.12,,,,,,,,,,,,,,,,156,0.30057803468208094,false,,,173.76,101.28,334.08000000000004,100.80000000000001,392.56,264.40000000000003,117.2,265.12
15,sset_15/tracknet-stride-8,static_shuttleset_homography,690,133302,133599,297,[],,173.76,101.28,334.08000000000004,100.80000000000001,392.56,264.40000000000003,117.2,265.12,,,,,,,,,,,,,,,,34,0.11447811447811448,false,,,173.76,101.28,334.08000000000004,100.80000000000001,392.56,264.40000000000003,117.2,265.12
15,sset_15/tracknet-stride-8,static_shuttleset_homography,691,133599,133745,146,[],,173.76,101.28,334.08000000000004,100.80000000000001,392.56,264.40000000000003,117.2,265.12,,,,,,,,,,,,,,,,14,0.0958904109589041,false,,,173.76,101.28,334.08000000000004,100.80000000000001,392.56,264.40000000000003,117.2,265.12
15,sset_15/tracknet-stride-8,static_shuttleset_homography,692,133745,133791,46,[],,173.76,101.28,334.08000000000004,100.80000000000001,392.56,264.40000000000003,117.2,265.12,,,,,,,,,,,,,,,,7,0.15217391304347827,false,,,173.76,101.28,334.08000000000004,100.80000000000001,392.56,264.40000000000003,117.2,265.12
15,sset_15/tracknet-stride-8,static_shuttleset_homography,693,133791,133812,21,[],,173.76,101.28,334.08000000000004,100.80000000000001,392.56,264.40000000000003,117.2,265.12,,,,,,,,,,,,,,,,4,0.19047619047619047,false,,,173.76,101.28,334.08000000000004,100.80000000000001,392.56,264.40000000000003,117.2,265.12
15,sset_15/tracknet-stride-8,static_shuttleset_homography,694,133812,135728,1916,[],,173.76,101.28,334.08000000000004,100.80000000000001,392.56,264.40000000000003,117.2,265.12,,,,,,,,,,,,,,,,452,0.2359081419624217,false,,,173.76,101.28,334.08000000000004,100.80000000000001,392.56,264.40000000000003,117.2,265.12
15,sset_15/tracknet-stride-8,static_shuttleset_homography,695,135728,135864,136,[],,173.76,101.28,334.08000000000004,100.80000000000001,392.56,264.40000000000003,117.2,265.12,,,,,,,,,,,,,,,,0,0.0,false,,,173.76,101.28,334.08000000000004,100.80000000000001,392.56,264.40000000000003,117.2,265.12
15,sset_15/tracknet-stride-8,static_shuttleset_homography,696,135864,136013,149,[],,173.76,101.28,334.08000000000004,100.80000000000001,392.56,264.40000000000003,117.2,265.12,,,,,,,,,,,,,,,,0,0.0,false,,,173.76,101.28,334.08000000000004,100.80000000000001,392.56,264.40000000000003,117.2,265.12
15,sset_15/tracknet-stride-8,static_shuttleset_homography,697,136013,136188,175,[],,173.76,101.28,334.08000000000004,100.80000000000001,392.56,264.40000000000003,117.2,265.12,,,,,,,,,,,,,,,,6,0.03428571428571429,false,,,173.76,101.28,334.08000000000004,100.80000000000001,392.56,264.40000000000003,117.2,265.12
15,sset_15/tracknet-stride-8,static_shuttleset_homography,698,136188,136368,180,[],,173.76,101.28,334.08000000000004,100.80000000000001,392.56,264.40000000000003,117.2,265.12,,,,,,,,,,,,,,,,27,0.15,false,,,173.76,101.28,334.08000000000004,100.80000000000001,392.56,264.40000000000003,117.2,265.12
15,sset_15/tracknet-stride-8,static_shuttleset_homography,699,136368,136432,64,[],,173.76,101.28,334.08000000000004,100.80000000000001,392.56,264.40000000000003,117.2,265.12,,,,,,,,,,,,,,,,4,0.0625,false,,,173.76,101.28,334.08000000000004,100.80000000000001,392.56,264.40000000000003,117.2,265.12
15,sset_15/tracknet-stride-8,static_shuttleset_homography,700,136432,136486,54,[],,173.76,101.28,334.08000000000004,100.80000000000001,392.56,264.40000000000003,117.2,265.12,,,,,,,,,,,,,,,,9,0.16666666666666666,false,,,173.76,101.28,334.08000000000004,100.80000000000001,392.56,264.40000000000003,117.2,265.12
15,sset_15/tracknet-stride-8,static_shuttleset_homography,701,136486,136524,38,[],,173.76,101.28,334.08000000000004,100.80000000000001,392.56,264.40000000000003,117.2,265.12,,,,,,,,,,,,,,,,6,0.15789473684210525,false,,,173.76,101.28,334.08000000000004,100.80000000000001,392.56,264.40000000000003,117.2,265.12
15,sset_15/tracknet-stride-8,static_shuttleset_homography,702,136524,136576,52,[],,173.76,101.28,334.08000000000004,100.80000000000001,392.56,264.40000000000003,117.2,265.12,,,,,,,,,,,,,,,,0,0.0,false,,,173.76,101.28,334.08000000000004,100.80000000000001,392.56,264.40000000000003,117.2,265.12
15,sset_15/tracknet-stride-8,static_shuttleset_homography,703,136576,136658,82,[],,173.76,101.28,334.08000000000004,100.80000000000001,392.56,264.40000000000003,117.2,265.12,,,,,,,,,,,,,,,,0,0.0,false,,,173.76,101.28,334.08000000000004,100.80000000000001,392.56,264.40000000000003,117.2,265.12
15,sset_15/tracknet-stride-8,static_shuttleset_homography,704,136658,136713,55,[],,173.76,101.28,334.08000000000004,100.80000000000001,392.56,264.40000000000003,117.2,265.12,,,,,,,,,,,,,,,,0,0.0,false,,,173.76,101.28,334.08000000000004,100.80000000000001,392.56,264.40000000000003,117.2,265.12
15,sset_15/tracknet-stride-8,static_shuttleset_homography,705,136713,136842,129,[],,173.76,101.28,334.08000000000004,100.80000000000001,392.56,264.40000000000003,117.2,265.12,,,,,,,,,,,,,,,,0,0.0,false,,,173.76,101.28,334.08000000000004,100.80000000000001,392.56,264.40000000000003,117.2,265.12
15,sset_15/tracknet-stride-8,static_shuttleset_homography,706,136842,137222,380,[],,173.76,101.28,334.08000000000004,100.80000000000001,392.56,264.40000000000003,117.2,265.12,,,,,,,,,,,,,,,,0,0.0,false,,,173.76,101.28,334.08000000000004,100.80000000000001,392.56,264.40000000000003,117.2,265.12
15,sset_15/tracknet-stride-8,static_shuttleset_homography,707,137222,137299,77,[],,173.76,101.28,334.08000000000004,100.80000000000001,392.56,264.40000000000003,117.2,265.12,,,,,,,,,,,,,,,,0,0.0,false,,,173.76,101.28,334.08000000000004,100.80000000000001,392.56,264.40000000000003,117.2,265.12
15,sset_15/tracknet-stride-8,static_shuttleset_homography,708,137299,137400,101,[],,173.76,101.28,334.08000000000004,100.80000000000001,392.56,264.40000000000003,117.2,265.12,,,,,,,,,,,,,,,,7,0.06930693069306931,false,,,173.76,101.28,334.08000000000004,100.80000000000001,392.56,264.40000000000003,117.2,265.12
15,sset_15/tracknet-stride-8,static_shuttleset_homography,709,137400,137846,446,[],,173.76,101.28,334.08000000000004,100.80000000000001,392.56,264.40000000000003,117.2,265.12,,,,,,,,,,,,,,,,397,0.8901345291479821,true,,,173.76,101.28,334.08000000000004,100.80000000000001,392.56,264.40000000000003,117.2,265.12
15,sset_15/tracknet-stride-8,static_shuttleset_homography,710,137846,137940,94,[],,173.76,101.28,334.08000000000004,100.80000000000001,392.56,264.40000000000003,117.2,265.12,,,,,,,,,,,,,,,,0,0.0,false,,,173.76,101.28,334.08000000000004,100.80000000000001,392.56,264.40000000000003,117.2,265.12
15,sset_15/tracknet-stride-8,static_shuttleset_homography,711,137940,138168,228,[],,173.76,101.28,334.08000000000004,100.80000000000001,392.56,264.40000000000003,117.2,265.12,,,,,,,,,,,,,,,,228,1.0,true,,,173.76,101.28,334.08000000000004,100.80000000000001,392.56,264.40000000000003,117.2,265.12
15,sset_15/tracknet-stride-8,static_shuttleset_homography,712,138168,138326,158,[],,173.76,101.28,334.08000000000004,100.80000000000001,392.56,264.40000000000003,117.2,265.12,,,,,,,,,,,,,,,,0,0.0,false,,,173.76,101.28,334.08000000000004,100.80000000000001,392.56,264.40000000000003,117.2,265.12
15,sset_15/tracknet-stride-8,static_shuttleset_homography,713,138326,138524,198,[],,173.76,101.28,334.08000000000004,100.80000000000001,392.56,264.40000000000003,117.2,265.12,,,,,,,,,,,,,,,,198,1.0,true,,,173.76,101.28,334.08000000000004,100.80000000000001,392.56,264.40000000000003,117.2,265.12
15,sset_15/tracknet-stride-8,static_shuttleset_homography,714,138524,139324,800,[],,173.76,101.28,334.08000000000004,100.80000000000001,392.56,264.40000000000003,117.2,265.12,,,,,,,,,,,,,,,,171,0.21375,false,,,173.76,101.28,334.08000000000004,100.80000000000001,392.56,264.40000000000003,117.2,265.12
15,sset_15/tracknet-stride-8,static_shuttleset_homography,715,139324,139477,153,[],,173.76,101.28,334.08000000000004,100.80000000000001,392.56,264.40000000000003,117.2,265.12,,,,,,,,,,,,,,,,125,0.8169934640522876,true,,,173.76,101.28,334.08000000000004,100.80000000000001,392.56,264.40000000000003,117.2,265.12
15,sset_15/tracknet-stride-8,static_shuttleset_homography,716,139477,139991,514,[],,173.76,101.28,334.08000000000004,100.80000000000001,392.56,264.40000000000003,117.2,265.12,,,,,,,,,,,,,,,,155,0.301556420233463,false,,,173.76,101.28,334.08000000000004,100.80000000000001,392.56,264.40000000000003,117.2,265.12
15,sset_15/tracknet-stride-8,static_shuttleset_homography,717,139991,140338,347,[],,173.76,101.28,334.08000000000004,100.80000000000001,392.56,264.40000000000003,117.2,265.12,,,,,,,,,,,,,,,,70,0.2017291066282421,false,,,173.76,101.28,334.08000000000004,100.80000000000001,392.56,264.40000000000003,117.2,265.12
15,sset_15/tracknet-stride-8,static_shuttleset_homography,718,140338,140467,129,[],,173.76,101.28,334.08000000000004,100.80000000000001,392.56,264.40000000000003,117.2,265.12,,,,,,,,,,,,,,,,0,0.0,false,,,173.76,101.28,334.08000000000004,100.80000000000001,392.56,264.40000000000003,117.2,265.12
15,sset_15/tracknet-stride-8,static_shuttleset_homography,719,140467,140602,135,[],,173.76,101.28,334.08000000000004,100.80000000000001,392.56,264.40000000000003,117.2,265.12,,,,,,,,,,,,,,,,0,0.0,false,,,173.76,101.28,334.08000000000004,100.80000000000001,392.56,264.40000000000003,117.2,265.12
15,sset_15/tracknet-stride-8,static_shuttleset_homography,720,140602,141296,694,[],,173.76,101.28,334.08000000000004,100.80000000000001,392.56,264.40000000000003,117.2,265.12,,,,,,,,,,,,,,,,0,0.0,false,,,173.76,101.28,334.08000000000004,100.80000000000001,392.56,264.40000000000003,117.2,265.12
15,sset_15/tracknet-stride-8,static_shuttleset_homography,721,141296,141378,82,[],,173.76,101.28,334.08000000000004,100.80000000000001,392.56,264.40000000000003,117.2,265.12,,,,,,,,,,,,,,,,71,0.8658536585365854,true,,,173.76,101.28,334.08000000000004,100.80000000000001,392.56,264.40000000000003,117.2,265.12
15,sset_15/tracknet-stride-8,static_shuttleset_homography,722,141378,141587,209,[],,173.76,101.28,334.08000000000004,100.80000000000001,392.56,264.40000000000003,117.2,265.12,,,,,,,,,,,,,,,,43,0.20574162679425836,false,,,173.76,101.28,334.08000000000004,100.80000000000001,392.56,264.40000000000003,117.2,265.12
15,sset_15/tracknet-stride-8,static_shuttleset_homography,723,141587,142052,465,[],,173.76,101.28,334.08000000000004,100.80000000000001,392.56,264.40000000000003,117.2,265.12,,,,,,,,,,,,,,,,449,0.9655913978494624,true,,,173.76,101.28,334.08000000000004,100.80000000000001,392.56,264.40000000000003,117.2,265.12
15,sset_15/tracknet-stride-8,static_shuttleset_homography,724,142052,143507,1455,[],,173.76,101.28,334.08000000000004,100.80000000000001,392.56,264.40000000000003,117.2,265.12,,,,,,,,,,,,,,,,0,0.0,false,,,173.76,101.28,334.08000000000004,100.80000000000001,392.56,264.40000000000003,117.2,265.12
15,sset_15/tracknet-stride-8,static_shuttleset_homography,725,143507,143615,108,[],,173.76,101.28,334.08000000000004,100.80000000000001,392.56,264.40000000000003,117.2,265.12,,,,,,,,,,,,,,,,15,0.1388888888888889,false,,,173.76,101.28,334.08000000000004,100.80000000000001,392.56,264.40000000000003,117.2,265.12
15,sset_15/tracknet-stride-8,static_shuttleset_homography,726,143615,143726,111,[],,173.76,101.28,334.08000000000004,100.80000000000001,392.56,264.40000000000003,117.2,265.12,,,,,,,,,,,,,,,,0,0.0,false,,,173.76,101.28,334.08000000000004,100.80000000000001,392.56,264.40000000000003,117.2,265.12
15,sset_15/tracknet-stride-8,static_shuttleset_homography,727,143726,144459,733,[],,173.76,101.28,334.08000000000004,100.80000000000001,392.56,264.40000000000003,117.2,265.12,,,,,,,,,,,,,,,,0,0.0,false,,,173.76,101.28,334.08000000000004,100.80000000000001,392.56,264.40000000000003,117.2,265.12
15,sset_15/tracknet-stride-8,static_shuttleset_homography,728,144459,144635,176,[],,173.76,101.28,334.08000000000004,100.80000000000001,392.56,264.40000000000003,117.2,265.12,,,,,,,,,,,,,,,,0,0.0,false,,,173.76,101.28,334.08000000000004,100.80000000000001,392.56,264.40000000000003,117.2,265.12
15,sset_15/tracknet-stride-8,static_shuttleset_homography,729,144635,145354,719,[],,173.76,101.28,334.08000000000004,100.80000000000001,392.56,264.40000000000003,117.2,265.12,,,,,,,,,,,,,,,,0,0.0,false,,,173.76,101.28,334.08000000000004,100.80000000000001,392.56,264.40000000000003,117.2,265.12
15,sset_15/tracknet-stride-8,static_shuttleset_homography,730,145354,145678,324,[],,173.76,101.28,334.08000000000004,100.80000000000001,392.56,264.40000000000003,117.2,265.12,,,,,,,,,,,,,,,,0,0.0,false,,,173.76,101.28,334.08000000000004,100.80000000000001,392.56,264.40000000000003,117.2,265.12
15,sset_15/tracknet-stride-8,static_shuttleset_homography,731,145678,146328,650,[],,173.76,101.28,334.08000000000004,100.80000000000001,392.56,264.40000000000003,117.2,265.12,,,,,,,,,,,,,,,,287,0.44153846153846155,false,,,173.76,101.28,334.08000000000004,100.80000000000001,392.56,264.40000000000003,117.2,265.12
15,sset_15/tracknet-stride-8,static_shuttleset_homography,732,146328,146342,14,[],,173.76,101.28,334.08000000000004,100.80000000000001,392.56,264.40000000000003,117.2,265.12,,,,,,,,,,,,,,,,3,0.21428571428571427,false,,,173.76,101.28,334.08000000000004,100.80000000000001,392.56,264.40000000000003,117.2,265.12
15,sset_15/tracknet-stride-8,static_shuttleset_homography,733,146342,146507,165,[],,173.76,101.28,334.08000000000004,100.80000000000001,392.56,264.40000000000003,117.2,265.12,,,,,,,,,,,,,,,,77,0.4666666666666667,false,,,173.76,101.28,334.08000000000004,100.80000000000001,392.56,264.40000000000003,117.2,265.12
15,sset_15/tracknet-stride-8,static_shuttleset_homography,734,146507,146760,253,[],,173.76,101.28,334.08000000000004,100.80000000000001,392.56,264.40000000000003,117.2,265.12,,,,,,,,,,,,,,,,73,0.2885375494071146,false,,,173.76,101.28,334.08000000000004,100.80000000000001,392.56,264.40000000000003,117.2,265.12
15,sset_15/tracknet-stride-8,static_shuttleset_homography,735,146760,146907,147,[],,173.76,101.28,334.08000000000004,100.80000000000001,392.56,264.40000000000003,117.2,265.12,,,,,,,,,,,,,,,,56,0.38095238095238093,false,,,173.76,101.28,334.08000000000004,100.80000000000001,392.56,264.40000000000003,117.2,265.12
15,sset_15/tracknet-stride-8,static_shuttleset_homography,736,146907,147004,97,[],,173.76,101.28,334.08000000000004,100.80000000000001,392.56,264.40000000000003,117.2,265.12,,,,,,,,,,,,,,,,2,0.020618556701030927,false,,,173.76,101.28,334.08000000000004,100.80000000000001,392.56,264.40000000000003,117.2,265.12
15,sset_15/tracknet-stride-8,static_shuttleset_homography,737,147004,147519,515,[],,173.76,101.28,334.08000000000004,100.80000000000001,392.56,264.40000000000003,117.2,265.12,,,,,,,,,,,,,,,,187,0.36310679611650487,false,,,173.76,101.28,334.08000000000004,100.80000000000001,392.56,264.40000000000003,117.2,265.12
15,sset_15/tracknet-stride-8,static_shuttleset_homography,738,147519,147580,61,[],,173.76,101.28,334.08000000000004,100.80000000000001,392.56,264.40000000000003,117.2,265.12,,,,,,,,,,,,,,,,29,0.47540983606557374,false,,,173.76,101.28,334.08000000000004,100.80000000000001,392.56,264.40000000000003,117.2,265.12
15,sset_15/tracknet-stride-8,static_shuttleset_homography,739,147580,148007,427,[],,173.76,101.28,334.08000000000004,100.80000000000001,392.56,264.40000000000003,117.2,265.12,,,,,,,,,,,,,,,,221,0.5175644028103045,true,,,173.76,101.28,334.08000000000004,100.80000000000001,392.56,264.40000000000003,117.2,265.12
15,sset_15/tracknet-stride-8,static_shuttleset_homography,740,148007,148142,135,[],,173.76,101.28,334.08000000000004,100.80000000000001,392.56,264.40000000000003,117.2,265.12,,,,,,,,,,,,,,,,51,0.37777777777777777,false,,,173.76,101.28,334.08000000000004,100.80000000000001,392.56,264.40000000000003,117.2,265.12
15,sset_15/tracknet-stride-8,static_shuttleset_homography,741,148142,148230,88,[],,173.76,101.28,334.08000000000004,100.80000000000001,392.56,264.40000000000003,117.2,265.12,,,,,,,,,,,,,,,,22,0.25,false,,,173.76,101.28,334.08000000000004,100.80000000000001,392.56,264.40000000000003,117.2,265.12
15,sset_15/tracknet-stride-8,static_shuttleset_homography,742,148230,148446,216,[],,173.76,101.28,334.08000000000004,100.80000000000001,392.56,264.40000000000003,117.2,265.12,,,,,,,,,,,,,,,,19,0.08796296296296297,false,,,173.76,101.28,334.08000000000004,100.80000000000001,392.56,264.40000000000003,117.2,265.12
15,sset_15/tracknet-stride-8,static_shuttleset_homography,743,148446,148539,93,[],,173.76,101.28,334.08000000000004,100.80000000000001,392.56,264.40000000000003,117.2,265.12,,,,,,,,,,,,,,,,92,0.989247311827957,true,,,173.76,101.28,334.08000000000004,100.80000000000001,392.56,264.40000000000003,117.2,265.12
15,sset_15/tracknet-stride-8,static_shuttleset_homography,744,148539,148584,45,[],,173.76,101.28,334.08000000000004,100.80000000000001,392.56,264.40000000000003,117.2,265.12,,,,,,,,,,,,,,,,1,0.022222222222222223,false,,,173.76,101.28,334.08000000000004,100.80000000000001,392.56,264.40000000000003,117.2,265.12
15,sset_15/tracknet-stride-8,static_shuttleset_homography,745,148584,148640,56,[],,173.76,101.28,334.08000000000004,100.80000000000001,392.56,264.40000000000003,117.2,265.12,,,,,,,,,,,,,,,,0,0.0,false,,,173.76,101.28,334.08000000000004,100.80000000000001,392.56,264.40000000000003,117.2,265.12
15,sset_15/tracknet-stride-8,static_shuttleset_homography,746,148640,148716,76,[],,173.76,101.28,334.08000000000004,100.80000000000001,392.56,264.40000000000003,117.2,265.12,,,,,,,,,,,,,,,,1,0.013157894736842105,false,,,173.76,101.28,334.08000000000004,100.80000000000001,392.56,264.40000000000003,117.2,265.12
15,sset_15/tracknet-stride-8,static_shuttleset_homography,747,148716,148754,38,[],,173.76,101.28,334.08000000000004,100.80000000000001,392.56,264.40000000000003,117.2,265.12,,,,,,,,,,,,,,,,0,0.0,false,,,173.76,101.28,334.08000000000004,100.80000000000001,392.56,264.40000000000003,117.2,265.12
15,sset_15/tracknet-stride-8,static_shuttleset_homography,748,148754,148831,77,[],,173.76,101.28,334.08000000000004,100.80000000000001,392.56,264.40000000000003,117.2,265.12,,,,,,,,,,,,,,,,2,0.025974025974025976,false,,,173.76,101.28,334.08000000000004,100.80000000000001,392.56,264.40000000000003,117.2,265.12
15,sset_15/tracknet-stride-8,static_shuttleset_homography,749,148831,149487,656,[],,173.76,101.28,334.08000000000004,100.80000000000001,392.56,264.40000000000003,117.2,265.12,,,,,,,,,,,,,,,,0,0.0,false,,,173.76,101.28,334.08000000000004,100.80000000000001,392.56,264.40000000000003,117.2,265.12
