video_id,case_id,court_parent,scene_index,start_frame,end_frame,n_frames,sampled_frame_indices,quad_source,raw_tl_x,raw_tl_y,raw_tr_x,raw_tr_y,raw_br_x,raw_br_y,raw_bl_x,raw_bl_y,peak_tl,peak_tr,peak_br,peak_bl,corner_source_tl,corner_source_tr,corner_source_br,corner_source_bl,fallback_reproj_line_px,fallback_reproj_anchor_px,fallback_gate_line_frac,fallback_gate_anchor_frac,fallback_n_lines_used,fallback_n_correspondences,fallback_max_sagitta_px,exactly_two_frame_count,exactly_two_frame_fraction,scene_valid,consensus_distance_px,consensus_flagged,active_tl_x,active_tl_y,active_tr_x,active_tr_y,active_br_x,active_br_y,active_bl_x,active_bl_y
15,sset_15/tracknet-stride-8,detected_ckn_opencv_consensus,0,0,751,751,"[37,112,187,262,337,413,488,563,638,713]",,,,,,,,,,,,,,,,,,,,,,,,,0,0.0,false,,,,,,,,,,
15,sset_15/tracknet-stride-8,detected_ckn_opencv_consensus,1,751,768,17,"[751,753,755,756,758,760,762,763,765,767]",,,,,,,,,,,,,,,,,,,,,,,,,0,0.0,false,,,,,,,,,,
15,sset_15/tracknet-stride-8,detected_ckn_opencv_consensus,2,768,1500,732,"[804,877,951,1024,1097,1170,1243,1317,1390,1463]",,,,,,,,,,,,,,,,,,,,,,,,,0,0.0,false,,,,,,,,,,
15,sset_15/tracknet-stride-8,detected_ckn_opencv_consensus,3,1500,1536,36,"[1501,1505,1509,1512,1516,1519,1523,1527,1530,1534]",,,,,,,,,,,,,,,,,,,,,,,,,0,0.0,false,,,,,,,,,,
15,sset_15/tracknet-stride-8,detected_ckn_opencv_consensus,4,1536,2260,724,"[1572,1644,1717,1789,1861,1934,2006,2079,2151,2223]",,,,,,,,,,,,,,,,,,,,,,,,,0,0.0,false,,,,,,,,,,
15,sset_15/tracknet-stride-8,detected_ckn_opencv_consensus,5,2260,2304,44,"[2262,2266,2271,2275,2279,2284,2288,2293,2297,2301]",,,,,,,,,,,,,,,,,,,,,,,,,0,0.0,false,,,,,,,,,,
15,sset_15/tracknet-stride-8,detected_ckn_opencv_consensus,6,2304,3009,705,"[2339,2409,2480,2550,2621,2691,2762,2832,2903,2973]",,,,,,,,,,,,,,,,,,,,,,,,,0,0.0,false,,,,,,,,,,
15,sset_15/tracknet-stride-8,detected_ckn_opencv_consensus,7,3009,3072,63,"[3012,3018,3024,3031,3037,3043,3049,3056,3062,3068]",,,,,,,,,,,,,,,,,,,,,,,,,0,0.0,false,,,,,,,,,,
15,sset_15/tracknet-stride-8,detected_ckn_opencv_consensus,8,3072,3747,675,"[3105,3173,3240,3308,3375,3443,3510,3578,3645,3713]",,,,,,,,,,,,,,,,,,,,,,,,,0,0.0,false,,,,,,,,,,
15,sset_15/tracknet-stride-8,detected_ckn_opencv_consensus,9,3747,3840,93,"[3751,3760,3770,3779,3788,3798,3807,3816,3826,3835]",,,,,,,,,,,,,,,,,,,,,,,,,0,0.0,false,,,,,,,,,,
15,sset_15/tracknet-stride-8,detected_ckn_opencv_consensus,10,3840,5246,1406,"[3910,4050,4191,4332,4472,4613,4753,4894,5035,5175]",,,,,,,,,,,,,,,,,,,,,,,,,0,0.0,false,,,,,,,,,,
15,sset_15/tracknet-stride-8,detected_ckn_opencv_consensus,11,5246,5376,130,"[5252,5265,5278,5291,5304,5317,5330,5343,5356,5369]",,,,,,,,,,,,,,,,,,,,,,,,,0,0.0,false,,,,,,,,,,
15,sset_15/tracknet-stride-8,detected_ckn_opencv_consensus,12,5376,6005,629,"[5407,5470,5533,5596,5659,5721,5784,5847,5910,5973]",,,,,,,,,,,,,,,,,,,,,,,,,0,0.0,false,,,,,,,,,,
15,sset_15/tracknet-stride-8,detected_ckn_opencv_consensus,13,6005,6784,779,"[6043,6121,6199,6277,6355,6433,6511,6589,6667,6745]",,,,,,,,,,,,,,,,,,,,,,,,,0,0.0,false,,,,,,,,,,
15,sset_15/tracknet-stride-8,detected_ckn_opencv_consensus,14,6784,7492,708,"[6819,6890,6961,7031,7102,7173,7244,7315,7385,7456]",,,,,,,,,,,,,,,,,,,,,,,,,0,0.0,false,,,,,,,,,,
15,sset_15/tracknet-stride-8,detected_ckn_opencv_consensus,15,7492,7552,60,"[7495,7501,7507,7513,7519,7525,7531,7537,7543,7549]",,,,,,,,,,,,,,,,,,,,,,,,,0,0.0,false,,,,,,,,,,
15,sset_15/tracknet-stride-8,detected_ckn_opencv_consensus,16,7552,8242,690,"[7586,7655,7724,7793,7862,7931,8000,8069,8138,8207]",,,,,,,,,,,,,,,,,,,,,,,,,0,0.0,false,,,,,,,,,,
15,sset_15/tracknet-stride-8,detected_ckn_opencv_consensus,17,8242,8318,76,"[8245,8253,8261,8268,8276,8283,8291,8299,8306,8314]",,,,,,,,,,,,,,,,,,,,,,,,,0,0.0,false,,,,,,,,,,
15,sset_15/tracknet-stride-8,detected_ckn_opencv_consensus,18,8318,9751,1433,"[8389,8532,8676,8819,8962,9106,9249,9392,9536,9679]",,,,,,,,,,,,,,,,,,,,,,,,,0,0.0,false,,,,,,,,,,
15,sset_15/tracknet-stride-8,detected_ckn_opencv_consensus,19,9751,9856,105,"[9756,9766,9777,9787,9798,9808,9819,9829,9840,9850]",,,,,,,,,,,,,,,,,,,,,,,,,0,0.0,false,,,,,,,,,,
15,sset_15/tracknet-stride-8,detected_ckn_opencv_consensus,20,9856,10487,631,"[9887,9950,10013,10076,10139,10203,10266,10329,10392,10455]",,,,,,,,,,,,,,,,,,,,,,,,,0,0.0,false,,,,,,,,,,
15,sset_15/tracknet-stride-8,detected_ckn_opencv_consensus,21,10487,11104,617,"[10517,10579,10641,10702,10764,10826,10888,10949,11011,11073]",,,,,,,,,,,,,,,,,,,,,,,,,0,0.0,false,,,,,,,,,,
15,sset_15/tracknet-stride-8,detected_ckn_opencv_consensus,22,11104,11167,63,"[11107,11113,11119,11126,11132,11138,11144,11151,11157,11163]",,,,,,,,,,,,,,,,,,,,,,,,,0,0.0,false,,,,,,,,,,
15,sset_15/tracknet-stride-8,detected_ckn_opencv_consensus,23,11167,11311,144,"[11174,11188,11203,11217,11231,11246,11260,11275,11289,11303]",,,,,,,,,,,,,,,,,,,,,,,,,0,0.0,false,,,,,,,,,,
15,sset_15/tracknet-stride-8,detected_ckn_opencv_consensus,24,11311,12825,1514,"[11386,11538,11689,11840,11992,12143,12295,12446,12597,12749]",,,,,,,,,,,,,,,,,,,,,,,,,0,0.0,false,,,,,,,,,,
15,sset_15/tracknet-stride-8,detected_ckn_opencv_consensus,25,12825,12951,126,"[12831,12843,12856,12869,12881,12894,12906,12919,12932,12944]",,,,,,,,,,,,,,,,,,,,,,,,,0,0.0,false,,,,,,,,,,
15,sset_15/tracknet-stride-8,detected_ckn_opencv_consensus,26,12951,13091,140,"[12958,12972,12986,13000,13014,13028,13042,13056,13070,13084]",,,,,,,,,,,,,,,,,,,,,,,,,0,0.0,false,,,,,,,,,,
15,sset_15/tracknet-stride-8,detected_ckn_opencv_consensus,27,13091,14203,1112,"[13146,13257,13369,13480,13591,13702,13813,13925,14036,14147]",,,,,,,,,,,,,,,,,,,,,,,,,0,0.0,false,,,,,,,,,,
15,sset_15/tracknet-stride-8,detected_ckn_opencv_consensus,28,14203,14271,68,"[14206,14213,14220,14226,14233,14240,14247,14254,14260,14267]",,,,,,,,,,,,,,,,,,,,,,,,,0,0.0,false,,,,,,,,,,
15,sset_15/tracknet-stride-8,detected_ckn_opencv_consensus,29,14271,14369,98,"[14275,14285,14295,14305,14315,14324,14334,14344,14354,14364]",,,,,,,,,,,,,,,,,,,,,,,,,0,0.0,false,,,,,,,,,,
15,sset_15/tracknet-stride-8,detected_ckn_opencv_consensus,30,14369,14445,76,"[14372,14380,14388,14395,14403,14410,14418,14426,14433,14441]",,,,,,,,,,,,,,,,,,,,,,,,,0,0.0,false,,,,,,,,,,
15,sset_15/tracknet-stride-8,detected_ckn_opencv_consensus,31,14445,14593,148,"[14452,14467,14482,14496,14511,14526,14541,14556,14570,14585]",,,,,,,,,,,,,,,,,,,,,,,,,0,0.0,false,,,,,,,,,,
15,sset_15/tracknet-stride-8,detected_ckn_opencv_consensus,32,14593,14682,89,"[14597,14606,14615,14624,14633,14641,14650,14659,14668,14677]",,,,,,,,,,,,,,,,,,,,,,,,,0,0.0,false,,,,,,,,,,
15,sset_15/tracknet-stride-8,detected_ckn_opencv_consensus,33,14682,14778,96,"[14686,14696,14706,14715,14725,14734,14744,14754,14763,14773]",,,,,,,,,,,,,,,,,,,,,,,,,0,0.0,false,,,,,,,,,,
15,sset_15/tracknet-stride-8,detected_ckn_opencv_consensus,34,14778,14798,20,"[14779,14781,14783,14785,14787,14789,14791,14793,14795,14797]",,,,,,,,,,,,,,,,,,,,,,,,,0,0.0,false,,,,,,,,,,
15,sset_15/tracknet-stride-8,detected_ckn_opencv_consensus,35,14798,14821,23,"[14799,14801,14803,14806,14808,14810,14812,14815,14817,14819]",,,,,,,,,,,,,,,,,,,,,,,,,0,0.0,false,,,,,,,,,,
15,sset_15/tracknet-stride-8,detected_ckn_opencv_consensus,36,14821,14839,18,"[14821,14823,14825,14827,14829,14830,14832,14834,14836,14838]",,,,,,,,,,,,,,,,,,,,,,,,,0,0.0,false,,,,,,,,,,
15,sset_15/tracknet-stride-8,detected_ckn_opencv_consensus,37,14839,14918,79,"[14842,14850,14858,14866,14874,14882,14890,14898,14906,14914]",,,,,,,,,,,,,,,,,,,,,,,,,0,0.0,false,,,,,,,,,,
15,sset_15/tracknet-stride-8,detected_ckn_opencv_consensus,38,14918,14938,20,"[14919,14921,14923,14925,14927,14929,14931,14933,14935,14937]",,,,,,,,,,,,,,,,,,,,,,,,,0,0.0,false,,,,,,,,,,
15,sset_15/tracknet-stride-8,detected_ckn_opencv_consensus,39,14938,15054,116,"[14943,14955,14967,14978,14990,15001,15013,15025,15036,15048]",,,,,,,,,,,,,,,,,,,,,,,,,0,0.0,false,,,,,,,,,,
15,sset_15/tracknet-stride-8,detected_ckn_opencv_consensus,40,15054,15694,640,"[15086,15150,15214,15278,15342,15406,15470,15534,15598,15662]",,,,,,,,,,,,,,,,,,,,,,,,,0,0.0,false,,,,,,,,,,
15,sset_15/tracknet-stride-8,detected_ckn_opencv_consensus,41,15694,15876,182,"[15703,15721,15739,15757,15775,15794,15812,15830,15848,15866]",,,,,,,,,,,,,,,,,,,,,,,,,0,0.0,false,,,,,,,,,,
15,sset_15/tracknet-stride-8,detected_ckn_opencv_consensus,42,15876,15900,24,"[15877,15879,15882,15884,15886,15889,15891,15894,15896,15898]",,,,,,,,,,,,,,,,,,,,,,,,,0,0.0,false,,,,,,,,,,
15,sset_15/tracknet-stride-8,detected_ckn_opencv_consensus,43,15900,15974,74,"[15903,15911,15918,15925,15933,15940,15948,15955,15962,15970]",,,,,,,,,,,,,,,,,,,,,,,,,0,0.0,false,,,,,,,,,,
15,sset_15/tracknet-stride-8,detected_ckn_opencv_consensus,44,15974,15989,15,"[15974,15976,15977,15979,15980,15982,15983,15985,15986,15988]",,,,,,,,,,,,,,,,,,,,,,,,,0,0.0,false,,,,,,,,,,
15,sset_15/tracknet-stride-8,detected_ckn_opencv_consensus,45,15989,16053,64,"[15992,15998,16005,16011,16017,16024,16030,16037,16043,16049]",,,,,,,,,,,,,,,,,,,,,,,,,0,0.0,false,,,,,,,,,,
15,sset_15/tracknet-stride-8,detected_ckn_opencv_consensus,46,16053,16072,19,"[16053,16055,16057,16059,16061,16063,16065,16067,16069,16071]",,,,,,,,,,,,,,,,,,,,,,,,,0,0.0,false,,,,,,,,,,
15,sset_15/tracknet-stride-8,detected_ckn_opencv_consensus,47,16072,16086,14,"[16072,16074,16075,16076,16078,16079,16081,16082,16083,16085]",,,,,,,,,,,,,,,,,,,,,,,,,0,0.0,false,,,,,,,,,,
15,sset_15/tracknet-stride-8,detected_ckn_opencv_consensus,48,16086,16615,529,"[16112,16165,16218,16271,16324,16376,16429,16482,16535,16588]",,,,,,,,,,,,,,,,,,,,,,,,,0,0.0,false,,,,,,,,,,
15,sset_15/tracknet-stride-8,detected_ckn_opencv_consensus,49,16615,17439,824,"[16656,16738,16821,16903,16985,17068,17150,17233,17315,17397]",,,,,,,,,,,,,,,,,,,,,,,,,0,0.0,false,,,,,,,,,,
15,sset_15/tracknet-stride-8,detected_ckn_opencv_consensus,50,17439,17695,256,"[17451,17477,17503,17528,17554,17579,17605,17631,17656,17682]",,,,,,,,,,,,,,,,,,,,,,,,,0,0.0,false,,,,,,,,,,
15,sset_15/tracknet-stride-8,detected_ckn_opencv_consensus,51,17695,18276,581,"[17724,17782,17840,17898,17956,18014,18072,18130,18188,18246]",,,,,,,,,,,,,,,,,,,,,,,,,0,0.0,false,,,,,,,,,,
15,sset_15/tracknet-stride-8,detected_ckn_opencv_consensus,52,18276,18324,48,"[18278,18283,18288,18292,18297,18302,18307,18312,18316,18321]",,,,,,,,,,,,,,,,,,,,,,,,,0,0.0,false,,,,,,,,,,
15,sset_15/tracknet-stride-8,detected_ckn_opencv_consensus,53,18324,18419,95,"[18328,18338,18347,18357,18366,18376,18385,18395,18404,18414]",,,,,,,,,,,,,,,,,,,,,,,,,0,0.0,false,,,,,,,,,,
15,sset_15/tracknet-stride-8,detected_ckn_opencv_consensus,54,18419,19269,850,"[18461,18546,18631,18716,18801,18886,18971,19056,19141,19226]",,,,,,,,,,,,,,,,,,,,,,,,,0,0.0,false,,,,,,,,,,
15,sset_15/tracknet-stride-8,detected_ckn_opencv_consensus,55,19269,20820,1551,"[19346,19501,19656,19811,19966,20122,20277,20432,20587,20742]",,,,,,,,,,,,,,,,,,,,,,,,,0,0.0,false,,,,,,,,,,
15,sset_15/tracknet-stride-8,detected_ckn_opencv_consensus,56,20820,21000,180,"[20829,20847,20865,20883,20901,20919,20937,20955,20973,20991]",,,,,,,,,,,,,,,,,,,,,,,,,0,0.0,false,,,,,,,,,,
15,sset_15/tracknet-stride-8,detected_ckn_opencv_consensus,57,21000,21151,151,"[21007,21022,21037,21052,21067,21083,21098,21113,21128,21143]",,,,,,,,,,,,,,,,,,,,,,,,,0,0.0,false,,,,,,,,,,
15,sset_15/tracknet-stride-8,detected_ckn_opencv_consensus,58,21151,21311,160,"[21159,21175,21191,21207,21223,21239,21255,21271,21287,21303]",,,,,,,,,,,,,,,,,,,,,,,,,0,0.0,false,,,,,,,,,,
15,sset_15/tracknet-stride-8,detected_ckn_opencv_consensus,59,21311,21777,466,"[21334,21380,21427,21474,21520,21567,21613,21660,21707,21753]",,,,,,,,,,,,,,,,,,,,,,,,,0,0.0,false,,,,,,,,,,
15,sset_15/tracknet-stride-8,detected_ckn_opencv_consensus,60,21777,22065,288,"[21791,21820,21849,21877,21906,21935,21964,21993,22021,22050]",,,,,,,,,,,,,,,,,,,,,,,,,0,0.0,false,,,,,,,,,,
15,sset_15/tracknet-stride-8,detected_ckn_opencv_consensus,61,22065,22172,107,"[22070,22081,22091,22102,22113,22123,22134,22145,22155,22166]",,,,,,,,,,,,,,,,,,,,,,,,,0,0.0,false,,,,,,,,,,
15,sset_15/tracknet-stride-8,detected_ckn_opencv_consensus,62,22172,22331,159,"[22179,22195,22211,22227,22243,22259,22275,22291,22307,22323]",,,,,,,,,,,,,,,,,,,,,,,,,0,0.0,false,,,,,,,,,,
15,sset_15/tracknet-stride-8,detected_ckn_opencv_consensus,63,22331,22628,297,"[22345,22375,22405,22434,22464,22494,22524,22553,22583,22613]",,,,,,,,,,,,,,,,,,,,,,,,,0,0.0,false,,,,,,,,,,
15,sset_15/tracknet-stride-8,detected_ckn_opencv_consensus,64,22628,22764,136,"[22634,22648,22662,22675,22689,22702,22716,22730,22743,22757]",,,,,,,,,,,,,,,,,,,,,,,,,0,0.0,false,,,,,,,,,,
15,sset_15/tracknet-stride-8,detected_ckn_opencv_consensus,65,22764,23014,250,"[22776,22801,22826,22851,22876,22901,22926,22951,22976,23001]",,,,,,,,,,,,,,,,,,,,,,,,,0,0.0,false,,,,,,,,,,
15,sset_15/tracknet-stride-8,detected_ckn_opencv_consensus,66,23014,23145,131,"[23020,23033,23046,23059,23072,23086,23099,23112,23125,23138]",,,,,,,,,,,,,,,,,,,,,,,,,0,0.0,false,,,,,,,,,,
15,sset_15/tracknet-stride-8,detected_ckn_opencv_consensus,67,23145,23222,77,"[23148,23156,23164,23171,23179,23187,23195,23202,23210,23218]",,,,,,,,,,,,,,,,,,,,,,,,,0,0.0,false,,,,,,,,,,
15,sset_15/tracknet-stride-8,detected_ckn_opencv_consensus,68,23222,23422,200,"[23232,23252,23272,23292,23312,23332,23352,23372,23392,23412]",,,,,,,,,,,,,,,,,,,,,,,,,0,0.0,false,,,,,,,,,,
15,sset_15/tracknet-stride-8,detected_ckn_opencv_consensus,69,23422,23970,548,"[23449,23504,23559,23613,23668,23723,23778,23833,23887,23942]",model,174.33798217773438,101.345458984375,332.9039306640625,101.07240295410156,391.04547119140625,263.5150146484375,118.15536499023438,264.4603271484375,0.30975186824798584,0.2797427475452423,0.399303674697876,0.3571469187736511,model,model,model,model,,,,,,,,506,0.9233576642335767,true,0.03765108616759541,false,174.33798217773438,101.345458984375,332.9039306640625,101.07240295410156,391.04547119140625,263.5150146484375,118.15536499023438,264.4603271484375
15,sset_15/tracknet-stride-8,detected_ckn_opencv_consensus,70,23970,24038,68,"[23973,23980,23987,23993,24000,24007,24014,24021,24027,24034]",,,,,,,,,,,,,,,,,,,,,,,,,0,0.0,false,,,,,,,,,,
15,sset_15/tracknet-stride-8,detected_ckn_opencv_consensus,71,24038,24065,27,"[24039,24042,24044,24047,24050,24052,24055,24058,24060,24063]",,,,,,,,,,,,,,,,,,,,,,,,,0,0.0,false,,,,,,,,,,
15,sset_15/tracknet-stride-8,detected_ckn_opencv_consensus,72,24065,24248,183,"[24074,24092,24110,24129,24147,24165,24183,24202,24220,24238]",,,,,,,,,,,,,,,,,,,,,,,,,0,0.0,false,,,,,,,,,,
15,sset_15/tracknet-stride-8,detected_ckn_opencv_consensus,73,24248,24365,117,"[24253,24265,24277,24288,24300,24312,24324,24335,24347,24359]",,,,,,,,,,,,,,,,,,,,,,,,,0,0.0,false,,,,,,,,,,
15,sset_15/tracknet-stride-8,detected_ckn_opencv_consensus,74,24365,24710,345,"[24382,24416,24451,24485,24520,24554,24589,24623,24658,24692]",model,174.3387451171875,101.38946533203125,332.8929443359375,101.01628112792969,391.02545166015625,263.5118103027344,118.18223571777344,264.43402099609375,0.3073779344558716,0.2946872413158417,0.4035337567329407,0.3605192303657532,model,model,model,model,,,,,,,,340,0.9855072463768116,true,0.07820634192944786,false,174.3387451171875,101.38946533203125,332.8929443359375,101.01628112792969,391.02545166015625,263.5118103027344,118.18223571777344,264.43402099609375
15,sset_15/tracknet-stride-8,detected_ckn_opencv_consensus,75,24710,24814,104,"[24715,24725,24736,24746,24756,24767,24777,24788,24798,24808]",,,,,,,,,,,,,,,,,,,,,,,,,0,0.0,false,,,,,,,,,,
15,sset_15/tracknet-stride-8,detected_ckn_opencv_consensus,76,24814,24998,184,"[24823,24841,24860,24878,24896,24915,24933,24952,24970,24988]",,,,,,,,,,,,,,,,,,,,,,,,,0,0.0,false,,,,,,,,,,
15,sset_15/tracknet-stride-8,detected_ckn_opencv_consensus,77,24998,25111,113,"[25003,25014,25026,25037,25048,25060,25071,25082,25094,25105]",,,,,,,,,,,,,,,,,,,,,,,,,0,0.0,false,,,,,,,,,,
15,sset_15/tracknet-stride-8,detected_ckn_opencv_consensus,78,25111,25270,159,"[25118,25134,25150,25166,25182,25198,25214,25230,25246,25262]",model,174.3424072265625,101.40324401855469,332.959716796875,101.09957885742188,391.07183837890625,263.50714111328125,118.19561004638672,264.4320983886719,0.30034610629081726,0.2912609279155731,0.4059740900993347,0.37054234743118286,model,model,model,model,,,,,,,,159,1.0,true,0.0649007534656796,false,174.3424072265625,101.40324401855469,332.959716796875,101.09957885742188,391.07183837890625,263.50714111328125,118.19561004638672,264.4320983886719
15,sset_15/tracknet-stride-8,detected_ckn_opencv_consensus,79,25270,25321,51,"[25272,25277,25282,25287,25292,25298,25303,25308,25313,25318]",,,,,,,,,,,,,,,,,,,,,,,,,0,0.0,false,,,,,,,,,,
15,sset_15/tracknet-stride-8,detected_ckn_opencv_consensus,80,25321,25359,38,"[25322,25326,25330,25334,25338,25341,25345,25349,25353,25357]",,,,,,,,,,,,,,,,,,,,,,,,,0,0.0,false,,,,,,,,,,
15,sset_15/tracknet-stride-8,detected_ckn_opencv_consensus,81,25359,25420,61,"[25362,25368,25374,25380,25386,25392,25398,25404,25410,25416]",,,,,,,,,,,,,,,,,,,,,,,,,0,0.0,false,,,,,,,,,,
15,sset_15/tracknet-stride-8,detected_ckn_opencv_consensus,82,25420,25604,184,"[25429,25447,25466,25484,25502,25521,25539,25558,25576,25594]",,,,,,,,,,,,,,,,,,,,,,,,,0,0.0,false,,,,,,,,,,
15,sset_15/tracknet-stride-8,detected_ckn_opencv_consensus,83,25604,25824,220,"[25615,25637,25659,25681,25703,25725,25747,25769,25791,25813]",,,,,,,,,,,,,,,,,,,,,,,,,0,0.0,false,,,,,,,,,,
15,sset_15/tracknet-stride-8,detected_ckn_opencv_consensus,84,25824,25925,101,"[25829,25839,25849,25859,25869,25879,25889,25899,25909,25919]",model,174.3411102294922,101.3424072265625,332.8833312988281,101.08768463134766,391.0201110839844,263.525146484375,118.18975830078125,264.4515075683594,0.30115312337875366,0.2950018644332886,0.38840916752815247,0.36181145906448364,model,model,model,model,,,,,,,,101,1.0,true,0.04911751345409048,false,174.3411102294922,101.3424072265625,332.8833312988281,101.08768463134766,391.0201110839844,263.525146484375,118.18975830078125,264.4515075683594
15,sset_15/tracknet-stride-8,detected_ckn_opencv_consensus,85,25925,26017,92,"[25929,25938,25948,25957,25966,25975,25984,25994,26003,26012]",fallback,275.0798034667969,16.0,511.0,16.0,427.04180908203125,190.12794494628906,184.13595581054688,138.21914672851562,0.004660893231630325,0.01653977856040001,0.0721634030342102,0.04513685777783394,fallback,fallback,model,model,5.658217515438416,4.8372805984867496e-06,0.009631960879269083,8.234483273141113e-09,2,2,16.495823269241384,0,0.0,false,,,,,,,,,,
15,sset_15/tracknet-stride-8,detected_ckn_opencv_consensus,86,26017,26172,155,"[26024,26040,26055,26071,26086,26102,26117,26133,26148,26164]",,,,,,,,,,,,,,,,,,,,,,,,,0,0.0,false,,,,,,,,,,
15,sset_15/tracknet-stride-8,detected_ckn_opencv_consensus,87,26172,26203,31,"[26173,26176,26179,26182,26185,26189,26192,26195,26198,26201]",,,,,,,,,,,,,,,,,,,,,,,,,0,0.0,false,,,,,,,,,,
15,sset_15/tracknet-stride-8,detected_ckn_opencv_consensus,88,26203,26433,230,"[26214,26237,26260,26283,26306,26329,26352,26375,26398,26421]",model,174.32498168945312,101.43695068359375,332.91363525390625,101.13671875,391.033447265625,263.50067138671875,118.2025375366211,264.43450927734375,0.30437296628952026,0.29127004742622375,0.4044986367225647,0.36205679178237915,model,model,model,model,,,,,,,,228,0.991304347826087,true,0.06890781839593156,false,174.32498168945312,101.43695068359375,332.91363525390625,101.13671875,391.033447265625,263.50067138671875,118.2025375366211,264.43450927734375
15,sset_15/tracknet-stride-8,detected_ckn_opencv_consensus,89,26433,26483,50,"[26435,26440,26445,26450,26455,26460,26465,26470,26475,26480]",,,,,,,,,,,,,,,,,,,,,,,,,0,0.0,false,,,,,,,,,,
15,sset_15/tracknet-stride-8,detected_ckn_opencv_consensus,90,26483,26789,306,"[26498,26528,26559,26590,26620,26651,26681,26712,26743,26773]",,,,,,,,,,,,,,,,,,,,,,,,,0,0.0,false,,,,,,,,,,
15,sset_15/tracknet-stride-8,detected_ckn_opencv_consensus,91,26789,26985,196,"[26798,26818,26838,26857,26877,26896,26916,26936,26955,26975]",,,,,,,,,,,,,,,,,,,,,,,,,0,0.0,false,,,,,,,,,,
15,sset_15/tracknet-stride-8,detected_ckn_opencv_consensus,92,26985,27051,66,"[26988,26994,27001,27008,27014,27021,27027,27034,27041,27047]",,,,,,,,,,,,,,,,,,,,,,,,,0,0.0,false,,,,,,,,,,
15,sset_15/tracknet-stride-8,detected_ckn_opencv_consensus,93,27051,27210,159,"[27058,27074,27090,27106,27122,27138,27154,27170,27186,27202]",,,,,,,,,,,,,,,,,,,,,,,,,0,0.0,false,,,,,,,,,,
15,sset_15/tracknet-stride-8,detected_ckn_opencv_consensus,94,27210,27511,301,"[27225,27255,27285,27315,27345,27375,27405,27435,27465,27495]",,,,,,,,,,,,,,,,,,,,,,,,,0,0.0,false,,,,,,,,,,
15,sset_15/tracknet-stride-8,detected_ckn_opencv_consensus,95,27511,27662,151,"[27518,27533,27548,27563,27578,27594,27609,27624,27639,27654]",model,174.35055541992188,101.33477783203125,332.88714599609375,101.05986022949219,391.00775146484375,263.51348876953125,118.14384460449219,264.4440612792969,0.30838701128959656,0.28534865379333496,0.4077148139476776,0.3504546284675598,model,model,model,model,,,,,,,,151,1.0,true,0.05291097278134777,false,174.35055541992188,101.33477783203125,332.88714599609375,101.05986022949219,391.00775146484375,263.51348876953125,118.14384460449219,264.4440612792969
15,sset_15/tracknet-stride-8,detected_ckn_opencv_consensus,96,27662,27761,99,"[27666,27676,27686,27696,27706,27716,27726,27736,27746,27756]",,,,,,,,,,,,,,,,,,,,,,,,,0,0.0,false,,,,,,,,,,
15,sset_15/tracknet-stride-8,detected_ckn_opencv_consensus,97,27761,28003,242,"[27773,27797,27821,27845,27869,27894,27918,27942,27966,27990]",,,,,,,,,,,,,,,,,,,,,,,,,0,0.0,false,,,,,,,,,,
15,sset_15/tracknet-stride-8,detected_ckn_opencv_consensus,98,28003,28504,501,"[28028,28078,28128,28178,28228,28278,28328,28378,28428,28478]",model,174.35061645507812,101.3375244140625,332.8713684082031,101.05989074707031,391.00848388671875,263.52740478515625,118.17655181884766,264.45269775390625,0.3143012821674347,0.29608821868896484,0.38866913318634033,0.36622536182403564,model,model,model,model,,,,,,,,496,0.9900199600798403,true,0.05060942645430452,false,174.35061645507812,101.3375244140625,332.8713684082031,101.05989074707031,391.00848388671875,263.52740478515625,118.17655181884766,264.45269775390625
15,sset_15/tracknet-stride-8,detected_ckn_opencv_consensus,99,28504,28594,90,"[28508,28517,28526,28535,28544,28553,28562,28571,28580,28589]",,,,,,,,,,,,,,,,,,,,,,,,,0,0.0,false,,,,,,,,,,
15,sset_15/tracknet-stride-8,detected_ckn_opencv_consensus,100,28594,28670,76,"[28597,28605,28613,28620,28628,28635,28643,28651,28658,28666]",,,,,,,,,,,,,,,,,,,,,,,,,0,0.0,false,,,,,,,,,,
15,sset_15/tracknet-stride-8,detected_ckn_opencv_consensus,101,28670,28858,188,"[28679,28698,28717,28735,28754,28773,28792,28811,28829,28848]",model,119.80244445800781,121.24259948730469,386.9267883300781,123.66970825195312,435.480224609375,298.110595703125,73.45639038085938,292.98406982421875,0.2334240972995758,0.15571635961532593,0.20318646728992462,0.3620796799659729,model,model,model,model,,,,,,,,150,0.7978723404255319,true,58.552885053265584,true,174.32330322265625,101.38013076782227,332.9010467529297,101.09406661987305,391.03627014160156,263.51734924316406,118.14616394042969,264.47413635253906
15,sset_15/tracknet-stride-8,detected_ckn_opencv_consensus,102,28858,29117,259,"[28870,28896,28922,28948,28974,29000,29026,29052,29078,29104]",,,,,,,,,,,,,,,,,,,,,,,,,0,0.0,false,,,,,,,,,,
15,sset_15/tracknet-stride-8,detected_ckn_opencv_consensus,103,29117,29261,144,"[29124,29138,29153,29167,29181,29196,29210,29225,29239,29253]",model,174.3740234375,101.3203125,332.9169616699219,101.0942153930664,391.06170654296875,263.5338134765625,118.18753051757812,264.40814208984375,0.31532007455825806,0.29193776845932007,0.40645647048950195,0.3773297071456909,model,model,model,model,,,,,,,,144,1.0,true,0.07842681530607026,false,174.3740234375,101.3203125,332.9169616699219,101.0942153930664,391.06170654296875,263.5338134765625,118.18753051757812,264.40814208984375
15,sset_15/tracknet-stride-8,detected_ckn_opencv_consensus,104,29261,29341,80,"[29265,29273,29281,29289,29297,29305,29313,29321,29329,29337]",,,,,,,,,,,,,,,,,,,,,,,,,0,0.0,false,,,,,,,,,,
15,sset_15/tracknet-stride-8,detected_ckn_opencv_consensus,105,29341,29425,84,"[29345,29353,29362,29370,29378,29387,29395,29404,29412,29420]",,,,,,,,,,,,,,,,,,,,,,,,,0,0.0,false,,,,,,,,,,
15,sset_15/tracknet-stride-8,detected_ckn_opencv_consensus,106,29425,29568,143,"[29432,29446,29460,29475,29489,29503,29517,29532,29546,29560]",model,130.94741821289062,115.07368469238281,397.5792236328125,119.13604736328125,444.688720703125,298.9348449707031,81.903076171875,291.2691345214844,0.4241555333137512,0.3942493796348572,0.10162270069122314,0.16254660487174988,model,model,model,model,,,,,,,,115,0.8041958041958042,true,67.14744696301506,true,174.32330322265625,101.38013076782227,332.9010467529297,101.09406661987305,391.03627014160156,263.51734924316406,118.14616394042969,264.47413635253906
15,sset_15/tracknet-stride-8,detected_ckn_opencv_consensus,107,29568,29745,177,"[29576,29594,29612,29629,29647,29665,29683,29700,29718,29736]",,,,,,,,,,,,,,,,,,,,,,,,,0,0.0,false,,,,,,,,,,
15,sset_15/tracknet-stride-8,detected_ckn_opencv_consensus,108,29745,30156,411,"[29765,29806,29847,29888,29929,29971,30012,30053,30094,30135]",model,174.31365966796875,101.36702728271484,332.8772277832031,101.07772827148438,390.994140625,263.52972412109375,118.14971923828125,264.4748840332031,0.3073033392429352,0.2821018695831299,0.4009082317352295,0.3555695116519928,model,model,model,model,,,,,,,,407,0.9902676399026764,true,0.04390938137637556,false,174.31365966796875,101.36702728271484,332.8772277832031,101.07772827148438,390.994140625,263.52972412109375,118.14971923828125,264.4748840332031
15,sset_15/tracknet-stride-8,detected_ckn_opencv_consensus,109,30156,30206,50,"[30158,30163,30168,30173,30178,30183,30188,30193,30198,30203]",,,,,,,,,,,,,,,,,,,,,,,,,0,0.0,false,,,,,,,,,,
15,sset_15/tracknet-stride-8,detected_ckn_opencv_consensus,110,30206,30246,40,"[30208,30212,30216,30220,30224,30228,30232,30236,30240,30244]",fallback,295.8348083496094,274.74334716796875,382.79412841796875,281.79412841796875,331.03955078125,251.1118927001953,92.27088928222656,158.7838897705078,0.017248746007680893,0.008243825286626816,0.11376675218343735,0.0871407613158226,fallback,fallback,model,model,4.0257228340883415,7.525877320239226e-06,0.006852971760615448,1.2811270640080014e-08,2,2,13.37192024263328,5,0.125,false,,,,,,,,,,
15,sset_15/tracknet-stride-8,detected_ckn_opencv_consensus,111,30246,30313,67,"[30249,30256,30262,30269,30276,30282,30289,30296,30302,30309]",,,,,,,,,,,,,,,,,,,,,,,,,0,0.0,false,,,,,,,,,,
15,sset_15/tracknet-stride-8,detected_ckn_opencv_consensus,112,30313,30667,354,"[30330,30366,30401,30436,30472,30507,30543,30578,30613,30649]",model,102.062744140625,52.80289840698242,383.6685485839844,55.922828674316406,446.6229248046875,298.9730224609375,39.63240432739258,290.9405517578125,0.045763690024614334,0.1544194519519806,0.2043956071138382,0.12156013399362564,model,model,model,model,,,,,,,,129,0.3644067796610169,false,,,,,,,,,,
15,sset_15/tracknet-stride-8,detected_ckn_opencv_consensus,113,30667,30841,174,"[30675,30693,30710,30727,30745,30762,30780,30797,30814,30832]",,,,,,,,,,,,,,,,,,,,,,,,,0,0.0,false,,,,,,,,,,
15,sset_15/tracknet-stride-8,detected_ckn_opencv_consensus,114,30841,30940,99,"[30845,30855,30865,30875,30885,30895,30905,30915,30925,30935]",,,,,,,,,,,,,,,,,,,,,,,,,0,0.0,false,,,,,,,,,,
15,sset_15/tracknet-stride-8,detected_ckn_opencv_consensus,115,30940,31075,135,"[30946,30960,30973,30987,31000,31014,31027,31041,31054,31068]",model,174.3163604736328,101.36639404296875,332.9002685546875,101.1041030883789,391.05450439453125,263.5167236328125,118.15447998046875,264.43865966796875,0.3168138861656189,0.27519989013671875,0.39133724570274353,0.36564168334007263,model,model,model,model,,,,,,,,129,0.9555555555555556,true,0.036438326937892465,false,174.3163604736328,101.36639404296875,332.9002685546875,101.1041030883789,391.05450439453125,263.5167236328125,118.15447998046875,264.43865966796875
15,sset_15/tracknet-stride-8,detected_ckn_opencv_consensus,116,31075,31098,23,"[31076,31078,31080,31083,31085,31087,31089,31092,31094,31096]",,,,,,,,,,,,,,,,,,,,,,,,,0,0.0,false,,,,,,,,,,
15,sset_15/tracknet-stride-8,detected_ckn_opencv_consensus,117,31098,31233,135,"[31104,31118,31131,31145,31158,31172,31185,31199,31212,31226]",,,,,,,,,,,,,,,,,,,,,,,,,0,0.0,false,,,,,,,,,,
15,sset_15/tracknet-stride-8,detected_ckn_opencv_consensus,118,31233,31391,158,"[31240,31256,31272,31288,31304,31319,31335,31351,31367,31383]",model,142.3266143798828,79.67623138427734,369.30340576171875,82.06849670410156,424.6559143066406,298.5938720703125,83.20401000976562,292.0553283691406,0.3431970477104187,0.22501179575920105,0.1237611472606659,0.0878400057554245,model,model,model,model,,,,,,,,132,0.8354430379746836,true,48.586447981173826,false,142.3266143798828,79.67623138427734,369.30340576171875,82.06849670410156,424.6559143066406,298.5938720703125,83.20401000976562,292.0553283691406
15,sset_15/tracknet-stride-8,detected_ckn_opencv_consensus,119,31391,31536,145,"[31398,31412,31427,31441,31456,31470,31485,31499,31514,31528]",,,,,,,,,,,,,,,,,,,,,,,,,0,0.0,false,,,,,,,,,,
15,sset_15/tracknet-stride-8,detected_ckn_opencv_consensus,120,31536,31704,168,"[31544,31561,31578,31594,31611,31628,31645,31662,31678,31695]",model,174.3311767578125,101.38896179199219,332.93084716796875,101.13414001464844,391.0517578125,263.53045654296875,118.17568969726562,264.4476318359375,0.32404643297195435,0.3209400773048401,0.38461723923683167,0.36173564195632935,model,model,model,model,,,,,,,,159,0.9464285714285714,true,0.04993938030577359,false,174.3311767578125,101.38896179199219,332.93084716796875,101.13414001464844,391.0517578125,263.53045654296875,118.17568969726562,264.4476318359375
15,sset_15/tracknet-stride-8,detected_ckn_opencv_consensus,121,31704,31774,70,"[31707,31714,31721,31728,31735,31742,31749,31756,31763,31770]",,,,,,,,,,,,,,,,,,,,,,,,,0,0.0,false,,,,,,,,,,
15,sset_15/tracknet-stride-8,detected_ckn_opencv_consensus,122,31774,31863,89,"[31778,31787,31796,31805,31814,31822,31831,31840,31849,31858]",fallback,194.50364685058594,26.939220428466797,246.19061279296875,26.407344818115234,246.1559600830078,210.28500366210938,75.47657012939453,202.83541870117188,0.006544831674546003,0.0017189489444717765,0.11192776262760162,0.14961718022823334,fallback,fallback,model,model,3.777983410322747,0.2811587073534955,0.0064312459376946966,0.00047861533472434926,5,8,14.57858188819307,1,0.011235955056179775,false,,,,,,,,,,
15,sset_15/tracknet-stride-8,detected_ckn_opencv_consensus,123,31863,32084,221,"[31874,31896,31918,31940,31962,31984,32006,32028,32050,32072]",model,167.16485595703125,89.40018463134766,392.5506896972656,93.43696594238281,448.73895263671875,300.1043701171875,110.82962799072266,294.1279602050781,0.24530929327011108,0.05549153313040733,0.17313767969608307,0.0884867012500763,model,model,model,model,,,,,,,,117,0.5294117647058824,true,68.3242977539362,true,174.32330322265625,101.38013076782227,332.9010467529297,101.09406661987305,391.03627014160156,263.51734924316406,118.14616394042969,264.47413635253906
15,sset_15/tracknet-stride-8,detected_ckn_opencv_consensus,124,32084,32442,358,"[32101,32137,32173,32209,32245,32280,32316,32352,32388,32424]",,,,,,,,,,,,,,,,,,,,,,,,,0,0.0,false,,,,,,,,,,
15,sset_15/tracknet-stride-8,detected_ckn_opencv_consensus,125,32442,32456,14,"[32442,32444,32445,32446,32448,32449,32451,32452,32453,32455]",,,,,,,,,,,,,,,,,,,,,,,,,0,0.0,false,,,,,,,,,,
15,sset_15/tracknet-stride-8,detected_ckn_opencv_consensus,126,32456,32471,15,"[32456,32458,32459,32461,32462,32464,32465,32467,32468,32470]",,,,,,,,,,,,,,,,,,,,,,,,,0,0.0,false,,,,,,,,,,
15,sset_15/tracknet-stride-8,detected_ckn_opencv_consensus,127,32471,32568,97,"[32475,32485,32495,32504,32514,32524,32534,32543,32553,32563]",,,,,,,,,,,,,,,,,,,,,,,,,0,0.0,false,,,,,,,,,,
15,sset_15/tracknet-stride-8,detected_ckn_opencv_consensus,128,32568,32582,14,"[32568,32570,32571,32572,32574,32575,32577,32578,32579,32581]",,,,,,,,,,,,,,,,,,,,,,,,,0,0.0,false,,,,,,,,,,
15,sset_15/tracknet-stride-8,detected_ckn_opencv_consensus,129,32582,32630,48,"[32584,32589,32594,32598,32603,32608,32613,32618,32622,32627]",,,,,,,,,,,,,,,,,,,,,,,,,0,0.0,false,,,,,,,,,,
15,sset_15/tracknet-stride-8,detected_ckn_opencv_consensus,130,32630,32735,105,"[32635,32645,32656,32666,32677,32687,32698,32708,32719,32729]",,,,,,,,,,,,,,,,,,,,,,,,,0,0.0,false,,,,,,,,,,
15,sset_15/tracknet-stride-8,detected_ckn_opencv_consensus,131,32735,32853,118,"[32740,32752,32764,32776,32788,32799,32811,32823,32835,32847]",,,,,,,,,,,,,,,,,,,,,,,,,0,0.0,false,,,,,,,,,,
15,sset_15/tracknet-stride-8,detected_ckn_opencv_consensus,132,32853,33239,386,"[32872,32910,32949,32988,33026,33065,33103,33142,33181,33219]",model,174.32620239257812,101.35214233398438,332.8736572265625,101.05362701416016,391.0145568847656,263.5245666503906,118.15763092041016,264.45379638671875,0.30326148867607117,0.3094761371612549,0.3864697515964508,0.35577651858329773,model,model,model,model,,,,,,,,384,0.9948186528497409,true,0.048842070644403636,false,174.32620239257812,101.35214233398438,332.8736572265625,101.05362701416016,391.0145568847656,263.5245666503906,118.15763092041016,264.45379638671875
15,sset_15/tracknet-stride-8,detected_ckn_opencv_consensus,133,33239,33275,36,"[33240,33244,33248,33251,33255,33258,33262,33266,33269,33273]",,,,,,,,,,,,,,,,,,,,,,,,,0,0.0,false,,,,,,,,,,
15,sset_15/tracknet-stride-8,detected_ckn_opencv_consensus,134,33275,33363,88,"[33279,33288,33297,33305,33314,33323,33332,33341,33349,33358]",,,,,,,,,,,,,,,,,,,,,,,,,0,0.0,false,,,,,,,,,,
15,sset_15/tracknet-stride-8,detected_ckn_opencv_consensus,135,33363,33535,172,"[33371,33388,33406,33423,33440,33457,33474,33492,33509,33526]",,,,,,,,,,,,,,,,,,,,,,,,,0,0.0,false,,,,,,,,,,
15,sset_15/tracknet-stride-8,detected_ckn_opencv_consensus,136,33535,33881,346,"[33552,33586,33621,33656,33690,33725,33759,33794,33829,33863]",,,,,,,,,,,,,,,,,,,,,,,,,0,0.0,false,,,,,,,,,,
15,sset_15/tracknet-stride-8,detected_ckn_opencv_consensus,137,33881,33981,100,"[33886,33896,33906,33916,33926,33936,33946,33956,33966,33976]",,,,,,,,,,,,,,,,,,,,,,,,,0,0.0,false,,,,,,,,,,
15,sset_15/tracknet-stride-8,detected_ckn_opencv_consensus,138,33981,34194,213,"[33991,34012,34034,34055,34076,34098,34119,34140,34162,34183]",model,174.27969360351562,101.4197006225586,332.85491943359375,101.08082580566406,391.0242919921875,263.5208740234375,118.12294006347656,264.45892333984375,0.31309372186660767,0.2902047038078308,0.38514161109924316,0.3644315004348755,model,model,model,model,,,,,,,,210,0.9859154929577465,true,0.05888609585839832,false,174.27969360351562,101.4197006225586,332.85491943359375,101.08082580566406,391.0242919921875,263.5208740234375,118.12294006347656,264.45892333984375
15,sset_15/tracknet-stride-8,detected_ckn_opencv_consensus,139,34194,34251,57,"[34196,34202,34208,34213,34219,34225,34231,34236,34242,34248]",,,,,,,,,,,,,,,,,,,,,,,,,0,0.0,false,,,,,,,,,,
15,sset_15/tracknet-stride-8,detected_ckn_opencv_consensus,140,34251,34284,33,"[34252,34255,34259,34262,34265,34269,34272,34275,34279,34282]",,,,,,,,,,,,,,,,,,,,,,,,,0,0.0,false,,,,,,,,,,
15,sset_15/tracknet-stride-8,detected_ckn_opencv_consensus,141,34284,34368,84,"[34288,34296,34305,34313,34321,34330,34338,34347,34355,34363]",,,,,,,,,,,,,,,,,,,,,,,,,0,0.0,false,,,,,,,,,,
15,sset_15/tracknet-stride-8,detected_ckn_opencv_consensus,142,34368,34522,154,"[34375,34391,34406,34421,34437,34452,34468,34483,34498,34514]",model,145.36578369140625,102.30326843261719,379.3598327636719,105.6511459350586,431.70721435546875,302.23779296875,90.08037567138672,293.57940673828125,0.21815331280231476,0.35739168524742126,0.11699552088975906,0.040725987404584885,model,model,model,model,,,,,,,,119,0.7727272727272727,true,56.155128577484035,true,174.32330322265625,101.38013076782227,332.9010467529297,101.09406661987305,391.03627014160156,263.51734924316406,118.14616394042969,264.47413635253906
15,sset_15/tracknet-stride-8,detected_ckn_opencv_consensus,143,34522,34677,155,"[34529,34545,34560,34576,34591,34607,34622,34638,34653,34669]",,,,,,,,,,,,,,,,,,,,,,,,,0,0.0,false,,,,,,,,,,
15,sset_15/tracknet-stride-8,detected_ckn_opencv_consensus,144,34677,34896,219,"[34687,34709,34731,34753,34775,34797,34819,34841,34863,34885]",,,,,,,,,,,,,,,,,,,,,,,,,0,0.0,false,,,,,,,,,,
15,sset_15/tracknet-stride-8,detected_ckn_opencv_consensus,145,34896,35096,200,"[34906,34926,34946,34966,34986,35006,35026,35046,35066,35086]",,,,,,,,,,,,,,,,,,,,,,,,,0,0.0,false,,,,,,,,,,
15,sset_15/tracknet-stride-8,detected_ckn_opencv_consensus,146,35096,35552,456,"[35118,35164,35210,35255,35301,35346,35392,35438,35483,35529]",model,174.34481811523438,101.38215637207031,332.906005859375,101.10986328125,391.02294921875,263.506591796875,118.16574096679688,264.4468994140625,0.306365966796875,0.2999228835105896,0.38708552718162537,0.3594168424606323,model,model,model,model,,,,,,,,422,0.9254385964912281,true,0.03354267101704343,false,174.34481811523438,101.38215637207031,332.906005859375,101.10986328125,391.02294921875,263.506591796875,118.16574096679688,264.4468994140625
15,sset_15/tracknet-stride-8,detected_ckn_opencv_consensus,147,35552,35624,72,"[35555,35562,35570,35577,35584,35591,35598,35606,35613,35620]",,,,,,,,,,,,,,,,,,,,,,,,,0,0.0,false,,,,,,,,,,
15,sset_15/tracknet-stride-8,detected_ckn_opencv_consensus,148,35624,35639,15,"[35624,35626,35627,35629,35630,35632,35633,35635,35636,35638]",,,,,,,,,,,,,,,,,,,,,,,,,0,0.0,false,,,,,,,,,,
15,sset_15/tracknet-stride-8,detected_ckn_opencv_consensus,149,35639,35678,39,"[35640,35644,35648,35652,35656,35660,35664,35668,35672,35676]",,,,,,,,,,,,,,,,,,,,,,,,,0,0.0,false,,,,,,,,,,
15,sset_15/tracknet-stride-8,detected_ckn_opencv_consensus,150,35678,35768,90,"[35682,35691,35700,35709,35718,35727,35736,35745,35754,35763]",,,,,,,,,,,,,,,,,,,,,,,,,0,0.0,false,,,,,,,,,,
15,sset_15/tracknet-stride-8,detected_ckn_opencv_consensus,151,35768,36015,247,"[35780,35805,35829,35854,35879,35903,35928,35953,35977,36002]",,,,,,,,,,,,,,,,,,,,,,,,,0,0.0,false,,,,,,,,,,
15,sset_15/tracknet-stride-8,detected_ckn_opencv_consensus,152,36015,36048,33,"[36016,36019,36023,36026,36029,36033,36036,36039,36043,36046]",,,,,,,,,,,,,,,,,,,,,,,,,0,0.0,false,,,,,,,,,,
15,sset_15/tracknet-stride-8,detected_ckn_opencv_consensus,153,36048,36246,198,"[36057,36077,36097,36117,36137,36156,36176,36196,36216,36236]",model,174.28073120117188,101.4534912109375,332.8841552734375,101.16685485839844,390.9984436035156,263.49481201171875,118.11857604980469,264.4180908203125,0.310660719871521,0.30677521228790283,0.408172607421875,0.3439640402793884,model,model,model,model,,,,,,,,197,0.9949494949494949,true,0.0848182269758666,false,174.28073120117188,101.4534912109375,332.8841552734375,101.16685485839844,390.9984436035156,263.49481201171875,118.11857604980469,264.4180908203125
15,sset_15/tracknet-stride-8,detected_ckn_opencv_consensus,154,36246,36528,282,"[36260,36288,36316,36344,36372,36401,36429,36457,36485,36513]",,,,,,,,,,,,,,,,,,,,,,,,,0,0.0,false,,,,,,,,,,
15,sset_15/tracknet-stride-8,detected_ckn_opencv_consensus,155,36528,36612,84,"[36532,36540,36549,36557,36565,36574,36582,36591,36599,36607]",model,165.07369995117188,84.17433166503906,348.51751708984375,83.21338653564453,411.36102294921875,262.3623962402344,89.5691909790039,260.2716064453125,0.09505005180835724,0.10752243548631668,0.2490851879119873,0.4303508400917053,model,model,model,model,,,,,,,,0,0.0,false,,,,,,,,,,
15,sset_15/tracknet-stride-8,detected_ckn_opencv_consensus,156,36612,36745,133,"[36618,36631,36645,36658,36671,36685,36698,36711,36725,36738]",,,,,,,,,,,,,,,,,,,,,,,,,0,0.0,false,,,,,,,,,,
15,sset_15/tracknet-stride-8,detected_ckn_opencv_consensus,157,36745,36909,164,"[36753,36769,36786,36802,36818,36835,36851,36868,36884,36900]",,,,,,,,,,,,,,,,,,,,,,,,,0,0.0,false,,,,,,,,,,
15,sset_15/tracknet-stride-8,detected_ckn_opencv_consensus,158,36909,37002,93,"[36913,36922,36932,36941,36950,36960,36969,36978,36988,36997]",,,,,,,,,,,,,,,,,,,,,,,,,0,0.0,false,,,,,,,,,,
15,sset_15/tracknet-stride-8,detected_ckn_opencv_consensus,159,37002,37032,30,"[37003,37006,37009,37012,37015,37018,37021,37024,37027,37030]",,,,,,,,,,,,,,,,,,,,,,,,,0,0.0,false,,,,,,,,,,
15,sset_15/tracknet-stride-8,detected_ckn_opencv_consensus,160,37032,37341,309,"[37047,37078,37109,37140,37171,37201,37232,37263,37294,37325]",,,,,,,,,,,,,,,,,,,,,,,,,0,0.0,false,,,,,,,,,,
15,sset_15/tracknet-stride-8,detected_ckn_opencv_consensus,161,37341,37441,100,"[37346,37356,37366,37376,37386,37396,37406,37416,37426,37436]",,,,,,,,,,,,,,,,,,,,,,,,,0,0.0,false,,,,,,,,,,
15,sset_15/tracknet-stride-8,detected_ckn_opencv_consensus,162,37441,37793,352,"[37458,37493,37529,37564,37599,37634,37669,37705,37740,37775]",model,174.3113250732422,101.38969421386719,332.89837646484375,101.10455322265625,390.9716796875,263.51068115234375,118.18646240234375,264.444580078125,0.30896666646003723,0.3314041495323181,0.39485955238342285,0.3585647642612457,model,model,model,model,,,,,,,,290,0.8238636363636364,true,0.06493373696495519,false,174.3113250732422,101.38969421386719,332.89837646484375,101.10455322265625,390.9716796875,263.51068115234375,118.18646240234375,264.444580078125
15,sset_15/tracknet-stride-8,detected_ckn_opencv_consensus,163,37793,37817,24,"[37794,37796,37799,37801,37803,37806,37808,37811,37813,37815]",,,,,,,,,,,,,,,,,,,,,,,,,0,0.0,false,,,,,,,,,,
15,sset_15/tracknet-stride-8,detected_ckn_opencv_consensus,164,37817,37899,82,"[37821,37829,37837,37845,37853,37862,37870,37878,37886,37894]",,,,,,,,,,,,,,,,,,,,,,,,,0,0.0,false,,,,,,,,,,
15,sset_15/tracknet-stride-8,detected_ckn_opencv_consensus,165,37899,37934,35,"[37900,37904,37907,37911,37914,37918,37921,37925,37928,37932]",,,,,,,,,,,,,,,,,,,,,,,,,0,0.0,false,,,,,,,,,,
15,sset_15/tracknet-stride-8,detected_ckn_opencv_consensus,166,37934,38066,132,"[37940,37953,37967,37980,37993,38006,38019,38033,38046,38059]",,,,,,,,,,,,,,,,,,,,,,,,,0,0.0,false,,,,,,,,,,
15,sset_15/tracknet-stride-8,detected_ckn_opencv_consensus,167,38066,38204,138,"[38072,38086,38100,38114,38128,38141,38155,38169,38183,38197]",,,,,,,,,,,,,,,,,,,,,,,,,0,0.0,false,,,,,,,,,,
15,sset_15/tracknet-stride-8,detected_ckn_opencv_consensus,168,38204,38471,267,"[38217,38244,38270,38297,38324,38350,38377,38404,38430,38457]",model,174.31658935546875,101.33567810058594,332.83221435546875,101.07746887207031,390.9970703125,263.523681640625,118.16024780273438,264.46551513671875,0.31247615814208984,0.3181397020816803,0.3938121795654297,0.34156113862991333,model,model,model,model,,,,,,,,229,0.8576779026217228,true,0.07080525525936368,false,174.31658935546875,101.33567810058594,332.83221435546875,101.07746887207031,390.9970703125,263.523681640625,118.16024780273438,264.46551513671875
15,sset_15/tracknet-stride-8,detected_ckn_opencv_consensus,169,38471,38671,200,"[38481,38501,38521,38541,38561,38581,38601,38621,38641,38661]",,,,,,,,,,,,,,,,,,,,,,,,,0,0.0,false,,,,,,,,,,
15,sset_15/tracknet-stride-8,detected_ckn_opencv_consensus,170,38671,38800,129,"[38677,38690,38703,38716,38729,38741,38754,38767,38780,38793]",fallback,30.89075469970703,19.89075469970703,301.5922546386719,15.695245742797852,355.82513427734375,195.52896118164062,123.0592269897461,211.3824462890625,0.00421367771923542,0.0029465756379067898,0.07754583656787872,0.020520292222499847,fallback,fallback,model,model,3.0661900005014644,1.2139059690162248e-06,0.005219562884009738,2.066427240164087e-09,6,7,12.825171638791687,0,0.0,false,,,,,,,,,,
15,sset_15/tracknet-stride-8,detected_ckn_opencv_consensus,171,38800,38843,43,"[38802,38806,38810,38815,38819,38823,38827,38832,38836,38840]",,,,,,,,,,,,,,,,,,,,,,,,,0,0.0,false,,,,,,,,,,
15,sset_15/tracknet-stride-8,detected_ckn_opencv_consensus,172,38843,39042,199,"[38852,38872,38892,38912,38932,38952,38972,38992,39012,39032]",model,174.34033203125,101.36021423339844,332.90228271484375,101.16749572753906,391.01953125,263.5098876953125,118.16606140136719,264.42523193359375,0.30349862575531006,0.3119626045227051,0.3880704641342163,0.3576142489910126,model,model,model,model,,,,,,,,195,0.9798994974874372,true,0.07343950881154045,false,174.34033203125,101.36021423339844,332.90228271484375,101.16749572753906,391.01953125,263.5098876953125,118.16606140136719,264.42523193359375
15,sset_15/tracknet-stride-8,detected_ckn_opencv_consensus,173,39042,39093,51,"[39044,39049,39054,39059,39064,39070,39075,39080,39085,39090]",,,,,,,,,,,,,,,,,,,,,,,,,0,0.0,false,,,,,,,,,,
15,sset_15/tracknet-stride-8,detected_ckn_opencv_consensus,174,39093,39149,56,"[39095,39101,39107,39112,39118,39123,39129,39135,39140,39146]",,,,,,,,,,,,,,,,,,,,,,,,,0,0.0,false,,,,,,,,,,
15,sset_15/tracknet-stride-8,detected_ckn_opencv_consensus,175,39149,39190,41,"[39151,39155,39159,39163,39167,39171,39175,39179,39183,39187]",,,,,,,,,,,,,,,,,,,,,,,,,0,0.0,false,,,,,,,,,,
15,sset_15/tracknet-stride-8,detected_ckn_opencv_consensus,176,39190,39211,21,"[39191,39193,39195,39197,39199,39201,39203,39205,39207,39209]",,,,,,,,,,,,,,,,,,,,,,,,,0,0.0,false,,,,,,,,,,
15,sset_15/tracknet-stride-8,detected_ckn_opencv_consensus,177,39211,39345,134,"[39217,39231,39244,39257,39271,39284,39298,39311,39324,39338]",,,,,,,,,,,,,,,,,,,,,,,,,0,0.0,false,,,,,,,,,,
15,sset_15/tracknet-stride-8,detected_ckn_opencv_consensus,178,39345,39543,198,"[39354,39374,39394,39414,39434,39453,39473,39493,39513,39533]",,,,,,,,,,,,,,,,,,,,,,,,,0,0.0,false,,,,,,,,,,
15,sset_15/tracknet-stride-8,detected_ckn_opencv_consensus,179,39543,39686,143,"[39550,39564,39578,39593,39607,39621,39635,39650,39664,39678]",model,174.33815002441406,101.4081039428711,332.9418640136719,101.13818359375,391.00482177734375,263.5175476074219,118.16587829589844,264.4289855957031,0.3102636933326721,0.338811457157135,0.38918226957321167,0.3614043593406677,model,model,model,model,,,,,,,,143,1.0,true,0.060102879785876195,false,174.33815002441406,101.4081039428711,332.9418640136719,101.13818359375,391.00482177734375,263.5175476074219,118.16587829589844,264.4289855957031
15,sset_15/tracknet-stride-8,detected_ckn_opencv_consensus,180,39686,39753,67,"[39689,39696,39702,39709,39716,39722,39729,39736,39742,39749]",,,,,,,,,,,,,,,,,,,,,,,,,0,0.0,false,,,,,,,,,,
15,sset_15/tracknet-stride-8,detected_ckn_opencv_consensus,181,39753,39796,43,"[39755,39759,39763,39768,39772,39776,39780,39785,39789,39793]",,,,,,,,,,,,,,,,,,,,,,,,,0,0.0,false,,,,,,,,,,
15,sset_15/tracknet-stride-8,detected_ckn_opencv_consensus,182,39796,39886,90,"[39800,39809,39818,39827,39836,39845,39854,39863,39872,39881]",,,,,,,,,,,,,,,,,,,,,,,,,0,0.0,false,,,,,,,,,,
15,sset_15/tracknet-stride-8,detected_ckn_opencv_consensus,183,39886,39992,106,"[39891,39901,39912,39923,39933,39944,39954,39965,39976,39986]",,,,,,,,,,,,,,,,,,,,,,,,,0,0.0,false,,,,,,,,,,
15,sset_15/tracknet-stride-8,detected_ckn_opencv_consensus,184,39992,40093,101,"[39997,40007,40017,40027,40037,40047,40057,40067,40077,40087]",,,,,,,,,,,,,,,,,,,,,,,,,0,0.0,false,,,,,,,,,,
15,sset_15/tracknet-stride-8,detected_ckn_opencv_consensus,185,40093,40446,353,"[40110,40145,40181,40216,40251,40287,40322,40357,40393,40428]",model,174.25218200683594,101.40802001953125,332.9049072265625,101.05403137207031,391.0283203125,263.488525390625,118.15020751953125,264.4225158691406,0.312604159116745,0.3039816617965698,0.3981069326400757,0.35628610849380493,model,model,model,model,,,,,,,,324,0.9178470254957507,true,0.0763939637710111,false,174.25218200683594,101.40802001953125,332.9049072265625,101.05403137207031,391.0283203125,263.488525390625,118.15020751953125,264.4225158691406
15,sset_15/tracknet-stride-8,detected_ckn_opencv_consensus,186,40446,40672,226,"[40457,40479,40502,40525,40547,40570,40592,40615,40638,40660]",,,,,,,,,,,,,,,,,,,,,,,,,0,0.0,false,,,,,,,,,,
15,sset_15/tracknet-stride-8,detected_ckn_opencv_consensus,187,40672,40954,282,"[40686,40714,40742,40770,40798,40827,40855,40883,40911,40939]",,,,,,,,,,,,,,,,,,,,,,,,,0,0.0,false,,,,,,,,,,
15,sset_15/tracknet-stride-8,detected_ckn_opencv_consensus,188,40954,41464,510,"[40979,41030,41081,41132,41183,41234,41285,41336,41387,41438]",,,,,,,,,,,,,,,,,,,,,,,,,0,0.0,false,,,,,,,,,,
15,sset_15/tracknet-stride-8,detected_ckn_opencv_consensus,189,41464,41663,199,"[41473,41493,41513,41533,41553,41573,41593,41613,41633,41653]",,,,,,,,,,,,,,,,,,,,,,,,,0,0.0,false,,,,,,,,,,
15,sset_15/tracknet-stride-8,detected_ckn_opencv_consensus,190,41663,41769,106,"[41668,41678,41689,41700,41710,41721,41731,41742,41753,41763]",,,,,,,,,,,,,,,,,,,,,,,,,0,0.0,false,,,,,,,,,,
15,sset_15/tracknet-stride-8,detected_ckn_opencv_consensus,191,41769,41788,19,"[41769,41771,41773,41775,41777,41779,41781,41783,41785,41787]",,,,,,,,,,,,,,,,,,,,,,,,,0,0.0,false,,,,,,,,,,
15,sset_15/tracknet-stride-8,detected_ckn_opencv_consensus,192,41788,41986,198,"[41797,41817,41837,41857,41877,41896,41916,41936,41956,41976]",,,,,,,,,,,,,,,,,,,,,,,,,0,0.0,false,,,,,,,,,,
15,sset_15/tracknet-stride-8,detected_ckn_opencv_consensus,193,41986,42270,284,"[42000,42028,42057,42085,42113,42142,42170,42199,42227,42255]",,,,,,,,,,,,,,,,,,,,,,,,,0,0.0,false,,,,,,,,,,
15,sset_15/tracknet-stride-8,detected_ckn_opencv_consensus,194,42270,42397,127,"[42276,42289,42301,42314,42327,42339,42352,42365,42377,42390]",model,174.31253051757812,101.38027954101562,332.90087890625,101.17848205566406,390.9683837890625,263.5267028808594,118.13945007324219,264.438720703125,0.3006702661514282,0.32752156257629395,0.39877089858055115,0.35483789443969727,model,model,model,model,,,,,,,,127,1.0,true,0.08441560265907579,false,174.31253051757812,101.38027954101562,332.90087890625,101.17848205566406,390.9683837890625,263.5267028808594,118.13945007324219,264.438720703125
15,sset_15/tracknet-stride-8,detected_ckn_opencv_consensus,195,42397,42512,115,"[42402,42414,42425,42437,42448,42460,42471,42483,42494,42506]",,,,,,,,,,,,,,,,,,,,,,,,,0,0.0,false,,,,,,,,,,
15,sset_15/tracknet-stride-8,detected_ckn_opencv_consensus,196,42512,42705,193,"[42521,42540,42560,42579,42598,42618,42637,42656,42676,42695]",,,,,,,,,,,,,,,,,,,,,,,,,0,0.0,false,,,,,,,,,,
15,sset_15/tracknet-stride-8,detected_ckn_opencv_consensus,197,42705,42743,38,"[42706,42710,42714,42718,42722,42725,42729,42733,42737,42741]",,,,,,,,,,,,,,,,,,,,,,,,,0,0.0,false,,,,,,,,,,
15,sset_15/tracknet-stride-8,detected_ckn_opencv_consensus,198,42743,43346,603,"[42773,42833,42893,42954,43014,43074,43134,43195,43255,43315]",model,174.34112548828125,101.34242248535156,332.85748291015625,101.09426879882812,391.0396728515625,263.5289306640625,118.13656616210938,264.45196533203125,0.30919256806373596,0.28327271342277527,0.39827752113342285,0.3575904965400696,model,model,model,model,,,,,,,,596,0.988391376451078,true,0.04356431192522911,false,174.34112548828125,101.34242248535156,332.85748291015625,101.09426879882812,391.0396728515625,263.5289306640625,118.13656616210938,264.45196533203125
15,sset_15/tracknet-stride-8,detected_ckn_opencv_consensus,199,43346,43509,163,"[43354,43370,43386,43403,43419,43435,43451,43468,43484,43500]",,,,,,,,,,,,,,,,,,,,,,,,,0,0.0,false,,,,,,,,,,
15,sset_15/tracknet-stride-8,detected_ckn_opencv_consensus,200,43509,43724,215,"[43519,43541,43562,43584,43605,43627,43648,43670,43691,43713]",,,,,,,,,,,,,,,,,,,,,,,,,0,0.0,false,,,,,,,,,,
15,sset_15/tracknet-stride-8,detected_ckn_opencv_consensus,201,43724,43937,213,"[43734,43755,43777,43798,43819,43841,43862,43883,43905,43926]",,,,,,,,,,,,,,,,,,,,,,,,,0,0.0,false,,,,,,,,,,
15,sset_15/tracknet-stride-8,detected_ckn_opencv_consensus,202,43937,44332,395,"[43956,43996,44035,44075,44114,44154,44193,44233,44272,44312]",,,,,,,,,,,,,,,,,,,,,,,,,0,0.0,false,,,,,,,,,,
15,sset_15/tracknet-stride-8,detected_ckn_opencv_consensus,203,44332,44590,258,"[44344,44370,44396,44422,44448,44473,44499,44525,44551,44577]",model,174.33364868164062,101.37347412109375,332.9091796875,101.13319396972656,391.019775390625,263.484375,118.15257263183594,264.473388671875,0.3127043843269348,0.29758501052856445,0.40940743684768677,0.3559045195579529,model,model,model,model,,,,,,,,225,0.872093023255814,true,0.03996366013373141,false,174.33364868164062,101.37347412109375,332.9091796875,101.13319396972656,391.019775390625,263.484375,118.15257263183594,264.473388671875
15,sset_15/tracknet-stride-8,detected_ckn_opencv_consensus,204,44590,44986,396,"[44609,44649,44689,44728,44768,44807,44847,44887,44926,44966]",,,,,,,,,,,,,,,,,,,,,,,,,0,0.0,false,,,,,,,,,,
15,sset_15/tracknet-stride-8,detected_ckn_opencv_consensus,205,44986,45198,212,"[44996,45017,45039,45060,45081,45102,45123,45145,45166,45187]",,,,,,,,,,,,,,,,,,,,,,,,,0,0.0,false,,,,,,,,,,
15,sset_15/tracknet-stride-8,detected_ckn_opencv_consensus,206,45198,45532,334,"[45214,45248,45281,45314,45348,45381,45415,45448,45481,45515]",,,,,,,,,,,,,,,,,,,,,,,,,0,0.0,false,,,,,,,,,,
15,sset_15/tracknet-stride-8,detected_ckn_opencv_consensus,207,45532,45675,143,"[45539,45553,45567,45582,45596,45610,45624,45639,45653,45667]",,,,,,,,,,,,,,,,,,,,,,,,,0,0.0,false,,,,,,,,,,
15,sset_15/tracknet-stride-8,detected_ckn_opencv_consensus,208,45675,45771,96,"[45679,45689,45699,45708,45718,45727,45737,45747,45756,45766]",,,,,,,,,,,,,,,,,,,,,,,,,0,0.0,false,,,,,,,,,,
15,sset_15/tracknet-stride-8,detected_ckn_opencv_consensus,209,45771,45884,113,"[45776,45787,45799,45810,45821,45833,45844,45855,45867,45878]",,,,,,,,,,,,,,,,,,,,,,,,,0,0.0,false,,,,,,,,,,
15,sset_15/tracknet-stride-8,detected_ckn_opencv_consensus,210,45884,46192,308,"[45899,45930,45961,45991,46022,46053,46084,46115,46145,46176]",model,174.33712768554688,101.35990142822266,332.86346435546875,101.09391784667969,391.0372009277344,263.5345153808594,118.15618896484375,264.438232421875,0.32419532537460327,0.34078630805015564,0.391660213470459,0.3550606071949005,model,model,model,model,,,,,,,,302,0.9805194805194806,true,0.037582691925605115,false,174.33712768554688,101.35990142822266,332.86346435546875,101.09391784667969,391.0372009277344,263.5345153808594,118.15618896484375,264.438232421875
15,sset_15/tracknet-stride-8,detected_ckn_opencv_consensus,211,46192,46368,176,"[46200,46218,46236,46253,46271,46288,46306,46324,46341,46359]",,,,,,,,,,,,,,,,,,,,,,,,,0,0.0,false,,,,,,,,,,
15,sset_15/tracknet-stride-8,detected_ckn_opencv_consensus,212,46368,46519,151,"[46375,46390,46405,46420,46435,46451,46466,46481,46496,46511]",,,,,,,,,,,,,,,,,,,,,,,,,0,0.0,false,,,,,,,,,,
15,sset_15/tracknet-stride-8,detected_ckn_opencv_consensus,213,46519,46576,57,"[46521,46527,46533,46538,46544,46550,46556,46561,46567,46573]",fallback,211.7882080078125,17.595989227294922,499.3640441894531,16.88211441040039,497.1173095703125,200.1447296142578,193.048095703125,183.01614379882812,0.0057779159396886826,0.0061149271205067635,0.35536640882492065,0.05673780292272568,fallback,fallback,model,model,1.9578353427079858,2.934153277762992,0.0033328152156682396,0.004994797302875071,8,22,8.855627427130003,0,0.0,false,,,,,,,,,,
15,sset_15/tracknet-stride-8,detected_ckn_opencv_consensus,214,46576,47167,591,"[46605,46664,46723,46782,46841,46901,46960,47019,47078,47137]",model,174.3631591796875,101.36964416503906,332.87225341796875,101.05667114257812,390.98101806640625,263.50787353515625,118.11567687988281,264.45611572265625,0.31180936098098755,0.3064894676208496,0.4023659825325012,0.35268253087997437,model,model,model,model,,,,,,,,581,0.9830795262267343,true,0.05605872684638663,false,174.3631591796875,101.36964416503906,332.87225341796875,101.05667114257812,390.98101806640625,263.50787353515625,118.11567687988281,264.45611572265625
15,sset_15/tracknet-stride-8,detected_ckn_opencv_consensus,215,47167,47315,148,"[47174,47189,47204,47218,47233,47248,47263,47278,47292,47307]",,,,,,,,,,,,,,,,,,,,,,,,,0,0.0,false,,,,,,,,,,
15,sset_15/tracknet-stride-8,detected_ckn_opencv_consensus,216,47315,47454,139,"[47321,47335,47349,47363,47377,47391,47405,47419,47433,47447]",,,,,,,,,,,,,,,,,,,,,,,,,0,0.0,false,,,,,,,,,,
15,sset_15/tracknet-stride-8,detected_ckn_opencv_consensus,217,47454,47625,171,"[47462,47479,47496,47513,47530,47548,47565,47582,47599,47616]",,,,,,,,,,,,,,,,,,,,,,,,,0,0.0,false,,,,,,,,,,
15,sset_15/tracknet-stride-8,detected_ckn_opencv_consensus,218,47625,47766,141,"[47632,47646,47660,47674,47688,47702,47716,47730,47744,47758]",,,,,,,,,,,,,,,,,,,,,,,,,0,0.0,false,,,,,,,,,,
15,sset_15/tracknet-stride-8,detected_ckn_opencv_consensus,219,47766,47873,107,"[47771,47782,47792,47803,47814,47824,47835,47846,47856,47867]",,,,,,,,,,,,,,,,,,,,,,,,,0,0.0,false,,,,,,,,,,
15,sset_15/tracknet-stride-8,detected_ckn_opencv_consensus,220,47873,48062,189,"[47882,47901,47920,47939,47958,47976,47995,48014,48033,48052]",model,174.31341552734375,101.3707275390625,332.88067626953125,101.149658203125,391.0037841796875,263.5018615722656,118.12928771972656,264.4615478515625,0.30689626932144165,0.3173317313194275,0.3892190456390381,0.3523849844932556,model,model,model,model,,,,,,,,145,0.7671957671957672,true,0.059206255770356334,false,174.31341552734375,101.3707275390625,332.88067626953125,101.149658203125,391.0037841796875,263.5018615722656,118.12928771972656,264.4615478515625
15,sset_15/tracknet-stride-8,detected_ckn_opencv_consensus,221,48062,48216,154,"[48069,48085,48100,48115,48131,48146,48162,48177,48192,48208]",,,,,,,,,,,,,,,,,,,,,,,,,0,0.0,false,,,,,,,,,,
15,sset_15/tracknet-stride-8,detected_ckn_opencv_consensus,222,48216,48407,191,"[48225,48244,48263,48282,48301,48321,48340,48359,48378,48397]",,,,,,,,,,,,,,,,,,,,,,,,,0,0.0,false,,,,,,,,,,
15,sset_15/tracknet-stride-8,detected_ckn_opencv_consensus,223,48407,48485,78,"[48410,48418,48426,48434,48442,48449,48457,48465,48473,48481]",,,,,,,,,,,,,,,,,,,,,,,,,0,0.0,false,,,,,,,,,,
15,sset_15/tracknet-stride-8,detected_ckn_opencv_consensus,224,48485,48950,465,"[48508,48554,48601,48647,48694,48740,48787,48833,48880,48926]",model,174.30490112304688,101.41609191894531,332.87567138671875,101.08436584472656,390.97064208984375,263.50518798828125,118.14049530029297,264.41436767578125,0.30514925718307495,0.30576902627944946,0.4072454273700714,0.3589091897010803,model,model,model,model,,,,,,,,461,0.9913978494623656,true,0.06674531667353784,false,174.30490112304688,101.41609191894531,332.87567138671875,101.08436584472656,390.97064208984375,263.50518798828125,118.14049530029297,264.41436767578125
15,sset_15/tracknet-stride-8,detected_ckn_opencv_consensus,225,48950,48995,45,"[48952,48956,48961,48965,48970,48974,48979,48983,48988,48992]",,,,,,,,,,,,,,,,,,,,,,,,,0,0.0,false,,,,,,,,,,
15,sset_15/tracknet-stride-8,detected_ckn_opencv_consensus,226,48995,49107,112,"[49000,49011,49023,49034,49045,49056,49067,49079,49090,49101]",,,,,,,,,,,,,,,,,,,,,,,,,0,0.0,false,,,,,,,,,,
15,sset_15/tracknet-stride-8,detected_ckn_opencv_consensus,227,49107,49286,179,"[49115,49133,49151,49169,49187,49205,49223,49241,49259,49277]",model,126.64479064941406,88.9879150390625,403.17572021484375,93.5173568725586,456.4921569824219,297.4991760253906,69.17085266113281,289.2069091796875,0.22047865390777588,0.22252321243286133,0.14767223596572876,0.05439166724681854,model,model,model,model,,,,,,,,76,0.4245810055865922,false,,,,,,,,,,
15,sset_15/tracknet-stride-8,detected_ckn_opencv_consensus,228,49286,49370,84,"[49290,49298,49307,49315,49323,49332,49340,49349,49357,49365]",,,,,,,,,,,,,,,,,,,,,,,,,0,0.0,false,,,,,,,,,,
15,sset_15/tracknet-stride-8,detected_ckn_opencv_consensus,229,49370,49545,175,"[49378,49396,49413,49431,49448,49466,49483,49501,49518,49536]",,,,,,,,,,,,,,,,,,,,,,,,,0,0.0,false,,,,,,,,,,
15,sset_15/tracknet-stride-8,detected_ckn_opencv_consensus,230,49545,49589,44,"[49547,49551,49556,49560,49564,49569,49573,49578,49582,49586]",,,,,,,,,,,,,,,,,,,,,,,,,0,0.0,false,,,,,,,,,,
15,sset_15/tracknet-stride-8,detected_ckn_opencv_consensus,231,49589,49701,112,"[49594,49605,49617,49628,49639,49650,49661,49673,49684,49695]",model,174.29647827148438,101.42093658447266,332.92755126953125,101.12199401855469,391.067138671875,263.5223388671875,118.16218566894531,264.488525390625,0.3135690689086914,0.3024143576622009,0.3861803114414215,0.3644378185272217,model,model,model,model,,,,,,,,112,1.0,true,0.04883331524562688,false,174.29647827148438,101.42093658447266,332.92755126953125,101.12199401855469,391.067138671875,263.5223388671875,118.16218566894531,264.488525390625
15,sset_15/tracknet-stride-8,detected_ckn_opencv_consensus,232,49701,49817,116,"[49706,49718,49730,49741,49753,49764,49776,49788,49799,49811]",,,,,,,,,,,,,,,,,,,,,,,,,0,0.0,false,,,,,,,,,,
15,sset_15/tracknet-stride-8,detected_ckn_opencv_consensus,233,49817,49944,127,"[49823,49836,49848,49861,49874,49886,49899,49912,49924,49937]",model,128.2445831298828,102.00202941894531,382.11175537109375,105.22041320800781,435.9366149902344,300.3067932128906,73.39926147460938,289.5079345703125,0.03943836688995361,0.14121639728546143,0.23607076704502106,0.06237659230828285,model,model,model,model,,,,,,,,52,0.4094488188976378,false,,,,,,,,,,
15,sset_15/tracknet-stride-8,detected_ckn_opencv_consensus,234,49944,50116,172,"[49952,49969,49987,50004,50021,50038,50055,50073,50090,50107]",,,,,,,,,,,,,,,,,,,,,,,,,0,0.0,false,,,,,,,,,,
15,sset_15/tracknet-stride-8,detected_ckn_opencv_consensus,235,50116,50256,140,"[50123,50137,50151,50165,50179,50193,50207,50221,50235,50249]",,,,,,,,,,,,,,,,,,,,,,,,,0,0.0,false,,,,,,,,,,
15,sset_15/tracknet-stride-8,detected_ckn_opencv_consensus,236,50256,50523,267,"[50269,50296,50322,50349,50376,50402,50429,50456,50482,50509]",,,,,,,,,,,,,,,,,,,,,,,,,0,0.0,false,,,,,,,,,,
15,sset_15/tracknet-stride-8,detected_ckn_opencv_consensus,237,50523,50718,195,"[50532,50552,50571,50591,50610,50630,50649,50669,50688,50708]",,,,,,,,,,,,,,,,,,,,,,,,,0,0.0,false,,,,,,,,,,
15,sset_15/tracknet-stride-8,detected_ckn_opencv_consensus,238,50718,51089,371,"[50736,50773,50810,50847,50884,50922,50959,50996,51033,51070]",,,,,,,,,,,,,,,,,,,,,,,,,0,0.0,false,,,,,,,,,,
15,sset_15/tracknet-stride-8,detected_ckn_opencv_consensus,239,51089,51591,502,"[51114,51164,51214,51264,51314,51365,51415,51465,51515,51565]",model,174.32920837402344,101.33639526367188,332.8814697265625,101.08627319335938,391.0218200683594,263.5232849121094,118.14605712890625,264.46612548828125,0.3044842779636383,0.28656166791915894,0.388759046792984,0.3524320125579834,model,model,model,model,,,,,,,,494,0.9840637450199203,true,0.04413235928384333,false,174.32920837402344,101.33639526367188,332.8814697265625,101.08627319335938,391.0218200683594,263.5232849121094,118.14605712890625,264.46612548828125
15,sset_15/tracknet-stride-8,detected_ckn_opencv_consensus,240,51591,51872,281,"[51605,51633,51661,51689,51717,51745,51773,51801,51829,51857]",,,,,,,,,,,,,,,,,,,,,,,,,0,0.0,false,,,,,,,,,,
15,sset_15/tracknet-stride-8,detected_ckn_opencv_consensus,241,51872,52004,132,"[51878,51891,51905,51918,51931,51944,51957,51971,51984,51997]",,,,,,,,,,,,,,,,,,,,,,,,,0,0.0,false,,,,,,,,,,
15,sset_15/tracknet-stride-8,detected_ckn_opencv_consensus,242,52004,52216,212,"[52014,52035,52057,52078,52099,52120,52141,52163,52184,52205]",,,,,,,,,,,,,,,,,,,,,,,,,0,0.0,false,,,,,,,,,,
15,sset_15/tracknet-stride-8,detected_ckn_opencv_consensus,243,52216,52427,211,"[52226,52247,52268,52289,52310,52332,52353,52374,52395,52416]",,,,,,,,,,,,,,,,,,,,,,,,,0,0.0,false,,,,,,,,,,
15,sset_15/tracknet-stride-8,detected_ckn_opencv_consensus,244,52427,52840,413,"[52447,52488,52530,52571,52612,52654,52695,52736,52778,52819]",,,,,,,,,,,,,,,,,,,,,,,,,0,0.0,false,,,,,,,,,,
15,sset_15/tracknet-stride-8,detected_ckn_opencv_consensus,245,52840,52982,142,"[52847,52861,52875,52889,52903,52918,52932,52946,52960,52974]",model,174.3222198486328,101.32228088378906,332.8666687011719,101.05787658691406,391.0008544921875,263.51092529296875,118.12835693359375,264.42230224609375,0.30246514081954956,0.32194823026657104,0.3989577293395996,0.3629056215286255,model,model,model,model,,,,,,,,141,0.9929577464788732,true,0.05786002749679358,false,174.3222198486328,101.32228088378906,332.8666687011719,101.05787658691406,391.0008544921875,263.51092529296875,118.12835693359375,264.42230224609375
15,sset_15/tracknet-stride-8,detected_ckn_opencv_consensus,246,52982,53133,151,"[52989,53004,53019,53034,53049,53065,53080,53095,53110,53125]",,,,,,,,,,,,,,,,,,,,,,,,,0,0.0,false,,,,,,,,,,
15,sset_15/tracknet-stride-8,detected_ckn_opencv_consensus,247,53133,53312,179,"[53141,53159,53177,53195,53213,53231,53249,53267,53285,53303]",model,136.78994750976562,106.67838287353516,383.51837158203125,109.97674560546875,432.8664855957031,297.5362243652344,84.54846954345703,289.6347961425781,0.3845195472240448,0.36026227474212646,0.07293339818716049,0.08594943583011627,model,model,model,model,,,,,,,,162,0.9050279329608939,true,53.91707326540983,false,136.78994750976562,106.67838287353516,383.51837158203125,109.97674560546875,432.8664855957031,297.5362243652344,84.54846954345703,289.6347961425781
15,sset_15/tracknet-stride-8,detected_ckn_opencv_consensus,248,53312,53412,100,"[53317,53327,53337,53347,53357,53367,53377,53387,53397,53407]",,,,,,,,,,,,,,,,,,,,,,,,,0,0.0,false,,,,,,,,,,
15,sset_15/tracknet-stride-8,detected_ckn_opencv_consensus,249,53412,53528,116,"[53417,53429,53441,53452,53464,53475,53487,53499,53510,53522]",,,,,,,,,,,,,,,,,,,,,,,,,0,0.0,false,,,,,,,,,,
15,sset_15/tracknet-stride-8,detected_ckn_opencv_consensus,250,53528,53625,97,"[53532,53542,53552,53561,53571,53581,53591,53600,53610,53620]",,,,,,,,,,,,,,,,,,,,,,,,,0,0.0,false,,,,,,,,,,
15,sset_15/tracknet-stride-8,detected_ckn_opencv_consensus,251,53625,54007,382,"[53644,53682,53720,53758,53796,53835,53873,53911,53949,53987]",model,174.273193359375,101.4493408203125,332.91131591796875,101.09220886230469,391.0346984863281,263.49847412109375,118.15763854980469,264.43951416015625,0.3018450140953064,0.28382086753845215,0.3996894955635071,0.35786551237106323,model,model,model,model,,,,,,,,379,0.9921465968586387,true,0.08544606347729873,false,174.273193359375,101.4493408203125,332.91131591796875,101.09220886230469,391.0346984863281,263.49847412109375,118.15763854980469,264.43951416015625
15,sset_15/tracknet-stride-8,detected_ckn_opencv_consensus,252,54007,54070,63,"[54010,54016,54022,54029,54035,54041,54047,54054,54060,54066]",,,,,,,,,,,,,,,,,,,,,,,,,0,0.0,false,,,,,,,,,,
15,sset_15/tracknet-stride-8,detected_ckn_opencv_consensus,253,54070,54110,40,"[54072,54076,54080,54084,54088,54092,54096,54100,54104,54108]",,,,,,,,,,,,,,,,,,,,,,,,,0,0.0,false,,,,,,,,,,
15,sset_15/tracknet-stride-8,detected_ckn_opencv_consensus,254,54110,54328,218,"[54120,54142,54164,54186,54208,54229,54251,54273,54295,54317]",,,,,,,,,,,,,,,,,,,,,,,,,0,0.0,false,,,,,,,,,,
15,sset_15/tracknet-stride-8,detected_ckn_opencv_consensus,255,54328,54556,228,"[54339,54362,54385,54407,54430,54453,54476,54499,54521,54544]",,,,,,,,,,,,,,,,,,,,,,,,,0,0.0,false,,,,,,,,,,
15,sset_15/tracknet-stride-8,detected_ckn_opencv_consensus,256,54556,54875,319,"[54571,54603,54635,54667,54699,54731,54763,54795,54827,54859]",,,,,,,,,,,,,,,,,,,,,,,,,0,0.0,false,,,,,,,,,,
15,sset_15/tracknet-stride-8,detected_ckn_opencv_consensus,257,54875,55199,324,"[54891,54923,54956,54988,55020,55053,55085,55118,55150,55182]",,,,,,,,,,,,,,,,,,,,,,,,,0,0.0,false,,,,,,,,,,
15,sset_15/tracknet-stride-8,detected_ckn_opencv_consensus,258,55199,55292,93,"[55203,55212,55222,55231,55240,55250,55259,55268,55278,55287]",,,,,,,,,,,,,,,,,,,,,,,,,0,0.0,false,,,,,,,,,,
15,sset_15/tracknet-stride-8,detected_ckn_opencv_consensus,259,55292,55430,138,"[55298,55312,55326,55340,55354,55367,55381,55395,55409,55423]",model,174.3455352783203,101.46310424804688,332.9886169433594,101.14889526367188,390.9900207519531,263.50677490234375,118.16401672363281,264.40777587890625,0.3085499405860901,0.32521724700927734,0.4015907645225525,0.35411834716796875,model,model,model,model,,,,,,,,138,1.0,true,0.10331852899025666,false,174.3455352783203,101.46310424804688,332.9886169433594,101.14889526367188,390.9900207519531,263.50677490234375,118.16401672363281,264.40777587890625
15,sset_15/tracknet-stride-8,detected_ckn_opencv_consensus,260,55430,55573,143,"[55437,55451,55465,55480,55494,55508,55522,55537,55551,55565]",,,,,,,,,,,,,,,,,,,,,,,,,0,0.0,false,,,,,,,,,,
15,sset_15/tracknet-stride-8,detected_ckn_opencv_consensus,261,55573,55707,134,"[55579,55593,55606,55619,55633,55646,55660,55673,55686,55700]",model,131.61007690429688,99.5200424194336,372.61981201171875,102.3825454711914,427.2581481933594,300.49920654296875,77.04216766357422,293.14501953125,0.24481460452079773,0.30989906191825867,0.11156505346298218,0.10805099457502365,model,model,model,model,,,,,,,,85,0.6343283582089553,true,51.76564709283109,false,131.61007690429688,99.5200424194336,372.61981201171875,102.3825454711914,427.2581481933594,300.49920654296875,77.04216766357422,293.14501953125
15,sset_15/tracknet-stride-8,detected_ckn_opencv_consensus,262,55707,56059,352,"[55724,55759,55795,55830,55865,55900,55935,55971,56006,56041]",,,,,,,,,,,,,,,,,,,,,,,,,0,0.0,false,,,,,,,,,,
15,sset_15/tracknet-stride-8,detected_ckn_opencv_consensus,263,56059,56246,187,"[56068,56087,56105,56124,56143,56161,56180,56199,56217,56236]",model,174.32464599609375,101.32395935058594,332.93792724609375,101.1368637084961,391.1123352050781,263.4975891113281,118.16032409667969,264.4659423828125,0.3122473359107971,0.3096883296966553,0.36903372406959534,0.3561592400074005,model,model,model,model,,,,,,,,183,0.9786096256684492,true,0.07858980017704023,false,174.32464599609375,101.32395935058594,332.93792724609375,101.1368637084961,391.1123352050781,263.4975891113281,118.16032409667969,264.4659423828125
15,sset_15/tracknet-stride-8,detected_ckn_opencv_consensus,264,56246,56320,74,"[56249,56257,56264,56271,56279,56286,56294,56301,56308,56316]",,,,,,,,,,,,,,,,,,,,,,,,,0,0.0,false,,,,,,,,,,
15,sset_15/tracknet-stride-8,detected_ckn_opencv_consensus,265,56320,56415,95,"[56324,56334,56343,56353,56362,56372,56381,56391,56400,56410]",,,,,,,,,,,,,,,,,,,,,,,,,0,0.0,false,,,,,,,,,,
15,sset_15/tracknet-stride-8,detected_ckn_opencv_consensus,266,56415,56592,177,"[56423,56441,56459,56476,56494,56512,56530,56547,56565,56583]",,,,,,,,,,,,,,,,,,,,,,,,,0,0.0,false,,,,,,,,,,
15,sset_15/tracknet-stride-8,detected_ckn_opencv_consensus,267,56592,56698,106,"[56597,56607,56618,56629,56639,56650,56660,56671,56682,56692]",,,,,,,,,,,,,,,,,,,,,,,,,0,0.0,false,,,,,,,,,,
15,sset_15/tracknet-stride-8,detected_ckn_opencv_consensus,268,56698,56812,114,"[56703,56715,56726,56737,56749,56760,56772,56783,56794,56806]",model,174.39486694335938,101.36366271972656,332.89697265625,101.16659545898438,391.0049743652344,263.551513671875,118.13330078125,264.4648742675781,0.30852025747299194,0.32310599088668823,0.3949478268623352,0.3596121370792389,model,model,model,model,,,,,,,,114,1.0,true,0.07343407062772207,false,174.39486694335938,101.36366271972656,332.89697265625,101.16659545898438,391.0049743652344,263.551513671875,118.13330078125,264.4648742675781
15,sset_15/tracknet-stride-8,detected_ckn_opencv_consensus,269,56812,56989,177,"[56820,56838,56856,56873,56891,56909,56927,56944,56962,56980]",,,,,,,,,,,,,,,,,,,,,,,,,0,0.0,false,,,,,,,,,,
15,sset_15/tracknet-stride-8,detected_ckn_opencv_consensus,270,56989,57180,191,"[56998,57017,57036,57055,57074,57094,57113,57132,57151,57170]",model,115.29472351074219,98.72880554199219,347.83935546875,100.67569732666016,398.9534912109375,298.77471923828125,64.5655517578125,293.57073974609375,0.09824903309345245,0.13736848533153534,0.2177470624446869,0.023091120645403862,model,model,model,model,,,,,,,,82,0.4293193717277487,false,,,,,,,,,,
15,sset_15/tracknet-stride-8,detected_ckn_opencv_consensus,271,57180,57256,76,"[57183,57191,57199,57206,57214,57221,57229,57237,57244,57252]",,,,,,,,,,,,,,,,,,,,,,,,,0,0.0,false,,,,,,,,,,
15,sset_15/tracknet-stride-8,detected_ckn_opencv_consensus,272,57256,57523,267,"[57269,57296,57322,57349,57376,57402,57429,57456,57482,57509]",,,,,,,,,,,,,,,,,,,,,,,,,0,0.0,false,,,,,,,,,,
15,sset_15/tracknet-stride-8,detected_ckn_opencv_consensus,273,57523,57748,225,"[57534,57556,57579,57601,57624,57646,57669,57691,57714,57736]",,,,,,,,,,,,,,,,,,,,,,,,,0,0.0,false,,,,,,,,,,
15,sset_15/tracknet-stride-8,detected_ckn_opencv_consensus,274,57748,57921,173,"[57756,57773,57791,57808,57825,57843,57860,57877,57895,57912]",,,,,,,,,,,,,,,,,,,,,,,,,0,0.0,false,,,,,,,,,,
15,sset_15/tracknet-stride-8,detected_ckn_opencv_consensus,275,57921,58028,107,"[57926,57937,57947,57958,57969,57979,57990,58001,58011,58022]",,,,,,,,,,,,,,,,,,,,,,,,,0,0.0,false,,,,,,,,,,
15,sset_15/tracknet-stride-8,detected_ckn_opencv_consensus,276,58028,58138,110,"[58033,58044,58055,58066,58077,58088,58099,58110,58121,58132]",,,,,,,,,,,,,,,,,,,,,,,,,0,0.0,false,,,,,,,,,,
15,sset_15/tracknet-stride-8,detected_ckn_opencv_consensus,277,58138,58168,30,"[58139,58142,58145,58148,58151,58154,58157,58160,58163,58166]",,,,,,,,,,,,,,,,,,,,,,,,,0,0.0,false,,,,,,,,,,
15,sset_15/tracknet-stride-8,detected_ckn_opencv_consensus,278,58168,58312,144,"[58175,58189,58204,58218,58232,58247,58261,58276,58290,58304]",model,174.30035400390625,101.3753662109375,332.88043212890625,101.12326049804688,391.0201416015625,263.52203369140625,118.15269470214844,264.4725341796875,0.3064687252044678,0.32211339473724365,0.4013991355895996,0.3545264005661011,model,model,model,model,,,,,,,,144,1.0,true,0.03573856805267951,false,174.30035400390625,101.3753662109375,332.88043212890625,101.12326049804688,391.0201416015625,263.52203369140625,118.15269470214844,264.4725341796875
15,sset_15/tracknet-stride-8,detected_ckn_opencv_consensus,279,58312,58347,35,"[58313,58317,58320,58324,58327,58331,58334,58338,58341,58345]",,,,,,,,,,,,,,,,,,,,,,,,,0,0.0,false,,,,,,,,,,
15,sset_15/tracknet-stride-8,detected_ckn_opencv_consensus,280,58347,58508,161,"[58355,58371,58387,58403,58419,58435,58451,58467,58483,58499]",,,,,,,,,,,,,,,,,,,,,,,,,0,0.0,false,,,,,,,,,,
15,sset_15/tracknet-stride-8,detected_ckn_opencv_consensus,281,58508,58941,433,"[58529,58572,58616,58659,58702,58746,58789,58832,58876,58919]",,,,,,,,,,,,,,,,,,,,,,,,,0,0.0,false,,,,,,,,,,
15,sset_15/tracknet-stride-8,detected_ckn_opencv_consensus,282,58941,59245,304,"[58956,58986,59017,59047,59077,59108,59138,59169,59199,59229]",,,,,,,,,,,,,,,,,,,,,,,,,0,0.0,false,,,,,,,,,,
15,sset_15/tracknet-stride-8,detected_ckn_opencv_consensus,283,59245,59979,734,"[59281,59355,59428,59501,59575,59648,59722,59795,59868,59942]",model,174.30181884765625,101.40022277832031,332.905517578125,101.07974243164062,391.0368957519531,263.5277099609375,118.17822265625,264.43780517578125,0.3034932017326355,0.3050177991390228,0.3930152654647827,0.3581187129020691,model,model,model,model,,,,,,,,727,0.9904632152588556,true,0.04845323172560289,false,174.30181884765625,101.40022277832031,332.905517578125,101.07974243164062,391.0368957519531,263.5277099609375,118.17822265625,264.43780517578125
15,sset_15/tracknet-stride-8,detected_ckn_opencv_consensus,284,59979,60022,43,"[59981,59985,59989,59994,59998,60002,60006,60011,60015,60019]",,,,,,,,,,,,,,,,,,,,,,,,,0,0.0,false,,,,,,,,,,
15,sset_15/tracknet-stride-8,detected_ckn_opencv_consensus,285,60022,60193,171,"[60030,60047,60064,60081,60098,60116,60133,60150,60167,60184]",,,,,,,,,,,,,,,,,,,,,,,,,0,0.0,false,,,,,,,,,,
15,sset_15/tracknet-stride-8,detected_ckn_opencv_consensus,286,60193,60568,375,"[60211,60249,60286,60324,60361,60399,60436,60474,60511,60549]",,,,,,,,,,,,,,,,,,,,,,,,,0,0.0,false,,,,,,,,,,
15,sset_15/tracknet-stride-8,detected_ckn_opencv_consensus,287,60568,60794,226,"[60579,60601,60624,60647,60669,60692,60714,60737,60760,60782]",,,,,,,,,,,,,,,,,,,,,,,,,0,0.0,false,,,,,,,,,,
15,sset_15/tracknet-stride-8,detected_ckn_opencv_consensus,288,60794,61127,333,"[60810,60843,60877,60910,60943,60977,61010,61043,61077,61110]",,,,,,,,,,,,,,,,,,,,,,,,,0,0.0,false,,,,,,,,,,
15,sset_15/tracknet-stride-8,detected_ckn_opencv_consensus,289,61127,61485,358,"[61144,61180,61216,61252,61288,61323,61359,61395,61431,61467]",,,,,,,,,,,,,,,,,,,,,,,,,0,0.0,false,,,,,,,,,,
15,sset_15/tracknet-stride-8,detected_ckn_opencv_consensus,290,61485,61660,175,"[61493,61511,61528,61546,61563,61581,61598,61616,61633,61651]",model,174.3533477783203,101.33175659179688,332.890380859375,101.11669921875,391.0199890136719,263.5186767578125,118.13922119140625,264.4700927734375,0.31142866611480713,0.32834291458129883,0.40205061435699463,0.3565056324005127,model,model,model,model,,,,,,,,169,0.9657142857142857,true,0.056945028151599214,false,174.3533477783203,101.33175659179688,332.890380859375,101.11669921875,391.0199890136719,263.5186767578125,118.13922119140625,264.4700927734375
15,sset_15/tracknet-stride-8,detected_ckn_opencv_consensus,291,61660,61764,104,"[61665,61675,61686,61696,61706,61717,61727,61738,61748,61758]",,,,,,,,,,,,,,,,,,,,,,,,,0,0.0,false,,,,,,,,,,
15,sset_15/tracknet-stride-8,detected_ckn_opencv_consensus,292,61764,61909,145,"[61771,61785,61800,61814,61829,61843,61858,61872,61887,61901]",,,,,,,,,,,,,,,,,,,,,,,,,0,0.0,false,,,,,,,,,,
15,sset_15/tracknet-stride-8,detected_ckn_opencv_consensus,293,61909,62073,164,"[61917,61933,61950,61966,61982,61999,62015,62032,62048,62064]",,,,,,,,,,,,,,,,,,,,,,,,,0,0.0,false,,,,,,,,,,
15,sset_15/tracknet-stride-8,detected_ckn_opencv_consensus,294,62073,62217,144,"[62080,62094,62109,62123,62137,62152,62166,62181,62195,62209]",,,,,,,,,,,,,,,,,,,,,,,,,0,0.0,false,,,,,,,,,,
15,sset_15/tracknet-stride-8,detected_ckn_opencv_consensus,295,62217,62610,393,"[62236,62275,62315,62354,62393,62433,62472,62511,62551,62590]",model,174.33541870117188,101.37400817871094,332.9197998046875,101.09950256347656,391.0238342285156,263.50811767578125,118.15896606445312,264.4697265625,0.3055703938007355,0.33143705129623413,0.3987002968788147,0.3561106324195862,model,model,model,model,,,,,,,,389,0.989821882951654,true,0.019525020693761042,false,174.33541870117188,101.37400817871094,332.9197998046875,101.09950256347656,391.0238342285156,263.50811767578125,118.15896606445312,264.4697265625
15,sset_15/tracknet-stride-8,detected_ckn_opencv_consensus,296,62610,62821,211,"[62620,62641,62662,62683,62704,62726,62747,62768,62789,62810]",,,,,,,,,,,,,,,,,,,,,,,,,0,0.0,false,,,,,,,,,,
15,sset_15/tracknet-stride-8,detected_ckn_opencv_consensus,297,62821,63329,508,"[62846,62897,62948,62998,63049,63100,63151,63202,63252,63303]",,,,,,,,,,,,,,,,,,,,,,,,,0,0.0,false,,,,,,,,,,
15,sset_15/tracknet-stride-8,detected_ckn_opencv_consensus,298,63329,63906,577,"[63357,63415,63473,63530,63588,63646,63704,63761,63819,63877]",,,,,,,,,,,,,,,,,,,,,,,,,0,0.0,false,,,,,,,,,,
15,sset_15/tracknet-stride-8,detected_ckn_opencv_consensus,299,63906,64649,743,"[63943,64017,64091,64166,64240,64314,64388,64463,64537,64611]",,,,,,,,,,,,,,,,,,,,,,,,,0,0.0,false,,,,,,,,,,
15,sset_15/tracknet-stride-8,detected_ckn_opencv_consensus,300,64649,65071,422,"[64670,64712,64754,64796,64838,64881,64923,64965,65007,65049]",,,,,,,,,,,,,,,,,,,,,,,,,0,0.0,false,,,,,,,,,,
15,sset_15/tracknet-stride-8,detected_ckn_opencv_consensus,301,65071,65325,254,"[65083,65109,65134,65159,65185,65210,65236,65261,65286,65312]",,,,,,,,,,,,,,,,,,,,,,,,,0,0.0,false,,,,,,,,,,
15,sset_15/tracknet-stride-8,detected_ckn_opencv_consensus,302,65325,65590,265,"[65338,65364,65391,65417,65444,65470,65497,65523,65550,65576]",,,,,,,,,,,,,,,,,,,,,,,,,0,0.0,false,,,,,,,,,,
15,sset_15/tracknet-stride-8,detected_ckn_opencv_consensus,303,65590,65665,75,"[65593,65601,65608,65616,65623,65631,65638,65646,65653,65661]",,,,,,,,,,,,,,,,,,,,,,,,,0,0.0,false,,,,,,,,,,
15,sset_15/tracknet-stride-8,detected_ckn_opencv_consensus,304,65665,65831,166,"[65673,65689,65706,65723,65739,65756,65772,65789,65806,65822]",,,,,,,,,,,,,,,,,,,,,,,,,0,0.0,false,,,,,,,,,,
15,sset_15/tracknet-stride-8,detected_ckn_opencv_consensus,305,65831,65946,115,"[65836,65848,65859,65871,65882,65894,65905,65917,65928,65940]",,,,,,,,,,,,,,,,,,,,,,,,,0,0.0,false,,,,,,,,,,
15,sset_15/tracknet-stride-8,detected_ckn_opencv_consensus,306,65946,66055,109,"[65951,65962,65973,65984,65995,66005,66016,66027,66038,66049]",,,,,,,,,,,,,,,,,,,,,,,,,0,0.0,false,,,,,,,,,,
15,sset_15/tracknet-stride-8,detected_ckn_opencv_consensus,307,66055,66510,455,"[66077,66123,66168,66214,66259,66305,66350,66396,66441,66487]",model,174.3133544921875,101.47322082519531,332.90972900390625,101.14666748046875,391.0688171386719,263.5422058105469,118.13545227050781,264.5047607421875,0.3008216619491577,0.31927064061164856,0.379402756690979,0.3630499243736267,model,model,model,model,,,,,,,,450,0.989010989010989,true,0.09362016887218796,false,174.3133544921875,101.47322082519531,332.90972900390625,101.14666748046875,391.0688171386719,263.5422058105469,118.13545227050781,264.5047607421875
15,sset_15/tracknet-stride-8,detected_ckn_opencv_consensus,308,66510,66656,146,"[66517,66531,66546,66561,66575,66590,66604,66619,66634,66648]",,,,,,,,,,,,,,,,,,,,,,,,,0,0.0,false,,,,,,,,,,
15,sset_15/tracknet-stride-8,detected_ckn_opencv_consensus,309,66656,66697,41,"[66658,66662,66666,66670,66674,66678,66682,66686,66690,66694]",,,,,,,,,,,,,,,,,,,,,,,,,0,0.0,false,,,,,,,,,,
15,sset_15/tracknet-stride-8,detected_ckn_opencv_consensus,310,66697,66831,134,"[66703,66717,66730,66743,66757,66770,66784,66797,66810,66824]",,,,,,,,,,,,,,,,,,,,,,,,,0,0.0,false,,,,,,,,,,
15,sset_15/tracknet-stride-8,detected_ckn_opencv_consensus,311,66831,67016,185,"[66840,66858,66877,66895,66914,66932,66951,66969,66988,67006]",,,,,,,,,,,,,,,,,,,,,,,,,0,0.0,false,,,,,,,,,,
15,sset_15/tracknet-stride-8,detected_ckn_opencv_consensus,312,67016,67149,133,"[67022,67035,67049,67062,67075,67089,67102,67115,67129,67142]",,,,,,,,,,,,,,,,,,,,,,,,,0,0.0,false,,,,,,,,,,
15,sset_15/tracknet-stride-8,detected_ckn_opencv_consensus,313,67149,67210,61,"[67152,67158,67164,67170,67176,67182,67188,67194,67200,67206]",,,,,,,,,,,,,,,,,,,,,,,,,0,0.0,false,,,,,,,,,,
15,sset_15/tracknet-stride-8,detected_ckn_opencv_consensus,314,67210,67363,153,"[67217,67232,67248,67263,67278,67294,67309,67324,67340,67355]",model,174.41543579101562,101.29296875,332.88555908203125,101.0468521118164,391.0288391113281,263.5200500488281,118.18467712402344,264.4749755859375,0.30141305923461914,0.3290308117866516,0.3899041414260864,0.3696390390396118,model,model,model,model,,,,,,,,150,0.9803921568627451,true,0.12682912718829165,false,174.41543579101562,101.29296875,332.88555908203125,101.0468521118164,391.0288391113281,263.5200500488281,118.18467712402344,264.4749755859375
15,sset_15/tracknet-stride-8,detected_ckn_opencv_consensus,315,67363,67632,269,"[67376,67403,67430,67457,67484,67510,67537,67564,67591,67618]",,,,,,,,,,,,,,,,,,,,,,,,,0,0.0,false,,,,,,,,,,
15,sset_15/tracknet-stride-8,detected_ckn_opencv_consensus,316,67632,67718,86,"[67636,67644,67653,67662,67670,67679,67687,67696,67705,67713]",,,,,,,,,,,,,,,,,,,,,,,,,0,0.0,false,,,,,,,,,,
15,sset_15/tracknet-stride-8,detected_ckn_opencv_consensus,317,67718,67743,25,"[67719,67721,67724,67726,67729,67731,67734,67736,67739,67741]",,,,,,,,,,,,,,,,,,,,,,,,,0,0.0,false,,,,,,,,,,
15,sset_15/tracknet-stride-8,detected_ckn_opencv_consensus,318,67743,67866,123,"[67749,67761,67773,67786,67798,67810,67822,67835,67847,67859]",model,174.30824279785156,101.4139633178711,332.92486572265625,101.18941497802734,391.0372314453125,263.47088623046875,118.16704559326172,264.5280456542969,0.3029572069644928,0.29336944222450256,0.3936670124530792,0.37361037731170654,model,model,model,model,,,,,,,,120,0.975609756097561,true,0.09827844484705164,false,174.30824279785156,101.4139633178711,332.92486572265625,101.18941497802734,391.0372314453125,263.47088623046875,118.16704559326172,264.5280456542969
15,sset_15/tracknet-stride-8,detected_ckn_opencv_consensus,319,67866,68008,142,"[67873,67887,67901,67915,67929,67944,67958,67972,67986,68000]",,,,,,,,,,,,,,,,,,,,,,,,,0,0.0,false,,,,,,,,,,
15,sset_15/tracknet-stride-8,detected_ckn_opencv_consensus,320,68008,68150,142,"[68015,68029,68043,68057,68071,68086,68100,68114,68128,68142]",model,130.89480590820312,84.76872253417969,374.3007507324219,87.83027648925781,431.3201599121094,299.654052734375,71.8875961303711,291.73980712890625,0.3524610996246338,0.2007196545600891,0.10065603256225586,0.15232743322849274,model,model,model,model,,,,,,,,140,0.9859154929577465,true,54.117031646738724,false,130.89480590820312,84.76872253417969,374.3007507324219,87.83027648925781,431.3201599121094,299.654052734375,71.8875961303711,291.73980712890625
15,sset_15/tracknet-stride-8,detected_ckn_opencv_consensus,321,68150,68265,115,"[68155,68167,68178,68190,68201,68213,68224,68236,68247,68259]",,,,,,,,,,,,,,,,,,,,,,,,,0,0.0,false,,,,,,,,,,
15,sset_15/tracknet-stride-8,detected_ckn_opencv_consensus,322,68265,68467,202,"[68275,68295,68315,68335,68355,68376,68396,68416,68436,68456]",model,174.35845947265625,101.3799819946289,332.9222106933594,101.08370971679688,391.0246276855469,263.5028076171875,118.14332580566406,264.50128173828125,0.3072231411933899,0.3098187744617462,0.3957056701183319,0.34985166788101196,model,model,model,model,,,,,,,,192,0.9504950495049505,true,0.03515656478562094,false,174.35845947265625,101.3799819946289,332.9222106933594,101.08370971679688,391.0246276855469,263.5028076171875,118.14332580566406,264.50128173828125
15,sset_15/tracknet-stride-8,detected_ckn_opencv_consensus,323,68467,68560,93,"[68471,68480,68490,68499,68508,68518,68527,68536,68546,68555]",,,,,,,,,,,,,,,,,,,,,,,,,0,0.0,false,,,,,,,,,,
15,sset_15/tracknet-stride-8,detected_ckn_opencv_consensus,324,68560,68654,94,"[68564,68574,68583,68592,68602,68611,68621,68630,68639,68649]",,,,,,,,,,,,,,,,,,,,,,,,,0,0.0,false,,,,,,,,,,
15,sset_15/tracknet-stride-8,detected_ckn_opencv_consensus,325,68654,68961,307,"[68669,68700,68730,68761,68792,68822,68853,68884,68914,68945]",,,,,,,,,,,,,,,,,,,,,,,,,0,0.0,false,,,,,,,,,,
15,sset_15/tracknet-stride-8,detected_ckn_opencv_consensus,326,68961,69393,432,"[68982,69025,69069,69112,69155,69198,69241,69285,69328,69371]",model,174.323486328125,101.42820739746094,332.90625,101.12601470947266,391.03802490234375,263.5128173828125,118.1451416015625,264.50164794921875,0.30747631192207336,0.3145548701286316,0.3907740116119385,0.35632628202438354,model,model,model,model,,,,,,,,422,0.9768518518518519,true,0.04807697832670757,false,174.323486328125,101.42820739746094,332.90625,101.12601470947266,391.03802490234375,263.5128173828125,118.1451416015625,264.50164794921875
15,sset_15/tracknet-stride-8,detected_ckn_opencv_consensus,327,69393,69537,144,"[69400,69414,69429,69443,69457,69472,69486,69501,69515,69529]",,,,,,,,,,,,,,,,,,,,,,,,,0,0.0,false,,,,,,,,,,
15,sset_15/tracknet-stride-8,detected_ckn_opencv_consensus,328,69537,69699,162,"[69545,69561,69577,69593,69609,69626,69642,69658,69674,69690]",,,,,,,,,,,,,,,,,,,,,,,,,0,0.0,false,,,,,,,,,,
15,sset_15/tracknet-stride-8,detected_ckn_opencv_consensus,329,69699,69840,141,"[69706,69720,69734,69748,69762,69776,69790,69804,69818,69832]",,,,,,,,,,,,,,,,,,,,,,,,,0,0.0,false,,,,,,,,,,
15,sset_15/tracknet-stride-8,detected_ckn_opencv_consensus,330,69840,70046,206,"[69850,69870,69891,69912,69932,69953,69973,69994,70015,70035]",fallback,104.05819702148438,20.862777709960938,173.2311248779297,6.53037691116333,400.2734375,216.7312469482422,107.2470703125,140.3062286376953,0.0054165758192539215,0.002240827539935708,0.09626051038503647,0.03372254967689514,fallback,fallback,model,model,5.800390851864396,2.9530626128144513,0.009873981977043034,0.005026986587746446,8,14,17.615695988958123,10,0.04854368932038835,false,,,,,,,,,,
15,sset_15/tracknet-stride-8,detected_ckn_opencv_consensus,331,70046,70330,284,"[70060,70088,70117,70145,70173,70202,70230,70259,70287,70315]",,,,,,,,,,,,,,,,,,,,,,,,,0,0.0,false,,,,,,,,,,
15,sset_15/tracknet-stride-8,detected_ckn_opencv_consensus,332,70330,70521,191,"[70339,70358,70377,70396,70415,70435,70454,70473,70492,70511]",,,,,,,,,,,,,,,,,,,,,,,,,0,0.0,false,,,,,,,,,,
15,sset_15/tracknet-stride-8,detected_ckn_opencv_consensus,333,70521,70630,109,"[70526,70537,70548,70559,70570,70580,70591,70602,70613,70624]",,,,,,,,,,,,,,,,,,,,,,,,,0,0.0,false,,,,,,,,,,
15,sset_15/tracknet-stride-8,detected_ckn_opencv_consensus,334,70630,70838,208,"[70640,70661,70682,70702,70723,70744,70765,70786,70806,70827]",model,174.3656005859375,101.37905883789062,332.9276123046875,101.07453918457031,391.05584716796875,263.50616455078125,118.17660522460938,264.49810791015625,0.31756147742271423,0.3174474239349365,0.406857967376709,0.35707995295524597,model,model,model,model,,,,,,,,203,0.9759615384615384,true,0.042310943907272774,false,174.3656005859375,101.37905883789062,332.9276123046875,101.07453918457031,391.05584716796875,263.50616455078125,118.17660522460938,264.49810791015625
15,sset_15/tracknet-stride-8,detected_ckn_opencv_consensus,335,70838,70962,124,"[70844,70856,70869,70881,70893,70906,70918,70931,70943,70955]",,,,,,,,,,,,,,,,,,,,,,,,,0,0.0,false,,,,,,,,,,
15,sset_15/tracknet-stride-8,detected_ckn_opencv_consensus,336,70962,71168,206,"[70972,70992,71013,71034,71054,71075,71095,71116,71137,71157]",,,,,,,,,,,,,,,,,,,,,,,,,0,0.0,false,,,,,,,,,,
15,sset_15/tracknet-stride-8,detected_ckn_opencv_consensus,337,71168,71350,182,"[71177,71195,71213,71231,71249,71268,71286,71304,71322,71340]",model,174.30502319335938,101.42640686035156,332.90966796875,101.10231018066406,391.0426025390625,263.54205322265625,118.157470703125,264.48291015625,0.3033335208892822,0.30889588594436646,0.39418596029281616,0.3649863600730896,model,model,model,model,,,,,,,,177,0.9725274725274725,true,0.04975576560434634,false,174.30502319335938,101.42640686035156,332.90966796875,101.10231018066406,391.0426025390625,263.54205322265625,118.157470703125,264.48291015625
15,sset_15/tracknet-stride-8,detected_ckn_opencv_consensus,338,71350,71456,106,"[71355,71365,71376,71387,71397,71408,71418,71429,71440,71450]",,,,,,,,,,,,,,,,,,,,,,,,,0,0.0,false,,,,,,,,,,
15,sset_15/tracknet-stride-8,detected_ckn_opencv_consensus,339,71456,71797,341,"[71473,71507,71541,71575,71609,71643,71677,71711,71745,71779]",,,,,,,,,,,,,,,,,,,,,,,,,0,0.0,false,,,,,,,,,,
15,sset_15/tracknet-stride-8,detected_ckn_opencv_consensus,340,71797,72028,231,"[71808,71831,71854,71877,71900,71924,71947,71970,71993,72016]",,,,,,,,,,,,,,,,,,,,,,,,,0,0.0,false,,,,,,,,,,
15,sset_15/tracknet-stride-8,detected_ckn_opencv_consensus,341,72028,72189,161,"[72036,72052,72068,72084,72100,72116,72132,72148,72164,72180]",,,,,,,,,,,,,,,,,,,,,,,,,0,0.0,false,,,,,,,,,,
15,sset_15/tracknet-stride-8,detected_ckn_opencv_consensus,342,72189,72352,163,"[72197,72213,72229,72246,72262,72278,72294,72311,72327,72343]",,,,,,,,,,,,,,,,,,,,,,,,,0,0.0,false,,,,,,,,,,
15,sset_15/tracknet-stride-8,detected_ckn_opencv_consensus,343,72352,72645,293,"[72366,72395,72425,72454,72483,72513,72542,72571,72601,72630]",model,174.3203125,101.42826843261719,332.89447021484375,101.1130599975586,391.0621032714844,263.5018310546875,118.15611267089844,264.4783020019531,0.3023749589920044,0.332506000995636,0.39235198497772217,0.3687899708747864,model,model,model,model,,,,,,,,292,0.9965870307167235,true,0.048230479926234075,false,174.3203125,101.42826843261719,332.89447021484375,101.1130599975586,391.0621032714844,263.5018310546875,118.15611267089844,264.4783020019531
15,sset_15/tracknet-stride-8,detected_ckn_opencv_consensus,344,72645,72780,135,"[72651,72665,72678,72692,72705,72719,72732,72746,72759,72773]",,,,,,,,,,,,,,,,,,,,,,,,,0,0.0,false,,,,,,,,,,
15,sset_15/tracknet-stride-8,detected_ckn_opencv_consensus,345,72780,73011,231,"[72791,72814,72837,72860,72883,72907,72930,72953,72976,72999]",model,147.9414520263672,96.23748779296875,463.0443115234375,110.13078308105469,480.67327880859375,303.95697021484375,44.207763671875,289.65496826171875,0.38421934843063354,0.1009177416563034,0.02271302044391632,0.29059919714927673,model,model,model,model,,,,,,,,158,0.683982683982684,true,130.45662731163293,true,174.32330322265625,101.38013076782227,332.9010467529297,101.09406661987305,391.03627014160156,263.51734924316406,118.14616394042969,264.47413635253906
15,sset_15/tracknet-stride-8,detected_ckn_opencv_consensus,346,73011,73255,244,"[73023,73047,73072,73096,73120,73145,73169,73194,73218,73242]",,,,,,,,,,,,,,,,,,,,,,,,,0,0.0,false,,,,,,,,,,
15,sset_15/tracknet-stride-8,detected_ckn_opencv_consensus,347,73255,73463,208,"[73265,73286,73307,73327,73348,73369,73390,73411,73431,73452]",model,174.36968994140625,101.35328674316406,332.9197692871094,101.1055908203125,391.0885009765625,263.532958984375,118.13800048828125,264.46875,0.3160870373249054,0.3050345182418823,0.38348260521888733,0.36146146059036255,model,model,model,model,,,,,,,,206,0.9903846153846154,true,0.054513522555317696,false,174.36968994140625,101.35328674316406,332.9197692871094,101.1055908203125,391.0885009765625,263.532958984375,118.13800048828125,264.46875
15,sset_15/tracknet-stride-8,detected_ckn_opencv_consensus,348,73463,73517,54,"[73465,73471,73476,73481,73487,73492,73498,73503,73508,73514]",fallback,98.0,16.0,555.0,16.0,458.75738525390625,177.85494995117188,100.67996215820312,222.2854766845703,0.004274163860827684,0.0028827006462961435,0.029779750853776932,0.070904940366745,fallback,fallback,model,model,5.568461996985153,5.5213540822397496e-06,0.00947917042183589,9.398978808365102e-09,10,26,16.652007721473865,0,0.0,false,,,,,,,,,,
15,sset_15/tracknet-stride-8,detected_ckn_opencv_consensus,349,73517,73603,86,"[73521,73529,73538,73547,73555,73564,73572,73581,73590,73598]",,,,,,,,,,,,,,,,,,,,,,,,,0,0.0,false,,,,,,,,,,
15,sset_15/tracknet-stride-8,detected_ckn_opencv_consensus,350,73603,73772,169,"[73611,73628,73645,73662,73679,73695,73712,73729,73746,73763]",model,172.1656036376953,88.63720703125,383.43621826171875,95.2503890991211,433.1297912597656,299.5374450683594,105.1545181274414,291.380126953125,0.3573229908943176,0.2681663930416107,0.10753515362739563,0.05347703397274017,model,model,model,model,,,,,,,,154,0.9112426035502958,true,55.40137023018092,true,174.32330322265625,101.38013076782227,332.9010467529297,101.09406661987305,391.03627014160156,263.51734924316406,118.14616394042969,264.47413635253906
15,sset_15/tracknet-stride-8,detected_ckn_opencv_consensus,351,73772,73914,142,"[73779,73793,73807,73821,73835,73850,73864,73878,73892,73906]",,,,,,,,,,,,,,,,,,,,,,,,,0,0.0,false,,,,,,,,,,
15,sset_15/tracknet-stride-8,detected_ckn_opencv_consensus,352,73914,74084,170,"[73922,73939,73956,73973,73990,74007,74024,74041,74058,74075]",model,174.31985473632812,101.44178771972656,332.93408203125,101.1705551147461,391.0677185058594,263.5343322753906,118.15145874023438,264.47296142578125,0.28405439853668213,0.36090365052223206,0.3857031464576721,0.36188504099845886,model,model,model,model,,,,,,,,170,1.0,true,0.08331758194789757,false,174.31985473632812,101.44178771972656,332.93408203125,101.1705551147461,391.0677185058594,263.5343322753906,118.15145874023438,264.47296142578125
15,sset_15/tracknet-stride-8,detected_ckn_opencv_consensus,353,74084,74243,159,"[74091,74107,74123,74139,74155,74171,74187,74203,74219,74235]",,,,,,,,,,,,,,,,,,,,,,,,,0,0.0,false,,,,,,,,,,
15,sset_15/tracknet-stride-8,detected_ckn_opencv_consensus,354,74243,74434,191,"[74252,74271,74290,74309,74328,74348,74367,74386,74405,74424]",model,113.7664794921875,69.02113342285156,346.115478515625,70.66484069824219,410.080078125,296.38897705078125,58.80511474609375,291.1885681152344,0.3133172392845154,0.277690052986145,0.2606891393661499,0.07735810428857803,model,model,model,model,,,,,,,,82,0.4293193717277487,false,,,,,,,,,,
15,sset_15/tracknet-stride-8,detected_ckn_opencv_consensus,355,74434,74556,122,"[74440,74452,74464,74476,74488,74501,74513,74525,74537,74549]",,,,,,,,,,,,,,,,,,,,,,,,,0,0.0,false,,,,,,,,,,
15,sset_15/tracknet-stride-8,detected_ckn_opencv_consensus,356,74556,75327,771,"[74594,74671,74748,74825,74902,74980,75057,75134,75211,75288]",model,174.31845092773438,101.41168212890625,332.86993408203125,101.10487365722656,391.023681640625,263.52935791015625,118.13294982910156,264.48095703125,0.3084876537322998,0.31536155939102173,0.3986423909664154,0.36023592948913574,model,model,model,model,,,,,,,,751,0.9740596627756161,true,0.032936155616506944,false,174.31845092773438,101.41168212890625,332.86993408203125,101.10487365722656,391.023681640625,263.52935791015625,118.13294982910156,264.48095703125
15,sset_15/tracknet-stride-8,detected_ckn_opencv_consensus,357,75327,75459,132,"[75333,75346,75360,75373,75386,75399,75412,75426,75439,75452]",,,,,,,,,,,,,,,,,,,,,,,,,0,0.0,false,,,,,,,,,,
15,sset_15/tracknet-stride-8,detected_ckn_opencv_consensus,358,75459,75688,229,"[75470,75493,75516,75539,75562,75584,75607,75630,75653,75676]",,,,,,,,,,,,,,,,,,,,,,,,,0,0.0,false,,,,,,,,,,
15,sset_15/tracknet-stride-8,detected_ckn_opencv_consensus,359,75688,75890,202,"[75698,75718,75738,75758,75778,75799,75819,75839,75859,75879]",,,,,,,,,,,,,,,,,,,,,,,,,0,0.0,false,,,,,,,,,,
15,sset_15/tracknet-stride-8,detected_ckn_opencv_consensus,360,75890,76092,202,"[75900,75920,75940,75960,75980,76001,76021,76041,76061,76081]",model,174.34637451171875,101.36805725097656,332.88616943359375,101.11490631103516,391.03167724609375,263.529052734375,118.13163757324219,264.478759765625,0.30502283573150635,0.30121147632598877,0.3933980166912079,0.3685733377933502,model,model,model,model,,,,,,,,200,0.9900990099009901,true,0.026039473651149503,false,174.34637451171875,101.36805725097656,332.88616943359375,101.11490631103516,391.03167724609375,263.529052734375,118.13163757324219,264.478759765625
15,sset_15/tracknet-stride-8,detected_ckn_opencv_consensus,361,76092,76193,101,"[76097,76107,76117,76127,76137,76147,76157,76167,76177,76187]",,,,,,,,,,,,,,,,,,,,,,,,,0,0.0,false,,,,,,,,,,
15,sset_15/tracknet-stride-8,detected_ckn_opencv_consensus,362,76193,76321,128,"[76199,76212,76225,76237,76250,76263,76276,76289,76301,76314]",,,,,,,,,,,,,,,,,,,,,,,,,0,0.0,false,,,,,,,,,,
15,sset_15/tracknet-stride-8,detected_ckn_opencv_consensus,363,76321,76680,359,"[76338,76374,76410,76446,76482,76518,76554,76590,76626,76662]",,,,,,,,,,,,,,,,,,,,,,,,,0,0.0,false,,,,,,,,,,
15,sset_15/tracknet-stride-8,detected_ckn_opencv_consensus,364,76680,76884,204,"[76690,76710,76731,76751,76771,76792,76812,76833,76853,76873]",,,,,,,,,,,,,,,,,,,,,,,,,0,0.0,false,,,,,,,,,,
15,sset_15/tracknet-stride-8,detected_ckn_opencv_consensus,365,76884,77011,127,"[76890,76903,76915,76928,76941,76953,76966,76979,76991,77004]",,,,,,,,,,,,,,,,,,,,,,,,,0,0.0,false,,,,,,,,,,
15,sset_15/tracknet-stride-8,detected_ckn_opencv_consensus,366,77011,77270,259,"[77023,77049,77075,77101,77127,77153,77179,77205,77231,77257]",model,174.2677001953125,101.46089172363281,332.8648681640625,101.16004943847656,391.082275390625,263.5176086425781,118.12196350097656,264.483154296875,0.3054158091545105,0.321466863155365,0.38942354917526245,0.3651523292064667,model,model,model,model,,,,,,,,170,0.6563706563706564,true,0.09805115314580913,false,174.2677001953125,101.46089172363281,332.8648681640625,101.16004943847656,391.082275390625,263.5176086425781,118.12196350097656,264.483154296875
15,sset_15/tracknet-stride-8,detected_ckn_opencv_consensus,367,77270,77377,107,"[77275,77286,77296,77307,77318,77328,77339,77350,77360,77371]",,,,,,,,,,,,,,,,,,,,,,,,,0,0.0,false,,,,,,,,,,
15,sset_15/tracknet-stride-8,detected_ckn_opencv_consensus,368,77377,77543,166,"[77385,77401,77418,77435,77451,77468,77484,77501,77518,77534]",,,,,,,,,,,,,,,,,,,,,,,,,0,0.0,false,,,,,,,,,,
15,sset_15/tracknet-stride-8,detected_ckn_opencv_consensus,369,77543,77636,93,"[77547,77556,77566,77575,77584,77594,77603,77612,77622,77631]",,,,,,,,,,,,,,,,,,,,,,,,,0,0.0,false,,,,,,,,,,
15,sset_15/tracknet-stride-8,detected_ckn_opencv_consensus,370,77636,77860,224,"[77647,77669,77692,77714,77736,77759,77781,77804,77826,77848]",,,,,,,,,,,,,,,,,,,,,,,,,0,0.0,false,,,,,,,,,,
15,sset_15/tracknet-stride-8,detected_ckn_opencv_consensus,371,77860,77912,52,"[77862,77867,77873,77878,77883,77888,77893,77899,77904,77909]",,,,,,,,,,,,,,,,,,,,,,,,,0,0.0,false,,,,,,,,,,
15,sset_15/tracknet-stride-8,detected_ckn_opencv_consensus,372,77912,78304,392,"[77931,77970,78010,78049,78088,78127,78166,78206,78245,78284]",model,174.34475708007812,101.34506225585938,332.91656494140625,101.09663391113281,391.0429382324219,263.49847412109375,118.14704895019531,264.513427734375,0.3089495301246643,0.3187243342399597,0.39022400975227356,0.35345888137817383,model,model,model,model,,,,,,,,374,0.9540816326530612,true,0.04111044307191962,false,174.34475708007812,101.34506225585938,332.91656494140625,101.09663391113281,391.0429382324219,263.49847412109375,118.14704895019531,264.513427734375
15,sset_15/tracknet-stride-8,detected_ckn_opencv_consensus,373,78304,78356,52,"[78306,78311,78317,78322,78327,78332,78337,78343,78348,78353]",,,,,,,,,,,,,,,,,,,,,,,,,0,0.0,false,,,,,,,,,,
15,sset_15/tracknet-stride-8,detected_ckn_opencv_consensus,374,78356,78500,144,"[78363,78377,78392,78406,78420,78435,78449,78464,78478,78492]",,,,,,,,,,,,,,,,,,,,,,,,,0,0.0,false,,,,,,,,,,
15,sset_15/tracknet-stride-8,detected_ckn_opencv_consensus,375,78500,78696,196,"[78509,78529,78549,78568,78588,78607,78627,78647,78666,78686]",,,,,,,,,,,,,,,,,,,,,,,,,0,0.0,false,,,,,,,,,,
15,sset_15/tracknet-stride-8,detected_ckn_opencv_consensus,376,78696,78921,225,"[78707,78729,78752,78774,78797,78819,78842,78864,78887,78909]",,,,,,,,,,,,,,,,,,,,,,,,,0,0.0,false,,,,,,,,,,
15,sset_15/tracknet-stride-8,detected_ckn_opencv_consensus,377,78921,78997,76,"[78924,78932,78940,78947,78955,78962,78970,78978,78985,78993]",,,,,,,,,,,,,,,,,,,,,,,,,0,0.0,false,,,,,,,,,,
15,sset_15/tracknet-stride-8,detected_ckn_opencv_consensus,378,78997,79145,148,"[79004,79019,79034,79048,79063,79078,79093,79108,79122,79137]",,,,,,,,,,,,,,,,,,,,,,,,,0,0.0,false,,,,,,,,,,
15,sset_15/tracknet-stride-8,detected_ckn_opencv_consensus,379,79145,79232,87,"[79149,79158,79166,79175,79184,79192,79201,79210,79218,79227]",,,,,,,,,,,,,,,,,,,,,,,,,0,0.0,false,,,,,,,,,,
15,sset_15/tracknet-stride-8,detected_ckn_opencv_consensus,380,79232,79384,152,"[79239,79254,79270,79285,79300,79315,79330,79346,79361,79376]",,,,,,,,,,,,,,,,,,,,,,,,,0,0.0,false,,,,,,,,,,
15,sset_15/tracknet-stride-8,detected_ckn_opencv_consensus,381,79384,79554,170,"[79392,79409,79426,79443,79460,79477,79494,79511,79528,79545]",,,,,,,,,,,,,,,,,,,,,,,,,0,0.0,false,,,,,,,,,,
15,sset_15/tracknet-stride-8,detected_ckn_opencv_consensus,382,79554,79687,133,"[79560,79573,79587,79600,79613,79627,79640,79653,79667,79680]",,,,,,,,,,,,,,,,,,,,,,,,,0,0.0,false,,,,,,,,,,
15,sset_15/tracknet-stride-8,detected_ckn_opencv_consensus,383,79687,80009,322,"[79703,79735,79767,79799,79831,79864,79896,79928,79960,79992]",model,174.3231201171875,101.41355895996094,332.929931640625,101.15487670898438,391.06622314453125,263.5126953125,118.15777587890625,264.50067138671875,0.30951759219169617,0.3338330388069153,0.39683425426483154,0.3629886507987976,model,model,model,model,,,,,,,,321,0.9968944099378882,true,0.06732164343581107,false,174.3231201171875,101.41355895996094,332.929931640625,101.15487670898438,391.06622314453125,263.5126953125,118.15777587890625,264.50067138671875
15,sset_15/tracknet-stride-8,detected_ckn_opencv_consensus,384,80009,80050,41,"[80011,80015,80019,80023,80027,80031,80035,80039,80043,80047]",,,,,,,,,,,,,,,,,,,,,,,,,0,0.0,false,,,,,,,,,,
15,sset_15/tracknet-stride-8,detected_ckn_opencv_consensus,385,80050,80165,115,"[80055,80067,80078,80090,80101,80113,80124,80136,80147,80159]",,,,,,,,,,,,,,,,,,,,,,,,,0,0.0,false,,,,,,,,,,
15,sset_15/tracknet-stride-8,detected_ckn_opencv_consensus,386,80165,80342,177,"[80173,80191,80209,80226,80244,80262,80280,80297,80315,80333]",,,,,,,,,,,,,,,,,,,,,,,,,0,0.0,false,,,,,,,,,,
15,sset_15/tracknet-stride-8,detected_ckn_opencv_consensus,387,80342,80480,138,"[80348,80362,80376,80390,80404,80417,80431,80445,80459,80473]",,,,,,,,,,,,,,,,,,,,,,,,,0,0.0,false,,,,,,,,,,
15,sset_15/tracknet-stride-8,detected_ckn_opencv_consensus,388,80480,80499,19,"[80480,80482,80484,80486,80488,80490,80492,80494,80496,80498]",,,,,,,,,,,,,,,,,,,,,,,,,0,0.0,false,,,,,,,,,,
15,sset_15/tracknet-stride-8,detected_ckn_opencv_consensus,389,80499,80810,311,"[80514,80545,80576,80607,80638,80670,80701,80732,80763,80794]",,,,,,,,,,,,,,,,,,,,,,,,,0,0.0,false,,,,,,,,,,
15,sset_15/tracknet-stride-8,detected_ckn_opencv_consensus,390,80810,80994,184,"[80819,80837,80856,80874,80892,80911,80929,80948,80966,80984]",,,,,,,,,,,,,,,,,,,,,,,,,0,0.0,false,,,,,,,,,,
15,sset_15/tracknet-stride-8,detected_ckn_opencv_consensus,391,80994,81276,282,"[81008,81036,81064,81092,81120,81149,81177,81205,81233,81261]",model,174.3137664794922,101.4448013305664,332.846435546875,101.1304702758789,391.0205078125,263.5126953125,118.10447692871094,264.50482177734375,0.3018413782119751,0.30135226249694824,0.40532079339027405,0.35444024205207825,model,model,model,model,,,,,,,,269,0.9539007092198581,true,0.06563238527846202,false,174.3137664794922,101.4448013305664,332.846435546875,101.1304702758789,391.0205078125,263.5126953125,118.10447692871094,264.50482177734375
15,sset_15/tracknet-stride-8,detected_ckn_opencv_consensus,392,81276,81421,145,"[81283,81297,81312,81326,81341,81355,81370,81384,81399,81413]",,,,,,,,,,,,,,,,,,,,,,,,,0,0.0,false,,,,,,,,,,
15,sset_15/tracknet-stride-8,detected_ckn_opencv_consensus,393,81421,81581,160,"[81429,81445,81461,81477,81493,81509,81525,81541,81557,81573]",model,152.02035522460938,88.433349609375,376.5293273925781,91.31135559082031,432.10504150390625,300.42303466796875,97.53541564941406,290.6995544433594,0.34021660685539246,0.3151087760925293,0.08488714694976807,0.1255902647972107,model,model,model,model,,,,,,,,119,0.74375,true,55.2147950995374,true,174.32330322265625,101.38013076782227,332.9010467529297,101.09406661987305,391.03627014160156,263.51734924316406,118.14616394042969,264.47413635253906
15,sset_15/tracknet-stride-8,detected_ckn_opencv_consensus,394,81581,81901,320,"[81597,81629,81661,81693,81725,81757,81789,81821,81853,81885]",,,,,,,,,,,,,,,,,,,,,,,,,0,0.0,false,,,,,,,,,,
15,sset_15/tracknet-stride-8,detected_ckn_opencv_consensus,395,81901,82078,177,"[81909,81927,81945,81962,81980,81998,82016,82033,82051,82069]",model,174.33462524414062,101.41373443603516,332.9147033691406,101.11787414550781,391.0523376464844,263.48712158203125,118.16645812988281,264.48419189453125,0.2985478937625885,0.31446513533592224,0.4221135973930359,0.357011079788208,model,model,model,model,,,,,,,,176,0.9943502824858758,true,0.0354597615312721,false,174.33462524414062,101.41373443603516,332.9147033691406,101.11787414550781,391.0523376464844,263.48712158203125,118.16645812988281,264.48419189453125
15,sset_15/tracknet-stride-8,detected_ckn_opencv_consensus,396,82078,82293,215,"[82088,82110,82131,82153,82174,82196,82217,82239,82260,82282]",fallback,76.600341796875,8.945022583007812,235.65554809570312,-164.6084747314453,325.4257507324219,116.6495590209961,160.43081665039062,129.91799926757812,0.003882552729919553,0.00165609794203192,0.11114547401666641,0.024443890899419785,fallback,fallback,model,model,2.359613051431552,2.7612489297517513,0.004016759790444436,0.0047004629278964245,2,8,12.861939120720564,0,0.0,false,,,,,,,,,,
15,sset_15/tracknet-stride-8,detected_ckn_opencv_consensus,397,82293,82634,341,"[82310,82344,82378,82412,82446,82480,82514,82548,82582,82616]",,,,,,,,,,,,,,,,,,,,,,,,,0,0.0,false,,,,,,,,,,
15,sset_15/tracknet-stride-8,detected_ckn_opencv_consensus,398,82634,83231,597,"[82663,82723,82783,82842,82902,82962,83022,83081,83141,83201]",,,,,,,,,,,,,,,,,,,,,,,,,0,0.0,false,,,,,,,,,,
15,sset_15/tracknet-stride-8,detected_ckn_opencv_consensus,399,83231,83394,163,"[83239,83255,83271,83288,83304,83320,83336,83353,83369,83385]",,,,,,,,,,,,,,,,,,,,,,,,,0,0.0,false,,,,,,,,,,
15,sset_15/tracknet-stride-8,detected_ckn_opencv_consensus,400,83394,83603,209,"[83404,83425,83446,83467,83488,83508,83529,83550,83571,83592]",,,,,,,,,,,,,,,,,,,,,,,,,0,0.0,false,,,,,,,,,,
15,sset_15/tracknet-stride-8,detected_ckn_opencv_consensus,401,83603,83783,180,"[83612,83630,83648,83666,83684,83702,83720,83738,83756,83774]",,,,,,,,,,,,,,,,,,,,,,,,,0,0.0,false,,,,,,,,,,
15,sset_15/tracknet-stride-8,detected_ckn_opencv_consensus,402,83783,83893,110,"[83788,83799,83810,83821,83832,83843,83854,83865,83876,83887]",,,,,,,,,,,,,,,,,,,,,,,,,0,0.0,false,,,,,,,,,,
15,sset_15/tracknet-stride-8,detected_ckn_opencv_consensus,403,83893,84113,220,"[83904,83926,83948,83970,83992,84014,84036,84058,84080,84102]",model,174.30081176757812,101.43791198730469,332.894287109375,101.06770324707031,391.0280456542969,263.5069580078125,118.14186096191406,264.49517822265625,0.28977569937705994,0.3013884425163269,0.40695762634277344,0.3596089482307434,model,model,model,model,,,,,,,,220,1.0,true,0.06200431336937071,false,174.30081176757812,101.43791198730469,332.894287109375,101.06770324707031,391.0280456542969,263.5069580078125,118.14186096191406,264.49517822265625
15,sset_15/tracknet-stride-8,detected_ckn_opencv_consensus,404,84113,84254,141,"[84120,84134,84148,84162,84176,84190,84204,84218,84232,84246]",,,,,,,,,,,,,,,,,,,,,,,,,0,0.0,false,,,,,,,,,,
15,sset_15/tracknet-stride-8,detected_ckn_opencv_consensus,405,84254,84409,155,"[84261,84277,84292,84308,84323,84339,84354,84370,84385,84401]",model,135.7862548828125,90.2192611694336,386.7958679199219,93.44039916992188,451.25433349609375,300.97186279296875,76.39830017089844,290.48223876953125,0.2381361424922943,0.32637935876846313,0.11599210649728775,0.05942756310105324,model,model,model,model,,,,,,,,122,0.7870967741935484,true,70.91583560403232,true,174.32330322265625,101.38013076782227,332.9010467529297,101.09406661987305,391.03627014160156,263.51734924316406,118.14616394042969,264.47413635253906
15,sset_15/tracknet-stride-8,detected_ckn_opencv_consensus,406,84409,84529,120,"[84415,84427,84439,84451,84463,84475,84487,84499,84511,84523]",fallback,213.6281280517578,24.853086471557617,274.7343444824219,24.40362548828125,301.9644470214844,183.26904296875,103.52970886230469,217.18603515625,0.00609581358730793,0.0024878098629415035,0.15916503965854645,0.05633516609668732,fallback,fallback,model,model,3.774565520158024,1.2796166495673833e-05,0.006425427677038151,2.1782862669144692e-08,6,11,17.781452913670535,2,0.016666666666666666,false,,,,,,,,,,
15,sset_15/tracknet-stride-8,detected_ckn_opencv_consensus,407,84529,84695,166,"[84537,84553,84570,84587,84603,84620,84636,84653,84670,84686]",model,174.36607360839844,101.3202896118164,332.93505859375,101.0829849243164,391.0777282714844,263.5035095214844,118.18968200683594,264.4822998046875,0.31328970193862915,0.3167334794998169,0.4149368703365326,0.36476439237594604,model,model,model,model,,,,,,,,166,1.0,true,0.0735545365606576,false,174.36607360839844,101.3202896118164,332.93505859375,101.0829849243164,391.0777282714844,263.5035095214844,118.18968200683594,264.4822998046875
15,sset_15/tracknet-stride-8,detected_ckn_opencv_consensus,408,84695,84810,115,"[84700,84712,84723,84735,84746,84758,84769,84781,84792,84804]",,,,,,,,,,,,,,,,,,,,,,,,,0,0.0,false,,,,,,,,,,
15,sset_15/tracknet-stride-8,detected_ckn_opencv_consensus,409,84810,85066,256,"[84822,84848,84874,84899,84925,84950,84976,85002,85027,85053]",,,,,,,,,,,,,,,,,,,,,,,,,0,0.0,false,,,,,,,,,,
15,sset_15/tracknet-stride-8,detected_ckn_opencv_consensus,410,85066,85729,663,"[85099,85165,85231,85298,85364,85430,85496,85563,85629,85695]",model,174.39686584472656,101.37080383300781,332.890625,101.09732055664062,391.01007080078125,263.5048522949219,118.14653015136719,264.47247314453125,0.30854734778404236,0.31527143716812134,0.408687561750412,0.3676034212112427,model,model,model,model,,,,,,,,616,0.9291101055806938,true,0.07415154131164561,false,174.39686584472656,101.37080383300781,332.890625,101.09732055664062,391.01007080078125,263.5048522949219,118.14653015136719,264.47247314453125
15,sset_15/tracknet-stride-8,detected_ckn_opencv_consensus,411,85729,85907,178,"[85737,85755,85773,85791,85809,85826,85844,85862,85880,85898]",,,,,,,,,,,,,,,,,,,,,,,,,0,0.0,false,,,,,,,,,,
15,sset_15/tracknet-stride-8,detected_ckn_opencv_consensus,412,85907,86201,294,"[85921,85951,85980,86009,86039,86068,86098,86127,86156,86186]",,,,,,,,,,,,,,,,,,,,,,,,,0,0.0,false,,,,,,,,,,
15,sset_15/tracknet-stride-8,detected_ckn_opencv_consensus,413,86201,86526,325,"[86217,86249,86282,86314,86347,86379,86412,86444,86477,86509]",,,,,,,,,,,,,,,,,,,,,,,,,0,0.0,false,,,,,,,,,,
15,sset_15/tracknet-stride-8,detected_ckn_opencv_consensus,414,86526,86675,149,"[86533,86548,86563,86578,86593,86607,86622,86637,86652,86667]",model,174.3834228515625,101.30061340332031,332.9366455078125,101.13774108886719,390.9886779785156,263.5309753417969,118.1555404663086,264.4053955078125,0.30470073223114014,0.3053125739097595,0.4145042300224304,0.3739227056503296,model,model,model,model,,,,,,,,149,1.0,true,0.09968641350335404,false,174.3834228515625,101.30061340332031,332.9366455078125,101.13774108886719,390.9886779785156,263.5309753417969,118.1555404663086,264.4053955078125
15,sset_15/tracknet-stride-8,detected_ckn_opencv_consensus,415,86675,86960,285,"[86689,86717,86746,86774,86803,86831,86860,86888,86917,86945]",,,,,,,,,,,,,,,,,,,,,,,,,0,0.0,false,,,,,,,,,,
15,sset_15/tracknet-stride-8,detected_ckn_opencv_consensus,416,86960,87162,202,"[86970,86990,87010,87030,87050,87071,87091,87111,87131,87151]",,,,,,,,,,,,,,,,,,,,,,,,,0,0.0,false,,,,,,,,,,
15,sset_15/tracknet-stride-8,detected_ckn_opencv_consensus,417,87162,87400,238,"[87173,87197,87221,87245,87269,87292,87316,87340,87364,87388]",,,,,,,,,,,,,,,,,,,,,,,,,0,0.0,false,,,,,,,,,,
15,sset_15/tracknet-stride-8,detected_ckn_opencv_consensus,418,87400,87726,326,"[87416,87448,87481,87514,87546,87579,87611,87644,87677,87709]",,,,,,,,,,,,,,,,,,,,,,,,,0,0.0,false,,,,,,,,,,
15,sset_15/tracknet-stride-8,detected_ckn_opencv_consensus,419,87726,88100,374,"[87744,87782,87819,87856,87894,87931,87969,88006,88043,88081]",model,174.31842041015625,101.39134216308594,332.8843078613281,101.11204528808594,391.044921875,263.49456787109375,118.16073608398438,264.4758605957031,0.30729740858078003,0.27834150195121765,0.40711477398872375,0.3573451638221741,model,model,model,model,,,,,,,,366,0.9786096256684492,true,0.02456466980763355,false,174.31842041015625,101.39134216308594,332.8843078613281,101.11204528808594,391.044921875,263.49456787109375,118.16073608398438,264.4758605957031
15,sset_15/tracknet-stride-8,detected_ckn_opencv_consensus,420,88100,88212,112,"[88105,88116,88128,88139,88150,88161,88172,88184,88195,88206]",,,,,,,,,,,,,,,,,,,,,,,,,0,0.0,false,,,,,,,,,,
15,sset_15/tracknet-stride-8,detected_ckn_opencv_consensus,421,88212,88240,28,"[88213,88216,88219,88221,88224,88227,88230,88233,88235,88238]",,,,,,,,,,,,,,,,,,,,,,,,,0,0.0,false,,,,,,,,,,
15,sset_15/tracknet-stride-8,detected_ckn_opencv_consensus,422,88240,88259,19,"[88240,88242,88244,88246,88248,88250,88252,88254,88256,88258]",,,,,,,,,,,,,,,,,,,,,,,,,0,0.0,false,,,,,,,,,,
15,sset_15/tracknet-stride-8,detected_ckn_opencv_consensus,423,88259,88436,177,"[88267,88285,88303,88320,88338,88356,88374,88391,88409,88427]",,,,,,,,,,,,,,,,,,,,,,,,,0,0.0,false,,,,,,,,,,
15,sset_15/tracknet-stride-8,detected_ckn_opencv_consensus,424,88436,88455,19,"[88436,88438,88440,88442,88444,88446,88448,88450,88452,88454]",,,,,,,,,,,,,,,,,,,,,,,,,0,0.0,false,,,,,,,,,,
15,sset_15/tracknet-stride-8,detected_ckn_opencv_consensus,425,88455,88773,318,"[88470,88502,88534,88566,88598,88629,88661,88693,88725,88757]",,,,,,,,,,,,,,,,,,,,,,,,,0,0.0,false,,,,,,,,,,
15,sset_15/tracknet-stride-8,detected_ckn_opencv_consensus,426,88773,89000,227,"[88784,88807,88829,88852,88875,88897,88920,88943,88965,88988]",model,174.3404541015625,101.35121154785156,332.873291015625,101.06465148925781,391.0592346191406,263.5057373046875,118.1727066040039,264.457763671875,0.29783228039741516,0.2839565873146057,0.4053608775138855,0.3555067777633667,model,model,model,model,,,,,,,,207,0.9118942731277533,true,0.04044293340545564,false,174.3404541015625,101.35121154785156,332.873291015625,101.06465148925781,391.0592346191406,263.5057373046875,118.1727066040039,264.457763671875
15,sset_15/tracknet-stride-8,detected_ckn_opencv_consensus,427,89000,89154,154,"[89007,89023,89038,89053,89069,89084,89100,89115,89130,89146]",,,,,,,,,,,,,,,,,,,,,,,,,0,0.0,false,,,,,,,,,,
15,sset_15/tracknet-stride-8,detected_ckn_opencv_consensus,428,89154,89284,130,"[89160,89173,89186,89199,89212,89225,89238,89251,89264,89277]",model,65.20059967041016,82.40472412109375,316.893310546875,83.38273620605469,370.0522155761719,296.2829895019531,28.26093101501465,277.62298583984375,0.02248215116560459,0.2950980067253113,0.08822937309741974,0.07123348861932755,model,model,model,model,,,,,,,,100,0.7692307692307693,true,110.76023875001394,true,174.32330322265625,101.38013076782227,332.9010467529297,101.09406661987305,391.03627014160156,263.51734924316406,118.14616394042969,264.47413635253906
15,sset_15/tracknet-stride-8,detected_ckn_opencv_consensus,429,89284,89428,144,"[89291,89305,89320,89334,89348,89363,89377,89392,89406,89420]",,,,,,,,,,,,,,,,,,,,,,,,,0,0.0,false,,,,,,,,,,
15,sset_15/tracknet-stride-8,detected_ckn_opencv_consensus,430,89428,89746,318,"[89443,89475,89507,89539,89571,89602,89634,89666,89698,89730]",model,174.30450439453125,101.43115234375,332.8873596191406,101.09222412109375,391.0687255859375,263.51251220703125,118.15658569335938,264.4841613769531,0.30019611120224,0.2831801176071167,0.3980606198310852,0.3613186776638031,model,model,model,model,,,,,,,,316,0.9937106918238994,true,0.054374600219430164,false,174.30450439453125,101.43115234375,332.8873596191406,101.09222412109375,391.0687255859375,263.51251220703125,118.15658569335938,264.4841613769531
15,sset_15/tracknet-stride-8,detected_ckn_opencv_consensus,431,89746,89779,33,"[89747,89750,89754,89757,89760,89764,89767,89770,89774,89777]",fallback,214.33023071289062,174.80186462402344,431.2913818359375,178.16534423828125,331.4113464355469,181.97030639648438,181.3612518310547,194.5743408203125,0.004383089952170849,0.0008478254312649369,0.04056476056575775,0.1381128579378128,fallback,fallback,model,model,0.004022676066639974,1.449228509952941e-13,6.847785260663681e-06,2.4670158534735247e-16,2,4,4.270137046039395,0,0.0,false,,,,,,,,,,
15,sset_15/tracknet-stride-8,detected_ckn_opencv_consensus,432,89779,89873,94,"[89783,89793,89802,89811,89821,89830,89840,89849,89858,89868]",,,,,,,,,,,,,,,,,,,,,,,,,0,0.0,false,,,,,,,,,,
15,sset_15/tracknet-stride-8,detected_ckn_opencv_consensus,433,89873,90070,197,"[89882,89902,89922,89941,89961,89981,90001,90020,90040,90060]",,,,,,,,,,,,,,,,,,,,,,,,,0,0.0,false,,,,,,,,,,
15,sset_15/tracknet-stride-8,detected_ckn_opencv_consensus,434,90070,90365,295,"[90084,90114,90143,90173,90202,90232,90261,90291,90320,90350]",,,,,,,,,,,,,,,,,,,,,,,,,0,0.0,false,,,,,,,,,,
15,sset_15/tracknet-stride-8,detected_ckn_opencv_consensus,435,90365,90530,165,"[90373,90389,90406,90422,90439,90455,90472,90488,90505,90521]",,,,,,,,,,,,,,,,,,,,,,,,,0,0.0,false,,,,,,,,,,
15,sset_15/tracknet-stride-8,detected_ckn_opencv_consensus,436,90530,90647,117,"[90535,90547,90559,90570,90582,90594,90606,90617,90629,90641]",,,,,,,,,,,,,,,,,,,,,,,,,0,0.0,false,,,,,,,,,,
15,sset_15/tracknet-stride-8,detected_ckn_opencv_consensus,437,90647,90681,34,"[90648,90652,90655,90658,90662,90665,90669,90672,90675,90679]",,,,,,,,,,,,,,,,,,,,,,,,,0,0.0,false,,,,,,,,,,
15,sset_15/tracknet-stride-8,detected_ckn_opencv_consensus,438,90681,90882,201,"[90691,90711,90731,90751,90771,90791,90811,90831,90851,90871]",,,,,,,,,,,,,,,,,,,,,,,,,0,0.0,false,,,,,,,,,,
15,sset_15/tracknet-stride-8,detected_ckn_opencv_consensus,439,90882,91073,191,"[90891,90910,90929,90948,90967,90987,91006,91025,91044,91063]",model,174.28094482421875,101.49442291259766,332.9089050292969,101.08787536621094,391.02459716796875,263.51910400390625,118.14324951171875,264.485107421875,0.3049508333206177,0.31677019596099854,0.41150790452957153,0.3684152364730835,model,model,model,model,,,,,,,,182,0.9528795811518325,true,0.12188899981355518,false,174.28094482421875,101.49442291259766,332.9089050292969,101.08787536621094,391.02459716796875,263.51910400390625,118.14324951171875,264.485107421875
15,sset_15/tracknet-stride-8,detected_ckn_opencv_consensus,440,91073,91199,126,"[91079,91091,91104,91117,91129,91142,91154,91167,91180,91192]",,,,,,,,,,,,,,,,,,,,,,,,,0,0.0,false,,,,,,,,,,
15,sset_15/tracknet-stride-8,detected_ckn_opencv_consensus,441,91199,91391,192,"[91208,91227,91247,91266,91285,91304,91323,91343,91362,91381]",model,112.67698669433594,75.5075454711914,369.9464416503906,78.15521240234375,424.66619873046875,297.1941223144531,58.105613708496094,292.0262451171875,0.19020190834999084,0.28800255060195923,0.09570097923278809,0.03774374723434448,model,model,model,model,,,,,,,,101,0.5260416666666666,true,66.85550845997133,true,174.32330322265625,101.38013076782227,332.9010467529297,101.09406661987305,391.03627014160156,263.51734924316406,118.14616394042969,264.47413635253906
15,sset_15/tracknet-stride-8,detected_ckn_opencv_consensus,442,91391,91472,81,"[91395,91403,91411,91419,91427,91435,91443,91451,91459,91467]",,,,,,,,,,,,,,,,,,,,,,,,,0,0.0,false,,,,,,,,,,
15,sset_15/tracknet-stride-8,detected_ckn_opencv_consensus,443,91472,91663,191,"[91481,91500,91519,91538,91557,91577,91596,91615,91634,91653]",model,174.29000854492188,101.42121887207031,332.88006591796875,101.07234954833984,391.0487060546875,263.5047607421875,118.1387939453125,264.4771728515625,0.3046979308128357,0.29155173897743225,0.404948353767395,0.3679845929145813,model,model,model,model,,,,,,,,190,0.9947643979057592,true,0.052884476702849716,false,174.29000854492188,101.42121887207031,332.88006591796875,101.07234954833984,391.0487060546875,263.5047607421875,118.1387939453125,264.4771728515625
15,sset_15/tracknet-stride-8,detected_ckn_opencv_consensus,444,91663,91796,133,"[91669,91682,91696,91709,91722,91736,91749,91762,91776,91789]",,,,,,,,,,,,,,,,,,,,,,,,,0,0.0,false,,,,,,,,,,
15,sset_15/tracknet-stride-8,detected_ckn_opencv_consensus,445,91796,91978,182,"[91805,91823,91841,91859,91877,91896,91914,91932,91950,91968]",fallback,184.63137817382812,25.5130615234375,290.903564453125,58.47789764404297,507.8106994628906,281.231689453125,165.81251525878906,212.3232421875,0.015217733569443226,0.002550231060013175,0.6275164484977722,0.020769920200109482,fallback,fallback,model,model,5.82355660672993,1.316981772360261,0.009913416948214564,0.0022418927648987018,6,12,29.22962295800761,72,0.3956043956043956,false,,,,,,,,,,
15,sset_15/tracknet-stride-8,detected_ckn_opencv_consensus,446,91978,92274,296,"[91992,92022,92052,92081,92111,92140,92170,92200,92229,92259]",,,,,,,,,,,,,,,,,,,,,,,,,0,0.0,false,,,,,,,,,,
15,sset_15/tracknet-stride-8,detected_ckn_opencv_consensus,447,92274,92618,344,"[92291,92325,92360,92394,92428,92463,92497,92532,92566,92600]",model,174.28622436523438,101.41123962402344,332.8895263671875,101.12797546386719,391.00543212890625,263.507080078125,118.15330505371094,264.49871826171875,0.3087756037712097,0.30458956956863403,0.410666286945343,0.36381250619888306,model,model,model,model,,,,,,,,339,0.9854651162790697,true,0.04840044009982682,false,174.28622436523438,101.41123962402344,332.8895263671875,101.12797546386719,391.00543212890625,263.507080078125,118.15330505371094,264.49871826171875
15,sset_15/tracknet-stride-8,detected_ckn_opencv_consensus,448,92618,92804,186,"[92627,92645,92664,92683,92701,92720,92738,92757,92776,92794]",,,,,,,,,,,,,,,,,,,,,,,,,0,0.0,false,,,,,,,,,,
15,sset_15/tracknet-stride-8,detected_ckn_opencv_consensus,449,92804,93156,352,"[92821,92856,92892,92927,92962,92997,93032,93068,93103,93138]",,,,,,,,,,,,,,,,,,,,,,,,,0,0.0,false,,,,,,,,,,
15,sset_15/tracknet-stride-8,detected_ckn_opencv_consensus,450,93156,93249,93,"[93160,93169,93179,93188,93197,93207,93216,93225,93235,93244]",,,,,,,,,,,,,,,,,,,,,,,,,0,0.0,false,,,,,,,,,,
15,sset_15/tracknet-stride-8,detected_ckn_opencv_consensus,451,93249,93289,40,"[93251,93255,93259,93263,93267,93271,93275,93279,93283,93287]",,,,,,,,,,,,,,,,,,,,,,,,,0,0.0,false,,,,,,,,,,
15,sset_15/tracknet-stride-8,detected_ckn_opencv_consensus,452,93289,93705,416,"[93309,93351,93393,93434,93476,93517,93559,93601,93642,93684]",model,174.28659057617188,101.4061279296875,332.85211181640625,101.08732604980469,391.04296875,263.53155517578125,118.13717651367188,264.4703369140625,0.29921165108680725,0.2917622923851013,0.4000437259674072,0.3628191649913788,model,model,model,model,,,,,,,,409,0.9831730769230769,true,0.04939699684595532,false,174.28659057617188,101.4061279296875,332.85211181640625,101.08732604980469,391.04296875,263.53155517578125,118.13717651367188,264.4703369140625
15,sset_15/tracknet-stride-8,detected_ckn_opencv_consensus,453,93705,93795,90,"[93709,93718,93727,93736,93745,93754,93763,93772,93781,93790]",,,,,,,,,,,,,,,,,,,,,,,,,0,0.0,false,,,,,,,,,,
15,sset_15/tracknet-stride-8,detected_ckn_opencv_consensus,454,93795,93820,25,"[93796,93798,93801,93803,93806,93808,93811,93813,93816,93818]",,,,,,,,,,,,,,,,,,,,,,,,,0,0.0,false,,,,,,,,,,
15,sset_15/tracknet-stride-8,detected_ckn_opencv_consensus,455,93820,94030,210,"[93830,93851,93872,93893,93914,93935,93956,93977,93998,94019]",,,,,,,,,,,,,,,,,,,,,,,,,0,0.0,false,,,,,,,,,,
15,sset_15/tracknet-stride-8,detected_ckn_opencv_consensus,456,94030,94244,214,"[94040,94062,94083,94104,94126,94147,94169,94190,94211,94233]",,,,,,,,,,,,,,,,,,,,,,,,,0,0.0,false,,,,,,,,,,
15,sset_15/tracknet-stride-8,detected_ckn_opencv_consensus,457,94244,94540,296,"[94258,94288,94318,94347,94377,94406,94436,94466,94495,94525]",model,174.260009765625,101.52861022949219,332.8909912109375,101.12892150878906,391.0301513671875,263.524169921875,118.10064697265625,264.45721435546875,0.29218560457229614,0.29635101556777954,0.39728596806526184,0.3715580105781555,model,model,model,model,,,,,,,,283,0.956081081081081,true,0.16140697705104476,false,174.260009765625,101.52861022949219,332.8909912109375,101.12892150878906,391.0301513671875,263.524169921875,118.10064697265625,264.45721435546875
15,sset_15/tracknet-stride-8,detected_ckn_opencv_consensus,458,94540,94671,131,"[94546,94559,94572,94585,94598,94612,94625,94638,94651,94664]",,,,,,,,,,,,,,,,,,,,,,,,,0,0.0,false,,,,,,,,,,
15,sset_15/tracknet-stride-8,detected_ckn_opencv_consensus,459,94671,94967,296,"[94685,94715,94745,94774,94804,94833,94863,94893,94922,94952]",,,,,,,,,,,,,,,,,,,,,,,,,0,0.0,false,,,,,,,,,,
15,sset_15/tracknet-stride-8,detected_ckn_opencv_consensus,460,94967,95055,88,"[94971,94980,94989,94997,95006,95015,95024,95033,95041,95050]",fallback,194.43112182617188,16.0,265.9838562011719,16.0,342.89215087890625,169.17599487304688,150.28823852539062,225.97262573242188,0.007469589821994305,0.0019878933671861887,0.09250099211931229,0.021869972348213196,fallback,fallback,model,model,5.4569300867824495,2.1734741163838113e-05,0.009289310100465872,3.699896231276417e-08,7,12,14.828371855301668,0,0.0,false,,,,,,,,,,
15,sset_15/tracknet-stride-8,detected_ckn_opencv_consensus,461,95055,95417,362,"[95073,95109,95145,95181,95217,95254,95290,95326,95362,95398]",model,174.29579162597656,101.39210510253906,332.87542724609375,101.06297302246094,391.0370178222656,263.5208740234375,118.15283966064453,264.4863586425781,0.3096848726272583,0.28578487038612366,0.3997458517551422,0.3555009961128235,model,model,model,model,,,,,,,,362,1.0,true,0.040288595539469764,false,174.29579162597656,101.39210510253906,332.87542724609375,101.06297302246094,391.0370178222656,263.5208740234375,118.15283966064453,264.4863586425781
15,sset_15/tracknet-stride-8,detected_ckn_opencv_consensus,462,95417,95484,67,"[95420,95427,95433,95440,95447,95453,95460,95467,95473,95480]",,,,,,,,,,,,,,,,,,,,,,,,,0,0.0,false,,,,,,,,,,
15,sset_15/tracknet-stride-8,detected_ckn_opencv_consensus,463,95484,95848,364,"[95502,95538,95575,95611,95647,95684,95720,95757,95793,95829]",,,,,,,,,,,,,,,,,,,,,,,,,0,0.0,false,,,,,,,,,,
15,sset_15/tracknet-stride-8,detected_ckn_opencv_consensus,464,95848,96247,399,"[95867,95907,95947,95987,96027,96067,96107,96147,96187,96227]",model,174.27658081054688,101.38394165039062,332.8555908203125,101.07669067382812,390.971923828125,263.49298095703125,118.1263427734375,264.4886169433594,0.30414479970932007,0.2683057188987732,0.41927385330200195,0.35776033997535706,model,model,model,model,,,,,,,,384,0.9624060150375939,true,0.06880596941454041,false,174.27658081054688,101.38394165039062,332.8555908203125,101.07669067382812,390.971923828125,263.49298095703125,118.1263427734375,264.4886169433594
15,sset_15/tracknet-stride-8,detected_ckn_opencv_consensus,465,96247,96290,43,"[96249,96253,96257,96262,96266,96270,96274,96279,96283,96287]",,,,,,,,,,,,,,,,,,,,,,,,,0,0.0,false,,,,,,,,,,
15,sset_15/tracknet-stride-8,detected_ckn_opencv_consensus,466,96290,96419,129,"[96296,96309,96322,96335,96348,96360,96373,96386,96399,96412]",,,,,,,,,,,,,,,,,,,,,,,,,0,0.0,false,,,,,,,,,,
15,sset_15/tracknet-stride-8,detected_ckn_opencv_consensus,467,96419,96751,332,"[96435,96468,96502,96535,96568,96601,96634,96668,96701,96734]",,,,,,,,,,,,,,,,,,,,,,,,,0,0.0,false,,,,,,,,,,
15,sset_15/tracknet-stride-8,detected_ckn_opencv_consensus,468,96751,96983,232,"[96762,96785,96809,96832,96855,96878,96901,96925,96948,96971]",,,,,,,,,,,,,,,,,,,,,,,,,0,0.0,false,,,,,,,,,,
15,sset_15/tracknet-stride-8,detected_ckn_opencv_consensus,469,96983,97131,148,"[96990,97005,97020,97034,97049,97064,97079,97094,97108,97123]",,,,,,,,,,,,,,,,,,,,,,,,,0,0.0,false,,,,,,,,,,
15,sset_15/tracknet-stride-8,detected_ckn_opencv_consensus,470,97131,97346,215,"[97141,97163,97184,97206,97227,97249,97270,97292,97313,97335]",,,,,,,,,,,,,,,,,,,,,,,,,0,0.0,false,,,,,,,,,,
15,sset_15/tracknet-stride-8,detected_ckn_opencv_consensus,471,97346,97372,26,"[97347,97349,97352,97355,97357,97360,97362,97365,97368,97370]",,,,,,,,,,,,,,,,,,,,,,,,,0,0.0,false,,,,,,,,,,
15,sset_15/tracknet-stride-8,detected_ckn_opencv_consensus,472,97372,97667,295,"[97386,97416,97445,97475,97504,97534,97563,97593,97622,97652]",,,,,,,,,,,,,,,,,,,,,,,,,0,0.0,false,,,,,,,,,,
15,sset_15/tracknet-stride-8,detected_ckn_opencv_consensus,473,97667,97887,220,"[97678,97700,97722,97744,97766,97788,97810,97832,97854,97876]",,,,,,,,,,,,,,,,,,,,,,,,,0,0.0,false,,,,,,,,,,
15,sset_15/tracknet-stride-8,detected_ckn_opencv_consensus,474,97887,98060,173,"[97895,97912,97930,97947,97964,97982,97999,98016,98034,98051]",model,174.37014770507812,101.3183364868164,332.859130859375,101.0768814086914,390.9964294433594,263.52874755859375,118.1279296875,264.4482116699219,0.30877724289894104,0.30586907267570496,0.4170706570148468,0.3659927248954773,model,model,model,model,,,,,,,,172,0.9942196531791907,true,0.07754314088560295,false,174.37014770507812,101.3183364868164,332.859130859375,101.0768814086914,390.9964294433594,263.52874755859375,118.1279296875,264.4482116699219
15,sset_15/tracknet-stride-8,detected_ckn_opencv_consensus,475,98060,98192,132,"[98066,98079,98093,98106,98119,98132,98145,98159,98172,98185]",,,,,,,,,,,,,,,,,,,,,,,,,0,0.0,false,,,,,,,,,,
15,sset_15/tracknet-stride-8,detected_ckn_opencv_consensus,476,98192,98213,21,"[98193,98195,98197,98199,98201,98203,98205,98207,98209,98211]",,,,,,,,,,,,,,,,,,,,,,,,,0,0.0,false,,,,,,,,,,
15,sset_15/tracknet-stride-8,detected_ckn_opencv_consensus,477,98213,98363,150,"[98220,98235,98250,98265,98280,98295,98310,98325,98340,98355]",model,101.86534118652344,89.63361358642578,374.6217956542969,92.18257141113281,430.359619140625,297.5196533203125,44.66334533691406,287.062744140625,0.26760584115982056,0.27361252903938293,0.08250497281551361,0.14646145701408386,model,model,model,model,,,,,,,,116,0.7733333333333333,true,76.87632816232288,true,174.32330322265625,101.38013076782227,332.9010467529297,101.09406661987305,391.03627014160156,263.51734924316406,118.14616394042969,264.47413635253906
15,sset_15/tracknet-stride-8,detected_ckn_opencv_consensus,478,98363,98566,203,"[98373,98393,98413,98434,98454,98474,98494,98515,98535,98555]",,,,,,,,,,,,,,,,,,,,,,,,,0,0.0,false,,,,,,,,,,
15,sset_15/tracknet-stride-8,detected_ckn_opencv_consensus,479,98566,98744,178,"[98574,98592,98610,98628,98646,98663,98681,98699,98717,98735]",model,174.39874267578125,101.279541015625,332.9012145996094,101.08209228515625,391.08758544921875,263.5243835449219,118.17924499511719,264.47454833984375,0.2963939905166626,0.3118877112865448,0.40436673164367676,0.35389646887779236,model,model,model,model,,,,,,,,176,0.9887640449438202,true,0.12573547365364468,false,174.39874267578125,101.279541015625,332.9012145996094,101.08209228515625,391.08758544921875,263.5243835449219,118.17924499511719,264.47454833984375
15,sset_15/tracknet-stride-8,detected_ckn_opencv_consensus,480,98744,98810,66,"[98747,98753,98760,98767,98773,98780,98786,98793,98800,98806]",fallback,187.0,16.0,500.84906005859375,16.0,341.07037353515625,247.2389678955078,132.87266540527344,170.2568359375,0.005422471556812525,0.016985390335321426,0.11889028549194336,0.03460298478603363,fallback,fallback,model,model,4.804542091206535,6.085868230786851e-06,0.008178752644103206,1.0359948968979063e-08,6,10,15.876128940549847,9,0.13636363636363635,false,,,,,,,,,,
15,sset_15/tracknet-stride-8,detected_ckn_opencv_consensus,481,98810,98937,127,"[98816,98829,98841,98854,98867,98879,98892,98905,98917,98930]",,,,,,,,,,,,,,,,,,,,,,,,,0,0.0,false,,,,,,,,,,
15,sset_15/tracknet-stride-8,detected_ckn_opencv_consensus,482,98937,99236,299,"[98951,98981,99011,99041,99071,99101,99131,99161,99191,99221]",,,,,,,,,,,,,,,,,,,,,,,,,0,0.0,false,,,,,,,,,,
15,sset_15/tracknet-stride-8,detected_ckn_opencv_consensus,483,99236,99501,265,"[99249,99275,99302,99328,99355,99381,99408,99434,99461,99487]",model,174.38555908203125,101.23117065429688,332.8759765625,101.04518127441406,391.0108947753906,263.5128173828125,118.14485931396484,264.4858093261719,0.31343817710876465,0.2965410053730011,0.4126080870628357,0.36235570907592773,model,model,model,model,,,,,,,,241,0.909433962264151,true,0.16144629896041915,false,174.38555908203125,101.23117065429688,332.8759765625,101.04518127441406,391.0108947753906,263.5128173828125,118.14485931396484,264.4858093261719
15,sset_15/tracknet-stride-8,detected_ckn_opencv_consensus,484,99501,99534,33,"[99502,99505,99509,99512,99515,99519,99522,99525,99529,99532]",,,,,,,,,,,,,,,,,,,,,,,,,0,0.0,false,,,,,,,,,,
15,sset_15/tracknet-stride-8,detected_ckn_opencv_consensus,485,99534,99550,16,"[99534,99536,99538,99539,99541,99542,99544,99546,99547,99549]",,,,,,,,,,,,,,,,,,,,,,,,,0,0.0,false,,,,,,,,,,
15,sset_15/tracknet-stride-8,detected_ckn_opencv_consensus,486,99550,99837,287,"[99564,99593,99621,99650,99679,99707,99736,99765,99793,99822]",,,,,,,,,,,,,,,,,,,,,,,,,0,0.0,false,,,,,,,,,,
15,sset_15/tracknet-stride-8,detected_ckn_opencv_consensus,487,99837,100017,180,"[99846,99864,99882,99900,99918,99936,99954,99972,99990,100008]",,,,,,,,,,,,,,,,,,,,,,,,,0,0.0,false,,,,,,,,,,
15,sset_15/tracknet-stride-8,detected_ckn_opencv_consensus,488,100017,100153,136,"[100023,100037,100051,100064,100078,100091,100105,100119,100132,100146]",,,,,,,,,,,,,,,,,,,,,,,,,0,0.0,false,,,,,,,,,,
15,sset_15/tracknet-stride-8,detected_ckn_opencv_consensus,489,100153,100418,265,"[100166,100192,100219,100245,100272,100298,100325,100351,100378,100404]",,,,,,,,,,,,,,,,,,,,,,,,,0,0.0,false,,,,,,,,,,
15,sset_15/tracknet-stride-8,detected_ckn_opencv_consensus,490,100418,100578,160,"[100426,100442,100458,100474,100490,100506,100522,100538,100554,100570]",,,,,,,,,,,,,,,,,,,,,,,,,0,0.0,false,,,,,,,,,,
15,sset_15/tracknet-stride-8,detected_ckn_opencv_consensus,491,100578,100672,94,"[100582,100592,100601,100610,100620,100629,100639,100648,100657,100667]",,,,,,,,,,,,,,,,,,,,,,,,,0,0.0,false,,,,,,,,,,
15,sset_15/tracknet-stride-8,detected_ckn_opencv_consensus,492,100672,100755,83,"[100676,100684,100692,100701,100709,100717,100725,100734,100742,100750]",,,,,,,,,,,,,,,,,,,,,,,,,0,0.0,false,,,,,,,,,,
15,sset_15/tracknet-stride-8,detected_ckn_opencv_consensus,493,100755,101005,250,"[100767,100792,100817,100842,100867,100892,100917,100942,100967,100992]",model,174.32171630859375,101.37223052978516,332.8607177734375,101.05348205566406,391.01080322265625,263.505126953125,118.13135528564453,264.4996337890625,0.30744415521621704,0.28849297761917114,0.409274697303772,0.36393773555755615,model,model,model,model,,,,,,,,247,0.988,true,0.05721480087280262,false,174.32171630859375,101.37223052978516,332.8607177734375,101.05348205566406,391.01080322265625,263.505126953125,118.13135528564453,264.4996337890625
15,sset_15/tracknet-stride-8,detected_ckn_opencv_consensus,494,101005,101153,148,"[101012,101027,101042,101056,101071,101086,101101,101116,101130,101145]",,,,,,,,,,,,,,,,,,,,,,,,,0,0.0,false,,,,,,,,,,
15,sset_15/tracknet-stride-8,detected_ckn_opencv_consensus,495,101153,101440,287,"[101167,101196,101224,101253,101282,101310,101339,101368,101396,101425]",,,,,,,,,,,,,,,,,,,,,,,,,0,0.0,false,,,,,,,,,,
15,sset_15/tracknet-stride-8,detected_ckn_opencv_consensus,496,101440,101533,93,"[101444,101453,101463,101472,101481,101491,101500,101509,101519,101528]",,,,,,,,,,,,,,,,,,,,,,,,,0,0.0,false,,,,,,,,,,
15,sset_15/tracknet-stride-8,detected_ckn_opencv_consensus,497,101533,101934,401,"[101553,101593,101633,101673,101713,101753,101793,101833,101873,101913]",model,164.43386840820312,117.5422592163086,267.1002502441406,77.92562866210938,367.0110778808594,176.69296264648438,191.99447631835938,149.6143798828125,0.021451400592923164,0.07053226977586746,0.1270933300256729,0.02851514145731926,model,model,model,model,,,,,,,,10,0.02493765586034913,false,,,,,,,,,,
15,sset_15/tracknet-stride-8,detected_ckn_opencv_consensus,498,101934,102351,417,"[101954,101996,102038,102079,102121,102163,102205,102246,102288,102330]",model,174.3441925048828,101.42692565917969,332.88592529296875,101.11860656738281,391.0545654296875,263.5273742675781,118.14614868164062,264.4980773925781,0.29723572731018066,0.30181825160980225,0.4011384844779968,0.3647013306617737,model,model,model,model,,,,,,,,411,0.9856115107913669,true,0.05124572147110329,false,174.3441925048828,101.42692565917969,332.88592529296875,101.11860656738281,391.0545654296875,263.5273742675781,118.14614868164062,264.4980773925781
15,sset_15/tracknet-stride-8,detected_ckn_opencv_consensus,499,102351,102551,200,"[102361,102381,102401,102421,102441,102461,102481,102501,102521,102541]",,,,,,,,,,,,,,,,,,,,,,,,,0,0.0,false,,,,,,,,,,
15,sset_15/tracknet-stride-8,detected_ckn_opencv_consensus,500,102551,102900,349,"[102568,102603,102638,102673,102708,102742,102777,102812,102847,102882]",,,,,,,,,,,,,,,,,,,,,,,,,0,0.0,false,,,,,,,,,,
15,sset_15/tracknet-stride-8,detected_ckn_opencv_consensus,501,102900,103455,555,"[102927,102983,103038,103094,103149,103205,103260,103316,103371,103427]",,,,,,,,,,,,,,,,,,,,,,,,,0,0.0,false,,,,,,,,,,
15,sset_15/tracknet-stride-8,detected_ckn_opencv_consensus,502,103455,104158,703,"[103490,103560,103630,103701,103771,103841,103911,103982,104052,104122]",,,,,,,,,,,,,,,,,,,,,,,,,0,0.0,false,,,,,,,,,,
15,sset_15/tracknet-stride-8,detected_ckn_opencv_consensus,503,104158,104245,87,"[104162,104171,104179,104188,104197,104205,104214,104223,104231,104240]",,,,,,,,,,,,,,,,,,,,,,,,,0,0.0,false,,,,,,,,,,
15,sset_15/tracknet-stride-8,detected_ckn_opencv_consensus,504,104245,104267,22,"[104246,104248,104250,104252,104254,104257,104259,104261,104263,104265]",,,,,,,,,,,,,,,,,,,,,,,,,0,0.0,false,,,,,,,,,,
15,sset_15/tracknet-stride-8,detected_ckn_opencv_consensus,505,104267,104298,31,"[104268,104271,104274,104277,104280,104284,104287,104290,104293,104296]",,,,,,,,,,,,,,,,,,,,,,,,,0,0.0,false,,,,,,,,,,
15,sset_15/tracknet-stride-8,detected_ckn_opencv_consensus,506,104298,104346,48,"[104300,104305,104310,104314,104319,104324,104329,104334,104338,104343]",,,,,,,,,,,,,,,,,,,,,,,,,0,0.0,false,,,,,,,,,,
15,sset_15/tracknet-stride-8,detected_ckn_opencv_consensus,507,104346,104791,445,"[104368,104412,104457,104501,104546,104590,104635,104679,104724,104768]",,,,,,,,,,,,,,,,,,,,,,,,,0,0.0,false,,,,,,,,,,
15,sset_15/tracknet-stride-8,detected_ckn_opencv_consensus,508,104791,104924,133,"[104797,104810,104824,104837,104850,104864,104877,104890,104904,104917]",,,,,,,,,,,,,,,,,,,,,,,,,0,0.0,false,,,,,,,,,,
15,sset_15/tracknet-stride-8,detected_ckn_opencv_consensus,509,104924,105158,234,"[104935,104959,104982,105005,105029,105052,105076,105099,105122,105146]",,,,,,,,,,,,,,,,,,,,,,,,,0,0.0,false,,,,,,,,,,
15,sset_15/tracknet-stride-8,detected_ckn_opencv_consensus,510,105158,105268,110,"[105163,105174,105185,105196,105207,105218,105229,105240,105251,105262]",,,,,,,,,,,,,,,,,,,,,,,,,0,0.0,false,,,,,,,,,,
15,sset_15/tracknet-stride-8,detected_ckn_opencv_consensus,511,105268,105504,236,"[105279,105303,105327,105350,105374,105397,105421,105445,105468,105492]",,,,,,,,,,,,,,,,,,,,,,,,,0,0.0,false,,,,,,,,,,
15,sset_15/tracknet-stride-8,detected_ckn_opencv_consensus,512,105504,105538,34,"[105505,105509,105512,105515,105519,105522,105526,105529,105532,105536]",,,,,,,,,,,,,,,,,,,,,,,,,0,0.0,false,,,,,,,,,,
15,sset_15/tracknet-stride-8,detected_ckn_opencv_consensus,513,105538,105557,19,"[105538,105540,105542,105544,105546,105548,105550,105552,105554,105556]",,,,,,,,,,,,,,,,,,,,,,,,,0,0.0,false,,,,,,,,,,
15,sset_15/tracknet-stride-8,detected_ckn_opencv_consensus,514,105557,105853,296,"[105571,105601,105631,105660,105690,105719,105749,105779,105808,105838]",fallback,73.39433288574219,272.9824523925781,346.8847961425781,275.5585632324219,334.332275390625,195.451171875,146.3951416015625,205.05807495117188,0.004259251523762941,0.001978619024157524,0.09150417149066925,0.06390058994293213,fallback,fallback,model,model,4.943354694327283,4.527790304276503e-06,0.008415052779112234,7.70763919226e-09,8,2,11.399488470044645,0,0.0,false,,,,,,,,,,
15,sset_15/tracknet-stride-8,detected_ckn_opencv_consensus,515,105853,106065,212,"[105863,105884,105906,105927,105948,105969,105990,106012,106033,106054]",,,,,,,,,,,,,,,,,,,,,,,,,0,0.0,false,,,,,,,,,,
15,sset_15/tracknet-stride-8,detected_ckn_opencv_consensus,516,106065,106784,719,"[106100,106172,106244,106316,106388,106460,106532,106604,106676,106748]",model,174.322509765625,101.4678955078125,332.901611328125,101.11692810058594,391.03387451171875,263.5123291015625,118.16841125488281,264.465087890625,0.3053969442844391,0.27576887607574463,0.40390121936798096,0.3651387393474579,model,model,model,model,,,,,,,,697,0.9694019471488178,true,0.08776832663104547,false,174.322509765625,101.4678955078125,332.901611328125,101.11692810058594,391.03387451171875,263.5123291015625,118.16841125488281,264.465087890625
15,sset_15/tracknet-stride-8,detected_ckn_opencv_consensus,517,106784,106849,65,"[106787,106793,106800,106806,106813,106819,106826,106832,106839,106845]",,,,,,,,,,,,,,,,,,,,,,,,,0,0.0,false,,,,,,,,,,
15,sset_15/tracknet-stride-8,detected_ckn_opencv_consensus,518,106849,106887,38,"[106850,106854,106858,106862,106866,106869,106873,106877,106881,106885]",,,,,,,,,,,,,,,,,,,,,,,,,0,0.0,false,,,,,,,,,,
15,sset_15/tracknet-stride-8,detected_ckn_opencv_consensus,519,106887,106920,33,"[106888,106891,106895,106898,106901,106905,106908,106911,106915,106918]",,,,,,,,,,,,,,,,,,,,,,,,,0,0.0,false,,,,,,,,,,
15,sset_15/tracknet-stride-8,detected_ckn_opencv_consensus,520,106920,107188,268,"[106933,106960,106987,107013,107040,107067,107094,107121,107147,107174]",,,,,,,,,,,,,,,,,,,,,,,,,0,0.0,false,,,,,,,,,,
15,sset_15/tracknet-stride-8,detected_ckn_opencv_consensus,521,107188,107377,189,"[107197,107216,107235,107254,107273,107291,107310,107329,107348,107367]",model,174.36962890625,101.30772399902344,332.87664794921875,101.07029724121094,391.0841064453125,263.5262451171875,118.184326171875,264.47344970703125,0.2975562512874603,0.30050593614578247,0.39852309226989746,0.36354899406433105,model,model,model,model,,,,,,,,186,0.9841269841269841,true,0.08595818243957458,false,174.36962890625,101.30772399902344,332.87664794921875,101.07029724121094,391.0841064453125,263.5262451171875,118.184326171875,264.47344970703125
15,sset_15/tracknet-stride-8,detected_ckn_opencv_consensus,522,107377,107511,134,"[107383,107397,107410,107423,107437,107450,107464,107477,107490,107504]",,,,,,,,,,,,,,,,,,,,,,,,,0,0.0,false,,,,,,,,,,
15,sset_15/tracknet-stride-8,detected_ckn_opencv_consensus,523,107511,107669,158,"[107518,107534,107550,107566,107582,107597,107613,107629,107645,107661]",model,124.60420989990234,96.82844543457031,379.58966064453125,100.00056457519531,433.93902587890625,300.1380310058594,71.87037658691406,292.84185791015625,0.20254391431808472,0.3419460356235504,0.10331897437572479,0.11631160974502563,model,model,model,model,,,,,,,,122,0.7721518987341772,true,56.406744123548165,true,174.32330322265625,101.38013076782227,332.9010467529297,101.09406661987305,391.03627014160156,263.51734924316406,118.14616394042969,264.47413635253906
15,sset_15/tracknet-stride-8,detected_ckn_opencv_consensus,524,107669,107691,22,"[107670,107672,107674,107676,107678,107681,107683,107685,107687,107689]",,,,,,,,,,,,,,,,,,,,,,,,,0,0.0,false,,,,,,,,,,
15,sset_15/tracknet-stride-8,detected_ckn_opencv_consensus,525,107691,107855,164,"[107699,107715,107732,107748,107764,107781,107797,107814,107830,107846]",,,,,,,,,,,,,,,,,,,,,,,,,0,0.0,false,,,,,,,,,,
15,sset_15/tracknet-stride-8,detected_ckn_opencv_consensus,526,107855,108291,436,"[107876,107920,107964,108007,108051,108094,108138,108182,108225,108269]",model,174.3119354248047,101.4225082397461,332.9185791015625,101.13124084472656,391.024169921875,263.4981384277344,118.1450424194336,264.47222900390625,0.2874763607978821,0.30166691541671753,0.408741295337677,0.36342138051986694,model,model,model,model,,,,,,,,417,0.9564220183486238,true,0.043875698907810345,false,174.3119354248047,101.4225082397461,332.9185791015625,101.13124084472656,391.024169921875,263.4981384277344,118.1450424194336,264.47222900390625
15,sset_15/tracknet-stride-8,detected_ckn_opencv_consensus,527,108291,108362,71,"[108294,108301,108308,108315,108322,108330,108337,108344,108351,108358]",,,,,,,,,,,,,,,,,,,,,,,,,0,0.0,false,,,,,,,,,,
15,sset_15/tracknet-stride-8,detected_ckn_opencv_consensus,528,108362,108551,189,"[108371,108390,108409,108428,108447,108465,108484,108503,108522,108541]",,,,,,,,,,,,,,,,,,,,,,,,,0,0.0,false,,,,,,,,,,
15,sset_15/tracknet-stride-8,detected_ckn_opencv_consensus,529,108551,108740,189,"[108560,108579,108598,108617,108636,108654,108673,108692,108711,108730]",,,,,,,,,,,,,,,,,,,,,,,,,0,0.0,false,,,,,,,,,,
15,sset_15/tracknet-stride-8,detected_ckn_opencv_consensus,530,108740,108954,214,"[108750,108772,108793,108814,108836,108857,108879,108900,108921,108943]",,,,,,,,,,,,,,,,,,,,,,,,,0,0.0,false,,,,,,,,,,
15,sset_15/tracknet-stride-8,detected_ckn_opencv_consensus,531,108954,109020,66,"[108957,108963,108970,108977,108983,108990,108996,109003,109010,109016]",,,,,,,,,,,,,,,,,,,,,,,,,0,0.0,false,,,,,,,,,,
15,sset_15/tracknet-stride-8,detected_ckn_opencv_consensus,532,109020,109293,273,"[109033,109060,109088,109115,109142,109170,109197,109224,109252,109279]",,,,,,,,,,,,,,,,,,,,,,,,,0,0.0,false,,,,,,,,,,
15,sset_15/tracknet-stride-8,detected_ckn_opencv_consensus,533,109293,109347,54,"[109295,109301,109306,109311,109317,109322,109328,109333,109338,109344]",,,,,,,,,,,,,,,,,,,,,,,,,0,0.0,false,,,,,,,,,,
15,sset_15/tracknet-stride-8,detected_ckn_opencv_consensus,534,109347,109546,199,"[109356,109376,109396,109416,109436,109456,109476,109496,109516,109536]",,,,,,,,,,,,,,,,,,,,,,,,,0,0.0,false,,,,,,,,,,
15,sset_15/tracknet-stride-8,detected_ckn_opencv_consensus,535,109546,109591,45,"[109548,109552,109557,109561,109566,109570,109575,109579,109584,109588]",,,,,,,,,,,,,,,,,,,,,,,,,0,0.0,false,,,,,,,,,,
15,sset_15/tracknet-stride-8,detected_ckn_opencv_consensus,536,109591,109826,235,"[109602,109626,109649,109673,109696,109720,109743,109767,109790,109814]",model,174.37550354003906,101.30917358398438,332.8875732421875,101.10256958007812,391.016845703125,263.5181579589844,118.1399917602539,264.521728515625,0.2971941828727722,0.2984006404876709,0.4039531946182251,0.3488936424255371,model,model,model,model,,,,,,,,226,0.9617021276595744,true,0.08808969901793605,false,174.37550354003906,101.30917358398438,332.8875732421875,101.10256958007812,391.016845703125,263.5181579589844,118.1399917602539,264.521728515625
15,sset_15/tracknet-stride-8,detected_ckn_opencv_consensus,537,109826,109898,72,"[109829,109836,109844,109851,109858,109865,109872,109880,109887,109894]",,,,,,,,,,,,,,,,,,,,,,,,,0,0.0,false,,,,,,,,,,
15,sset_15/tracknet-stride-8,detected_ckn_opencv_consensus,538,109898,109980,82,"[109902,109910,109918,109926,109934,109943,109951,109959,109967,109975]",,,,,,,,,,,,,,,,,,,,,,,,,0,0.0,false,,,,,,,,,,
15,sset_15/tracknet-stride-8,detected_ckn_opencv_consensus,539,109980,110169,189,"[109989,110008,110027,110046,110065,110083,110102,110121,110140,110159]",model,101.30530548095703,119.71466064453125,343.4519958496094,121.1567153930664,391.995361328125,295.10302734375,58.089385986328125,291.36285400390625,0.05345296859741211,0.1253768801689148,0.08164642751216888,0.2113381177186966,model,model,model,model,,,,,,,,88,0.4656084656084656,false,,,,,,,,,,
15,sset_15/tracknet-stride-8,detected_ckn_opencv_consensus,540,110169,110267,98,"[110173,110183,110193,110203,110213,110222,110232,110242,110252,110262]",,,,,,,,,,,,,,,,,,,,,,,,,0,0.0,false,,,,,,,,,,
15,sset_15/tracknet-stride-8,detected_ckn_opencv_consensus,541,110267,110425,158,"[110274,110290,110306,110322,110338,110353,110369,110385,110401,110417]",model,174.325439453125,101.37039947509766,332.89739990234375,101.07322692871094,391.03759765625,263.510986328125,118.1376953125,264.4665222167969,0.297055721282959,0.3116018772125244,0.3888440430164337,0.36174172163009644,model,model,model,model,,,,,,,,151,0.9556962025316456,true,0.021156376034856542,false,174.325439453125,101.37039947509766,332.89739990234375,101.07322692871094,391.03759765625,263.510986328125,118.1376953125,264.4665222167969
15,sset_15/tracknet-stride-8,detected_ckn_opencv_consensus,542,110425,110550,125,"[110431,110443,110456,110468,110481,110493,110506,110518,110531,110543]",,,,,,,,,,,,,,,,,,,,,,,,,0,0.0,false,,,,,,,,,,
15,sset_15/tracknet-stride-8,detected_ckn_opencv_consensus,543,110550,110748,198,"[110559,110579,110599,110619,110639,110658,110678,110698,110718,110738]",,,,,,,,,,,,,,,,,,,,,,,,,0,0.0,false,,,,,,,,,,
15,sset_15/tracknet-stride-8,detected_ckn_opencv_consensus,544,110748,110768,20,"[110749,110751,110753,110755,110757,110759,110761,110763,110765,110767]",,,,,,,,,,,,,,,,,,,,,,,,,0,0.0,false,,,,,,,,,,
15,sset_15/tracknet-stride-8,detected_ckn_opencv_consensus,545,110768,111068,300,"[110783,110813,110843,110873,110903,110933,110963,110993,111023,111053]",model,174.35098266601562,101.3399658203125,332.9000244140625,101.10955810546875,391.0429382324219,263.52349853515625,118.14617919921875,264.4884033203125,0.30699506402015686,0.3020642399787903,0.384115070104599,0.3617437481880188,model,model,model,model,,,,,,,,293,0.9766666666666667,true,0.04877883345414358,false,174.35098266601562,101.3399658203125,332.9000244140625,101.10955810546875,391.0429382324219,263.52349853515625,118.14617919921875,264.4884033203125
15,sset_15/tracknet-stride-8,detected_ckn_opencv_consensus,546,111068,111126,58,"[111070,111076,111082,111088,111094,111099,111105,111111,111117,111123]",,,,,,,,,,,,,,,,,,,,,,,,,0,0.0,false,,,,,,,,,,
15,sset_15/tracknet-stride-8,detected_ckn_opencv_consensus,547,111126,111153,27,"[111127,111130,111132,111135,111138,111140,111143,111146,111148,111151]",,,,,,,,,,,,,,,,,,,,,,,,,0,0.0,false,,,,,,,,,,
15,sset_15/tracknet-stride-8,detected_ckn_opencv_consensus,548,111153,111178,25,"[111154,111156,111159,111161,111164,111166,111169,111171,111174,111176]",,,,,,,,,,,,,,,,,,,,,,,,,0,0.0,false,,,,,,,,,,
15,sset_15/tracknet-stride-8,detected_ckn_opencv_consensus,549,111178,111201,23,"[111179,111181,111183,111186,111188,111190,111192,111195,111197,111199]",,,,,,,,,,,,,,,,,,,,,,,,,0,0.0,false,,,,,,,,,,
15,sset_15/tracknet-stride-8,detected_ckn_opencv_consensus,550,111201,111222,21,"[111202,111204,111206,111208,111210,111212,111214,111216,111218,111220]",,,,,,,,,,,,,,,,,,,,,,,,,0,0.0,false,,,,,,,,,,
15,sset_15/tracknet-stride-8,detected_ckn_opencv_consensus,551,111222,111579,357,"[111239,111275,111311,111346,111382,111418,111454,111489,111525,111561]",model,114.25233459472656,92.72315979003906,358.1819763183594,98.0965347290039,406.8057861328125,299.50274658203125,65.1692886352539,291.61456298828125,0.02405327372252941,0.12204398214817047,0.10671259462833405,0.03307318314909935,model,model,model,model,,,,,,,,139,0.38935574229691877,false,,,,,,,,,,
15,sset_15/tracknet-stride-8,detected_ckn_opencv_consensus,552,111579,111722,143,"[111586,111600,111614,111629,111643,111657,111671,111686,111700,111714]",,,,,,,,,,,,,,,,,,,,,,,,,0,0.0,false,,,,,,,,,,
15,sset_15/tracknet-stride-8,detected_ckn_opencv_consensus,553,111722,112150,428,"[111743,111786,111829,111871,111914,111957,112000,112043,112085,112128]",,,,,,,,,,,,,,,,,,,,,,,,,0,0.0,false,,,,,,,,,,
15,sset_15/tracknet-stride-8,detected_ckn_opencv_consensus,554,112150,112360,210,"[112160,112181,112202,112223,112244,112265,112286,112307,112328,112349]",model,174.32769775390625,101.44254302978516,332.916748046875,101.09617614746094,391.03564453125,263.5118408203125,118.14114379882812,264.49859619140625,0.3003690838813782,0.3150038719177246,0.40199726819992065,0.36262980103492737,model,model,model,model,,,,,,,,207,0.9857142857142858,true,0.06256678310598772,false,174.32769775390625,101.44254302978516,332.916748046875,101.09617614746094,391.03564453125,263.5118408203125,118.14114379882812,264.49859619140625
15,sset_15/tracknet-stride-8,detected_ckn_opencv_consensus,555,112360,112427,67,"[112363,112370,112376,112383,112390,112396,112403,112410,112416,112423]",,,,,,,,,,,,,,,,,,,,,,,,,0,0.0,false,,,,,,,,,,
15,sset_15/tracknet-stride-8,detected_ckn_opencv_consensus,556,112427,112508,81,"[112431,112439,112447,112455,112463,112471,112479,112487,112495,112503]",,,,,,,,,,,,,,,,,,,,,,,,,0,0.0,false,,,,,,,,,,
15,sset_15/tracknet-stride-8,detected_ckn_opencv_consensus,557,112508,112658,150,"[112515,112530,112545,112560,112575,112590,112605,112620,112635,112650]",model,135.5006103515625,71.80291748046875,367.15252685546875,74.40380859375,421.34326171875,296.5432434082031,80.66143798828125,291.86285400390625,0.05775413662195206,0.20321953296661377,0.14871613681316376,0.0664975568652153,model,model,model,model,,,,,,,,70,0.4666666666666667,false,,,,,,,,,,
15,sset_15/tracknet-stride-8,detected_ckn_opencv_consensus,558,112658,112737,79,"[112661,112669,112677,112685,112693,112701,112709,112717,112725,112733]",fallback,85.69110870361328,17.266334533691406,131.8799591064453,27.336618423461914,511.17852783203125,205.23570251464844,150.17266845703125,177.97265625,0.0043418752029538155,0.0012476659612730145,0.32947486639022827,0.028295814990997314,fallback,fallback,model,model,3.9761741531480084,10.885515381136306,0.0067686252406850105,0.01853036897498324,5,17,15.570043022238337,0,0.0,false,,,,,,,,,,
15,sset_15/tracknet-stride-8,detected_ckn_opencv_consensus,559,112737,113066,329,"[112753,112786,112819,112852,112885,112917,112950,112983,113016,113049]",model,174.3951416015625,101.28929138183594,332.91400146484375,101.07307434082031,391.04034423828125,263.5106201171875,118.1622314453125,264.47509765625,0.30069807171821594,0.2972789704799652,0.39860227704048157,0.36441531777381897,model,model,model,model,,,,,,,,325,0.9878419452887538,true,0.11581254996869317,false,174.3951416015625,101.28929138183594,332.91400146484375,101.07307434082031,391.04034423828125,263.5106201171875,118.1622314453125,264.47509765625
15,sset_15/tracknet-stride-8,detected_ckn_opencv_consensus,560,113066,113123,57,"[113068,113074,113080,113085,113091,113097,113103,113108,113114,113120]",,,,,,,,,,,,,,,,,,,,,,,,,0,0.0,false,,,,,,,,,,
15,sset_15/tracknet-stride-8,detected_ckn_opencv_consensus,561,113123,113237,114,"[113128,113140,113151,113162,113174,113185,113197,113208,113219,113231]",,,,,,,,,,,,,,,,,,,,,,,,,0,0.0,false,,,,,,,,,,
15,sset_15/tracknet-stride-8,detected_ckn_opencv_consensus,562,113237,113415,178,"[113245,113263,113281,113299,113317,113334,113352,113370,113388,113406]",,,,,,,,,,,,,,,,,,,,,,,,,0,0.0,false,,,,,,,,,,
15,sset_15/tracknet-stride-8,detected_ckn_opencv_consensus,563,113415,113472,57,"[113417,113423,113429,113434,113440,113446,113452,113457,113463,113469]",,,,,,,,,,,,,,,,,,,,,,,,,0,0.0,false,,,,,,,,,,
15,sset_15/tracknet-stride-8,detected_ckn_opencv_consensus,564,113472,113738,266,"[113485,113511,113538,113565,113591,113618,113644,113671,113698,113724]",model,174.34716796875,101.38526916503906,332.9029541015625,101.0719223022461,391.04534912109375,263.5089111328125,118.1899642944336,264.48504638671875,0.30041924118995667,0.3135698437690735,0.3998369574546814,0.36220771074295044,model,model,model,model,,,,,,,,262,0.9849624060150376,true,0.04513867362550052,false,174.34716796875,101.38526916503906,332.9029541015625,101.0719223022461,391.04534912109375,263.5089111328125,118.1899642944336,264.48504638671875
15,sset_15/tracknet-stride-8,detected_ckn_opencv_consensus,565,113738,113844,106,"[113743,113753,113764,113775,113785,113796,113806,113817,113828,113838]",,,,,,,,,,,,,,,,,,,,,,,,,0,0.0,false,,,,,,,,,,
15,sset_15/tracknet-stride-8,detected_ckn_opencv_consensus,566,113844,114050,206,"[113854,113874,113895,113916,113936,113957,113977,113998,114019,114039]",,,,,,,,,,,,,,,,,,,,,,,,,0,0.0,false,,,,,,,,,,
15,sset_15/tracknet-stride-8,detected_ckn_opencv_consensus,567,114050,114267,217,"[114060,114082,114104,114125,114147,114169,114191,114212,114234,114256]",model,174.3740997314453,101.34303283691406,332.9065246582031,101.08348083496094,391.0486145019531,263.5240478515625,118.19789123535156,264.4852600097656,0.3002244234085083,0.31801944971084595,0.4070546627044678,0.3615289330482483,model,model,model,model,,,,,,,,213,0.9815668202764977,true,0.06290104754952111,false,174.3740997314453,101.34303283691406,332.9065246582031,101.08348083496094,391.0486145019531,263.5240478515625,118.19789123535156,264.4852600097656
15,sset_15/tracknet-stride-8,detected_ckn_opencv_consensus,568,114267,114444,177,"[114275,114293,114311,114328,114346,114364,114382,114399,114417,114435]",,,,,,,,,,,,,,,,,,,,,,,,,0,0.0,false,,,,,,,,,,
15,sset_15/tracknet-stride-8,detected_ckn_opencv_consensus,569,114444,114660,216,"[114454,114476,114498,114519,114541,114562,114584,114606,114627,114649]",,,,,,,,,,,,,,,,,,,,,,,,,0,0.0,false,,,,,,,,,,
15,sset_15/tracknet-stride-8,detected_ckn_opencv_consensus,570,114660,114889,229,"[114671,114694,114717,114740,114763,114785,114808,114831,114854,114877]",,,,,,,,,,,,,,,,,,,,,,,,,0,0.0,false,,,,,,,,,,
15,sset_15/tracknet-stride-8,detected_ckn_opencv_consensus,571,114889,115084,195,"[114898,114918,114937,114957,114976,114996,115015,115035,115054,115074]",model,174.36654663085938,101.3501205444336,332.90399169921875,101.0987777709961,391.0656433105469,263.49322509765625,118.16732788085938,264.507568359375,0.3073810935020447,0.31577375531196594,0.4222193658351898,0.3647763133049011,model,model,model,model,,,,,,,,195,1.0,true,0.05263654491757687,false,174.36654663085938,101.3501205444336,332.90399169921875,101.0987777709961,391.0656433105469,263.49322509765625,118.16732788085938,264.507568359375
15,sset_15/tracknet-stride-8,detected_ckn_opencv_consensus,572,115084,115140,56,"[115086,115092,115098,115103,115109,115114,115120,115126,115131,115137]",,,,,,,,,,,,,,,,,,,,,,,,,0,0.0,false,,,,,,,,,,
15,sset_15/tracknet-stride-8,detected_ckn_opencv_consensus,573,115140,115402,262,"[115153,115179,115205,115231,115257,115284,115310,115336,115362,115388]",,,,,,,,,,,,,,,,,,,,,,,,,0,0.0,false,,,,,,,,,,
15,sset_15/tracknet-stride-8,detected_ckn_opencv_consensus,574,115402,115570,168,"[115410,115427,115444,115460,115477,115494,115511,115528,115544,115561]",,,,,,,,,,,,,,,,,,,,,,,,,0,0.0,false,,,,,,,,,,
15,sset_15/tracknet-stride-8,detected_ckn_opencv_consensus,575,115570,115769,199,"[115579,115599,115619,115639,115659,115679,115699,115719,115739,115759]",,,,,,,,,,,,,,,,,,,,,,,,,0,0.0,false,,,,,,,,,,
15,sset_15/tracknet-stride-8,detected_ckn_opencv_consensus,576,115769,116056,287,"[115783,115812,115840,115869,115898,115926,115955,115984,116012,116041]",,,,,,,,,,,,,,,,,,,,,,,,,0,0.0,false,,,,,,,,,,
15,sset_15/tracknet-stride-8,detected_ckn_opencv_consensus,577,116056,116185,129,"[116062,116075,116088,116101,116114,116126,116139,116152,116165,116178]",model,174.31874084472656,101.3912582397461,332.8902587890625,101.15351867675781,390.987060546875,263.5218811035156,118.10433959960938,264.5135803222656,0.30851849913597107,0.3152308464050293,0.42352283000946045,0.3570084571838379,model,model,model,model,,,,,,,,126,0.9767441860465116,true,0.06042290320920661,false,174.31874084472656,101.3912582397461,332.8902587890625,101.15351867675781,390.987060546875,263.5218811035156,118.10433959960938,264.5135803222656
15,sset_15/tracknet-stride-8,detected_ckn_opencv_consensus,578,116185,116298,113,"[116190,116201,116213,116224,116235,116247,116258,116269,116281,116292]",,,,,,,,,,,,,,,,,,,,,,,,,0,0.0,false,,,,,,,,,,
15,sset_15/tracknet-stride-8,detected_ckn_opencv_consensus,579,116298,116452,154,"[116305,116321,116336,116351,116367,116382,116398,116413,116428,116444]",,,,,,,,,,,,,,,,,,,,,,,,,0,0.0,false,,,,,,,,,,
15,sset_15/tracknet-stride-8,detected_ckn_opencv_consensus,580,116452,116491,39,"[116453,116457,116461,116465,116469,116473,116477,116481,116485,116489]",,,,,,,,,,,,,,,,,,,,,,,,,0,0.0,false,,,,,,,,,,
15,sset_15/tracknet-stride-8,detected_ckn_opencv_consensus,581,116491,116694,203,"[116501,116521,116541,116562,116582,116602,116622,116643,116663,116683]",model,174.30804443359375,101.36967468261719,332.8922119140625,101.07673645019531,390.99072265625,263.517578125,118.15068054199219,264.467041015625,0.3131687343120575,0.2973381578922272,0.3981114625930786,0.3685452342033386,model,model,model,model,,,,,,,,201,0.9901477832512315,true,0.04554806042792187,false,174.30804443359375,101.36967468261719,332.8922119140625,101.07673645019531,390.99072265625,263.517578125,118.15068054199219,264.467041015625
15,sset_15/tracknet-stride-8,detected_ckn_opencv_consensus,582,116694,116745,51,"[116696,116701,116706,116711,116716,116722,116727,116732,116737,116742]",,,,,,,,,,,,,,,,,,,,,,,,,0,0.0,false,,,,,,,,,,
15,sset_15/tracknet-stride-8,detected_ckn_opencv_consensus,583,116745,116796,51,"[116747,116752,116757,116762,116767,116773,116778,116783,116788,116793]",,,,,,,,,,,,,,,,,,,,,,,,,0,0.0,false,,,,,,,,,,
15,sset_15/tracknet-stride-8,detected_ckn_opencv_consensus,584,116796,116831,35,"[116797,116801,116804,116808,116811,116815,116818,116822,116825,116829]",,,,,,,,,,,,,,,,,,,,,,,,,0,0.0,false,,,,,,,,,,
15,sset_15/tracknet-stride-8,detected_ckn_opencv_consensus,585,116831,117091,260,"[116844,116870,116896,116922,116948,116974,117000,117026,117052,117078]",,,,,,,,,,,,,,,,,,,,,,,,,0,0.0,false,,,,,,,,,,
15,sset_15/tracknet-stride-8,detected_ckn_opencv_consensus,586,117091,117302,211,"[117101,117122,117143,117164,117185,117207,117228,117249,117270,117291]",model,174.3701934814453,101.34747314453125,332.8797607421875,101.0770492553711,391.06146240234375,263.5230712890625,118.13700103759766,264.48284912109375,0.29515141248703003,0.29895609617233276,0.4077424705028534,0.35457634925842285,model,model,model,model,,,,,,,,211,1.0,true,0.057142074938902415,false,174.3701934814453,101.34747314453125,332.8797607421875,101.0770492553711,391.06146240234375,263.5230712890625,118.13700103759766,264.48284912109375
15,sset_15/tracknet-stride-8,detected_ckn_opencv_consensus,587,117302,117487,185,"[117311,117329,117348,117366,117385,117403,117422,117440,117459,117477]",,,,,,,,,,,,,,,,,,,,,,,,,0,0.0,false,,,,,,,,,,
15,sset_15/tracknet-stride-8,detected_ckn_opencv_consensus,588,117487,117605,118,"[117492,117504,117516,117528,117540,117551,117563,117575,117587,117599]",,,,,,,,,,,,,,,,,,,,,,,,,0,0.0,false,,,,,,,,,,
15,sset_15/tracknet-stride-8,detected_ckn_opencv_consensus,589,117605,117664,59,"[117607,117613,117619,117625,117631,117637,117643,117649,117655,117661]",,,,,,,,,,,,,,,,,,,,,,,,,0,0.0,false,,,,,,,,,,
15,sset_15/tracknet-stride-8,detected_ckn_opencv_consensus,590,117664,117934,270,"[117677,117704,117731,117758,117785,117812,117839,117866,117893,117920]",model,174.32794189453125,101.39945983886719,332.8778076171875,101.1025161743164,391.0299987792969,263.484619140625,118.13414001464844,264.48968505859375,0.30892449617385864,0.2904137670993805,0.4066104292869568,0.36123746633529663,model,model,model,model,,,,,,,,255,0.9444444444444444,true,0.03332550970914325,false,174.32794189453125,101.39945983886719,332.8778076171875,101.1025161743164,391.0299987792969,263.484619140625,118.13414001464844,264.48968505859375
15,sset_15/tracknet-stride-8,detected_ckn_opencv_consensus,591,117934,118337,403,"[117954,117994,118034,118075,118115,118155,118195,118236,118276,118316]",,,,,,,,,,,,,,,,,,,,,,,,,0,0.0,false,,,,,,,,,,
15,sset_15/tracknet-stride-8,detected_ckn_opencv_consensus,592,118337,118405,68,"[118340,118347,118354,118360,118367,118374,118381,118388,118394,118401]",model,164.93951416015625,84.33952331542969,348.5379638671875,83.24729919433594,411.3077392578125,262.09698486328125,89.5513916015625,260.327880859375,0.08215160667896271,0.0866638794541359,0.2644542455673218,0.4246695935726166,model,model,model,model,,,,,,,,0,0.0,false,,,,,,,,,,
15,sset_15/tracknet-stride-8,detected_ckn_opencv_consensus,593,118405,118542,137,"[118411,118425,118439,118452,118466,118480,118494,118507,118521,118535]",,,,,,,,,,,,,,,,,,,,,,,,,0,0.0,false,,,,,,,,,,
15,sset_15/tracknet-stride-8,detected_ckn_opencv_consensus,594,118542,118676,134,"[118548,118562,118575,118588,118602,118615,118629,118642,118655,118669]",,,,,,,,,,,,,,,,,,,,,,,,,0,0.0,false,,,,,,,,,,
15,sset_15/tracknet-stride-8,detected_ckn_opencv_consensus,595,118676,118908,232,"[118687,118710,118734,118757,118780,118803,118826,118850,118873,118896]",,,,,,,,,,,,,,,,,,,,,,,,,0,0.0,false,,,,,,,,,,
15,sset_15/tracknet-stride-8,detected_ckn_opencv_consensus,596,118908,118991,83,"[118912,118920,118928,118937,118945,118953,118961,118970,118978,118986]",,,,,,,,,,,,,,,,,,,,,,,,,0,0.0,false,,,,,,,,,,
15,sset_15/tracknet-stride-8,detected_ckn_opencv_consensus,597,118991,119049,58,"[118993,118999,119005,119011,119017,119022,119028,119034,119040,119046]",,,,,,,,,,,,,,,,,,,,,,,,,0,0.0,false,,,,,,,,,,
15,sset_15/tracknet-stride-8,detected_ckn_opencv_consensus,598,119049,119072,23,"[119050,119052,119054,119057,119059,119061,119063,119066,119068,119070]",,,,,,,,,,,,,,,,,,,,,,,,,0,0.0,false,,,,,,,,,,
15,sset_15/tracknet-stride-8,detected_ckn_opencv_consensus,599,119072,119615,543,"[119099,119153,119207,119262,119316,119370,119424,119479,119533,119587]",,,,,,,,,,,,,,,,,,,,,,,,,0,0.0,false,,,,,,,,,,
15,sset_15/tracknet-stride-8,detected_ckn_opencv_consensus,600,119615,119855,240,"[119627,119651,119675,119699,119723,119747,119771,119795,119819,119843]",,,,,,,,,,,,,,,,,,,,,,,,,0,0.0,false,,,,,,,,,,
15,sset_15/tracknet-stride-8,detected_ckn_opencv_consensus,601,119855,119906,51,"[119857,119862,119867,119872,119877,119883,119888,119893,119898,119903]",,,,,,,,,,,,,,,,,,,,,,,,,0,0.0,false,,,,,,,,,,
15,sset_15/tracknet-stride-8,detected_ckn_opencv_consensus,602,119906,120089,183,"[119915,119933,119951,119970,119988,120006,120024,120043,120061,120079]",,,,,,,,,,,,,,,,,,,,,,,,,0,0.0,false,,,,,,,,,,
15,sset_15/tracknet-stride-8,detected_ckn_opencv_consensus,603,120089,120282,193,"[120098,120117,120137,120156,120175,120195,120214,120233,120253,120272]",,,,,,,,,,,,,,,,,,,,,,,,,0,0.0,false,,,,,,,,,,
15,sset_15/tracknet-stride-8,detected_ckn_opencv_consensus,604,120282,120382,100,"[120287,120297,120307,120317,120327,120337,120347,120357,120367,120377]",,,,,,,,,,,,,,,,,,,,,,,,,0,0.0,false,,,,,,,,,,
15,sset_15/tracknet-stride-8,detected_ckn_opencv_consensus,605,120382,120442,60,"[120385,120391,120397,120403,120409,120415,120421,120427,120433,120439]",,,,,,,,,,,,,,,,,,,,,,,,,0,0.0,false,,,,,,,,,,
15,sset_15/tracknet-stride-8,detected_ckn_opencv_consensus,606,120442,121458,1016,"[120492,120594,120696,120797,120899,121000,121102,121204,121305,121407]",model,174.36111450195312,101.37992095947266,332.9189453125,101.04341125488281,391.02264404296875,263.4928894042969,118.16696166992188,264.4892883300781,0.30728888511657715,0.2889211177825928,0.40113794803619385,0.36565327644348145,model,model,model,model,,,,,,,,1010,0.9940944881889764,true,0.05372452360873838,false,174.36111450195312,101.37992095947266,332.9189453125,101.04341125488281,391.02264404296875,263.4928894042969,118.16696166992188,264.4892883300781
15,sset_15/tracknet-stride-8,detected_ckn_opencv_consensus,607,121458,121623,165,"[121466,121482,121499,121515,121532,121548,121565,121581,121598,121614]",fallback,294.8960876464844,8.103902816772461,341.0,7.532362461090088,355.69378662109375,139.63583374023438,74.96443939208984,207.1800079345703,0.006390278227627277,0.0029490734450519085,0.055634453892707825,0.07212109863758087,fallback,fallback,model,model,4.315341703708029,6.36129634073557e-05,0.0073459887954790875,1.0828809130830145e-07,11,26,17.972131734859218,34,0.20606060606060606,false,,,,,,,,,,
15,sset_15/tracknet-stride-8,detected_ckn_opencv_consensus,608,121623,121958,335,"[121639,121673,121706,121740,121773,121807,121840,121874,121907,121941]",,,,,,,,,,,,,,,,,,,,,,,,,0,0.0,false,,,,,,,,,,
15,sset_15/tracknet-stride-8,detected_ckn_opencv_consensus,609,121958,122159,201,"[121968,121988,122008,122028,122048,122068,122088,122108,122128,122148]",,,,,,,,,,,,,,,,,,,,,,,,,0,0.0,false,,,,,,,,,,
15,sset_15/tracknet-stride-8,detected_ckn_opencv_consensus,610,122159,122241,82,"[122163,122171,122179,122187,122195,122204,122212,122220,122228,122236]",,,,,,,,,,,,,,,,,,,,,,,,,0,0.0,false,,,,,,,,,,
15,sset_15/tracknet-stride-8,detected_ckn_opencv_consensus,611,122241,122527,286,"[122255,122283,122312,122341,122369,122398,122426,122455,122484,122512]",,,,,,,,,,,,,,,,,,,,,,,,,0,0.0,false,,,,,,,,,,
15,sset_15/tracknet-stride-8,detected_ckn_opencv_consensus,612,122527,122718,191,"[122536,122555,122574,122593,122612,122632,122651,122670,122689,122708]",,,,,,,,,,,,,,,,,,,,,,,,,0,0.0,false,,,,,,,,,,
15,sset_15/tracknet-stride-8,detected_ckn_opencv_consensus,613,122718,122820,102,"[122723,122733,122743,122753,122763,122774,122784,122794,122804,122814]",,,,,,,,,,,,,,,,,,,,,,,,,0,0.0,false,,,,,,,,,,
15,sset_15/tracknet-stride-8,detected_ckn_opencv_consensus,614,122820,123050,230,"[122831,122854,122877,122900,122923,122946,122969,122992,123015,123038]",model,174.32034301757812,101.38333892822266,332.89471435546875,101.10245513916016,391.02764892578125,263.4805908203125,118.19513702392578,264.440185546875,0.30220675468444824,0.30014652013778687,0.4060344696044922,0.3621148467063904,model,model,model,model,,,,,,,,201,0.8739130434782608,true,0.059590436416880756,false,174.32034301757812,101.38333892822266,332.89471435546875,101.10245513916016,391.02764892578125,263.4805908203125,118.19513702392578,264.440185546875
15,sset_15/tracknet-stride-8,detected_ckn_opencv_consensus,615,123050,123096,46,"[123052,123056,123061,123066,123070,123075,123079,123084,123089,123093]",,,,,,,,,,,,,,,,,,,,,,,,,0,0.0,false,,,,,,,,,,
15,sset_15/tracknet-stride-8,detected_ckn_opencv_consensus,616,123096,123206,110,"[123101,123112,123123,123134,123145,123156,123167,123178,123189,123200]",,,,,,,,,,,,,,,,,,,,,,,,,0,0.0,false,,,,,,,,,,
15,sset_15/tracknet-stride-8,detected_ckn_opencv_consensus,617,123206,123360,154,"[123213,123229,123244,123259,123275,123290,123306,123321,123336,123352]",,,,,,,,,,,,,,,,,,,,,,,,,0,0.0,false,,,,,,,,,,
15,sset_15/tracknet-stride-8,detected_ckn_opencv_consensus,618,123360,123489,129,"[123366,123379,123392,123405,123418,123430,123443,123456,123469,123482]",,,,,,,,,,,,,,,,,,,,,,,,,0,0.0,false,,,,,,,,,,
15,sset_15/tracknet-stride-8,detected_ckn_opencv_consensus,619,123489,123675,186,"[123498,123516,123535,123554,123572,123591,123609,123628,123647,123665]",model,174.32669067382812,101.40860748291016,332.931396484375,101.11972045898438,391.04339599609375,263.505859375,118.19847106933594,264.43377685546875,0.3166614770889282,0.28107351064682007,0.4251810908317566,0.3580608367919922,model,model,model,model,,,,,,,,177,0.9516129032258065,true,0.06606757705700746,false,174.32669067382812,101.40860748291016,332.931396484375,101.11972045898438,391.04339599609375,263.505859375,118.19847106933594,264.43377685546875
15,sset_15/tracknet-stride-8,detected_ckn_opencv_consensus,620,123675,123713,38,"[123676,123680,123684,123688,123692,123695,123699,123703,123707,123711]",,,,,,,,,,,,,,,,,,,,,,,,,0,0.0,false,,,,,,,,,,
15,sset_15/tracknet-stride-8,detected_ckn_opencv_consensus,621,123713,123818,105,"[123718,123728,123739,123749,123760,123770,123781,123791,123802,123812]",,,,,,,,,,,,,,,,,,,,,,,,,0,0.0,false,,,,,,,,,,
15,sset_15/tracknet-stride-8,detected_ckn_opencv_consensus,622,123818,124115,297,"[123832,123862,123892,123921,123951,123981,124011,124040,124070,124100]",,,,,,,,,,,,,,,,,,,,,,,,,0,0.0,false,,,,,,,,,,
15,sset_15/tracknet-stride-8,detected_ckn_opencv_consensus,623,124115,124200,85,"[124119,124127,124136,124144,124153,124161,124170,124178,124187,124195]",,,,,,,,,,,,,,,,,,,,,,,,,0,0.0,false,,,,,,,,,,
15,sset_15/tracknet-stride-8,detected_ckn_opencv_consensus,624,124200,124258,58,"[124202,124208,124214,124220,124226,124231,124237,124243,124249,124255]",,,,,,,,,,,,,,,,,,,,,,,,,0,0.0,false,,,,,,,,,,
15,sset_15/tracknet-stride-8,detected_ckn_opencv_consensus,625,124258,124482,224,"[124269,124291,124314,124336,124358,124381,124403,124426,124448,124470]",model,174.33383178710938,101.37594604492188,332.8863525390625,101.06764221191406,391.0310974121094,263.4962158203125,118.11882019042969,264.4537353515625,0.3122280240058899,0.30603471398353577,0.41000303626060486,0.34810471534729004,model,model,model,model,,,,,,,,220,0.9821428571428571,true,0.03411570759794092,false,174.33383178710938,101.37594604492188,332.8863525390625,101.06764221191406,391.0310974121094,263.4962158203125,118.11882019042969,264.4537353515625
15,sset_15/tracknet-stride-8,detected_ckn_opencv_consensus,626,124482,124618,136,"[124488,124502,124516,124529,124543,124556,124570,124584,124597,124611]",,,,,,,,,,,,,,,,,,,,,,,,,0,0.0,false,,,,,,,,,,
15,sset_15/tracknet-stride-8,detected_ckn_opencv_consensus,627,124618,124848,230,"[124629,124652,124675,124698,124721,124744,124767,124790,124813,124836]",,,,,,,,,,,,,,,,,,,,,,,,,0,0.0,false,,,,,,,,,,
15,sset_15/tracknet-stride-8,detected_ckn_opencv_consensus,628,124848,124923,75,"[124851,124859,124866,124874,124881,124889,124896,124904,124911,124919]",,,,,,,,,,,,,,,,,,,,,,,,,0,0.0,false,,,,,,,,,,
15,sset_15/tracknet-stride-8,detected_ckn_opencv_consensus,629,124923,125074,151,"[124930,124945,124960,124975,124990,125006,125021,125036,125051,125066]",model,174.3284149169922,101.4339370727539,332.9298095703125,101.04269409179688,391.02667236328125,263.5148010253906,118.17686462402344,264.454345703125,0.3097977638244629,0.3343071937561035,0.41111600399017334,0.3548005521297455,model,model,model,model,,,,,,,,150,0.9933774834437086,true,0.0588764494915759,false,174.3284149169922,101.4339370727539,332.9298095703125,101.04269409179688,391.02667236328125,263.5148010253906,118.17686462402344,264.454345703125
15,sset_15/tracknet-stride-8,detected_ckn_opencv_consensus,630,125074,125285,211,"[125084,125105,125126,125147,125168,125190,125211,125232,125253,125274]",,,,,,,,,,,,,,,,,,,,,,,,,0,0.0,false,,,,,,,,,,
15,sset_15/tracknet-stride-8,detected_ckn_opencv_consensus,631,125285,125458,173,"[125293,125310,125328,125345,125362,125380,125397,125414,125432,125449]",,,,,,,,,,,,,,,,,,,,,,,,,0,0.0,false,,,,,,,,,,
15,sset_15/tracknet-stride-8,detected_ckn_opencv_consensus,632,125458,125556,98,"[125462,125472,125482,125492,125502,125511,125521,125531,125541,125551]",,,,,,,,,,,,,,,,,,,,,,,,,0,0.0,false,,,,,,,,,,
15,sset_15/tracknet-stride-8,detected_ckn_opencv_consensus,633,125556,125986,430,"[125577,125620,125663,125706,125749,125792,125835,125878,125921,125964]",model,174.34906005859375,101.4275894165039,332.9356689453125,101.09932708740234,391.0705871582031,263.5190734863281,118.16313934326172,264.47235107421875,0.30957716703414917,0.3053792119026184,0.41146498918533325,0.35699430108070374,model,model,model,model,,,,,,,,429,0.9976744186046511,true,0.0539975733917616,false,174.34906005859375,101.4275894165039,332.9356689453125,101.09932708740234,391.0705871582031,263.5190734863281,118.16313934326172,264.47235107421875
15,sset_15/tracknet-stride-8,detected_ckn_opencv_consensus,634,125986,126200,214,"[125996,126018,126039,126060,126082,126103,126125,126146,126167,126189]",,,,,,,,,,,,,,,,,,,,,,,,,0,0.0,false,,,,,,,,,,
15,sset_15/tracknet-stride-8,detected_ckn_opencv_consensus,635,126200,126349,149,"[126207,126222,126237,126252,126267,126281,126296,126311,126326,126341]",,,,,,,,,,,,,,,,,,,,,,,,,0,0.0,false,,,,,,,,,,
15,sset_15/tracknet-stride-8,detected_ckn_opencv_consensus,636,126349,126399,50,"[126351,126356,126361,126366,126371,126376,126381,126386,126391,126396]",,,,,,,,,,,,,,,,,,,,,,,,,0,0.0,false,,,,,,,,,,
15,sset_15/tracknet-stride-8,detected_ckn_opencv_consensus,637,126399,126536,137,"[126405,126419,126433,126446,126460,126474,126488,126501,126515,126529]",model,174.32118225097656,101.43509674072266,332.9123840332031,101.0811767578125,391.0534973144531,263.50018310546875,118.15425109863281,264.46832275390625,0.3031565546989441,0.3168197274208069,0.4066937565803528,0.35004010796546936,model,model,model,model,,,,,,,,136,0.9927007299270073,true,0.05500687864033473,false,174.32118225097656,101.43509674072266,332.9123840332031,101.0811767578125,391.0534973144531,263.50018310546875,118.15425109863281,264.46832275390625
15,sset_15/tracknet-stride-8,detected_ckn_opencv_consensus,638,126536,126694,158,"[126543,126559,126575,126591,126607,126622,126638,126654,126670,126686]",,,,,,,,,,,,,,,,,,,,,,,,,0,0.0,false,,,,,,,,,,
15,sset_15/tracknet-stride-8,detected_ckn_opencv_consensus,639,126694,126755,61,"[126697,126703,126709,126715,126721,126727,126733,126739,126745,126751]",,,,,,,,,,,,,,,,,,,,,,,,,0,0.0,false,,,,,,,,,,
15,sset_15/tracknet-stride-8,detected_ckn_opencv_consensus,640,126755,126875,120,"[126761,126773,126785,126797,126809,126821,126833,126845,126857,126869]",,,,,,,,,,,,,,,,,,,,,,,,,0,0.0,false,,,,,,,,,,
15,sset_15/tracknet-stride-8,detected_ckn_opencv_consensus,641,126875,126904,29,"[126876,126879,126882,126885,126888,126890,126893,126896,126899,126902]",,,,,,,,,,,,,,,,,,,,,,,,,0,0.0,false,,,,,,,,,,
15,sset_15/tracknet-stride-8,detected_ckn_opencv_consensus,642,126904,127028,124,"[126910,126922,126935,126947,126959,126972,126984,126997,127009,127021]",model,174.2569580078125,101.43608093261719,332.8763732910156,101.07719421386719,391.0467834472656,263.5030517578125,118.1375961303711,264.4718322753906,0.29754287004470825,0.297002375125885,0.4121810793876648,0.35694095492362976,model,model,model,model,,,,,,,,124,1.0,true,0.08678772075151105,false,174.2569580078125,101.43608093261719,332.8763732910156,101.07719421386719,391.0467834472656,263.5030517578125,118.1375961303711,264.4718322753906
15,sset_15/tracknet-stride-8,detected_ckn_opencv_consensus,643,127028,127225,197,"[127037,127057,127077,127096,127116,127136,127156,127175,127195,127215]",,,,,,,,,,,,,,,,,,,,,,,,,0,0.0,false,,,,,,,,,,
15,sset_15/tracknet-stride-8,detected_ckn_opencv_consensus,644,127225,127348,123,"[127231,127243,127255,127268,127280,127292,127304,127317,127329,127341]",,,,,,,,,,,,,,,,,,,,,,,,,0,0.0,false,,,,,,,,,,
15,sset_15/tracknet-stride-8,detected_ckn_opencv_consensus,645,127348,127473,125,"[127354,127366,127379,127391,127404,127416,127429,127441,127454,127466]",,,,,,,,,,,,,,,,,,,,,,,,,0,0.0,false,,,,,,,,,,
15,sset_15/tracknet-stride-8,detected_ckn_opencv_consensus,646,127473,127758,285,"[127487,127515,127544,127572,127601,127629,127658,127686,127715,127743]",model,174.34262084960938,101.385986328125,332.90185546875,101.08717346191406,391.05572509765625,263.5189208984375,118.15911865234375,264.4722900390625,0.3070458769798279,0.3159162402153015,0.4023818075656891,0.357952356338501,model,model,model,model,,,,,,,,241,0.8456140350877193,true,0.02018559628941043,false,174.34262084960938,101.385986328125,332.90185546875,101.08717346191406,391.05572509765625,263.5189208984375,118.15911865234375,264.4722900390625
15,sset_15/tracknet-stride-8,detected_ckn_opencv_consensus,647,127758,127792,34,"[127759,127763,127766,127769,127773,127776,127780,127783,127786,127790]",,,,,,,,,,,,,,,,,,,,,,,,,0,0.0,false,,,,,,,,,,
15,sset_15/tracknet-stride-8,detected_ckn_opencv_consensus,648,127792,127966,174,"[127800,127818,127835,127852,127870,127887,127905,127922,127939,127957]",,,,,,,,,,,,,,,,,,,,,,,,,0,0.0,false,,,,,,,,,,
15,sset_15/tracknet-stride-8,detected_ckn_opencv_consensus,649,127966,128276,310,"[127981,128012,128043,128074,128105,128136,128167,128198,128229,128260]",,,,,,,,,,,,,,,,,,,,,,,,,0,0.0,false,,,,,,,,,,
15,sset_15/tracknet-stride-8,detected_ckn_opencv_consensus,650,128276,128315,39,"[128277,128281,128285,128289,128293,128297,128301,128305,128309,128313]",,,,,,,,,,,,,,,,,,,,,,,,,0,0.0,false,,,,,,,,,,
15,sset_15/tracknet-stride-8,detected_ckn_opencv_consensus,651,128315,128476,161,"[128323,128339,128355,128371,128387,128403,128419,128435,128451,128467]",model,174.30667114257812,101.45799255371094,332.8658447265625,101.08502197265625,391.015380859375,263.50030517578125,118.11304473876953,264.48052978515625,0.29351818561553955,0.2937476933002472,0.3986787796020508,0.35874295234680176,model,model,model,model,,,,,,,,160,0.9937888198757764,true,0.0796183633937457,false,174.30667114257812,101.45799255371094,332.8658447265625,101.08502197265625,391.015380859375,263.50030517578125,118.11304473876953,264.48052978515625
15,sset_15/tracknet-stride-8,detected_ckn_opencv_consensus,652,128476,128624,148,"[128483,128498,128513,128527,128542,128557,128572,128587,128601,128616]",,,,,,,,,,,,,,,,,,,,,,,,,0,0.0,false,,,,,,,,,,
15,sset_15/tracknet-stride-8,detected_ckn_opencv_consensus,653,128624,128788,164,"[128632,128648,128665,128681,128697,128714,128730,128747,128763,128779]",,,,,,,,,,,,,,,,,,,,,,,,,0,0.0,false,,,,,,,,,,
15,sset_15/tracknet-stride-8,detected_ckn_opencv_consensus,654,128788,128938,150,"[128795,128810,128825,128840,128855,128870,128885,128900,128915,128930]",model,174.35693359375,101.31857299804688,332.9328308105469,101.0762939453125,391.04937744140625,263.54852294921875,118.1720199584961,264.41973876953125,0.3135964572429657,0.363277792930603,0.38976961374282837,0.34498876333236694,model,model,model,model,,,,,,,,149,0.9933333333333333,true,0.07014528408683887,false,174.35693359375,101.31857299804688,332.9328308105469,101.0762939453125,391.04937744140625,263.54852294921875,118.1720199584961,264.41973876953125
15,sset_15/tracknet-stride-8,detected_ckn_opencv_consensus,655,128938,128995,57,"[128940,128946,128952,128957,128963,128969,128975,128980,128986,128992]",,,,,,,,,,,,,,,,,,,,,,,,,0,0.0,false,,,,,,,,,,
15,sset_15/tracknet-stride-8,detected_ckn_opencv_consensus,656,128995,129198,203,"[129005,129025,129045,129066,129086,129106,129126,129147,129167,129187]",,,,,,,,,,,,,,,,,,,,,,,,,0,0.0,false,,,,,,,,,,
15,sset_15/tracknet-stride-8,detected_ckn_opencv_consensus,657,129198,129422,224,"[129209,129231,129254,129276,129298,129321,129343,129366,129388,129410]",model,174.30361938476562,101.43310546875,332.8536376953125,101.08653259277344,391.013671875,263.4901428222656,118.13438415527344,264.48394775390625,0.2948452830314636,0.291348934173584,0.3935739994049072,0.34798145294189453,model,model,model,model,,,,,,,,220,0.9821428571428571,true,0.056513471070951796,false,174.30361938476562,101.43310546875,332.8536376953125,101.08653259277344,391.013671875,263.4901428222656,118.13438415527344,264.48394775390625
15,sset_15/tracknet-stride-8,detected_ckn_opencv_consensus,658,129422,129444,22,"[129423,129425,129427,129429,129431,129434,129436,129438,129440,129442]",,,,,,,,,,,,,,,,,,,,,,,,,0,0.0,false,,,,,,,,,,
15,sset_15/tracknet-stride-8,detected_ckn_opencv_consensus,659,129444,129463,19,"[129444,129446,129448,129450,129452,129454,129456,129458,129460,129462]",,,,,,,,,,,,,,,,,,,,,,,,,0,0.0,false,,,,,,,,,,
15,sset_15/tracknet-stride-8,detected_ckn_opencv_consensus,660,129463,129562,99,"[129467,129477,129487,129497,129507,129517,129527,129537,129547,129557]",,,,,,,,,,,,,,,,,,,,,,,,,0,0.0,false,,,,,,,,,,
15,sset_15/tracknet-stride-8,detected_ckn_opencv_consensus,661,129562,129724,162,"[129570,129586,129602,129618,129634,129651,129667,129683,129699,129715]",,,,,,,,,,,,,,,,,,,,,,,,,0,0.0,false,,,,,,,,,,
15,sset_15/tracknet-stride-8,detected_ckn_opencv_consensus,662,129724,129801,77,"[129727,129735,129743,129750,129758,129766,129774,129781,129789,129797]",,,,,,,,,,,,,,,,,,,,,,,,,0,0.0,false,,,,,,,,,,
15,sset_15/tracknet-stride-8,detected_ckn_opencv_consensus,663,129801,130002,201,"[129811,129831,129851,129871,129891,129911,129931,129951,129971,129991]",model,174.35232543945312,101.39485931396484,332.8714599609375,101.10832214355469,391.0286865234375,263.51715087890625,118.12492370605469,264.4737243652344,0.31284987926483154,0.3105349540710449,0.39412766695022583,0.3519759476184845,model,model,model,model,,,,,,,,195,0.9701492537313433,true,0.032842019058315935,false,174.35232543945312,101.39485931396484,332.8714599609375,101.10832214355469,391.0286865234375,263.51715087890625,118.12492370605469,264.4737243652344
15,sset_15/tracknet-stride-8,detected_ckn_opencv_consensus,664,130002,130227,225,"[130013,130035,130058,130080,130103,130125,130148,130170,130193,130215]",,,,,,,,,,,,,,,,,,,,,,,,,0,0.0,false,,,,,,,,,,
15,sset_15/tracknet-stride-8,detected_ckn_opencv_consensus,665,130227,130323,96,"[130231,130241,130251,130260,130270,130279,130289,130299,130308,130318]",,,,,,,,,,,,,,,,,,,,,,,,,0,0.0,false,,,,,,,,,,
15,sset_15/tracknet-stride-8,detected_ckn_opencv_consensus,666,130323,130362,39,"[130324,130328,130332,130336,130340,130344,130348,130352,130356,130360]",,,,,,,,,,,,,,,,,,,,,,,,,0,0.0,false,,,,,,,,,,
15,sset_15/tracknet-stride-8,detected_ckn_opencv_consensus,667,130362,130480,118,"[130367,130379,130391,130403,130415,130426,130438,130450,130462,130474]",model,174.32640075683594,101.43408203125,332.84100341796875,101.11189270019531,391.0220947265625,263.5129699707031,118.09681701660156,264.4620361328125,0.2881278395652771,0.3401836156845093,0.3980371057987213,0.35631775856018066,model,model,model,model,,,,,,,,118,1.0,true,0.06263362685400874,false,174.32640075683594,101.43408203125,332.84100341796875,101.11189270019531,391.0220947265625,263.5129699707031,118.09681701660156,264.4620361328125
15,sset_15/tracknet-stride-8,detected_ckn_opencv_consensus,668,130480,130631,151,"[130487,130502,130517,130532,130547,130563,130578,130593,130608,130623]",,,,,,,,,,,,,,,,,,,,,,,,,0,0.0,false,,,,,,,,,,
15,sset_15/tracknet-stride-8,detected_ckn_opencv_consensus,669,130631,130694,63,"[130634,130640,130646,130653,130659,130665,130671,130678,130684,130690]",,,,,,,,,,,,,,,,,,,,,,,,,0,0.0,false,,,,,,,,,,
15,sset_15/tracknet-stride-8,detected_ckn_opencv_consensus,670,130694,130855,161,"[130702,130718,130734,130750,130766,130782,130798,130814,130830,130846]",model,174.38021850585938,101.39753723144531,332.88470458984375,101.0858383178711,391.00830078125,263.5128173828125,118.1351318359375,264.47857666015625,0.3035815358161926,0.3102242350578308,0.40814656019210815,0.3569034934043884,model,model,model,model,,,,,,,,139,0.8633540372670807,true,0.05951751370775141,false,174.38021850585938,101.39753723144531,332.88470458984375,101.0858383178711,391.00830078125,263.5128173828125,118.1351318359375,264.47857666015625
15,sset_15/tracknet-stride-8,detected_ckn_opencv_consensus,671,130855,131017,162,"[130863,130879,130895,130911,130927,130944,130960,130976,130992,131008]",,,,,,,,,,,,,,,,,,,,,,,,,0,0.0,false,,,,,,,,,,
15,sset_15/tracknet-stride-8,detected_ckn_opencv_consensus,672,131017,131277,260,"[131030,131056,131082,131108,131134,131160,131186,131212,131238,131264]",,,,,,,,,,,,,,,,,,,,,,,,,0,0.0,false,,,,,,,,,,
15,sset_15/tracknet-stride-8,detected_ckn_opencv_consensus,673,131277,131395,118,"[131282,131294,131306,131318,131330,131341,131353,131365,131377,131389]",,,,,,,,,,,,,,,,,,,,,,,,,0,0.0,false,,,,,,,,,,
15,sset_15/tracknet-stride-8,detected_ckn_opencv_consensus,674,131395,131431,36,"[131396,131400,131404,131407,131411,131414,131418,131422,131425,131429]",,,,,,,,,,,,,,,,,,,,,,,,,0,0.0,false,,,,,,,,,,
15,sset_15/tracknet-stride-8,detected_ckn_opencv_consensus,675,131431,131495,64,"[131434,131440,131447,131453,131459,131466,131472,131479,131485,131491]",,,,,,,,,,,,,,,,,,,,,,,,,0,0.0,false,,,,,,,,,,
15,sset_15/tracknet-stride-8,detected_ckn_opencv_consensus,676,131495,131566,71,"[131498,131505,131512,131519,131526,131534,131541,131548,131555,131562]",,,,,,,,,,,,,,,,,,,,,,,,,0,0.0,false,,,,,,,,,,
15,sset_15/tracknet-stride-8,detected_ckn_opencv_consensus,677,131566,131607,41,"[131568,131572,131576,131580,131584,131588,131592,131596,131600,131604]",,,,,,,,,,,,,,,,,,,,,,,,,0,0.0,false,,,,,,,,,,
15,sset_15/tracknet-stride-8,detected_ckn_opencv_consensus,678,131607,131782,175,"[131615,131633,131650,131668,131685,131703,131720,131738,131755,131773]",,,,,,,,,,,,,,,,,,,,,,,,,0,0.0,false,,,,,,,,,,
15,sset_15/tracknet-stride-8,detected_ckn_opencv_consensus,679,131782,131798,16,"[131782,131784,131786,131787,131789,131790,131792,131794,131795,131797]",,,,,,,,,,,,,,,,,,,,,,,,,0,0.0,false,,,,,,,,,,
15,sset_15/tracknet-stride-8,detected_ckn_opencv_consensus,680,131798,131923,125,"[131804,131816,131829,131841,131854,131866,131879,131891,131904,131916]",,,,,,,,,,,,,,,,,,,,,,,,,0,0.0,false,,,,,,,,,,
15,sset_15/tracknet-stride-8,detected_ckn_opencv_consensus,681,131923,131956,33,"[131924,131927,131931,131934,131937,131941,131944,131947,131951,131954]",,,,,,,,,,,,,,,,,,,,,,,,,0,0.0,false,,,,,,,,,,
15,sset_15/tracknet-stride-8,detected_ckn_opencv_consensus,682,131956,132163,207,"[131966,131987,132007,132028,132049,132069,132090,132111,132131,132152]",,,,,,,,,,,,,,,,,,,,,,,,,0,0.0,false,,,,,,,,,,
15,sset_15/tracknet-stride-8,detected_ckn_opencv_consensus,683,132163,132185,22,"[132164,132166,132168,132170,132172,132175,132177,132179,132181,132183]",,,,,,,,,,,,,,,,,,,,,,,,,0,0.0,false,,,,,,,,,,
15,sset_15/tracknet-stride-8,detected_ckn_opencv_consensus,684,132185,132223,38,"[132186,132190,132194,132198,132202,132205,132209,132213,132217,132221]",,,,,,,,,,,,,,,,,,,,,,,,,0,0.0,false,,,,,,,,,,
15,sset_15/tracknet-stride-8,detected_ckn_opencv_consensus,685,132223,132261,38,"[132224,132228,132232,132236,132240,132243,132247,132251,132255,132259]",,,,,,,,,,,,,,,,,,,,,,,,,0,0.0,false,,,,,,,,,,
15,sset_15/tracknet-stride-8,detected_ckn_opencv_consensus,686,132261,132380,119,"[132266,132278,132290,132302,132314,132326,132338,132350,132362,132374]",,,,,,,,,,,,,,,,,,,,,,,,,0,0.0,false,,,,,,,,,,
15,sset_15/tracknet-stride-8,detected_ckn_opencv_consensus,687,132380,132505,125,"[132386,132398,132411,132423,132436,132448,132461,132473,132486,132498]",,,,,,,,,,,,,,,,,,,,,,,,,0,0.0,false,,,,,,,,,,
15,sset_15/tracknet-stride-8,detected_ckn_opencv_consensus,688,132505,132783,278,"[132518,132546,132574,132602,132630,132657,132685,132713,132741,132769]",,,,,,,,,,,,,,,,,,,,,,,,,0,0.0,false,,,,,,,,,,
15,sset_15/tracknet-stride-8,detected_ckn_opencv_consensus,689,132783,133302,519,"[132808,132860,132912,132964,133016,133068,133120,133172,133224,133276]",,,,,,,,,,,,,,,,,,,,,,,,,0,0.0,false,,,,,,,,,,
15,sset_15/tracknet-stride-8,detected_ckn_opencv_consensus,690,133302,133599,297,"[133316,133346,133376,133405,133435,133465,133495,133524,133554,133584]",,,,,,,,,,,,,,,,,,,,,,,,,0,0.0,false,,,,,,,,,,
15,sset_15/tracknet-stride-8,detected_ckn_opencv_consensus,691,133599,133745,146,"[133606,133620,133635,133650,133664,133679,133693,133708,133723,133737]",,,,,,,,,,,,,,,,,,,,,,,,,0,0.0,false,,,,,,,,,,
15,sset_15/tracknet-stride-8,detected_ckn_opencv_consensus,692,133745,133791,46,"[133747,133751,133756,133761,133765,133770,133774,133779,133784,133788]",,,,,,,,,,,,,,,,,,,,,,,,,0,0.0,false,,,,,,,,,,
15,sset_15/tracknet-stride-8,detected_ckn_opencv_consensus,693,133791,133812,21,"[133792,133794,133796,133798,133800,133802,133804,133806,133808,133810]",,,,,,,,,,,,,,,,,,,,,,,,,0,0.0,false,,,,,,,,,,
15,sset_15/tracknet-stride-8,detected_ckn_opencv_consensus,694,133812,135728,1916,"[133907,134099,134291,134482,134674,134865,135057,135249,135440,135632]",,,,,,,,,,,,,,,,,,,,,,,,,0,0.0,false,,,,,,,,,,
15,sset_15/tracknet-stride-8,detected_ckn_opencv_consensus,695,135728,135864,136,"[135734,135748,135762,135775,135789,135802,135816,135830,135843,135857]",,,,,,,,,,,,,,,,,,,,,,,,,0,0.0,false,,,,,,,,,,
15,sset_15/tracknet-stride-8,detected_ckn_opencv_consensus,696,135864,136013,149,"[135871,135886,135901,135916,135931,135945,135960,135975,135990,136005]",,,,,,,,,,,,,,,,,,,,,,,,,0,0.0,false,,,,,,,,,,
15,sset_15/tracknet-stride-8,detected_ckn_opencv_consensus,697,136013,136188,175,"[136021,136039,136056,136074,136091,136109,136126,136144,136161,136179]",,,,,,,,,,,,,,,,,,,,,,,,,0,0.0,false,,,,,,,,,,
15,sset_15/tracknet-stride-8,detected_ckn_opencv_consensus,698,136188,136368,180,"[136197,136215,136233,136251,136269,136287,136305,136323,136341,136359]",,,,,,,,,,,,,,,,,,,,,,,,,0,0.0,false,,,,,,,,,,
15,sset_15/tracknet-stride-8,detected_ckn_opencv_consensus,699,136368,136432,64,"[136371,136377,136384,136390,136396,136403,136409,136416,136422,136428]",,,,,,,,,,,,,,,,,,,,,,,,,0,0.0,false,,,,,,,,,,
15,sset_15/tracknet-stride-8,detected_ckn_opencv_consensus,700,136432,136486,54,"[136434,136440,136445,136450,136456,136461,136467,136472,136477,136483]",fallback,-112.08724975585938,-20.938098907470703,59.756988525390625,6.140011787414551,401.01287841796875,182.08621215820312,112.98541259765625,184.94192504882812,0.00537046417593956,0.006824179086834192,0.07622500509023666,0.03538597375154495,fallback,fallback,model,model,4.521938777894158,1.0795797980064726e-05,0.0076976781624754475,1.8377643404615307e-08,8,17,15.06867604837447,18,0.3333333333333333,false,,,,,,,,,,
15,sset_15/tracknet-stride-8,detected_ckn_opencv_consensus,701,136486,136524,38,"[136487,136491,136495,136499,136503,136506,136510,136514,136518,136522]",,,,,,,,,,,,,,,,,,,,,,,,,0,0.0,false,,,,,,,,,,
15,sset_15/tracknet-stride-8,detected_ckn_opencv_consensus,702,136524,136576,52,"[136526,136531,136537,136542,136547,136552,136557,136563,136568,136573]",,,,,,,,,,,,,,,,,,,,,,,,,0,0.0,false,,,,,,,,,,
15,sset_15/tracknet-stride-8,detected_ckn_opencv_consensus,703,136576,136658,82,"[136580,136588,136596,136604,136612,136621,136629,136637,136645,136653]",,,,,,,,,,,,,,,,,,,,,,,,,0,0.0,false,,,,,,,,,,
15,sset_15/tracknet-stride-8,detected_ckn_opencv_consensus,704,136658,136713,55,"[136660,136666,136671,136677,136682,136688,136693,136699,136704,136710]",,,,,,,,,,,,,,,,,,,,,,,,,0,0.0,false,,,,,,,,,,
15,sset_15/tracknet-stride-8,detected_ckn_opencv_consensus,705,136713,136842,129,"[136719,136732,136745,136758,136771,136783,136796,136809,136822,136835]",,,,,,,,,,,,,,,,,,,,,,,,,0,0.0,false,,,,,,,,,,
15,sset_15/tracknet-stride-8,detected_ckn_opencv_consensus,706,136842,137222,380,"[136861,136899,136937,136975,137013,137051,137089,137127,137165,137203]",,,,,,,,,,,,,,,,,,,,,,,,,0,0.0,false,,,,,,,,,,
15,sset_15/tracknet-stride-8,detected_ckn_opencv_consensus,707,137222,137299,77,"[137225,137233,137241,137248,137256,137264,137272,137279,137287,137295]",,,,,,,,,,,,,,,,,,,,,,,,,0,0.0,false,,,,,,,,,,
15,sset_15/tracknet-stride-8,detected_ckn_opencv_consensus,708,137299,137400,101,"[137304,137314,137324,137334,137344,137354,137364,137374,137384,137394]",,,,,,,,,,,,,,,,,,,,,,,,,0,0.0,false,,,,,,,,,,
15,sset_15/tracknet-stride-8,detected_ckn_opencv_consensus,709,137400,137846,446,"[137422,137466,137511,137556,137600,137645,137689,137734,137779,137823]",,,,,,,,,,,,,,,,,,,,,,,,,0,0.0,false,,,,,,,,,,
15,sset_15/tracknet-stride-8,detected_ckn_opencv_consensus,710,137846,137940,94,"[137850,137860,137869,137878,137888,137897,137907,137916,137925,137935]",,,,,,,,,,,,,,,,,,,,,,,,,0,0.0,false,,,,,,,,,,
15,sset_15/tracknet-stride-8,detected_ckn_opencv_consensus,711,137940,138168,228,"[137951,137974,137997,138019,138042,138065,138088,138111,138133,138156]",,,,,,,,,,,,,,,,,,,,,,,,,0,0.0,false,,,,,,,,,,
15,sset_15/tracknet-stride-8,detected_ckn_opencv_consensus,712,138168,138326,158,"[138175,138191,138207,138223,138239,138254,138270,138286,138302,138318]",,,,,,,,,,,,,,,,,,,,,,,,,0,0.0,false,,,,,,,,,,
15,sset_15/tracknet-stride-8,detected_ckn_opencv_consensus,713,138326,138524,198,"[138335,138355,138375,138395,138415,138434,138454,138474,138494,138514]",,,,,,,,,,,,,,,,,,,,,,,,,0,0.0,false,,,,,,,,,,
15,sset_15/tracknet-stride-8,detected_ckn_opencv_consensus,714,138524,139324,800,"[138564,138644,138724,138804,138884,138964,139044,139124,139204,139284]",,,,,,,,,,,,,,,,,,,,,,,,,0,0.0,false,,,,,,,,,,
15,sset_15/tracknet-stride-8,detected_ckn_opencv_consensus,715,139324,139477,153,"[139331,139346,139362,139377,139392,139408,139423,139438,139454,139469]",,,,,,,,,,,,,,,,,,,,,,,,,0,0.0,false,,,,,,,,,,
15,sset_15/tracknet-stride-8,detected_ckn_opencv_consensus,716,139477,139991,514,"[139502,139554,139605,139656,139708,139759,139811,139862,139913,139965]",,,,,,,,,,,,,,,,,,,,,,,,,0,0.0,false,,,,,,,,,,
15,sset_15/tracknet-stride-8,detected_ckn_opencv_consensus,717,139991,140338,347,"[140008,140043,140077,140112,140147,140181,140216,140251,140285,140320]",,,,,,,,,,,,,,,,,,,,,,,,,0,0.0,false,,,,,,,,,,
15,sset_15/tracknet-stride-8,detected_ckn_opencv_consensus,718,140338,140467,129,"[140344,140357,140370,140383,140396,140408,140421,140434,140447,140460]",,,,,,,,,,,,,,,,,,,,,,,,,0,0.0,false,,,,,,,,,,
15,sset_15/tracknet-stride-8,detected_ckn_opencv_consensus,719,140467,140602,135,"[140473,140487,140500,140514,140527,140541,140554,140568,140581,140595]",,,,,,,,,,,,,,,,,,,,,,,,,0,0.0,false,,,,,,,,,,
15,sset_15/tracknet-stride-8,detected_ckn_opencv_consensus,720,140602,141296,694,"[140636,140706,140775,140844,140914,140983,141053,141122,141191,141261]",,,,,,,,,,,,,,,,,,,,,,,,,0,0.0,false,,,,,,,,,,
15,sset_15/tracknet-stride-8,detected_ckn_opencv_consensus,721,141296,141378,82,"[141300,141308,141316,141324,141332,141341,141349,141357,141365,141373]",,,,,,,,,,,,,,,,,,,,,,,,,0,0.0,false,,,,,,,,,,
15,sset_15/tracknet-stride-8,detected_ckn_opencv_consensus,722,141378,141587,209,"[141388,141409,141430,141451,141472,141492,141513,141534,141555,141576]",,,,,,,,,,,,,,,,,,,,,,,,,0,0.0,false,,,,,,,,,,
15,sset_15/tracknet-stride-8,detected_ckn_opencv_consensus,723,141587,142052,465,"[141610,141656,141703,141749,141796,141842,141889,141935,141982,142028]",,,,,,,,,,,,,,,,,,,,,,,,,0,0.0,false,,,,,,,,,,
15,sset_15/tracknet-stride-8,detected_ckn_opencv_consensus,724,142052,143507,1455,"[142124,142270,142415,142561,142706,142852,142997,143143,143288,143434]",,,,,,,,,,,,,,,,,,,,,,,,,0,0.0,false,,,,,,,,,,
15,sset_15/tracknet-stride-8,detected_ckn_opencv_consensus,725,143507,143615,108,"[143512,143523,143534,143544,143555,143566,143577,143588,143598,143609]",,,,,,,,,,,,,,,,,,,,,,,,,0,0.0,false,,,,,,,,,,
15,sset_15/tracknet-stride-8,detected_ckn_opencv_consensus,726,143615,143726,111,"[143620,143631,143642,143653,143664,143676,143687,143698,143709,143720]",,,,,,,,,,,,,,,,,,,,,,,,,0,0.0,false,,,,,,,,,,
15,sset_15/tracknet-stride-8,detected_ckn_opencv_consensus,727,143726,144459,733,"[143762,143835,143909,143982,144055,144129,144202,144275,144349,144422]",,,,,,,,,,,,,,,,,,,,,,,,,0,0.0,false,,,,,,,,,,
15,sset_15/tracknet-stride-8,detected_ckn_opencv_consensus,728,144459,144635,176,"[144467,144485,144503,144520,144538,144555,144573,144591,144608,144626]",,,,,,,,,,,,,,,,,,,,,,,,,0,0.0,false,,,,,,,,,,
15,sset_15/tracknet-stride-8,detected_ckn_opencv_consensus,729,144635,145354,719,"[144670,144742,144814,144886,144958,145030,145102,145174,145246,145318]",,,,,,,,,,,,,,,,,,,,,,,,,0,0.0,false,,,,,,,,,,
15,sset_15/tracknet-stride-8,detected_ckn_opencv_consensus,730,145354,145678,324,"[145370,145402,145435,145467,145499,145532,145564,145597,145629,145661]",,,,,,,,,,,,,,,,,,,,,,,,,0,0.0,false,,,,,,,,,,
15,sset_15/tracknet-stride-8,detected_ckn_opencv_consensus,731,145678,146328,650,"[145710,145775,145840,145905,145970,146035,146100,146165,146230,146295]",,,,,,,,,,,,,,,,,,,,,,,,,0,0.0,false,,,,,,,,,,
15,sset_15/tracknet-stride-8,detected_ckn_opencv_consensus,732,146328,146342,14,"[146328,146330,146331,146332,146334,146335,146337,146338,146339,146341]",,,,,,,,,,,,,,,,,,,,,,,,,0,0.0,false,,,,,,,,,,
15,sset_15/tracknet-stride-8,detected_ckn_opencv_consensus,733,146342,146507,165,"[146350,146366,146383,146399,146416,146432,146449,146465,146482,146498]",,,,,,,,,,,,,,,,,,,,,,,,,0,0.0,false,,,,,,,,,,
15,sset_15/tracknet-stride-8,detected_ckn_opencv_consensus,734,146507,146760,253,"[146519,146544,146570,146595,146620,146646,146671,146696,146722,146747]",model,148.41275024414062,47.39604949951172,442.4903259277344,59.276222229003906,473.9883117675781,304.4234619140625,20.28594207763672,289.3386535644531,0.48804357647895813,0.07571826875209808,0.060198958963155746,0.26207655668258667,model,model,model,model,,,,,,,,16,0.06324110671936758,false,,,,,,,,,,
15,sset_15/tracknet-stride-8,detected_ckn_opencv_consensus,735,146760,146907,147,"[146767,146782,146796,146811,146826,146840,146855,146870,146884,146899]",,,,,,,,,,,,,,,,,,,,,,,,,0,0.0,false,,,,,,,,,,
15,sset_15/tracknet-stride-8,detected_ckn_opencv_consensus,736,146907,147004,97,"[146911,146921,146931,146940,146950,146960,146970,146979,146989,146999]",,,,,,,,,,,,,,,,,,,,,,,,,0,0.0,false,,,,,,,,,,
15,sset_15/tracknet-stride-8,detected_ckn_opencv_consensus,737,147004,147519,515,"[147029,147081,147132,147184,147235,147287,147338,147390,147441,147493]",,,,,,,,,,,,,,,,,,,,,,,,,0,0.0,false,,,,,,,,,,
15,sset_15/tracknet-stride-8,detected_ckn_opencv_consensus,738,147519,147580,61,"[147522,147528,147534,147540,147546,147552,147558,147564,147570,147576]",,,,,,,,,,,,,,,,,,,,,,,,,0,0.0,false,,,,,,,,,,
15,sset_15/tracknet-stride-8,detected_ckn_opencv_consensus,739,147580,148007,427,"[147601,147644,147686,147729,147772,147814,147857,147900,147942,147985]",,,,,,,,,,,,,,,,,,,,,,,,,0,0.0,false,,,,,,,,,,
15,sset_15/tracknet-stride-8,detected_ckn_opencv_consensus,740,148007,148142,135,"[148013,148027,148040,148054,148067,148081,148094,148108,148121,148135]",,,,,,,,,,,,,,,,,,,,,,,,,0,0.0,false,,,,,,,,,,
15,sset_15/tracknet-stride-8,detected_ckn_opencv_consensus,741,148142,148230,88,"[148146,148155,148164,148172,148181,148190,148199,148208,148216,148225]",,,,,,,,,,,,,,,,,,,,,,,,,0,0.0,false,,,,,,,,,,
15,sset_15/tracknet-stride-8,detected_ckn_opencv_consensus,742,148230,148446,216,"[148240,148262,148284,148305,148327,148348,148370,148392,148413,148435]",,,,,,,,,,,,,,,,,,,,,,,,,0,0.0,false,,,,,,,,,,
15,sset_15/tracknet-stride-8,detected_ckn_opencv_consensus,743,148446,148539,93,"[148450,148459,148469,148478,148487,148497,148506,148515,148525,148534]",,,,,,,,,,,,,,,,,,,,,,,,,0,0.0,false,,,,,,,,,,
15,sset_15/tracknet-stride-8,detected_ckn_opencv_consensus,744,148539,148584,45,"[148541,148545,148550,148554,148559,148563,148568,148572,148577,148581]",,,,,,,,,,,,,,,,,,,,,,,,,0,0.0,false,,,,,,,,,,
15,sset_15/tracknet-stride-8,detected_ckn_opencv_consensus,745,148584,148640,56,"[148586,148592,148598,148603,148609,148614,148620,148626,148631,148637]",,,,,,,,,,,,,,,,,,,,,,,,,0,0.0,false,,,,,,,,,,
15,sset_15/tracknet-stride-8,detected_ckn_opencv_consensus,746,148640,148716,76,"[148643,148651,148659,148666,148674,148681,148689,148697,148704,148712]",,,,,,,,,,,,,,,,,,,,,,,,,0,0.0,false,,,,,,,,,,
15,sset_15/tracknet-stride-8,detected_ckn_opencv_consensus,747,148716,148754,38,"[148717,148721,148725,148729,148733,148736,148740,148744,148748,148752]",,,,,,,,,,,,,,,,,,,,,,,,,0,0.0,false,,,,,,,,,,
15,sset_15/tracknet-stride-8,detected_ckn_opencv_consensus,748,148754,148831,77,"[148757,148765,148773,148780,148788,148796,148804,148811,148819,148827]",,,,,,,,,,,,,,,,,,,,,,,,,0,0.0,false,,,,,,,,,,
15,sset_15/tracknet-stride-8,detected_ckn_opencv_consensus,749,148831,149487,656,"[148863,148929,148995,149060,149126,149191,149257,149323,149388,149454]",,,,,,,,,,,,,,,,,,,,,,,,,0,0.0,false,,,,,,,,,,
